accessionVersion,lineage,sampleCollectionDate,geoLocCountry,geoLocAdmin1,authors,authorAffiliations,hostNameScientific,length,earliestReleaseDate,submissionId,groupName,dataUseTerms,dataUseTermsUrl,biosampleAccession,completeness,geoLocAdmin2,geoLocCity,insdcAccessionFull,insdcRawReadsAccession,isLabHost,specimenCollectorSampleId,totalAmbiguousNucs,totalUnknownNucs
PP_002207E.2,B,2002,USA,,"Levitz, R.; Wattier, R.; Phillips, P.; Solomon, A.; Lawler, J.; Lazar, I.; Kahn, J. S.","University of Texas Southwestern Medical Center, Pediatrics and Microbiology",Homo sapiens,15216,25/04/2012,JQ582843.1,Automated Ingest from INSDC/NCBI Virus by Loculus,OPEN,https://pathoplexus.org/about/terms-of-use/open-data,,1,,,JQ582843.1,,,NH1125,0,0
PP_002208C.2,B.D,2002,USA,,"Levitz, R.; Wattier, R.; Phillips, P.; Solomon, A.; Lawler, J.; Lazar, I.; Kahn, J. S.","University of Texas Southwestern Medical Center, Pediatrics and Microbiology",Homo sapiens,15283,25/04/2012,JQ582844.1,Automated Ingest from INSDC/NCBI Virus by Loculus,OPEN,https://pathoplexus.org/about/terms-of-use/open-data,,0.999934306,,,JQ582844.1,,,NH1067,0,1
PP_002282G.2,B.D,23/10/2008,Belgium,,"Tan, L.; Coenjaerts, F. E.; Houspie, L.; Viveen, M. C.; van Bleek, G. M.; Wiertz, E. J.; Martin, D. P.; Lemey, P.","University Medical Center Utrecht, Medical Microbiology",Homo sapiens,15275,08/06/2013,JX576729.1,Automated Ingest from INSDC/NCBI Virus by Loculus,OPEN,https://pathoplexus.org/about/terms-of-use/open-data,,0.999868611,,,JX576729.1,,,BE/5133/08,2,0
PP_002283E.2,B.D,24/10/2008,Belgium,,"Tan, L.; Coenjaerts, F. E.; Houspie, L.; Viveen, M. C.; van Bleek, G. M.; Wiertz, E. J.; Martin, D. P.; Lemey, P.","University Medical Center Utrecht, Medical Microbiology",Homo sapiens,15276,08/06/2013,JX576730.1,Automated Ingest from INSDC/NCBI Virus by Loculus,OPEN,https://pathoplexus.org/about/terms-of-use/open-data,,1,,,JX576730.1,,,BE/5150/08,0,0
PP_002284C.2,B.D,19/11/2008,Belgium,,"Tan, L.; Coenjaerts, F. E.; Houspie, L.; Viveen, M. C.; van Bleek, G. M.; Wiertz, E. J.; Martin, D. P.; Lemey, P.","University Medical Center Utrecht, Medical Microbiology",Homo sapiens,15274,08/06/2013,JX576731.1,Automated Ingest from INSDC/NCBI Virus by Loculus,OPEN,https://pathoplexus.org/about/terms-of-use/open-data,,1,,,JX576731.1,,,BE/5649/08,0,0
PP_002285A.2,B.D,05/12/2006,Belgium,,"Tan, L.; Coenjaerts, F. E.; Houspie, L.; Viveen, M. C.; van Bleek, G. M.; Wiertz, E. J.; Martin, D. P.; Lemey, P.","University Medical Center Utrecht, Medical Microbiology",Homo sapiens,15276,08/06/2013,JX576732.1,Automated Ingest from INSDC/NCBI Virus by Loculus,OPEN,https://pathoplexus.org/about/terms-of-use/open-data,,1,,,JX576732.1,,,BE/7004/06,0,0
PP_0022868.2,B.D,05/02/2012,Netherlands,,"Tan, L.; Coenjaerts, F. E.; Houspie, L.; Viveen, M. C.; van Bleek, G. M.; Wiertz, E. J.; Martin, D. P.; Lemey, P.","University Medical Center Utrecht, Medical Microbiology",Homo sapiens,15275,08/06/2013,JX576733.1,Automated Ingest from INSDC/NCBI Virus by Loculus,OPEN,https://pathoplexus.org/about/terms-of-use/open-data,,1,,,JX576733.1,,,12-004620,0,0
PP_0022876.2,B.D,29/01/2012,Netherlands,,"Tan, L.; Coenjaerts, F. E.; Houspie, L.; Viveen, M. C.; van Bleek, G. M.; Wiertz, E. J.; Martin, D. P.; Lemey, P.","University Medical Center Utrecht, Medical Microbiology",Homo sapiens,15275,08/06/2013,JX576734.1,Automated Ingest from INSDC/NCBI Virus by Loculus,OPEN,https://pathoplexus.org/about/terms-of-use/open-data,,1,,,JX576734.1,,,12-003981,0,0
PP_0022884.2,B.D,23/01/2012,Netherlands,,"Tan, L.; Coenjaerts, F. E.; Houspie, L.; Viveen, M. C.; van Bleek, G. M.; Wiertz, E. J.; Martin, D. P.; Lemey, P.","University Medical Center Utrecht, Medical Microbiology",Homo sapiens,15275,08/06/2013,JX576735.1,Automated Ingest from INSDC/NCBI Virus by Loculus,OPEN,https://pathoplexus.org/about/terms-of-use/open-data,,1,,,JX576735.1,,,12-002874,0,0
PP_0022892.2,B.D,07/01/2012,Netherlands,,"Tan, L.; Coenjaerts, F. E.; Houspie, L.; Viveen, M. C.; van Bleek, G. M.; Wiertz, E. J.; Martin, D. P.; Lemey, P.","University Medical Center Utrecht, Medical Microbiology",Homo sapiens,15275,08/06/2013,JX576736.1,Automated Ingest from INSDC/NCBI Virus by Loculus,OPEN,https://pathoplexus.org/about/terms-of-use/open-data,,1,,,JX576736.1,,,12-001238,0,0
PP_00228CW.2,B.D.1,28/12/2009,Netherlands,,"Tan, L.; Coenjaerts, F. E.; Houspie, L.; Viveen, M. C.; van Bleek, G. M.; Wiertz, E. J.; Martin, D. P.; Lemey, P.","University Medical Center Utrecht, Medical Microbiology",Homo sapiens,15274,08/06/2013,JX576739.1,Automated Ingest from INSDC/NCBI Virus by Loculus,OPEN,https://pathoplexus.org/about/terms-of-use/open-data,,1,,,JX576739.1,,,09-053165,0,0
PP_00228DU.2,B.D,28/12/2009,Netherlands,,"Tan, L.; Coenjaerts, F. E.; Houspie, L.; Viveen, M. C.; van Bleek, G. M.; Wiertz, E. J.; Martin, D. P.; Lemey, P.","University Medical Center Utrecht, Medical Microbiology",Homo sapiens,15274,08/06/2013,JX576740.1,Automated Ingest from INSDC/NCBI Virus by Loculus,OPEN,https://pathoplexus.org/about/terms-of-use/open-data,,1,,,JX576740.1,,,09-053157,0,0
PP_00228ES.2,B.D,22/12/2009,Netherlands,,"Tan, L.; Coenjaerts, F. E.; Houspie, L.; Viveen, M. C.; van Bleek, G. M.; Wiertz, E. J.; Martin, D. P.; Lemey, P.","University Medical Center Utrecht, Medical Microbiology",Homo sapiens,15275,08/06/2013,JX576741.1,Automated Ingest from INSDC/NCBI Virus by Loculus,OPEN,https://pathoplexus.org/about/terms-of-use/open-data,,1,,,JX576741.1,,,09-052617,0,0
PP_00228FQ.2,B.D.1,20/12/2009,Netherlands,,"Tan, L.; Coenjaerts, F. E.; Houspie, L.; Viveen, M. C.; van Bleek, G. M.; Wiertz, E. J.; Martin, D. P.; Lemey, P.","University Medical Center Utrecht, Medical Microbiology",Homo sapiens,15276,08/06/2013,JX576742.1,Automated Ingest from INSDC/NCBI Virus by Loculus,OPEN,https://pathoplexus.org/about/terms-of-use/open-data,,1,,,JX576742.1,,,09-052281,0,0
PP_00228GN.2,B.D,18/12/2009,Netherlands,,"Tan, L.; Coenjaerts, F. E.; Houspie, L.; Viveen, M. C.; van Bleek, G. M.; Wiertz, E. J.; Martin, D. P.; Lemey, P.","University Medical Center Utrecht, Medical Microbiology",Homo sapiens,15276,08/06/2013,JX576743.1,Automated Ingest from INSDC/NCBI Virus by Loculus,OPEN,https://pathoplexus.org/about/terms-of-use/open-data,,1,,,JX576743.1,,,09-052064,0,0
PP_00228HK.2,B.D,22/12/2008,Netherlands,,"Tan, L.; Coenjaerts, F. E.; Houspie, L.; Viveen, M. C.; van Bleek, G. M.; Wiertz, E. J.; Martin, D. P.; Lemey, P.","University Medical Center Utrecht, Medical Microbiology",Homo sapiens,15275,08/06/2013,JX576744.1,Automated Ingest from INSDC/NCBI Virus by Loculus,OPEN,https://pathoplexus.org/about/terms-of-use/open-data,,1,,,JX576744.1,,,08-046532,0,0
PP_00228JH.2,B.D,17/12/2008,Netherlands,,"Tan, L.; Coenjaerts, F. E.; Houspie, L.; Viveen, M. C.; van Bleek, G. M.; Wiertz, E. J.; Martin, D. P.; Lemey, P.","University Medical Center Utrecht, Medical Microbiology",Homo sapiens,15279,08/06/2013,JX576745.1,Automated Ingest from INSDC/NCBI Virus by Loculus,OPEN,https://pathoplexus.org/about/terms-of-use/open-data,,1,,,JX576745.1,,,08-045952,0,0
PP_00228KF.2,B.D,15/12/2008,Netherlands,,"Tan, L.; Coenjaerts, F. E.; Houspie, L.; Viveen, M. C.; van Bleek, G. M.; Wiertz, E. J.; Martin, D. P.; Lemey, P.","University Medical Center Utrecht, Medical Microbiology",Homo sapiens,15276,08/06/2013,JX576746.1,Automated Ingest from INSDC/NCBI Virus by Loculus,OPEN,https://pathoplexus.org/about/terms-of-use/open-data,,1,,,JX576746.1,,,08-045604,0,0
PP_00228LD.2,B.D,12/12/2008,Netherlands,,"Tan, L.; Coenjaerts, F. E.; Houspie, L.; Viveen, M. C.; van Bleek, G. M.; Wiertz, E. J.; Martin, D. P.; Lemey, P.","University Medical Center Utrecht, Medical Microbiology",Homo sapiens,15283,08/06/2013,JX576747.1,Automated Ingest from INSDC/NCBI Virus by Loculus,OPEN,https://pathoplexus.org/about/terms-of-use/open-data,,1,,,JX576747.1,,,08-045420,0,0
PP_00228MB.2,B.D,27/11/2007,Netherlands,,"Tan, L.; Coenjaerts, F. E.; Houspie, L.; Viveen, M. C.; van Bleek, G. M.; Wiertz, E. J.; Martin, D. P.; Lemey, P.","University Medical Center Utrecht, Medical Microbiology",Homo sapiens,15275,08/06/2013,JX576748.1,Automated Ingest from INSDC/NCBI Virus by Loculus,OPEN,https://pathoplexus.org/about/terms-of-use/open-data,,1,,,JX576748.1,,,07-038682,0,0
PP_00228N9.2,B.D,23/11/2007,Netherlands,,"Tan, L.; Coenjaerts, F. E.; Houspie, L.; Viveen, M. C.; van Bleek, G. M.; Wiertz, E. J.; Martin, D. P.; Lemey, P.","University Medical Center Utrecht, Medical Microbiology",Homo sapiens,15276,08/06/2013,JX576749.1,Automated Ingest from INSDC/NCBI Virus by Loculus,OPEN,https://pathoplexus.org/about/terms-of-use/open-data,,1,,,JX576749.1,,,07-038176,0,0
PP_00228P7.2,B.D,14/03/2007,Netherlands,,"Tan, L.; Coenjaerts, F. E.; Houspie, L.; Viveen, M. C.; van Bleek, G. M.; Wiertz, E. J.; Martin, D. P.; Lemey, P.","University Medical Center Utrecht, Medical Microbiology",Homo sapiens,15285,08/06/2013,JX576750.1,Automated Ingest from INSDC/NCBI Virus by Loculus,OPEN,https://pathoplexus.org/about/terms-of-use/open-data,,1,,,JX576750.1,,,07-008482,0,0
PP_00228Q5.2,B.D,05/01/2007,Netherlands,,"Tan, L.; Coenjaerts, F. E.; Houspie, L.; Viveen, M. C.; van Bleek, G. M.; Wiertz, E. J.; Martin, D. P.; Lemey, P.","University Medical Center Utrecht, Medical Microbiology",Homo sapiens,15276,08/06/2013,JX576751.1,Automated Ingest from INSDC/NCBI Virus by Loculus,OPEN,https://pathoplexus.org/about/terms-of-use/open-data,,1,,,JX576751.1,,,07-000431,0,0
PP_00228R3.2,B.D,21/12/2006,Netherlands,,"Tan, L.; Coenjaerts, F. E.; Houspie, L.; Viveen, M. C.; van Bleek, G. M.; Wiertz, E. J.; Martin, D. P.; Lemey, P.","University Medical Center Utrecht, Medical Microbiology",Homo sapiens,15278,08/06/2013,JX576752.1,Automated Ingest from INSDC/NCBI Virus by Loculus,OPEN,https://pathoplexus.org/about/terms-of-use/open-data,,1,,,JX576752.1,,,06-039982,0,0
PP_00228S1.2,B.D,17/11/2006,Netherlands,,"Tan, L.; Coenjaerts, F. E.; Houspie, L.; Viveen, M. C.; van Bleek, G. M.; Wiertz, E. J.; Martin, D. P.; Lemey, P.","University Medical Center Utrecht, Medical Microbiology",Homo sapiens,15276,08/06/2013,JX576753.1,Automated Ingest from INSDC/NCBI Virus by Loculus,OPEN,https://pathoplexus.org/about/terms-of-use/open-data,,1,,,JX576753.1,,,06-036027,0,0
PP_00228TZ.2,B.D,31/12/2005,Netherlands,,"Tan, L.; Coenjaerts, F. E.; Houspie, L.; Viveen, M. C.; van Bleek, G. M.; Wiertz, E. J.; Martin, D. P.; Lemey, P.","University Medical Center Utrecht, Medical Microbiology",Homo sapiens,15275,08/06/2013,JX576754.1,Automated Ingest from INSDC/NCBI Virus by Loculus,OPEN,https://pathoplexus.org/about/terms-of-use/open-data,,1,,,JX576754.1,,,05-040399,0,0
PP_00228UX.2,B.D,26/12/2005,Netherlands,,"Tan, L.; Coenjaerts, F. E.; Houspie, L.; Viveen, M. C.; van Bleek, G. M.; Wiertz, E. J.; Martin, D. P.; Lemey, P.","University Medical Center Utrecht, Medical Microbiology",Homo sapiens,15275,08/06/2013,JX576755.1,Automated Ingest from INSDC/NCBI Virus by Loculus,OPEN,https://pathoplexus.org/about/terms-of-use/open-data,,1,,,JX576755.1,,,05-040058,0,0
PP_00228VV.2,B.D,20/12/2005,Netherlands,,"Tan, L.; Coenjaerts, F. E.; Houspie, L.; Viveen, M. C.; van Bleek, G. M.; Wiertz, E. J.; Martin, D. P.; Lemey, P.","University Medical Center Utrecht, Medical Microbiology",Homo sapiens,15274,08/06/2013,JX576756.1,Automated Ingest from INSDC/NCBI Virus by Loculus,OPEN,https://pathoplexus.org/about/terms-of-use/open-data,,1,,,JX576756.1,,,05-039452,0,0
PP_00228WT.2,B.D,14/01/2005,Netherlands,,"Tan, L.; Coenjaerts, F. E.; Houspie, L.; Viveen, M. C.; van Bleek, G. M.; Wiertz, E. J.; Martin, D. P.; Lemey, P.","University Medical Center Utrecht, Medical Microbiology",Homo sapiens,15278,08/06/2013,JX576757.1,Automated Ingest from INSDC/NCBI Virus by Loculus,OPEN,https://pathoplexus.org/about/terms-of-use/open-data,,1,,,JX576757.1,,,05-004042,0,0
PP_00228XR.2,B.D,14/12/2005,Netherlands,,"Tan, L.; Coenjaerts, F. E.; Houspie, L.; Viveen, M. C.; van Bleek, G. M.; Wiertz, E. J.; Martin, D. P.; Lemey, P.","University Medical Center Utrecht, Medical Microbiology",Homo sapiens,15283,08/06/2013,JX576758.1,Automated Ingest from INSDC/NCBI Virus by Loculus,OPEN,https://pathoplexus.org/about/terms-of-use/open-data,,1,,,JX576758.1,,,05-001965,0,0
PP_00228YP.2,B.D,05/12/2003,Netherlands,,"Tan, L.; Coenjaerts, F. E.; Houspie, L.; Viveen, M. C.; van Bleek, G. M.; Wiertz, E. J.; Martin, D. P.; Lemey, P.","University Medical Center Utrecht, Medical Microbiology",Homo sapiens,15277,08/06/2013,JX576759.1,Automated Ingest from INSDC/NCBI Virus by Loculus,OPEN,https://pathoplexus.org/about/terms-of-use/open-data,,1,,,JX576759.1,,,03-034613,0,0
PP_00228ZM.2,B,01/01/2003,Netherlands,,"Tan, L.; Coenjaerts, F. E.; Houspie, L.; Viveen, M. C.; van Bleek, G. M.; Wiertz, E. J.; Martin, D. P.; Lemey, P.","University Medical Center Utrecht, Medical Microbiology",Homo sapiens,15216,08/06/2013,JX576760.1,Automated Ingest from INSDC/NCBI Virus by Loculus,OPEN,https://pathoplexus.org/about/terms-of-use/open-data,,1,,,JX576760.1,,,03-000005,0,0
PP_002290K.2,B.D,21/10/2002,Netherlands,,"Tan, L.; Coenjaerts, F. E.; Houspie, L.; Viveen, M. C.; van Bleek, G. M.; Wiertz, E. J.; Martin, D. P.; Lemey, P.","University Medical Center Utrecht, Medical Microbiology",Homo sapiens,15281,08/06/2013,JX576761.1,Automated Ingest from INSDC/NCBI Virus by Loculus,OPEN,https://pathoplexus.org/about/terms-of-use/open-data,,1,,,JX576761.1,,,02-028215,0,0
PP_002291H.2,B.D,08/01/2002,Netherlands,,"Tan, L.; Coenjaerts, F. E.; Houspie, L.; Viveen, M. C.; van Bleek, G. M.; Wiertz, E. J.; Martin, D. P.; Lemey, P.","University Medical Center Utrecht, Medical Microbiology",Homo sapiens,15283,08/06/2013,JX576762.1,Automated Ingest from INSDC/NCBI Virus by Loculus,OPEN,https://pathoplexus.org/about/terms-of-use/open-data,,1,,,JX576762.1,,,02-000467,0,0
PP_0022Z2R.2,B.D,2006,South Africa,,"Lorenzi, H.; Town, C.; Halpin, R.; Bera, J.; Ransier, A.; Fedorova, N.; Stockwell, T.; Amedeo, P.; Appalla, L.; Bishop, B.; Edworthy, P.; Gupta, N.; Hoover, J.; Katzel, D.; Schobel, S.; Shrivastava, S.; Thovarai, V.; Wang, S.; Rebuffo-Scheer, C.; Fan, J.; He, J.; Kehl, S. C.; Lederboer, N.; Jurgens, L. A.; Bose, M. E.; Beck, E. T.; Kumar, S.; Venter, M.; Wentworth, D. E.; Henrickson, K. J.",J. Craig Venter Institute,Homo sapiens,15201,30/08/2013,KF530259.1,Automated Ingest from INSDC/NCBI Virus by Loculus,OPEN,https://pathoplexus.org/about/terms-of-use/open-data,,0.998554723,,,KF530259.1,,,RSVB/Homo sapiens/ZAF/319/2006,0,0
PP_0022Z3P.2,B.D,10/02/2009,Italy,Pavia,"Lorenzi, H.; Town, C.; Halpin, R.; Bera, J.; Ransier, A.; Fedorova, N.; Stockwell, T.; Amedeo, P.; Appalla, L.; Bishop, B.; Edworthy, P.; Gupta, N.; Hoover, J.; Katzel, D.; Schobel, S.; Shrivastava, S.; Thovarai, V.; Wang, S.; Rebuffo-Scheer, C.; Fan, J.; He, J.; Kehl, S. C.; Lederboer, N.; Jurgens, L. A.; Bose, M. E.; Beck, E. T.; Kumar, S.; Gerna, G.; Wentworth, D. E.; Henrickson, K. J.",J. Craig Venter Institute,Homo sapiens,15105,30/08/2013,KF530262.1,Automated Ingest from INSDC/NCBI Virus by Loculus,OPEN,https://pathoplexus.org/about/terms-of-use/open-data,,0.992248062,,,KF530262.1,,,RSVB/Homo sapiens/ITA/128/2009,0,0
PP_0022Z5K.2,B.D,01/03/2008,Germany,Freiburg,"Lorenzi, H.; Town, C.; Halpin, R.; Bera, J.; Ransier, A.; Fedorova, N.; Stockwell, T.; Amedeo, P.; Appalla, L.; Bishop, B.; Edworthy, P.; Gupta, N.; Hoover, J.; Katzel, D.; Schobel, S.; Shrivastava, S.; Thovarai, V.; Wang, S.; Rebuffo-Scheer, C.; Fan, J.; He, J.; Kehl, S. C.; Lederboer, N.; Jurgens, L. A.; Bose, M. E.; Beck, E. T.; Kumar, S.; Neumann-Haefelin, D.; Wentworth, D. E.; Henrickson, K. J.",J. Craig Venter Institute,Homo sapiens,15124,30/08/2013,KF530266.1,Automated Ingest from INSDC/NCBI Virus by Loculus,OPEN,https://pathoplexus.org/about/terms-of-use/open-data,,0.99356195,,,KF530266.1,,,RSVB/Homo sapiens/DEU/115/2008,0,0
PP_0022Z6H.1,B.D,06/01/2005,United Kingdom,,"Lemon, K.; Nguyen, D. T.; Ludlow, M.; Rennick, L. J.; Yuksel, S.; van Amerongen, G.; McQuaid, S.; Rima, B. K.; de Swart, R. L.; Duprex, W. P.","Queen's University Belfast, Centre for Infection & Immunity",Homo sapiens,15277,07/12/2013,KF640637.1,Automated Ingest from INSDC/NCBI Virus by Loculus,OPEN,https://pathoplexus.org/about/terms-of-use/open-data,,1,,,KF640637.1,,,B05,0,0
PP_0022Z9B.2,B.D,31/03/2009,Italy,Pavia,"Lorenzi, H.; Town, C.; Halpin, R.; Bera, J.; Ransier, A.; Fedorova, N.; Stockwell, T.; Amedeo, P.; Appalla, L.; Bishop, B.; Edworthy, P.; Gupta, N.; Hoover, J.; Katzel, D.; Li, K.; Schobel, S.; Shrivastava, S.; Thovarai, V.; Wang, S.; Rebuffo-Scheer, C.; Fan, J.; He, J.; Kehl, S. C.; Lederboer, N.; Jurgens, L. A.; Bose, M. E.; Beck, E. T.; Kumar, S.; Gerna, G.; Wentworth, D. E.; Henrickson, K. J.",J. Craig Venter Institute,Homo sapiens,14647,25/11/2013,KF826820.1,Automated Ingest from INSDC/NCBI Virus by Loculus,OPEN,https://pathoplexus.org/about/terms-of-use/open-data,,0.962225726,,,KF826820.1,,,RSVB/Homo sapiens/ITA/134/2009,0,0
PP_0022ZA9.2,B.D,2007,USA,SE Wisconsin,"Lorenzi, H.; Town, C.; Halpin, R.; Bera, J.; Ransier, A.; Fedorova, N.; Stockwell, T.; Amedeo, P.; Appalla, L.; Bishop, B.; Edworthy, P.; Gupta, N.; Hoover, J.; Katzel, D.; Li, K.; Schobel, S.; Shrivastava, S.; Thovarai, V.; Wang, S.; Rebuffo-Scheer, C.; Fan, J.; He, J.; Kehl, S. C.; Lederboer, N.; Jurgens, L. A.; Bose, M. E.; Beck, E. T.; Kumar, S.; Wentworth, D. E.; Henrickson, K. J.",J. Craig Venter Institute,Homo sapiens,15269,25/11/2013,KF826822.1,Automated Ingest from INSDC/NCBI Virus by Loculus,OPEN,https://pathoplexus.org/about/terms-of-use/open-data,,0.999934306,,,KF826822.1,,,RSVB/Homo sapiens/USA/629-5/2007,1,0
PP_0022ZB7.2,B.D,18/10/2004,Mexico,,"Lorenzi, H.; Town, C.; Halpin, R.; Bera, J.; Ransier, A.; Fedorova, N.; Stockwell, T.; Amedeo, P.; Appalla, L.; Bishop, B.; Edworthy, P.; Gupta, N.; Hoover, J.; Katzel, D.; Li, K.; Schobel, S.; Shrivastava, S.; Thovarai, V.; Wang, S.; Rebuffo-Scheer, C.; Fan, J.; He, J.; Kehl, S. C.; Lederboer, N.; Jurgens, L. A.; Bose, M. E.; Beck, E. T.; Kumar, S.; Noyola, D. E.; Wentworth, D. E.; Henrickson, K. J.",J. Craig Venter Institute,Homo sapiens,15259,25/11/2013,KF826825.1,Automated Ingest from INSDC/NCBI Virus by Loculus,OPEN,https://pathoplexus.org/about/terms-of-use/open-data,,1,,,KF826825.1,,,RSVB/Homo sapiens/MEX/20/2004,0,0
PP_0022ZC5.2,B.D,13/12/2005,Mexico,,"Lorenzi, H.; Town, C.; Halpin, R.; Bera, J.; Ransier, A.; Fedorova, N.; Stockwell, T.; Amedeo, P.; Appalla, L.; Bishop, B.; Edworthy, P.; Gupta, N.; Hoover, J.; Katzel, D.; Li, K.; Schobel, S.; Shrivastava, S.; Thovarai, V.; Wang, S.; Rebuffo-Scheer, C.; Fan, J.; He, J.; Kehl, S. C.; Lederboer, N.; Jurgens, L. A.; Bose, M. E.; Beck, E. T.; Kumar, S.; Noyola, D. E.; Wentworth, D. E.; Henrickson, K. J.",J. Craig Venter Institute,Homo sapiens,15215,25/11/2013,KF826829.1,Automated Ingest from INSDC/NCBI Virus by Loculus,OPEN,https://pathoplexus.org/about/terms-of-use/open-data,,0.99894889,,,KF826829.1,,,RSVB/Homo sapiens/MEX/24/2005,0,0
PP_0022ZD3.2,B.D,02/02/2009,Italy,Pavia,"Lorenzi, H.; Town, C.; Halpin, R.; Bera, J.; Ransier, A.; Fedorova, N.; Stockwell, T.; Amedeo, P.; Appalla, L.; Bishop, B.; Edworthy, P.; Gupta, N.; Hoover, J.; Katzel, D.; Li, K.; Schobel, S.; Shrivastava, S.; Thovarai, V.; Wang, S.; Rebuffo-Scheer, C.; Fan, J.; He, J.; Kehl, S. C.; Lederboer, N.; Jurgens, L. A.; Bose, M. E.; Beck, E. T.; Kumar, S.; Gerna, G.; Wentworth, D. E.; Henrickson, K. J.",J. Craig Venter Institute,Homo sapiens,15218,25/11/2013,KF826834.1,Automated Ingest from INSDC/NCBI Virus by Loculus,OPEN,https://pathoplexus.org/about/terms-of-use/open-data,,0.99894889,,,KF826834.1,,,RSVB/Hep2_lab/ITA/126_RSV78/2009,0,0
PP_0022ZE1.2,B.D,03/02/2009,Italy,Pavia,"Lorenzi, H.; Town, C.; Halpin, R.; Bera, J.; Ransier, A.; Fedorova, N.; Stockwell, T.; Amedeo, P.; Appalla, L.; Bishop, B.; Edworthy, P.; Gupta, N.; Hoover, J.; Katzel, D.; Li, K.; Schobel, S.; Shrivastava, S.; Thovarai, V.; Wang, S.; Rebuffo-Scheer, C.; Fan, J.; He, J.; Kehl, S. C.; Lederboer, N.; Jurgens, L. A.; Bose, M. E.; Beck, E. T.; Kumar, S.; Gerna, G.; Wentworth, D. E.; Henrickson, K. J.",J. Craig Venter Institute,Homo sapiens,15238,25/11/2013,KF826835.1,Automated Ingest from INSDC/NCBI Virus by Loculus,OPEN,https://pathoplexus.org/about/terms-of-use/open-data,,0.998817501,,,KF826835.1,,,RSVB/Hep2_lab/ITA/127_RSV79/2009,0,0
PP_0022ZFZ.2,B.D,25/07/2006,Argentina,,"Lorenzi, H.; Town, C.; Halpin, R.; Bera, J.; Ransier, A.; Fedorova, N.; Stockwell, T.; Amedeo, P.; Appalla, L.; Bishop, B.; Edworthy, P.; Gupta, N.; Hoover, J.; Katzel, D.; Li, K.; Schobel, S.; Shrivastava, S.; Thovarai, V.; Wang, S.; Rebuffo-Scheer, C.; Fan, J.; He, J.; Kehl, S. C.; Lederboer, N.; Jurgens, L. A.; Bose, M. E.; Beck, E. T.; Kumar, S.; Videla, C.; Wentworth, D. E.; Henrickson, K. J.",J. Craig Venter Institute,Homo sapiens,15278,25/11/2013,KF826839.1,Automated Ingest from INSDC/NCBI Virus by Loculus,OPEN,https://pathoplexus.org/about/terms-of-use/open-data,,1,,,KF826839.1,,,RSVB/Homo sapiens/ARG/187/2006,0,0
PP_0022ZGX.2,B.D,22/05/2007,Argentina,,"Lorenzi, H.; Town, C.; Halpin, R.; Bera, J.; Ransier, A.; Fedorova, N.; Stockwell, T.; Amedeo, P.; Appalla, L.; Bishop, B.; Edworthy, P.; Gupta, N.; Hoover, J.; Katzel, D.; Li, K.; Schobel, S.; Shrivastava, S.; Thovarai, V.; Wang, S.; Rebuffo-Scheer, C.; Fan, J.; He, J.; Kehl, S. C.; Lederboer, N.; Jurgens, L. A.; Bose, M. E.; Beck, E. T.; Kumar, S.; Videla, C.; Wentworth, D. E.; Henrickson, K. J.",J. Craig Venter Institute,Homo sapiens,15269,25/11/2013,KF826842.1,Automated Ingest from INSDC/NCBI Virus by Loculus,OPEN,https://pathoplexus.org/about/terms-of-use/open-data,,1,,,KF826842.1,,,RSVB/Homo sapiens/ARG/195/2007,0,0
PP_0022ZHU.2,B.D.1,07/09/2008,Mexico,,"Lorenzi, H.; Town, C.; Halpin, R.; Bera, J.; Ransier, A.; Fedorova, N.; Stockwell, T.; Amedeo, P.; Appalla, L.; Bishop, B.; Edworthy, P.; Gupta, N.; Hoover, J.; Katzel, D.; Li, K.; Schobel, S.; Shrivastava, S.; Thovarai, V.; Wang, S.; Rebuffo-Scheer, C.; Fan, J.; He, J.; Kehl, S. C.; Lederboer, N.; Jurgens, L. A.; Bose, M. E.; Beck, E. T.; Kumar, S.; Noyola, D. E.; Wentworth, D. E.; Henrickson, K. J.",J. Craig Venter Institute,Homo sapiens,15280,25/11/2013,KF826843.1,Automated Ingest from INSDC/NCBI Virus by Loculus,OPEN,https://pathoplexus.org/about/terms-of-use/open-data,,1,,,KF826843.1,,,RSVB/Homo sapiens/MEX/51/2008,0,0
PP_0022ZJS.2,B.D.1,19/10/2008,Mexico,,"Lorenzi, H.; Town, C.; Halpin, R.; Bera, J.; Ransier, A.; Fedorova, N.; Stockwell, T.; Amedeo, P.; Appalla, L.; Bishop, B.; Edworthy, P.; Gupta, N.; Hoover, J.; Katzel, D.; Li, K.; Schobel, S.; Shrivastava, S.; Thovarai, V.; Wang, S.; Rebuffo-Scheer, C.; Fan, J.; He, J.; Kehl, S. C.; Lederboer, N.; Jurgens, L. A.; Bose, M. E.; Beck, E. T.; Kumar, S.; Noyola, D. E.; Wentworth, D. E.; Henrickson, K. J.",J. Craig Venter Institute,Homo sapiens,15218,25/11/2013,KF826844.1,Automated Ingest from INSDC/NCBI Virus by Loculus,OPEN,https://pathoplexus.org/about/terms-of-use/open-data,,0.999474445,,,KF826844.1,,,RSVB/Homo sapiens/MEX/62/2008,0,0
PP_0022ZKQ.2,B.D.1,10/06/2008,Argentina,,"Lorenzi, H.; Town, C.; Halpin, R.; Bera, J.; Ransier, A.; Fedorova, N.; Stockwell, T.; Amedeo, P.; Appalla, L.; Bishop, B.; Edworthy, P.; Gupta, N.; Hoover, J.; Katzel, D.; Li, K.; Schobel, S.; Shrivastava, S.; Thovarai, V.; Wang, S.; Rebuffo-Scheer, C.; Fan, J.; He, J.; Kehl, S. C.; Lederboer, N.; Jurgens, L. A.; Bose, M. E.; Beck, E. T.; Kumar, S.; Videla, C.; Wentworth, D. E.; Henrickson, K. J.",J. Craig Venter Institute,Homo sapiens,15147,25/11/2013,KF826845.1,Automated Ingest from INSDC/NCBI Virus by Loculus,OPEN,https://pathoplexus.org/about/terms-of-use/open-data,,0.993759033,,,KF826845.1,,,RSVB/Homo sapiens/ARG/201/2008,0,0
PP_0022ZLN.2,B.D,2007,USA,SE Wisconsin,"Lorenzi, H.; Town, C.; Halpin, R.; Bera, J.; Ransier, A.; Fedorova, N.; Stockwell, T.; Amedeo, P.; Appalla, L.; Bishop, B.; Edworthy, P.; Gupta, N.; Hoover, J.; Katzel, D.; Li, K.; Schobel, S.; Shrivastava, S.; Thovarai, V.; Wang, S.; Rebuffo-Scheer, C.; Fan, J.; He, J.; Kehl, S. C.; Lederboer, N.; Jurgens, L. A.; Bose, M. E.; Beck, E. T.; Kumar, S.; Wentworth, D. E.; Henrickson, K. J.",J. Craig Venter Institute,Homo sapiens,15279,25/11/2013,KF826851.1,Automated Ingest from INSDC/NCBI Virus by Loculus,OPEN,https://pathoplexus.org/about/terms-of-use/open-data,,1,,,KF826851.1,,,RSVB/Homo sapiens/USA/629-24/2007,0,0
PP_0022ZML.2,B,01/02/2008,Germany,Freiburg,"Lorenzi, H.; Town, C.; Halpin, R.; Bera, J.; Ransier, A.; Fedorova, N.; Stockwell, T.; Amedeo, P.; Appalla, L.; Bishop, B.; Edworthy, P.; Gupta, N.; Hoover, J.; Katzel, D.; Li, K.; Schobel, S.; Shrivastava, S.; Thovarai, V.; Wang, S.; Rebuffo-Scheer, C.; Fan, J.; He, J.; Kehl, S. C.; Lederboer, N.; Jurgens, L. A.; Bose, M. E.; Beck, E. T.; Kumar, S.; Neumann-Haefelin, D.; Wentworth, D. E.; Henrickson, K. J.",J. Craig Venter Institute,Homo sapiens,15183,25/11/2013,KF826853.2,Automated Ingest from INSDC/NCBI Virus by Loculus,OPEN,https://pathoplexus.org/about/terms-of-use/open-data,,1,,,KF826853.2,,,RSVB/Homo sapiens/DEU/114/2008,0,0
PP_0022ZNJ.2,B.D,18/02/2009,Italy,Pavia,"Lorenzi, H.; Town, C.; Halpin, R.; Bera, J.; Ransier, A.; Fedorova, N.; Stockwell, T.; Amedeo, P.; Appalla, L.; Bishop, B.; Edworthy, P.; Gupta, N.; Hoover, J.; Katzel, D.; Li, K.; Schobel, S.; Shrivastava, S.; Thovarai, V.; Wang, S.; Rebuffo-Scheer, C.; Fan, J.; He, J.; Kehl, S. C.; Lederboer, N.; Jurgens, L. A.; Bose, M. E.; Beck, E. T.; Kumar, S.; Gerna, G.; Wentworth, D. E.; Henrickson, K. J.",J. Craig Venter Institute,Homo sapiens,15278,25/11/2013,KF826857.1,Automated Ingest from INSDC/NCBI Virus by Loculus,OPEN,https://pathoplexus.org/about/terms-of-use/open-data,,1,,,KF826857.1,,,RSVB/Homo sapiens/ITA/129/2009,0,0
PP_0022ZPG.2,B.D,04/03/2009,Italy,Pavia,"Lorenzi, H.; Town, C.; Halpin, R.; Bera, J.; Ransier, A.; Fedorova, N.; Stockwell, T.; Amedeo, P.; Appalla, L.; Bishop, B.; Edworthy, P.; Gupta, N.; Hoover, J.; Katzel, D.; Li, K.; Schobel, S.; Shrivastava, S.; Thovarai, V.; Wang, S.; Rebuffo-Scheer, C.; Fan, J.; He, J.; Kehl, S. C.; Lederboer, N.; Jurgens, L. A.; Bose, M. E.; Beck, E. T.; Kumar, S.; Gerna, G.; Wentworth, D. E.; Henrickson, K. J.",J. Craig Venter Institute,Homo sapiens,15233,25/11/2013,KF826858.1,Automated Ingest from INSDC/NCBI Virus by Loculus,OPEN,https://pathoplexus.org/about/terms-of-use/open-data,,0.99940875,,,KF826858.1,,,RSVB/Homo sapiens/ITA/130/2009,0,0
PP_0022ZQE.2,B.D,05/03/2009,Italy,Pavia,"Lorenzi, H.; Town, C.; Halpin, R.; Bera, J.; Ransier, A.; Fedorova, N.; Stockwell, T.; Amedeo, P.; Appalla, L.; Bishop, B.; Edworthy, P.; Gupta, N.; Hoover, J.; Katzel, D.; Li, K.; Schobel, S.; Shrivastava, S.; Thovarai, V.; Wang, S.; Rebuffo-Scheer, C.; Fan, J.; He, J.; Kehl, S. C.; Lederboer, N.; Jurgens, L. A.; Bose, M. E.; Beck, E. T.; Kumar, S.; Gerna, G.; Wentworth, D. E.; Henrickson, K. J.",J. Craig Venter Institute,Homo sapiens,15263,25/11/2013,KF826859.1,Automated Ingest from INSDC/NCBI Virus by Loculus,OPEN,https://pathoplexus.org/about/terms-of-use/open-data,,1,,,KF826859.1,,,RSVB/Homo sapiens/ITA/131/2009,0,0
PP_0022ZRC.2,B.D,28/04/2009,Italy,Pavia,"Lorenzi, H.; Town, C.; Halpin, R.; Bera, J.; Ransier, A.; Fedorova, N.; Stockwell, T.; Amedeo, P.; Appalla, L.; Bishop, B.; Edworthy, P.; Gupta, N.; Hoover, J.; Katzel, D.; Li, K.; Schobel, S.; Shrivastava, S.; Thovarai, V.; Wang, S.; Rebuffo-Scheer, C.; Fan, J.; He, J.; Kehl, S. C.; Lederboer, N.; Jurgens, L. A.; Bose, M. E.; Beck, E. T.; Kumar, S.; Gerna, G.; Wentworth, D. E.; Henrickson, K. J.",J. Craig Venter Institute,Homo sapiens,15249,25/11/2013,KF826860.1,Automated Ingest from INSDC/NCBI Virus by Loculus,OPEN,https://pathoplexus.org/about/terms-of-use/open-data,,1,,,KF826860.1,,,RSVB/Homo sapiens/ITA/135/2009,0,0
PP_002306E.2,B.D.1,03/06/2011,Peru,Piura,"Wentworth, D. E.; Halpin, R. A.; Bera, J.; Lin, X.; Fedorova, N.; Tsitrin, T.; McLellan, M.; Stockwell, T.; Amedeo, P.; Bishop, B.; Gupta, N.; Hoover, J.; Katzel, D.; Schobel, S.; Shrivastava, S.; Garcia, J.; Laguna-Torres, V. A.; Leguia, M.; Benavides, J. G.; Halsey, E.",J. Craig Venter Institute,Homo sapiens,15173,07/04/2014,KJ627247.1,Automated Ingest from INSDC/NCBI Virus by Loculus,OPEN,https://pathoplexus.org/about/terms-of-use/open-data,,0.996715281,,,KJ627247.1,,,RSVB/Homo sapiens/PER/FPP00592/2011,0,0
PP_002307C.2,B.D,01/05/2008,Peru,Piura,"Wentworth, D. E.; Halpin, R. A.; Bera, J.; Lin, X.; Fedorova, N.; Tsitrin, T.; McLellan, M.; Stockwell, T.; Amedeo, P.; Bishop, B.; Gupta, N.; Hoover, J.; Katzel, D.; Schobel, S.; Shrivastava, S.; Garcia, J.; Laguna-Torres, V. A.; Leguia, M.; Benavides, J. G.; Halsey, E.",J. Craig Venter Institute,Homo sapiens,15175,07/04/2014,KJ627249.1,Automated Ingest from INSDC/NCBI Virus by Loculus,OPEN,https://pathoplexus.org/about/terms-of-use/open-data,,0.973328078,,,KJ627249.1,,,RSVB/Homo sapiens/PER/FLA1962/2008,0,356
PP_002308A.2,B.D,10/03/2012,Peru,Piura,"Wentworth, D. E.; Halpin, R. A.; Bera, J.; Lin, X.; Fedorova, N.; Tsitrin, T.; McLellan, M.; Stockwell, T.; Amedeo, P.; Bishop, B.; Gupta, N.; Hoover, J.; Katzel, D.; Schobel, S.; Shrivastava, S.; Garcia, J.; Laguna-Torres, V. A.; Leguia, M.; Benavides, J. G.; Halsey, E.",J. Craig Venter Institute,Homo sapiens,15172,07/04/2014,KJ627251.1,Automated Ingest from INSDC/NCBI Virus by Loculus,OPEN,https://pathoplexus.org/about/terms-of-use/open-data,,0.996715281,,,KJ627251.1,,,RSVB/Homo sapiens/PER/FPP01361/2012,0,0
PP_0023098.2,B.D,13/06/2011,Peru,Piura,"Wentworth, D. E.; Halpin, R. A.; Bera, J.; Lin, X.; Fedorova, N.; Tsitrin, T.; McLellan, M.; Stockwell, T.; Amedeo, P.; Bishop, B.; Gupta, N.; Hoover, J.; Katzel, D.; Schobel, S.; Shrivastava, S.; Garcia, J.; Laguna-Torres, V. A.; Leguia, M.; Benavides, J. G.; Halsey, E.",J. Craig Venter Institute,Homo sapiens,15171,07/04/2014,KJ627254.1,Automated Ingest from INSDC/NCBI Virus by Loculus,OPEN,https://pathoplexus.org/about/terms-of-use/open-data,,0.996715281,,,KJ627254.1,,,RSVB/Homo sapiens/PER/FPP00618/2011,0,0
PP_00230A6.2,B.D,14/03/2012,Peru,Piura,"Wentworth, D. E.; Halpin, R. A.; Bera, J.; Lin, X.; Fedorova, N.; Tsitrin, T.; McLellan, M.; Stockwell, T.; Amedeo, P.; Bishop, B.; Gupta, N.; Hoover, J.; Katzel, D.; Schobel, S.; Shrivastava, S.; Garcia, J.; Laguna-Torres, V. A.; Leguia, M.; Benavides, J. G.; Halsey, E.",J. Craig Venter Institute,Homo sapiens,15175,07/04/2014,KJ627262.1,Automated Ingest from INSDC/NCBI Virus by Loculus,OPEN,https://pathoplexus.org/about/terms-of-use/open-data,,0.996715281,,,KJ627262.1,,,RSVB/Homo sapiens/PER/FPP01374/2012,0,0
PP_00230C2.2,B.D.1,19/05/2011,Peru,Piura,"Wentworth, D. E.; Halpin, R. A.; Bera, J.; Lin, X.; Fedorova, N.; Tsitrin, T.; McLellan, M.; Stockwell, T.; Amedeo, P.; Bishop, B.; Gupta, N.; Hoover, J.; Katzel, D.; Schobel, S.; Shrivastava, S.; Garcia, J.; Laguna-Torres, V. A.; Leguia, M.; Benavides, J. G.; Halsey, E.",J. Craig Venter Institute,Homo sapiens,15177,07/04/2014,KJ627277.1,Automated Ingest from INSDC/NCBI Virus by Loculus,OPEN,https://pathoplexus.org/about/terms-of-use/open-data,,0.996715281,,,KJ627277.1,,,RSVB/Homo sapiens/PER/FPP00548/2011,0,0
PP_00230EY.2,B.D,11/02/2008,Peru,Piura,"Wentworth, D. E.; Halpin, R. A.; Bera, J.; Lin, X.; Fedorova, N.; Tsitrin, T.; McLellan, M.; Stockwell, T.; Amedeo, P.; Bishop, B.; Gupta, N.; Hoover, J.; Katzel, D.; Schobel, S.; Shrivastava, S.; Garcia, J.; Laguna-Torres, V. A.; Leguia, M.; Benavides, J. G.; Halsey, E.",J. Craig Venter Institute,Homo sapiens,15172,07/04/2014,KJ627280.1,Automated Ingest from INSDC/NCBI Virus by Loculus,OPEN,https://pathoplexus.org/about/terms-of-use/open-data,,0.996715281,,,KJ627280.1,,,RSVB/Homo sapiens/PER/FLA0166/2008,0,0
PP_00230FW.2,B.D,09/06/2011,Peru,Piura,"Wentworth, D. E.; Halpin, R. A.; Bera, J.; Lin, X.; Fedorova, N.; Tsitrin, T.; McLellan, M.; Stockwell, T.; Amedeo, P.; Bishop, B.; Gupta, N.; Hoover, J.; Katzel, D.; Schobel, S.; Shrivastava, S.; Garcia, J.; Laguna-Torres, V. A.; Leguia, M.; Benavides, J. G.; Halsey, E.",J. Craig Venter Institute,Homo sapiens,15172,07/04/2014,KJ627285.1,Automated Ingest from INSDC/NCBI Virus by Loculus,OPEN,https://pathoplexus.org/about/terms-of-use/open-data,,0.996715281,,,KJ627285.1,,,RSVB/Homo sapiens/PER/FPP00604/2011,0,0
PP_00230GU.2,B.D,24/11/2007,Peru,Piura,"Wentworth, D. E.; Halpin, R. A.; Bera, J.; Lin, X.; Fedorova, N.; Tsitrin, T.; McLellan, M.; Stockwell, T.; Amedeo, P.; Bishop, B.; Gupta, N.; Hoover, J.; Katzel, D.; Schobel, S.; Shrivastava, S.; Garcia, J.; Laguna-Torres, V. A.; Leguia, M.; Benavides, J. G.; Halsey, E.",J. Craig Venter Institute,Homo sapiens,15172,07/04/2014,KJ627299.1,Automated Ingest from INSDC/NCBI Virus by Loculus,OPEN,https://pathoplexus.org/about/terms-of-use/open-data,,0.996715281,,,KJ627299.1,,,RSVB/Homo sapiens/PER/FLU9371/2007,0,0
PP_00230HR.2,B.D,12/04/2008,Peru,Piura,"Wentworth, D. E.; Halpin, R. A.; Bera, J.; Lin, X.; Fedorova, N.; Tsitrin, T.; McLellan, M.; Stockwell, T.; Amedeo, P.; Bishop, B.; Gupta, N.; Hoover, J.; Katzel, D.; Schobel, S.; Shrivastava, S.; Garcia, J.; Laguna-Torres, V. A.; Leguia, M.; Benavides, J. G.; Halsey, E.",J. Craig Venter Institute,Homo sapiens,15173,07/04/2014,KJ627302.1,Automated Ingest from INSDC/NCBI Virus by Loculus,OPEN,https://pathoplexus.org/about/terms-of-use/open-data,,0.996715281,,,KJ627302.1,,,RSVB/Homo sapiens/PER/FLA1266/2008,0,0
PP_00230JP.2,B.D,31/01/2007,Peru,Piura,"Wentworth, D. E.; Halpin, R. A.; Bera, J.; Lin, X.; Fedorova, N.; Tsitrin, T.; McLellan, M.; Stockwell, T.; Amedeo, P.; Bishop, B.; Gupta, N.; Hoover, J.; Katzel, D.; Schobel, S.; Shrivastava, S.; Garcia, J.; Laguna-Torres, V. A.; Leguia, M.; Benavides, J. G.; Halsey, E.",J. Craig Venter Institute,Homo sapiens,15172,07/04/2014,KJ627310.1,Automated Ingest from INSDC/NCBI Virus by Loculus,OPEN,https://pathoplexus.org/about/terms-of-use/open-data,,0.996715281,,,KJ627310.1,,,RSVB/Homo sapiens/PER/FLU5540/2007,0,0
PP_00230KM.2,B.D,29/01/2007,Peru,Piura,"Wentworth, D. E.; Halpin, R. A.; Bera, J.; Lin, X.; Fedorova, N.; Tsitrin, T.; McLellan, M.; Stockwell, T.; Amedeo, P.; Bishop, B.; Gupta, N.; Hoover, J.; Katzel, D.; Schobel, S.; Shrivastava, S.; Garcia, J.; Laguna-Torres, V. A.; Leguia, M.; Benavides, J. G.; Halsey, E.",J. Craig Venter Institute,Homo sapiens,15172,07/04/2014,KJ627317.1,Automated Ingest from INSDC/NCBI Virus by Loculus,OPEN,https://pathoplexus.org/about/terms-of-use/open-data,,0.996715281,,,KJ627317.1,,,RSVB/Homo sapiens/PER/FLU5625/2007,0,0
PP_00230MH.2,B.D,15/07/2008,Peru,Loreto,"Wentworth, D. E.; Halpin, R. A.; Bera, J.; Lin, X.; Fedorova, N.; Tsitrin, T.; McLellan, M.; Stockwell, T.; Amedeo, P.; Bishop, B.; Gupta, N.; Hoover, J.; Katzel, D.; Schobel, S.; Shrivastava, S.; Garcia, J.; Laguna-Torres, V. A.; Leguia, M.; Benavides, J. G.; Halsey, E.",J. Craig Venter Institute,Homo sapiens,15172,07/04/2014,KJ627330.1,Automated Ingest from INSDC/NCBI Virus by Loculus,OPEN,https://pathoplexus.org/about/terms-of-use/open-data,,0.996715281,,,KJ627330.1,,,RSVB/Homo sapiens/PER/FLA3500/2008,0,0
PP_00230NF.2,B.D,04/06/2011,Peru,Piura,"Wentworth, D. E.; Halpin, R. A.; Bera, J.; Lin, X.; Fedorova, N.; Tsitrin, T.; McLellan, M.; Stockwell, T.; Amedeo, P.; Bishop, B.; Gupta, N.; Hoover, J.; Katzel, D.; Schobel, S.; Shrivastava, S.; Garcia, J.; Laguna-Torres, V. A.; Leguia, M.; Benavides, J. G.; Halsey, E.",J. Craig Venter Institute,Homo sapiens,15172,07/04/2014,KJ627331.1,Automated Ingest from INSDC/NCBI Virus by Loculus,OPEN,https://pathoplexus.org/about/terms-of-use/open-data,,0.98548154,,,KJ627331.1,,,RSVB/Homo sapiens/PER/FPP00596/2011,0,171
PP_00230PD.2,B.D.1,13/06/2011,Peru,Piura,"Wentworth, D. E.; Halpin, R. A.; Bera, J.; Lin, X.; Fedorova, N.; Tsitrin, T.; McLellan, M.; Stockwell, T.; Amedeo, P.; Bishop, B.; Gupta, N.; Hoover, J.; Katzel, D.; Schobel, S.; Shrivastava, S.; Garcia, J.; Laguna-Torres, V. A.; Leguia, M.; Benavides, J. G.; Halsey, E.",J. Craig Venter Institute,Homo sapiens,15173,07/04/2014,KJ627332.1,Automated Ingest from INSDC/NCBI Virus by Loculus,OPEN,https://pathoplexus.org/about/terms-of-use/open-data,,0.996715281,,,KJ627332.1,,,RSVB/Homo sapiens/PER/FPP00616/2011,0,0
PP_00230QB.2,B.D,28/02/2012,Peru,Piura,"Wentworth, D. E.; Halpin, R. A.; Bera, J.; Lin, X.; Fedorova, N.; Tsitrin, T.; McLellan, M.; Stockwell, T.; Amedeo, P.; Bishop, B.; Gupta, N.; Hoover, J.; Katzel, D.; Schobel, S.; Shrivastava, S.; Garcia, J.; Laguna-Torres, V. A.; Leguia, M.; Benavides, J. G.; Halsey, E.",J. Craig Venter Institute,Homo sapiens,15175,07/04/2014,KJ627340.1,Automated Ingest from INSDC/NCBI Virus by Loculus,OPEN,https://pathoplexus.org/about/terms-of-use/open-data,,0.996715281,,,KJ627340.1,,,RSVB/Homo sapiens/PER/FPP01318/2012,0,0
PP_00230R9.2,B.D,04/04/2011,Peru,Piura,"Wentworth, D. E.; Halpin, R. A.; Bera, J.; Lin, X.; Fedorova, N.; Tsitrin, T.; McLellan, M.; Stockwell, T.; Amedeo, P.; Bishop, B.; Gupta, N.; Hoover, J.; Katzel, D.; Schobel, S.; Shrivastava, S.; Garcia, J.; Laguna-Torres, V. A.; Leguia, M.; Benavides, J. G.; Halsey, E.",J. Craig Venter Institute,Homo sapiens,15172,07/04/2014,KJ627341.1,Automated Ingest from INSDC/NCBI Virus by Loculus,OPEN,https://pathoplexus.org/about/terms-of-use/open-data,,0.996715281,,,KJ627341.1,,,RSVB/Homo sapiens/PER/FPP00386/2011,0,0
PP_00230S7.2,B.D,23/02/2012,Peru,Piura,"Wentworth, D. E.; Halpin, R. A.; Bera, J.; Lin, X.; Fedorova, N.; Tsitrin, T.; McLellan, M.; Stockwell, T.; Amedeo, P.; Bishop, B.; Gupta, N.; Hoover, J.; Katzel, D.; Schobel, S.; Shrivastava, S.; Garcia, J.; Laguna-Torres, V. A.; Leguia, M.; Benavides, J. G.; Halsey, E.",J. Craig Venter Institute,Homo sapiens,15175,07/04/2014,KJ627342.1,Automated Ingest from INSDC/NCBI Virus by Loculus,OPEN,https://pathoplexus.org/about/terms-of-use/open-data,,0.996715281,,,KJ627342.1,,,RSVB/Homo sapiens/PER/FPP01297/2012,0,0
PP_00230T5.2,B.D,02/06/2011,Peru,Piura,"Wentworth, D. E.; Halpin, R. A.; Bera, J.; Lin, X.; Fedorova, N.; Tsitrin, T.; McLellan, M.; Stockwell, T.; Amedeo, P.; Bishop, B.; Gupta, N.; Hoover, J.; Katzel, D.; Schobel, S.; Shrivastava, S.; Garcia, J.; Laguna-Torres, V. A.; Leguia, M.; Benavides, J. G.; Halsey, E.",J. Craig Venter Institute,Homo sapiens,15172,07/04/2014,KJ627348.1,Automated Ingest from INSDC/NCBI Virus by Loculus,OPEN,https://pathoplexus.org/about/terms-of-use/open-data,,0.996715281,,,KJ627348.1,,,RSVB/Homo sapiens/PER/FPP00589/2011,0,0
PP_00230U3.2,B.D,13/04/2011,Peru,Piura,"Wentworth, D. E.; Halpin, R. A.; Bera, J.; Lin, X.; Fedorova, N.; Tsitrin, T.; McLellan, M.; Stockwell, T.; Amedeo, P.; Bishop, B.; Gupta, N.; Hoover, J.; Katzel, D.; Schobel, S.; Shrivastava, S.; Garcia, J.; Laguna-Torres, V. A.; Leguia, M.; Benavides, J. G.; Halsey, E.",J. Craig Venter Institute,Homo sapiens,15172,07/04/2014,KJ627359.1,Automated Ingest from INSDC/NCBI Virus by Loculus,OPEN,https://pathoplexus.org/about/terms-of-use/open-data,,0.996715281,,,KJ627359.1,,,RSVB/Homo sapiens/PER/FPP00418/2011,0,0
PP_00230V1.2,B.D,12/05/2011,Peru,Piura,"Wentworth, D. E.; Halpin, R. A.; Bera, J.; Lin, X.; Fedorova, N.; Tsitrin, T.; McLellan, M.; Stockwell, T.; Amedeo, P.; Bishop, B.; Gupta, N.; Hoover, J.; Katzel, D.; Schobel, S.; Shrivastava, S.; Garcia, J.; Laguna-Torres, V. A.; Leguia, M.; Benavides, J. G.; Halsey, E.",J. Craig Venter Institute,Homo sapiens,15172,07/04/2014,KJ627364.1,Automated Ingest from INSDC/NCBI Virus by Loculus,OPEN,https://pathoplexus.org/about/terms-of-use/open-data,,0.996715281,,,KJ627364.1,,,RSVB/Homo sapiens/PER/FPP00530/2011,0,0
PP_0023296.2,B.D.1,18/01/2013,USA,Tennessee,"Das, S.; Halpin, R. A.; Bera, J.; Fedorova, N.; Tsitrin, T.; Stockwell, T.; Amedeo, P.; Bishop, B.; Gupta, N.; Hoover, J.; Katzel, D.; Schobel, S.; Shrivastava, S.; Hartert, T.; Moore, M.; Chappell, J.; Larkin, E.; Wentworth, D. E.; Anderson, L. J.",J. Craig Venter Institute,Homo sapiens,15171,09/05/2014,KJ672430.1,Automated Ingest from INSDC/NCBI Virus by Loculus,OPEN,https://pathoplexus.org/about/terms-of-use/open-data,,0.996715281,,,KJ672430.1,,,RSVB/Homo sapiens/USA/LA2_51/2013,0,0
PP_00232B2.2,B.D.1,04/12/2012,USA,Tennessee,"Das, S.; Halpin, R. A.; Bera, J.; Fedorova, N.; Tsitrin, T.; Stockwell, T.; Amedeo, P.; Bishop, B.; Gupta, N.; Hoover, J.; Katzel, D.; Schobel, S.; Shrivastava, S.; Hartert, T.; Moore, M.; Chappell, J.; Larkin, E.; Wentworth, D. E.; Anderson, L. J.",J. Craig Venter Institute,Homo sapiens,15172,09/05/2014,KJ672473.1,Automated Ingest from INSDC/NCBI Virus by Loculus,OPEN,https://pathoplexus.org/about/terms-of-use/open-data,,0.996715281,,,KJ672473.1,,,RSVB/Homo sapiens/USA/LA2_24/2012,0,0
PP_00233LG.2,B.2,1991,USA,New York,"Das, S. R.; Halpin, R. A.; Puri, V.; Akopov, A.; Fedorova, N.; Tsitrin, T.; Stockwell, T.; Amedeo, P.; Bishop, B.; Gupta, N.; Hoover, J.; Katzel, D.; Schobel, S.; Shrivastava, S.; Wentworth, D. E.; Caserta, M.",J. Craig Venter Institute,Homo sapiens,15119,16/05/2014,KJ723460.1,Automated Ingest from INSDC/NCBI Virus by Loculus,OPEN,https://pathoplexus.org/about/terms-of-use/open-data,,0.996583892,,,KJ723460.1,,,RSVB/Homo sapiens/USA/91I-144A-01/1991,0,0
PP_00233ME.2,B.2,1987,USA,New York,"Das, S. R.; Halpin, R. A.; Puri, V.; Akopov, A.; Fedorova, N.; Tsitrin, T.; Stockwell, T.; Amedeo, P.; Bishop, B.; Gupta, N.; Hoover, J.; Katzel, D.; Schobel, S.; Shrivastava, S.; Wentworth, D. E.; Caserta, M.",J. Craig Venter Institute,Homo sapiens,15114,16/05/2014,KJ723463.2,Automated Ingest from INSDC/NCBI Virus by Loculus,OPEN,https://pathoplexus.org/about/terms-of-use/open-data,,0.996715281,,,KJ723463.2,,,RSVB/Homo sapiens/USA/87I-072A-01/1987,0,0
PP_00233NC.2,B.3,1993,USA,New York,"Das, S. R.; Halpin, R. A.; Puri, V.; Akopov, A.; Fedorova, N.; Tsitrin, T.; Stockwell, T.; Amedeo, P.; Bishop, B.; Gupta, N.; Hoover, J.; Katzel, D.; Schobel, S.; Shrivastava, S.; Wentworth, D. E.; Caserta, M.",J. Craig Venter Institute,Homo sapiens,15116,16/05/2014,KJ723466.2,Automated Ingest from INSDC/NCBI Virus by Loculus,OPEN,https://pathoplexus.org/about/terms-of-use/open-data,,0.996715281,,,KJ723466.2,,,RSVB/Homo sapiens/USA/93I-109A-01/1993,0,0
PP_00233PA.2,B.2,1987,USA,New York,"Das, S. R.; Halpin, R. A.; Puri, V.; Akopov, A.; Fedorova, N.; Tsitrin, T.; Stockwell, T.; Amedeo, P.; Bishop, B.; Gupta, N.; Hoover, J.; Katzel, D.; Schobel, S.; Shrivastava, S.; Wentworth, D. E.; Caserta, M.",J. Craig Venter Institute,Homo sapiens,15113,16/05/2014,KJ723469.1,Automated Ingest from INSDC/NCBI Virus by Loculus,OPEN,https://pathoplexus.org/about/terms-of-use/open-data,,0.996583892,,,KJ723469.1,,,RSVB/Homo sapiens/USA/87I-042A-01/1987,0,0
PP_00233Q8.2,B.2,1991,USA,New York,"Das, S. R.; Halpin, R. A.; Puri, V.; Akopov, A.; Fedorova, N.; Tsitrin, T.; Stockwell, T.; Amedeo, P.; Bishop, B.; Gupta, N.; Hoover, J.; Katzel, D.; Schobel, S.; Shrivastava, S.; Wentworth, D. E.; Caserta, M.",J. Craig Venter Institute,Homo sapiens,15121,16/05/2014,KJ723470.2,Automated Ingest from INSDC/NCBI Virus by Loculus,OPEN,https://pathoplexus.org/about/terms-of-use/open-data,,0.996715281,,,KJ723470.2,,,RSVB/Homo sapiens/USA/91I-116A-01/1991,0,0
PP_00233R6.2,B.2,1987,USA,New York,"Das, S. R.; Halpin, R. A.; Puri, V.; Akopov, A.; Fedorova, N.; Tsitrin, T.; Stockwell, T.; Amedeo, P.; Bishop, B.; Gupta, N.; Hoover, J.; Katzel, D.; Schobel, S.; Shrivastava, S.; Wentworth, D. E.; Caserta, M.",J. Craig Venter Institute,Homo sapiens,15114,16/05/2014,KJ723476.2,Automated Ingest from INSDC/NCBI Virus by Loculus,OPEN,https://pathoplexus.org/about/terms-of-use/open-data,,0.996715281,,,KJ723476.2,,,RSVB/Homo sapiens/USA/87I-028A-01/1987,0,0
PP_00233S4.2,B.2,1991,USA,New York,"Das, S. R.; Halpin, R. A.; Puri, V.; Akopov, A.; Fedorova, N.; Tsitrin, T.; Stockwell, T.; Amedeo, P.; Bishop, B.; Gupta, N.; Hoover, J.; Katzel, D.; Schobel, S.; Shrivastava, S.; Wentworth, D. E.; Caserta, M.",J. Craig Venter Institute,Homo sapiens,15119,16/05/2014,KJ723477.1,Automated Ingest from INSDC/NCBI Virus by Loculus,OPEN,https://pathoplexus.org/about/terms-of-use/open-data,,0.996583892,,,KJ723477.1,,,RSVB/Homo sapiens/USA/91I-043A-01/1991,0,0
PP_00233T2.2,B.1,1983,USA,New York,"Das, S. R.; Halpin, R. A.; Puri, V.; Akopov, A.; Fedorova, N.; Tsitrin, T.; Stockwell, T.; Amedeo, P.; Bishop, B.; Gupta, N.; Hoover, J.; Katzel, D.; Schobel, S.; Shrivastava, S.; Wentworth, D. E.; Caserta, M.",J. Craig Venter Institute,Homo sapiens,15124,16/05/2014,KJ723479.1,Automated Ingest from INSDC/NCBI Virus by Loculus,OPEN,https://pathoplexus.org/about/terms-of-use/open-data,,0.996583892,,,KJ723479.1,,,RSVB/Homo sapiens/USA/83I-100A-01/1983,0,0
PP_00233U0.2,B.2,1991,USA,New York,"Das, S. R.; Halpin, R. A.; Puri, V.; Akopov, A.; Fedorova, N.; Tsitrin, T.; Stockwell, T.; Amedeo, P.; Bishop, B.; Gupta, N.; Hoover, J.; Katzel, D.; Schobel, S.; Shrivastava, S.; Wentworth, D. E.; Caserta, M.",J. Craig Venter Institute,Homo sapiens,15121,16/05/2014,KJ723480.2,Automated Ingest from INSDC/NCBI Virus by Loculus,OPEN,https://pathoplexus.org/about/terms-of-use/open-data,,0.996715281,,,KJ723480.2,,,RSVB/Homo sapiens/USA/91I-020A-01/1991,0,0
PP_00233VY.2,B.2,1985,USA,New York,"Das, S. R.; Halpin, R. A.; Puri, V.; Akopov, A.; Fedorova, N.; Tsitrin, T.; Stockwell, T.; Amedeo, P.; Bishop, B.; Gupta, N.; Hoover, J.; Katzel, D.; Schobel, S.; Shrivastava, S.; Wentworth, D. E.; Caserta, M.",J. Craig Venter Institute,Homo sapiens,15123,16/05/2014,KJ723481.2,Automated Ingest from INSDC/NCBI Virus by Loculus,OPEN,https://pathoplexus.org/about/terms-of-use/open-data,,0.996715281,,,KJ723481.2,,,RSVB/Homo sapiens/USA/85I-063A-01/1985,0,0
PP_00233WW.2,B.2,1989,USA,New York,"Das, S. R.; Halpin, R. A.; Puri, V.; Akopov, A.; Fedorova, N.; Tsitrin, T.; Stockwell, T.; Amedeo, P.; Bishop, B.; Gupta, N.; Hoover, J.; Katzel, D.; Schobel, S.; Shrivastava, S.; Wentworth, D. E.; Caserta, M.",J. Craig Venter Institute,Homo sapiens,15121,16/05/2014,KJ723482.2,Automated Ingest from INSDC/NCBI Virus by Loculus,OPEN,https://pathoplexus.org/about/terms-of-use/open-data,,0.996715281,,,KJ723482.2,,,RSVB/Homo sapiens/USA/89I-132A-01/1989,0,0
PP_00233XU.2,B.3,1993,USA,New York,"Das, S. R.; Halpin, R. A.; Puri, V.; Akopov, A.; Fedorova, N.; Tsitrin, T.; Stockwell, T.; Amedeo, P.; Bishop, B.; Gupta, N.; Hoover, J.; Katzel, D.; Schobel, S.; Shrivastava, S.; Wentworth, D. E.; Caserta, M.",J. Craig Venter Institute,Homo sapiens,15117,16/05/2014,KJ723484.2,Automated Ingest from INSDC/NCBI Virus by Loculus,OPEN,https://pathoplexus.org/about/terms-of-use/open-data,,0.996715281,,,KJ723484.2,,,RSVB/Homo sapiens/USA/93I-159A-01/1993,0,0
PP_00233YS.2,B,1984,USA,New York,"Das, S. R.; Halpin, R. A.; Puri, V.; Akopov, A.; Fedorova, N.; Tsitrin, T.; Stockwell, T.; Amedeo, P.; Bishop, B.; Gupta, N.; Hoover, J.; Katzel, D.; Schobel, S.; Shrivastava, S.; Wentworth, D. E.; Caserta, M.",J. Craig Venter Institute,Homo sapiens,15119,16/05/2014,KJ723485.2,Automated Ingest from INSDC/NCBI Virus by Loculus,OPEN,https://pathoplexus.org/about/terms-of-use/open-data,,0.996715281,,,KJ723485.2,,,RSVB/Homo sapiens/USA/84I-250A-01/1984,0,0
PP_0023494.1,B.D,30/07/2009,Viet Nam,,"Do, L. A.; Wilm, A.; van Doorn, H. R.; Lam, H. M.; Sim, S.; Sukumaran, R.; Tran, A. T.; Nguyen, B. H.; Tran, T. T.; Tran, Q. H.; Vo, Q. B.; Tran Dac, N. A.; Trinh, H. N.; Nguyen, T. T.; Le Binh, B. T.; Le, K.; Nguyen, M. T.; Thai, Q. T.; Vo, T. V.; Ngo, N. Q.; Dang, T. K.; Cao, N. H.; Tran, T. V.; Ho, L. V.; Farrar, J.; De Jong, M.; Chen, S.; Nagarajan, N.; Bryant, J. E.; Hibberd, M. L.; Do, L. A. H.; Tran, T. T. L.; Nguyen, T. T. H.; Ngo, N. Q. M.; Dang, T. K. H.; de Jong, M. D.; Nagaranjan, N.","Oxford University Clinical Research Unit, Emerging Viral Infections",Homo sapiens,15282,05/10/2015,KJ939919.1,Automated Ingest from INSDC/NCBI Virus by Loculus,OPEN,https://pathoplexus.org/about/terms-of-use/open-data,,0.999211667,,,KJ939919.1,,,VN-125-7/09,0,12
PP_00234A2.1,B.D,17/08/2009,Viet Nam,,"Do, L. A.; Wilm, A.; van Doorn, H. R.; Lam, H. M.; Sim, S.; Sukumaran, R.; Tran, A. T.; Nguyen, B. H.; Tran, T. T.; Tran, Q. H.; Vo, Q. B.; Tran Dac, N. A.; Trinh, H. N.; Nguyen, T. T.; Le Binh, B. T.; Le, K.; Nguyen, M. T.; Thai, Q. T.; Vo, T. V.; Ngo, N. Q.; Dang, T. K.; Cao, N. H.; Tran, T. V.; Ho, L. V.; Farrar, J.; De Jong, M.; Chen, S.; Nagarajan, N.; Bryant, J. E.; Hibberd, M. L.; Do, L. A. H.; Tran, T. T. L.; Nguyen, T. T. H.; Ngo, N. Q. M.; Dang, T. K. H.; de Jong, M. D.; Nagaranjan, N.","Oxford University Clinical Research Unit, Emerging Viral Infections",Homo sapiens,15282,05/10/2015,KJ939920.1,Automated Ingest from INSDC/NCBI Virus by Loculus,OPEN,https://pathoplexus.org/about/terms-of-use/open-data,,0.99894889,,,KJ939920.1,,,VN-135-8/09,0,16
PP_00234B0.1,B.D,31/08/2009,Viet Nam,,"Do, L. A.; Wilm, A.; van Doorn, H. R.; Lam, H. M.; Sim, S.; Sukumaran, R.; Tran, A. T.; Nguyen, B. H.; Tran, T. T.; Tran, Q. H.; Vo, Q. B.; Tran Dac, N. A.; Trinh, H. N.; Nguyen, T. T.; Le Binh, B. T.; Le, K.; Nguyen, M. T.; Thai, Q. T.; Vo, T. V.; Ngo, N. Q.; Dang, T. K.; Cao, N. H.; Tran, T. V.; Ho, L. V.; Farrar, J.; De Jong, M.; Chen, S.; Nagarajan, N.; Bryant, J. E.; Hibberd, M. L.; Do, L. A. H.; Tran, T. T. L.; Nguyen, T. T. H.; Ngo, N. Q. M.; Dang, T. K. H.; de Jong, M. D.; Nagaranjan, N.","Oxford University Clinical Research Unit, Emerging Viral Infections",Homo sapiens,15280,05/10/2015,KJ939921.1,Automated Ingest from INSDC/NCBI Virus by Loculus,OPEN,https://pathoplexus.org/about/terms-of-use/open-data,,0.999014584,,,KJ939921.1,,,VN-144-8/09,0,15
PP_00234CY.1,B.D,24/09/2009,Viet Nam,,"Do, L. A.; Wilm, A.; van Doorn, H. R.; Lam, H. M.; Sim, S.; Sukumaran, R.; Tran, A. T.; Nguyen, B. H.; Tran, T. T.; Tran, Q. H.; Vo, Q. B.; Tran Dac, N. A.; Trinh, H. N.; Nguyen, T. T.; Le Binh, B. T.; Le, K.; Nguyen, M. T.; Thai, Q. T.; Vo, T. V.; Ngo, N. Q.; Dang, T. K.; Cao, N. H.; Tran, T. V.; Ho, L. V.; Farrar, J.; De Jong, M.; Chen, S.; Nagarajan, N.; Bryant, J. E.; Hibberd, M. L.; Do, L. A. H.; Tran, T. T. L.; Nguyen, T. T. H.; Ngo, N. Q. M.; Dang, T. K. H.; de Jong, M. D.; Nagaranjan, N.","Oxford University Clinical Research Unit, Emerging Viral Infections",Homo sapiens,15281,05/10/2015,KJ939922.1,Automated Ingest from INSDC/NCBI Virus by Loculus,OPEN,https://pathoplexus.org/about/terms-of-use/open-data,,0.999211667,,,KJ939922.1,,,VN-156-9/09,0,12
PP_00234DW.1,B.D,07/10/2009,Viet Nam,,"Do, L. A.; Wilm, A.; van Doorn, H. R.; Lam, H. M.; Sim, S.; Sukumaran, R.; Tran, A. T.; Nguyen, B. H.; Tran, T. T.; Tran, Q. H.; Vo, Q. B.; Tran Dac, N. A.; Trinh, H. N.; Nguyen, T. T.; Le Binh, B. T.; Le, K.; Nguyen, M. T.; Thai, Q. T.; Vo, T. V.; Ngo, N. Q.; Dang, T. K.; Cao, N. H.; Tran, T. V.; Ho, L. V.; Farrar, J.; De Jong, M.; Chen, S.; Nagarajan, N.; Bryant, J. E.; Hibberd, M. L.; Do, L. A. H.; Tran, T. T. L.; Nguyen, T. T. H.; Ngo, N. Q. M.; Dang, T. K. H.; de Jong, M. D.; Nagaranjan, N.","Oxford University Clinical Research Unit, Emerging Viral Infections",Homo sapiens,15280,05/10/2015,KJ939923.1,Automated Ingest from INSDC/NCBI Virus by Loculus,OPEN,https://pathoplexus.org/about/terms-of-use/open-data,,0.999145973,,,KJ939923.1,,,VN-165-10/09,0,13
PP_00234EU.1,B.D,23/10/2009,Viet Nam,,"Do, L. A.; Wilm, A.; van Doorn, H. R.; Lam, H. M.; Sim, S.; Sukumaran, R.; Tran, A. T.; Nguyen, B. H.; Tran, T. T.; Tran, Q. H.; Vo, Q. B.; Tran Dac, N. A.; Trinh, H. N.; Nguyen, T. T.; Le Binh, B. T.; Le, K.; Nguyen, M. T.; Thai, Q. T.; Vo, T. V.; Ngo, N. Q.; Dang, T. K.; Cao, N. H.; Tran, T. V.; Ho, L. V.; Farrar, J.; De Jong, M.; Chen, S.; Nagarajan, N.; Bryant, J. E.; Hibberd, M. L.; Do, L. A. H.; Tran, T. T. L.; Nguyen, T. T. H.; Ngo, N. Q. M.; Dang, T. K. H.; de Jong, M. D.; Nagaranjan, N.","Oxford University Clinical Research Unit, Emerging Viral Infections",Homo sapiens,15280,05/10/2015,KJ939924.1,Automated Ingest from INSDC/NCBI Virus by Loculus,OPEN,https://pathoplexus.org/about/terms-of-use/open-data,,0.998686112,,,KJ939924.1,,,VN-174-10/09,0,20
PP_00234FS.1,B.D,18/11/2009,Viet Nam,,"Do, L. A.; Wilm, A.; van Doorn, H. R.; Lam, H. M.; Sim, S.; Sukumaran, R.; Tran, A. T.; Nguyen, B. H.; Tran, T. T.; Tran, Q. H.; Vo, Q. B.; Tran Dac, N. A.; Trinh, H. N.; Nguyen, T. T.; Le Binh, B. T.; Le, K.; Nguyen, M. T.; Thai, Q. T.; Vo, T. V.; Ngo, N. Q.; Dang, T. K.; Cao, N. H.; Tran, T. V.; Ho, L. V.; Farrar, J.; De Jong, M.; Chen, S.; Nagarajan, N.; Bryant, J. E.; Hibberd, M. L.; Do, L. A. H.; Tran, T. T. L.; Nguyen, T. T. H.; Ngo, N. Q. M.; Dang, T. K. H.; de Jong, M. D.; Nagaranjan, N.","Oxford University Clinical Research Unit, Emerging Viral Infections",Homo sapiens,15280,05/10/2015,KJ939925.1,Automated Ingest from INSDC/NCBI Virus by Loculus,OPEN,https://pathoplexus.org/about/terms-of-use/open-data,,0.999145973,,,KJ939925.1,,,VN-200-11/09,0,13
PP_00234KH.1,B.D,17/06/2010,Viet Nam,,"Do, L. A.; Wilm, A.; van Doorn, H. R.; Lam, H. M.; Sim, S.; Sukumaran, R.; Tran, A. T.; Nguyen, B. H.; Tran, T. T.; Tran, Q. H.; Vo, Q. B.; Tran Dac, N. A.; Trinh, H. N.; Nguyen, T. T.; Le Binh, B. T.; Le, K.; Nguyen, M. T.; Thai, Q. T.; Vo, T. V.; Ngo, N. Q.; Dang, T. K.; Cao, N. H.; Tran, T. V.; Ho, L. V.; Farrar, J.; De Jong, M.; Chen, S.; Nagarajan, N.; Bryant, J. E.; Hibberd, M. L.; Do, L. A. H.; Tran, T. T. L.; Nguyen, T. T. H.; Ngo, N. Q. M.; Dang, T. K. H.; de Jong, M. D.; Nagaranjan, N.","Oxford University Clinical Research Unit, Emerging Viral Infections",Homo sapiens,15282,05/10/2015,KJ939928.1,Automated Ingest from INSDC/NCBI Virus by Loculus,OPEN,https://pathoplexus.org/about/terms-of-use/open-data,,0.998620418,,,KJ939928.1,,,VN-365-6/10,0,21
PP_00234LF.1,B.D.4,07/07/2010,Viet Nam,,"Do, L. A.; Wilm, A.; van Doorn, H. R.; Lam, H. M.; Sim, S.; Sukumaran, R.; Tran, A. T.; Nguyen, B. H.; Tran, T. T.; Tran, Q. H.; Vo, Q. B.; Tran Dac, N. A.; Trinh, H. N.; Nguyen, T. T.; Le Binh, B. T.; Le, K.; Nguyen, M. T.; Thai, Q. T.; Vo, T. V.; Ngo, N. Q.; Dang, T. K.; Cao, N. H.; Tran, T. V.; Ho, L. V.; Farrar, J.; De Jong, M.; Chen, S.; Nagarajan, N.; Bryant, J. E.; Hibberd, M. L.; Do, L. A. H.; Tran, T. T. L.; Nguyen, T. T. H.; Ngo, N. Q. M.; Dang, T. K. H.; de Jong, M. D.; Nagaranjan, N.","Oxford University Clinical Research Unit, Emerging Viral Infections",Homo sapiens,15282,05/10/2015,KJ939929.1,Automated Ingest from INSDC/NCBI Virus by Loculus,OPEN,https://pathoplexus.org/about/terms-of-use/open-data,,0.99894889,,,KJ939929.1,,,VN-382-7/10,0,16
PP_00234MD.1,B.D,26/10/2009,Viet Nam,,"Do, L. A.; Wilm, A.; van Doorn, H. R.; Lam, H. M.; Sim, S.; Sukumaran, R.; Tran, A. T.; Nguyen, B. H.; Tran, T. T.; Tran, Q. H.; Vo, Q. B.; Tran Dac, N. A.; Trinh, H. N.; Nguyen, T. T.; Le Binh, B. T.; Le, K.; Nguyen, M. T.; Thai, Q. T.; Vo, T. V.; Ngo, N. Q.; Dang, T. K.; Cao, N. H.; Tran, T. V.; Ho, L. V.; Farrar, J.; De Jong, M.; Chen, S.; Nagarajan, N.; Bryant, J. E.; Hibberd, M. L.; Do, L. A. H.; Tran, T. T. L.; Nguyen, T. T. H.; Ngo, N. Q. M.; Dang, T. K. H.; de Jong, M. D.; Nagaranjan, N.","Oxford University Clinical Research Unit, Emerging Viral Infections",Homo sapiens,15285,05/10/2015,KJ939930.1,Automated Ingest from INSDC/NCBI Virus by Loculus,OPEN,https://pathoplexus.org/about/terms-of-use/open-data,,0.999014584,,,KJ939930.1,,,VN-731-10/09,0,15
PP_00234NB.1,B.D,10/11/2009,Viet Nam,,"Do, L. A.; Wilm, A.; van Doorn, H. R.; Lam, H. M.; Sim, S.; Sukumaran, R.; Tran, A. T.; Nguyen, B. H.; Tran, T. T.; Tran, Q. H.; Vo, Q. B.; Tran Dac, N. A.; Trinh, H. N.; Nguyen, T. T.; Le Binh, B. T.; Le, K.; Nguyen, M. T.; Thai, Q. T.; Vo, T. V.; Ngo, N. Q.; Dang, T. K.; Cao, N. H.; Tran, T. V.; Ho, L. V.; Farrar, J.; De Jong, M.; Chen, S.; Nagarajan, N.; Bryant, J. E.; Hibberd, M. L.; Do, L. A. H.; Tran, T. T. L.; Nguyen, T. T. H.; Ngo, N. Q. M.; Dang, T. K. H.; de Jong, M. D.; Nagaranjan, N.","Oxford University Clinical Research Unit, Emerging Viral Infections",Homo sapiens,15280,05/10/2015,KJ939931.1,Automated Ingest from INSDC/NCBI Virus by Loculus,OPEN,https://pathoplexus.org/about/terms-of-use/open-data,,0.998883195,,,KJ939931.1,,,VN-740-11/09,0,17
PP_00234P9.1,B.D,11/08/2010,Viet Nam,,"Do, L. A.; Wilm, A.; van Doorn, H. R.; Lam, H. M.; Sim, S.; Sukumaran, R.; Tran, A. T.; Nguyen, B. H.; Tran, T. T.; Tran, Q. H.; Vo, Q. B.; Tran Dac, N. A.; Trinh, H. N.; Nguyen, T. T.; Le Binh, B. T.; Le, K.; Nguyen, M. T.; Thai, Q. T.; Vo, T. V.; Ngo, N. Q.; Dang, T. K.; Cao, N. H.; Tran, T. V.; Ho, L. V.; Farrar, J.; De Jong, M.; Chen, S.; Nagarajan, N.; Bryant, J. E.; Hibberd, M. L.; Do, L. A. H.; Tran, T. T. L.; Nguyen, T. T. H.; Ngo, N. Q. M.; Dang, T. K. H.; de Jong, M. D.; Nagaranjan, N.","Oxford University Clinical Research Unit, Emerging Viral Infections",Homo sapiens,15281,05/10/2015,KJ939932.1,Automated Ingest from INSDC/NCBI Virus by Loculus,OPEN,https://pathoplexus.org/about/terms-of-use/open-data,,0.999014584,,,KJ939932.1,,,VN-811-8/10,0,15
PP_00234S3.1,B.D,08/09/2010,Viet Nam,,"Do, L. A.; Wilm, A.; van Doorn, H. R.; Lam, H. M.; Sim, S.; Sukumaran, R.; Tran, A. T.; Nguyen, B. H.; Tran, T. T.; Tran, Q. H.; Vo, Q. B.; Tran Dac, N. A.; Trinh, H. N.; Nguyen, T. T.; Le Binh, B. T.; Le, K.; Nguyen, M. T.; Thai, Q. T.; Vo, T. V.; Ngo, N. Q.; Dang, T. K.; Cao, N. H.; Tran, T. V.; Ho, L. V.; Farrar, J.; De Jong, M.; Chen, S.; Nagarajan, N.; Bryant, J. E.; Hibberd, M. L.; Do, L. A. H.; Tran, T. T. L.; Nguyen, T. T. H.; Ngo, N. Q. M.; Dang, T. K. H.; de Jong, M. D.; Nagaranjan, N.","Oxford University Clinical Research Unit, Emerging Viral Infections",Homo sapiens,15280,05/10/2015,KJ939934.1,Automated Ingest from INSDC/NCBI Virus by Loculus,OPEN,https://pathoplexus.org/about/terms-of-use/open-data,,0.99835764,,,KJ939934.1,,,VN-827-9/10,0,25
PP_002355B.2,B.D.1,26/11/2012,USA,Tennessee,"Das, S.; Halpin, R. A.; Bera, J.; Puri, V.; Fedorova, N.; Tsitrin, T.; Stockwell, T.; Amedeo, P.; Bishop, B.; Katzel, D.; Schobel, S.; Shrivastava, S.; Hartert, T.; Moore, M.; Chappell, J.; Larkin, E.; Wentworth, D. E.; Anderson, L. J.",J. Craig Venter Institute,Homo sapiens,15172,08/08/2014,KM042393.1,Automated Ingest from INSDC/NCBI Virus by Loculus,OPEN,https://pathoplexus.org/about/terms-of-use/open-data,,0.996715281,,,KM042393.1,,,RSVB/Homo sapiens/USA/LA2_16/2012,0,0
PP_0023C1C.2,B.2,1991,USA,New York,"Das, S. R.; Halpin, R. A.; Puri, V.; Akopov, A.; Fedorova, N.; Stockwell, T.; Amedeo, P.; Bishop, B.; Katzel, D.; Schobel, S.; Shrivastava, S.; Wentworth, D. E.; Caserta, M.",J. Craig Venter Institute,Homo sapiens,15121,21/12/2014,KP258698.1,Automated Ingest from INSDC/NCBI Virus by Loculus,OPEN,https://pathoplexus.org/about/terms-of-use/open-data,,0.996715281,,,KP258698.1,,,RSVB/Homo sapiens/USA/91P-029-01/1991,0,0
PP_0023C2A.2,B.3,1994,USA,New York,"Das, S. R.; Halpin, R. A.; Puri, V.; Akopov, A.; Fedorova, N.; Stockwell, T.; Amedeo, P.; Bishop, B.; Katzel, D.; Schobel, S.; Shrivastava, S.; Wentworth, D. E.; Caserta, M.",J. Craig Venter Institute,Homo sapiens,15118,21/12/2014,KP258702.1,Automated Ingest from INSDC/NCBI Virus by Loculus,OPEN,https://pathoplexus.org/about/terms-of-use/open-data,,0.996715281,,,KP258702.1,,,RSVB/Homo sapiens/USA/94E-551-01/1994,0,0
PP_0023C38.2,B.3,1995,USA,New York,"Das, S. R.; Halpin, R. A.; Puri, V.; Akopov, A.; Fedorova, N.; Stockwell, T.; Amedeo, P.; Bishop, B.; Katzel, D.; Schobel, S.; Shrivastava, S.; Wentworth, D. E.; Caserta, M.",J. Craig Venter Institute,Homo sapiens,15117,21/12/2014,KP258705.1,Automated Ingest from INSDC/NCBI Virus by Loculus,OPEN,https://pathoplexus.org/about/terms-of-use/open-data,,0.996715281,,,KP258705.1,,,RSVB/Homo sapiens/USA/95I-100A-01/1995,0,0
PP_0023C54.2,B.4,1996,USA,New York,"Das, S. R.; Halpin, R. A.; Puri, V.; Akopov, A.; Fedorova, N.; Stockwell, T.; Amedeo, P.; Bishop, B.; Katzel, D.; Schobel, S.; Shrivastava, S.; Wentworth, D. E.; Caserta, M.",J. Craig Venter Institute,Homo sapiens,15117,21/12/2014,KP258708.1,Automated Ingest from INSDC/NCBI Virus by Loculus,OPEN,https://pathoplexus.org/about/terms-of-use/open-data,,0.996649586,,,KP258708.1,,,RSVB/Homo sapiens/USA/96E-113-01/1996,0,0
PP_0023C62.2,B.2,1979,USA,New York,"Das, S. R.; Halpin, R. A.; Puri, V.; Akopov, A.; Fedorova, N.; Stockwell, T.; Amedeo, P.; Bishop, B.; Katzel, D.; Schobel, S.; Shrivastava, S.; Wentworth, D. E.; Caserta, M.",J. Craig Venter Institute,Homo sapiens,15121,21/12/2014,KP258712.1,Automated Ingest from INSDC/NCBI Virus by Loculus,OPEN,https://pathoplexus.org/about/terms-of-use/open-data,,0.996715281,,,KP258712.1,,,RSVB/Homo sapiens/USA/79E-159-01/1979,0,0
PP_0023C70.2,B.4,1993,USA,New York,"Das, S. R.; Halpin, R. A.; Puri, V.; Akopov, A.; Fedorova, N.; Stockwell, T.; Amedeo, P.; Bishop, B.; Katzel, D.; Schobel, S.; Shrivastava, S.; Wentworth, D. E.; Caserta, M.",J. Craig Venter Institute,Homo sapiens,15120,21/12/2014,KP258713.1,Automated Ingest from INSDC/NCBI Virus by Loculus,OPEN,https://pathoplexus.org/about/terms-of-use/open-data,,0.996715281,,,KP258713.1,,,RSVB/Homo sapiens/USA/93P-095-01/1993,0,0
PP_0023C8Y.2,B.2,1986,USA,New York,"Das, S. R.; Halpin, R. A.; Puri, V.; Akopov, A.; Fedorova, N.; Stockwell, T.; Amedeo, P.; Bishop, B.; Katzel, D.; Schobel, S.; Shrivastava, S.; Wentworth, D. E.; Caserta, M.",J. Craig Venter Institute,Homo sapiens,15123,21/12/2014,KP258714.1,Automated Ingest from INSDC/NCBI Virus by Loculus,OPEN,https://pathoplexus.org/about/terms-of-use/open-data,,0.996715281,,,KP258714.1,,,RSVB/Homo sapiens/USA/86E-435-01/1986,0,0
PP_0023C9W.2,B.1,1983,USA,New York,"Das, S. R.; Halpin, R. A.; Puri, V.; Akopov, A.; Fedorova, N.; Stockwell, T.; Amedeo, P.; Bishop, B.; Katzel, D.; Schobel, S.; Shrivastava, S.; Wentworth, D. E.; Caserta, M.",J. Craig Venter Institute,Homo sapiens,15127,21/12/2014,KP258718.1,Automated Ingest from INSDC/NCBI Virus by Loculus,OPEN,https://pathoplexus.org/about/terms-of-use/open-data,,0.996715281,,,KP258718.1,,,RSVB/Homo sapiens/USA/83E-198-01/1983,0,0
PP_0023CAU.2,B.3,1990,USA,New York,"Das, S. R.; Halpin, R. A.; Puri, V.; Akopov, A.; Fedorova, N.; Stockwell, T.; Amedeo, P.; Bishop, B.; Katzel, D.; Schobel, S.; Shrivastava, S.; Wentworth, D. E.; Caserta, M.",J. Craig Venter Institute,Homo sapiens,15116,21/12/2014,KP258720.1,Automated Ingest from INSDC/NCBI Virus by Loculus,OPEN,https://pathoplexus.org/about/terms-of-use/open-data,,0.996715281,,,KP258720.1,,,RSVB/Homo sapiens/USA/90E-181-01/1990,0,0
PP_0023CBS.2,B.2,1981,USA,New York,"Das, S. R.; Halpin, R. A.; Puri, V.; Akopov, A.; Fedorova, N.; Stockwell, T.; Amedeo, P.; Bishop, B.; Katzel, D.; Schobel, S.; Shrivastava, S.; Wentworth, D. E.; Caserta, M.",J. Craig Venter Institute,Homo sapiens,15115,21/12/2014,KP258721.1,Automated Ingest from INSDC/NCBI Virus by Loculus,OPEN,https://pathoplexus.org/about/terms-of-use/open-data,,0.996715281,,,KP258721.1,,,RSVB/Homo sapiens/USA/81E-119-01/1981,0,0
PP_0023CCQ.2,B,1997,USA,New York,"Das, S. R.; Halpin, R. A.; Puri, V.; Akopov, A.; Fedorova, N.; Stockwell, T.; Amedeo, P.; Bishop, B.; Katzel, D.; Schobel, S.; Shrivastava, S.; Wentworth, D. E.; Caserta, M.",J. Craig Venter Institute,Homo sapiens,15114,21/12/2014,KP258724.1,Automated Ingest from INSDC/NCBI Virus by Loculus,OPEN,https://pathoplexus.org/about/terms-of-use/open-data,,0.996715281,,,KP258724.1,,,RSVB/Homo sapiens/USA/97E-017-01/1997,0,0
PP_0023CDN.2,B.2,1982,USA,New York,"Das, S. R.; Halpin, R. A.; Puri, V.; Akopov, A.; Fedorova, N.; Stockwell, T.; Amedeo, P.; Bishop, B.; Katzel, D.; Schobel, S.; Shrivastava, S.; Wentworth, D. E.; Caserta, M.",J. Craig Venter Institute,Homo sapiens,15115,21/12/2014,KP258731.1,Automated Ingest from INSDC/NCBI Virus by Loculus,OPEN,https://pathoplexus.org/about/terms-of-use/open-data,,0.996715281,,,KP258731.1,,,RSVB/Homo sapiens/USA/82G-013-01/1982,0,0
PP_0023CEL.2,B.2,1987,USA,New York,"Das, S. R.; Halpin, R. A.; Puri, V.; Akopov, A.; Fedorova, N.; Stockwell, T.; Amedeo, P.; Bishop, B.; Katzel, D.; Schobel, S.; Shrivastava, S.; Wentworth, D. E.; Caserta, M.",J. Craig Venter Institute,Homo sapiens,15114,21/12/2014,KP258735.1,Automated Ingest from INSDC/NCBI Virus by Loculus,OPEN,https://pathoplexus.org/about/terms-of-use/open-data,,0.996715281,,,KP258735.1,,,RSVB/Homo sapiens/USA/87E-063-01/1987,0,0
PP_0023CFJ.2,B.1,1982,USA,New York,"Das, S. R.; Halpin, R. A.; Puri, V.; Akopov, A.; Fedorova, N.; Stockwell, T.; Amedeo, P.; Bishop, B.; Katzel, D.; Schobel, S.; Shrivastava, S.; Wentworth, D. E.; Caserta, M.",J. Craig Venter Institute,Homo sapiens,15124,21/12/2014,KP258736.1,Automated Ingest from INSDC/NCBI Virus by Loculus,OPEN,https://pathoplexus.org/about/terms-of-use/open-data,,0.996715281,,,KP258736.1,,,RSVB/Homo sapiens/USA/82G-002-01/1982,0,0
PP_0023CGG.2,B,1980,USA,New York,"Das, S. R.; Halpin, R. A.; Puri, V.; Akopov, A.; Fedorova, N.; Stockwell, T.; Amedeo, P.; Bishop, B.; Katzel, D.; Schobel, S.; Shrivastava, S.; Wentworth, D. E.; Caserta, M.",J. Craig Venter Institute,Homo sapiens,15120,21/12/2014,KP258738.1,Automated Ingest from INSDC/NCBI Virus by Loculus,OPEN,https://pathoplexus.org/about/terms-of-use/open-data,,0.996715281,,,KP258738.1,,,RSVB/Homo sapiens/USA/80E-188-01/1980,0,0
PP_0023CHD.2,B.4,1996,USA,New York,"Das, S. R.; Halpin, R. A.; Puri, V.; Akopov, A.; Fedorova, N.; Stockwell, T.; Amedeo, P.; Bishop, B.; Katzel, D.; Schobel, S.; Shrivastava, S.; Wentworth, D. E.; Caserta, M.",J. Craig Venter Institute,Homo sapiens,15178,21/12/2014,KP258739.1,Automated Ingest from INSDC/NCBI Virus by Loculus,OPEN,https://pathoplexus.org/about/terms-of-use/open-data,,0.996715281,,,KP258739.1,,,RSVB/Homo sapiens/USA/96I-097A-01/1996,0,0
PP_0023CJB.2,B.4,1994,USA,New York,"Das, S. R.; Halpin, R. A.; Puri, V.; Akopov, A.; Fedorova, N.; Stockwell, T.; Amedeo, P.; Bishop, B.; Katzel, D.; Schobel, S.; Shrivastava, S.; Wentworth, D. E.; Caserta, M.",J. Craig Venter Institute,Homo sapiens,15118,21/12/2014,KP258742.1,Automated Ingest from INSDC/NCBI Virus by Loculus,OPEN,https://pathoplexus.org/about/terms-of-use/open-data,,0.996715281,,,KP258742.1,,,RSVB/Homo sapiens/USA/94I-104A-01/1994,0,0
PP_0023CK9.2,B.4,1992,USA,New York,"Das, S. R.; Halpin, R. A.; Puri, V.; Akopov, A.; Fedorova, N.; Stockwell, T.; Amedeo, P.; Bishop, B.; Katzel, D.; Schobel, S.; Shrivastava, S.; Wentworth, D. E.; Caserta, M.",J. Craig Venter Institute,Homo sapiens,15120,21/12/2014,KP258745.1,Automated Ingest from INSDC/NCBI Virus by Loculus,OPEN,https://pathoplexus.org/about/terms-of-use/open-data,,0.996715281,,,KP258745.1,,,RSVB/Homo sapiens/USA/92P-337-01/1992,0,0
PP_0023DWL.1,B.D,27/01/2006,Kenya,,"Agoti, C. N.; Otieno, J. R.; Munywoki, P. K.; Mwihuri, A. G.; Cane, P. A.; Nokes, D. J.; Kellam, P.; Cotten, M.; Cotten, M. L.",KEMRI Wellcome Trust Research Programme,Homo sapiens,15234,28/01/2015,KP317917.1,Automated Ingest from INSDC/NCBI Virus by Loculus,OPEN,https://pathoplexus.org/about/terms-of-use/open-data,,0.999934306,,,KP317917.1,,,Kilifi_9697_5_RSVB_2006,0,0
PP_0023DYG.1,B,16/05/2012,Kenya,,"Agoti, C. N.; Otieno, J. R.; Munywoki, P. K.; Mwihuri, A. G.; Cane, P. A.; Nokes, D. J.; Kellam, P.; Cotten, M.; Cotten, M. L.",KEMRI Wellcome Trust Research Programme,Homo sapiens,14941,28/01/2015,KP317922.1,Automated Ingest from INSDC/NCBI Virus by Loculus,OPEN,https://pathoplexus.org/about/terms-of-use/open-data,,0.985087374,,,KP317922.1,,,Kilifi_9465_2_RSVB_2012,0,0
PP_0023DZE.1,B,01/03/2012,Kenya,,"Agoti, C. N.; Otieno, J. R.; Munywoki, P. K.; Mwihuri, A. G.; Cane, P. A.; Nokes, D. J.; Kellam, P.; Cotten, M.; Cotten, M. L.",KEMRI Wellcome Trust Research Programme,Homo sapiens,15179,28/01/2015,KP317923.1,Automated Ingest from INSDC/NCBI Virus by Loculus,OPEN,https://pathoplexus.org/about/terms-of-use/open-data,,0.999934306,,,KP317923.1,,,Kilifi_9465_4_RSVB_2012,0,0
PP_0023E0C.1,B.D,22/12/2004,Kenya,,"Agoti, C. N.; Otieno, J. R.; Munywoki, P. K.; Mwihuri, A. G.; Cane, P. A.; Nokes, D. J.; Kellam, P.; Cotten, M.; Cotten, M. L.",KEMRI Wellcome Trust Research Programme,Homo sapiens,15080,28/01/2015,KP317925.1,Automated Ingest from INSDC/NCBI Virus by Loculus,OPEN,https://pathoplexus.org/about/terms-of-use/open-data,,0.995467087,,,KP317925.1,,,Kilifi_9697_7_RSVB_2004,0,0
PP_0023E1A.1,B.D.3,01/02/2011,Kenya,,"Agoti, C. N.; Otieno, J. R.; Munywoki, P. K.; Mwihuri, A. G.; Cane, P. A.; Nokes, D. J.; Kellam, P.; Cotten, M.; Cotten, M. L.",KEMRI Wellcome Trust Research Programme,Homo sapiens,15233,28/01/2015,KP317927.1,Automated Ingest from INSDC/NCBI Virus by Loculus,OPEN,https://pathoplexus.org/about/terms-of-use/open-data,,0.999934306,,,KP317927.1,,,Kilifi_9465_7_RSVB_2011,0,0
PP_0023E28.1,B.D,08/07/2011,Kenya,,"Agoti, C. N.; Otieno, J. R.; Munywoki, P. K.; Mwihuri, A. G.; Cane, P. A.; Nokes, D. J.; Kellam, P.; Cotten, M.; Cotten, M. L.",KEMRI Wellcome Trust Research Programme,Homo sapiens,15237,28/01/2015,KP317928.1,Automated Ingest from INSDC/NCBI Virus by Loculus,OPEN,https://pathoplexus.org/about/terms-of-use/open-data,,1,,,KP317928.1,,,Kilifi_9465_9_RSVB_2011,0,0
PP_0023E36.1,B,23/03/2012,Kenya,,"Agoti, C. N.; Otieno, J. R.; Munywoki, P. K.; Mwihuri, A. G.; Cane, P. A.; Nokes, D. J.; Kellam, P.; Cotten, M.; Cotten, M. L.",KEMRI Wellcome Trust Research Programme,Homo sapiens,14954,28/01/2015,KP317929.1,Automated Ingest from INSDC/NCBI Virus by Loculus,OPEN,https://pathoplexus.org/about/terms-of-use/open-data,,0.985153068,,,KP317929.1,,,Kilifi_10911_9_RSVB_2012,0,0
PP_0023E60.1,B.D.3,13/02/2012,Kenya,,"Agoti, C. N.; Otieno, J. R.; Munywoki, P. K.; Mwihuri, A. G.; Cane, P. A.; Nokes, D. J.; Kellam, P.; Cotten, M.; Cotten, M. L.",KEMRI Wellcome Trust Research Programme,Homo sapiens,15233,28/01/2015,KP317934.1,Automated Ingest from INSDC/NCBI Virus by Loculus,OPEN,https://pathoplexus.org/about/terms-of-use/open-data,,0.999934306,,,KP317934.1,,,Kilifi_9465_1_RSVB_2012,0,0
PP_0023E7Y.1,B.D.2,27/02/2009,Kenya,,"Agoti, C. N.; Otieno, J. R.; Munywoki, P. K.; Mwihuri, A. G.; Cane, P. A.; Nokes, D. J.; Kellam, P.; Cotten, M.; Cotten, M. L.",KEMRI Wellcome Trust Research Programme,Homo sapiens,14995,28/01/2015,KP317938.1,Automated Ingest from INSDC/NCBI Virus by Loculus,OPEN,https://pathoplexus.org/about/terms-of-use/open-data,,0.985087374,,,KP317938.1,,,Kilifi_9465_10_RSVB_2009,0,0
PP_0023E8W.1,B,06/07/2002,Kenya,,"Agoti, C. N.; Otieno, J. R.; Munywoki, P. K.; Mwihuri, A. G.; Cane, P. A.; Nokes, D. J.; Kellam, P.; Cotten, M.; Cotten, M. L.",KEMRI Wellcome Trust Research Programme,Homo sapiens,14940,28/01/2015,KP317939.1,Automated Ingest from INSDC/NCBI Virus by Loculus,OPEN,https://pathoplexus.org/about/terms-of-use/open-data,,0.985021679,,,KP317939.1,,,Kilifi_9697_16_RSVB_2002,0,0
PP_0023E9U.1,B.D.2,13/02/2010,Kenya,,"Agoti, C. N.; Otieno, J. R.; Munywoki, P. K.; Mwihuri, A. G.; Cane, P. A.; Nokes, D. J.; Kellam, P.; Cotten, M.; Cotten, M. L.",KEMRI Wellcome Trust Research Programme,Homo sapiens,15004,28/01/2015,KP317941.1,Automated Ingest from INSDC/NCBI Virus by Loculus,OPEN,https://pathoplexus.org/about/terms-of-use/open-data,,0.995072921,,,KP317941.1,,,Kilifi_9465_11_RSVB_2010,0,0
PP_0023EAS.1,B.D.3,14/04/2011,Kenya,,"Agoti, C. N.; Otieno, J. R.; Munywoki, P. K.; Mwihuri, A. G.; Cane, P. A.; Nokes, D. J.; Kellam, P.; Cotten, M.; Cotten, M. L.",KEMRI Wellcome Trust Research Programme,Homo sapiens,15232,28/01/2015,KP317945.1,Automated Ingest from INSDC/NCBI Virus by Loculus,OPEN,https://pathoplexus.org/about/terms-of-use/open-data,,0.999868611,,,KP317945.1,,,Kilifi_9465_8_RSVB_2011,0,0
PP_0023EBQ.1,B.D.3,14/01/2012,Kenya,,"Agoti, C. N.; Otieno, J. R.; Munywoki, P. K.; Mwihuri, A. G.; Cane, P. A.; Nokes, D. J.; Kellam, P.; Cotten, M.; Cotten, M. L.",KEMRI Wellcome Trust Research Programme,Homo sapiens,14995,28/01/2015,KP317946.1,Automated Ingest from INSDC/NCBI Virus by Loculus,OPEN,https://pathoplexus.org/about/terms-of-use/open-data,,0.985087374,,,KP317946.1,,,Kilifi_9465_3_RSVB_2012,0,0
PP_0023EDL.1,B.D,25/12/2004,Kenya,,"Agoti, C. N.; Otieno, J. R.; Munywoki, P. K.; Mwihuri, A. G.; Cane, P. A.; Nokes, D. J.; Kellam, P.; Cotten, M.; Cotten, M. L.",KEMRI Wellcome Trust Research Programme,Homo sapiens,14998,28/01/2015,KP317954.1,Automated Ingest from INSDC/NCBI Virus by Loculus,OPEN,https://pathoplexus.org/about/terms-of-use/open-data,,0.985087374,,,KP317954.1,,,Kilifi_9697_6_RSVB_2004,0,0
PP_0023F0B.2,B.D.4,14/01/2014,South Korea,,"Yun, M. R.; Kim, A. R.; Lee, H. S.; Kim, D. W.; Lee, W. J.; Kim, K.; Kim, S. S.; Kim, Y. J.; Yun, M.-R.; Lee, W.-J.; Kim, A.-R.; Kim, Y.-J.; Kim, D.-W.","Korea National Institute of Health, Korea Centers for Disease Control and Prevention, Division of Biosafety Evaluation and Control",Homo sapiens,15235,22/02/2015,KP663729.1,Automated Ingest from INSDC/NCBI Virus by Loculus,OPEN,https://pathoplexus.org/about/terms-of-use/open-data,,1,,,KP663729.1,,,HRSV-B/GW0047/14,0,0
PP_0023F19.2,B.D.4,13/01/2014,South Korea,,"Yun, M. R.; Kim, A. R.; Lee, H. S.; Kim, D. W.; Lee, W. J.; Kim, K.; Kim, S. S.; Kim, Y. J.; Yun, M.-R.; Lee, W.-J.; Kim, A.-R.; Kim, Y.-J.; Kim, D.-W.","Korea National Institute of Health, Korea Centers for Disease Control and Prevention, Division of Biosafety Evaluation and Control",Homo sapiens,15235,22/02/2015,KP663730.1,Automated Ingest from INSDC/NCBI Virus by Loculus,OPEN,https://pathoplexus.org/about/terms-of-use/open-data,,1,,,KP663730.1,,,HRSV-B/IC0027/14,0,0
PP_0023F35.2,B,1989,USA,New York,"Das, S. R.; Halpin, R. A.; Puri, V.; Akopov, A.; Fedorova, N.; Stockwell, T.; Amedeo, P.; Bishop, B.; Katzel, D.; Schobel, S.; Shrivastava, S.; Wentworth, D. E.; Caserta, M.",J. Craig Venter Institute,Homo sapiens,15118,04/04/2015,KP856961.1,Automated Ingest from INSDC/NCBI Virus by Loculus,OPEN,https://pathoplexus.org/about/terms-of-use/open-data,,0.996715281,,,KP856961.1,,,RSVB/Homo sapiens/USA/89E-108-01/1989,0,0
PP_0023F51.2,B.1,1980,USA,New York,"Das, S. R.; Halpin, R. A.; Puri, V.; Akopov, A.; Fedorova, N.; Stockwell, T.; Amedeo, P.; Bishop, B.; Katzel, D.; Schobel, S.; Shrivastava, S.; Wentworth, D. E.; Caserta, M.",J. Craig Venter Institute,Homo sapiens,15124,04/04/2015,KP856963.1,Automated Ingest from INSDC/NCBI Virus by Loculus,OPEN,https://pathoplexus.org/about/terms-of-use/open-data,,0.996715281,,,KP856963.1,,,RSVB/Homo sapiens/USA/80E-030-01/1980,0,0
PP_0023F6Z.2,B,1989,USA,New York,"Das, S. R.; Halpin, R. A.; Puri, V.; Akopov, A.; Fedorova, N.; Stockwell, T.; Amedeo, P.; Bishop, B.; Katzel, D.; Schobel, S.; Shrivastava, S.; Wentworth, D. E.; Caserta, M.",J. Craig Venter Institute,Homo sapiens,15118,04/04/2015,KP856965.1,Automated Ingest from INSDC/NCBI Virus by Loculus,OPEN,https://pathoplexus.org/about/terms-of-use/open-data,,0.996715281,,,KP856965.1,,,RSVB/Homo sapiens/USA/89E-067-01/1989,0,0
PP_0023F7X.2,B,1998,USA,New York,"Das, S. R.; Halpin, R. A.; Puri, V.; Akopov, A.; Fedorova, N.; Stockwell, T.; Amedeo, P.; Bishop, B.; Katzel, D.; Schobel, S.; Shrivastava, S.; Wentworth, D. E.; Caserta, M.",J. Craig Venter Institute,Homo sapiens,15177,04/04/2015,KP856966.1,Automated Ingest from INSDC/NCBI Virus by Loculus,OPEN,https://pathoplexus.org/about/terms-of-use/open-data,,0.996715281,,,KP856966.1,,,RSVB/Homo sapiens/USA/98I-010A-01/1998,0,0
PP_0023VAB.2,B.D,21/11/2014,Mexico,,"Munoz-Medina, J. E.; Monroy-Munoz, I. E.; Santos Coy-Arechavaleta, A.; Meza-Chavez, A.; Angeles-Martinez, J.; Anguiano-Hernandez, Y. M.; Santacruz-Tinoco, C. E.; Gonzalez-Ibarra, J.; Martinez-Miguel, B.; Alvarado-Yaah, J. E.; Palomec-Nava, I. D.; Ortiz-Alcantara, J. M.; Garces-Ayala, F.; Ramirez-Gonzalez, J. E.; Diaz-Quinonez, J. A.; Gonzalez-Bonilla, C. R.; Perez-Agueros, S. I.; Hernandez-Moreno, A. L.; Anguiano-Hernandez, Y.-M.","Instituto de Diagnostico y Referencia Epidemiologicos (InDRE), Biologia Molecular y Validacion de Tecnicas",Homo sapiens,15276,08/09/2015,KR350475.1,Automated Ingest from INSDC/NCBI Virus by Loculus,OPEN,https://pathoplexus.org/about/terms-of-use/open-data,,1,,,KR350475.1,,,1856,0,0
PP_0024278.2,B.3,1989,USA,"Rochester, NY","Das, S. R.; Halpin, R. A.; Puri, V.; Akopov, A.; Fedorova, N.; Stockwell, T.; Amedeo, P.; Bishop, B.; Katzel, D.; Schobel, S.; Shrivastava, S.; Hall, C. B.; Tesini, B. L.; Schnabel, K. C.; Walsh, E. E.; Caserta, M.",J. Craig Venter Institute,Homo sapiens,15117,30/01/2016,KU316094.1,Automated Ingest from INSDC/NCBI Virus by Loculus,OPEN,https://pathoplexus.org/about/terms-of-use/open-data,,0.996715281,,,KU316094.1,,,RSVB/Homo sapiens/USA/89I-051A-01-01/1989,0,0
PP_0024286.2,B,1979,USA,"Rochester, NY","Das, S. R.; Halpin, R. A.; Puri, V.; Akopov, A.; Fedorova, N.; Stockwell, T.; Amedeo, P.; Bishop, B.; Katzel, D.; Schobel, S.; Shrivastava, S.; Hall, C. B.; Tesini, B. L.; Schnabel, K. C.; Walsh, E. E.; Caserta, M.",J. Craig Venter Institute,Homo sapiens,15185,30/01/2016,KU316095.1,Automated Ingest from INSDC/NCBI Virus by Loculus,OPEN,https://pathoplexus.org/about/terms-of-use/open-data,,0.999277362,,,KU316095.1,,,RSVB/Homo sapiens/USA/79I-010A-01-01/1979,0,0
PP_0024294.2,B,1978,USA,"Rochester, NY","Das, S. R.; Halpin, R. A.; Puri, V.; Akopov, A.; Fedorova, N.; Stockwell, T.; Amedeo, P.; Bishop, B.; Katzel, D.; Schobel, S.; Shrivastava, S.; Hall, C. B.; Tesini, B. L.; Schnabel, K. C.; Walsh, E. E.; Caserta, M.",J. Craig Venter Institute,Homo sapiens,15185,30/01/2016,KU316097.1,Automated Ingest from INSDC/NCBI Virus by Loculus,OPEN,https://pathoplexus.org/about/terms-of-use/open-data,,0.999277362,,,KU316097.1,,,RSVB/Homo sapiens/USA/78G-099-01/1978,0,0
PP_00242A2.2,B,1994,USA,"Rochester, NY","Das, S. R.; Halpin, R. A.; Puri, V.; Akopov, A.; Fedorova, N.; Stockwell, T.; Amedeo, P.; Bishop, B.; Katzel, D.; Schobel, S.; Shrivastava, S.; Hall, C. B.; Tesini, B. L.; Schnabel, K. C.; Walsh, E. E.; Caserta, M.",J. Craig Venter Institute,Homo sapiens,15117,30/01/2016,KU316100.1,Automated Ingest from INSDC/NCBI Virus by Loculus,OPEN,https://pathoplexus.org/about/terms-of-use/open-data,,0.996715281,,,KU316100.1,,,RSVB/Homo sapiens/USA/94E-140-01/1994,0,0
PP_00242B0.2,B.1,1982,USA,"Rochester, NY","Das, S. R.; Halpin, R. A.; Puri, V.; Akopov, A.; Fedorova, N.; Stockwell, T.; Amedeo, P.; Bishop, B.; Katzel, D.; Schobel, S.; Shrivastava, S.; Hall, C. B.; Tesini, B. L.; Schnabel, K. C.; Walsh, E. E.; Caserta, M.",J. Craig Venter Institute,Homo sapiens,15180,30/01/2016,KU316101.1,Automated Ingest from INSDC/NCBI Virus by Loculus,OPEN,https://pathoplexus.org/about/terms-of-use/open-data,,0.999277362,,,KU316101.1,,,RSVB/Homo sapiens/USA/82E-005-01/1982,0,0
PP_00242CY.2,B.2,1982,USA,"Rochester, NY","Das, S. R.; Halpin, R. A.; Puri, V.; Akopov, A.; Fedorova, N.; Stockwell, T.; Amedeo, P.; Bishop, B.; Katzel, D.; Schobel, S.; Shrivastava, S.; Hall, C. B.; Tesini, B. L.; Schnabel, K. C.; Walsh, E. E.; Caserta, M.",J. Craig Venter Institute,Homo sapiens,15179,30/01/2016,KU316102.1,Automated Ingest from INSDC/NCBI Virus by Loculus,OPEN,https://pathoplexus.org/about/terms-of-use/open-data,,0.999277362,,,KU316102.1,,,RSVB/Homo sapiens/USA/82E-087-01/1982,0,0
PP_00242DW.2,B,1998,USA,"Rochester, NY","Das, S. R.; Halpin, R. A.; Puri, V.; Akopov, A.; Fedorova, N.; Stockwell, T.; Amedeo, P.; Bishop, B.; Katzel, D.; Schobel, S.; Shrivastava, S.; Hall, C. B.; Tesini, B. L.; Schnabel, K. C.; Walsh, E. E.; Caserta, M.",J. Craig Venter Institute,Homo sapiens,15177,30/01/2016,KU316105.1,Automated Ingest from INSDC/NCBI Virus by Loculus,OPEN,https://pathoplexus.org/about/terms-of-use/open-data,,0.996715281,,,KU316105.1,,,RSVB/Homo sapiens/USA/98I-040A-01-01/1998,0,0
PP_00242EU.2,B.2,1987,USA,"Rochester, NY","Das, S. R.; Halpin, R. A.; Puri, V.; Akopov, A.; Fedorova, N.; Stockwell, T.; Amedeo, P.; Bishop, B.; Katzel, D.; Schobel, S.; Shrivastava, S.; Hall, C. B.; Tesini, B. L.; Schnabel, K. C.; Walsh, E. E.; Caserta, M.",J. Craig Venter Institute,Homo sapiens,15114,30/01/2016,KU316108.1,Automated Ingest from INSDC/NCBI Virus by Loculus,OPEN,https://pathoplexus.org/about/terms-of-use/open-data,,0.996715281,,,KU316108.1,,,RSVB/Homo sapiens/USA/87I-051A-01-01/1987,0,0
PP_00242FS.2,B.3,1992,USA,"Rochester, NY","Das, S. R.; Halpin, R. A.; Puri, V.; Akopov, A.; Fedorova, N.; Stockwell, T.; Amedeo, P.; Bishop, B.; Katzel, D.; Schobel, S.; Shrivastava, S.; Hall, C. B.; Tesini, B. L.; Schnabel, K. C.; Walsh, E. E.; Caserta, M.",J. Craig Venter Institute,Homo sapiens,15117,30/01/2016,KU316111.1,Automated Ingest from INSDC/NCBI Virus by Loculus,OPEN,https://pathoplexus.org/about/terms-of-use/open-data,,0.996715281,,,KU316111.1,,,RSVB/Homo sapiens/USA/92E-135-01/1992,0,0
PP_00242GQ.2,B.2,1989,USA,"Rochester, NY","Das, S. R.; Halpin, R. A.; Puri, V.; Akopov, A.; Fedorova, N.; Stockwell, T.; Amedeo, P.; Bishop, B.; Katzel, D.; Schobel, S.; Shrivastava, S.; Hall, C. B.; Tesini, B. L.; Schnabel, K. C.; Walsh, E. E.; Caserta, M.",J. Craig Venter Institute,Homo sapiens,15119,30/01/2016,KU316113.1,Automated Ingest from INSDC/NCBI Virus by Loculus,OPEN,https://pathoplexus.org/about/terms-of-use/open-data,,0.996715281,,,KU316113.1,,,RSVB/Homo sapiens/USA/89I-102A-01-01/1989,0,0
PP_00242HM.2,B.3,1993,USA,"Rochester, NY","Das, S. R.; Halpin, R. A.; Puri, V.; Akopov, A.; Fedorova, N.; Stockwell, T.; Amedeo, P.; Bishop, B.; Katzel, D.; Schobel, S.; Shrivastava, S.; Hall, C. B.; Tesini, B. L.; Schnabel, K. C.; Walsh, E. E.; Caserta, M.",J. Craig Venter Institute,Homo sapiens,15117,30/01/2016,KU316114.1,Automated Ingest from INSDC/NCBI Virus by Loculus,OPEN,https://pathoplexus.org/about/terms-of-use/open-data,,0.996715281,,,KU316114.1,,,RSVB/Homo sapiens/USA/93I-084A-01-01/1993,0,0
PP_00242JK.2,B,1980,USA,"Rochester, NY","Das, S. R.; Halpin, R. A.; Puri, V.; Akopov, A.; Fedorova, N.; Stockwell, T.; Amedeo, P.; Bishop, B.; Katzel, D.; Schobel, S.; Shrivastava, S.; Hall, C. B.; Tesini, B. L.; Schnabel, K. C.; Walsh, E. E.; Caserta, M.",J. Craig Venter Institute,Homo sapiens,15122,30/01/2016,KU316115.1,Automated Ingest from INSDC/NCBI Virus by Loculus,OPEN,https://pathoplexus.org/about/terms-of-use/open-data,,0.996715281,,,KU316115.1,,,RSVB/Homo sapiens/USA/80I-058A-01-01/1980,0,0
PP_00242KH.2,B.1,1977,USA,"Rochester, NY","Das, S. R.; Halpin, R. A.; Puri, V.; Akopov, A.; Fedorova, N.; Stockwell, T.; Amedeo, P.; Bishop, B.; Katzel, D.; Schobel, S.; Shrivastava, S.; Hall, C. B.; Tesini, B. L.; Schnabel, K. C.; Walsh, E. E.; Caserta, M.",J. Craig Venter Institute,Homo sapiens,15185,30/01/2016,KU316116.1,Automated Ingest from INSDC/NCBI Virus by Loculus,OPEN,https://pathoplexus.org/about/terms-of-use/open-data,,0.999277362,,,KU316116.1,,,RSVB/Homo sapiens/USA/81G-027-01/1977,0,0
PP_00242LF.2,B.3,1995,USA,"Rochester, NY","Das, S. R.; Halpin, R. A.; Puri, V.; Akopov, A.; Fedorova, N.; Stockwell, T.; Amedeo, P.; Bishop, B.; Katzel, D.; Schobel, S.; Shrivastava, S.; Hall, C. B.; Tesini, B. L.; Schnabel, K. C.; Walsh, E. E.; Caserta, M.",J. Craig Venter Institute,Homo sapiens,15118,30/01/2016,KU316117.1,Automated Ingest from INSDC/NCBI Virus by Loculus,OPEN,https://pathoplexus.org/about/terms-of-use/open-data,,0.996715281,,,KU316117.1,,,RSVB/Homo sapiens/USA/95I-016A-01-01/1995,0,0
PP_00242MD.2,B.1,1980,USA,"Rochester, NY","Das, S. R.; Halpin, R. A.; Puri, V.; Akopov, A.; Fedorova, N.; Stockwell, T.; Amedeo, P.; Bishop, B.; Katzel, D.; Schobel, S.; Shrivastava, S.; Hall, C. B.; Tesini, B. L.; Schnabel, K. C.; Walsh, E. E.; Caserta, M.",J. Craig Venter Institute,Homo sapiens,15184,30/01/2016,KU316122.1,Automated Ingest from INSDC/NCBI Virus by Loculus,OPEN,https://pathoplexus.org/about/terms-of-use/open-data,,0.999277362,,,KU316122.1,,,RSVB/Homo sapiens/USA/80E-025-01/1980,0,0
PP_00242NB.2,B.2,1991,USA,"Rochester, NY","Das, S. R.; Halpin, R. A.; Puri, V.; Akopov, A.; Fedorova, N.; Stockwell, T.; Amedeo, P.; Bishop, B.; Katzel, D.; Schobel, S.; Shrivastava, S.; Hall, C. B.; Tesini, B. L.; Schnabel, K. C.; Walsh, E. E.; Caserta, M.",J. Craig Venter Institute,Homo sapiens,15119,30/01/2016,KU316127.1,Automated Ingest from INSDC/NCBI Virus by Loculus,OPEN,https://pathoplexus.org/about/terms-of-use/open-data,,0.996715281,,,KU316127.1,,,RSVB/Homo sapiens/USA/91I-167A-01-01/1991,0,0
PP_00242P9.2,B.3,1995,USA,"Rochester, NY","Das, S. R.; Halpin, R. A.; Puri, V.; Akopov, A.; Fedorova, N.; Stockwell, T.; Amedeo, P.; Bishop, B.; Katzel, D.; Schobel, S.; Shrivastava, S.; Hall, C. B.; Tesini, B. L.; Schnabel, K. C.; Walsh, E. E.; Caserta, M.",J. Craig Venter Institute,Homo sapiens,15116,30/01/2016,KU316128.1,Automated Ingest from INSDC/NCBI Virus by Loculus,OPEN,https://pathoplexus.org/about/terms-of-use/open-data,,0.996715281,,,KU316128.1,,,RSVB/Homo sapiens/USA/93E-654-01/1995,0,0
PP_00242Q7.2,B.2,1987,USA,"Rochester, NY","Das, S. R.; Halpin, R. A.; Puri, V.; Akopov, A.; Fedorova, N.; Stockwell, T.; Amedeo, P.; Bishop, B.; Katzel, D.; Schobel, S.; Shrivastava, S.; Hall, C. B.; Tesini, B. L.; Schnabel, K. C.; Walsh, E. E.; Caserta, M.",J. Craig Venter Institute,Homo sapiens,15114,30/01/2016,KU316129.1,Automated Ingest from INSDC/NCBI Virus by Loculus,OPEN,https://pathoplexus.org/about/terms-of-use/open-data,,0.996715281,,,KU316129.1,,,RSVB/Homo sapiens/USA/87I-067A-01-01/1987,0,0
PP_00242R5.2,B.2,1985,USA,"Rochester, NY","Das, S. R.; Halpin, R. A.; Puri, V.; Akopov, A.; Fedorova, N.; Stockwell, T.; Amedeo, P.; Bishop, B.; Katzel, D.; Schobel, S.; Shrivastava, S.; Hall, C. B.; Tesini, B. L.; Schnabel, K. C.; Walsh, E. E.; Caserta, M.",J. Craig Venter Institute,Homo sapiens,15119,30/01/2016,KU316130.1,Automated Ingest from INSDC/NCBI Virus by Loculus,OPEN,https://pathoplexus.org/about/terms-of-use/open-data,,0.996715281,,,KU316130.1,,,RSVB/Homo sapiens/USA/85I-031A-01-01/1985,0,0
PP_00242S3.2,B.2,1991,USA,"Rochester, NY","Das, S. R.; Halpin, R. A.; Puri, V.; Akopov, A.; Fedorova, N.; Stockwell, T.; Amedeo, P.; Bishop, B.; Katzel, D.; Schobel, S.; Shrivastava, S.; Hall, C. B.; Tesini, B. L.; Schnabel, K. C.; Walsh, E. E.; Caserta, M.",J. Craig Venter Institute,Homo sapiens,15120,30/01/2016,KU316132.1,Automated Ingest from INSDC/NCBI Virus by Loculus,OPEN,https://pathoplexus.org/about/terms-of-use/open-data,,0.996715281,,,KU316132.1,,,RSVB/Homo sapiens/USA/91I-110A-01-01/1991,0,0
PP_00242T1.2,B.4,1994,USA,"Rochester, NY","Das, S. R.; Halpin, R. A.; Puri, V.; Akopov, A.; Fedorova, N.; Stockwell, T.; Amedeo, P.; Bishop, B.; Katzel, D.; Schobel, S.; Shrivastava, S.; Hall, C. B.; Tesini, B. L.; Schnabel, K. C.; Walsh, E. E.; Caserta, M.",J. Craig Venter Institute,Homo sapiens,15179,30/01/2016,KU316134.1,Automated Ingest from INSDC/NCBI Virus by Loculus,OPEN,https://pathoplexus.org/about/terms-of-use/open-data,,0.999277362,,,KU316134.1,,,RSVB/Homo sapiens/USA/94P-048-01/1994,0,0
PP_00242UZ.2,B,1987,USA,"Rochester, NY","Das, S. R.; Halpin, R. A.; Puri, V.; Akopov, A.; Fedorova, N.; Stockwell, T.; Amedeo, P.; Bishop, B.; Katzel, D.; Schobel, S.; Shrivastava, S.; Hall, C. B.; Tesini, B. L.; Schnabel, K. C.; Walsh, E. E.; Caserta, M.",J. Craig Venter Institute,Homo sapiens,15118,30/01/2016,KU316136.1,Automated Ingest from INSDC/NCBI Virus by Loculus,OPEN,https://pathoplexus.org/about/terms-of-use/open-data,,0.996715281,,,KU316136.1,,,RSVB/Homo sapiens/USA/87E-012-01/1987,0,0
PP_00242VX.2,B.2,1991,USA,"Rochester, NY","Das, S. R.; Halpin, R. A.; Puri, V.; Akopov, A.; Fedorova, N.; Stockwell, T.; Amedeo, P.; Bishop, B.; Katzel, D.; Schobel, S.; Shrivastava, S.; Hall, C. B.; Tesini, B. L.; Schnabel, K. C.; Walsh, E. E.; Caserta, M.",J. Craig Venter Institute,Homo sapiens,15119,30/01/2016,KU316144.1,Automated Ingest from INSDC/NCBI Virus by Loculus,OPEN,https://pathoplexus.org/about/terms-of-use/open-data,,0.996715281,,,KU316144.1,,,RSVB/Homo sapiens/USA/91E-086-01/1991,0,0
PP_00242WV.2,B,1979,USA,"Rochester, NY","Das, S. R.; Halpin, R. A.; Puri, V.; Akopov, A.; Fedorova, N.; Stockwell, T.; Amedeo, P.; Bishop, B.; Katzel, D.; Schobel, S.; Shrivastava, S.; Hall, C. B.; Tesini, B. L.; Schnabel, K. C.; Walsh, E. E.; Caserta, M.",J. Craig Venter Institute,Homo sapiens,15185,30/01/2016,KU316147.1,Automated Ingest from INSDC/NCBI Virus by Loculus,OPEN,https://pathoplexus.org/about/terms-of-use/open-data,,0.999277362,,,KU316147.1,,,RSVB/Homo sapiens/USA/79I-058A-01-01/1979,0,0
PP_00242XT.2,B.2,1986,USA,"Rochester, NY","Das, S. R.; Halpin, R. A.; Puri, V.; Akopov, A.; Fedorova, N.; Stockwell, T.; Amedeo, P.; Bishop, B.; Katzel, D.; Schobel, S.; Shrivastava, S.; Hall, C. B.; Tesini, B. L.; Schnabel, K. C.; Walsh, E. E.; Caserta, M.",J. Craig Venter Institute,Homo sapiens,15113,30/01/2016,KU316151.1,Automated Ingest from INSDC/NCBI Virus by Loculus,OPEN,https://pathoplexus.org/about/terms-of-use/open-data,,0.996715281,,,KU316151.1,,,RSVB/Homo sapiens/USA/86E-495-01/1986,0,0
PP_00242YR.2,B.3,1989,USA,"Rochester, NY","Das, S. R.; Halpin, R. A.; Puri, V.; Akopov, A.; Fedorova, N.; Stockwell, T.; Amedeo, P.; Bishop, B.; Katzel, D.; Schobel, S.; Shrivastava, S.; Hall, C. B.; Tesini, B. L.; Schnabel, K. C.; Walsh, E. E.; Caserta, M.",J. Craig Venter Institute,Homo sapiens,15117,30/01/2016,KU316156.1,Automated Ingest from INSDC/NCBI Virus by Loculus,OPEN,https://pathoplexus.org/about/terms-of-use/open-data,,0.996715281,,,KU316156.1,,,RSVB/Homo sapiens/USA/89P-004-01/1989,0,0
PP_00242ZP.2,B.4,1996,USA,"Rochester, NY","Das, S. R.; Halpin, R. A.; Puri, V.; Akopov, A.; Fedorova, N.; Stockwell, T.; Amedeo, P.; Bishop, B.; Katzel, D.; Schobel, S.; Shrivastava, S.; Hall, C. B.; Tesini, B. L.; Schnabel, K. C.; Walsh, E. E.; Caserta, M.",J. Craig Venter Institute,Homo sapiens,15178,30/01/2016,KU316158.1,Automated Ingest from INSDC/NCBI Virus by Loculus,OPEN,https://pathoplexus.org/about/terms-of-use/open-data,,0.996715281,,,KU316158.1,,,RSVB/Homo sapiens/USA/96I-065A-01-01/1996,0,0
PP_002430M.2,B.3,1997,USA,"Rochester, NY","Das, S. R.; Halpin, R. A.; Puri, V.; Akopov, A.; Fedorova, N.; Stockwell, T.; Amedeo, P.; Bishop, B.; Katzel, D.; Schobel, S.; Shrivastava, S.; Hall, C. B.; Tesini, B. L.; Schnabel, K. C.; Walsh, E. E.; Caserta, M.",J. Craig Venter Institute,Homo sapiens,15118,30/01/2016,KU316159.1,Automated Ingest from INSDC/NCBI Virus by Loculus,OPEN,https://pathoplexus.org/about/terms-of-use/open-data,,0.996715281,,,KU316159.1,,,RSVB/Homo sapiens/USA/97I-031A-01-01/1997,0,0
PP_002431K.2,B.3,1993,USA,"Rochester, NY","Das, S. R.; Halpin, R. A.; Puri, V.; Akopov, A.; Fedorova, N.; Stockwell, T.; Amedeo, P.; Bishop, B.; Katzel, D.; Schobel, S.; Shrivastava, S.; Hall, C. B.; Tesini, B. L.; Schnabel, K. C.; Walsh, E. E.; Caserta, M.",J. Craig Venter Institute,Homo sapiens,15116,30/01/2016,KU316163.1,Automated Ingest from INSDC/NCBI Virus by Loculus,OPEN,https://pathoplexus.org/about/terms-of-use/open-data,,0.996715281,,,KU316163.1,,,RSVB/Homo sapiens/USA/93E-049-01/1993,0,0
PP_002432H.2,B,1997,USA,"Rochester, NY","Das, S. R.; Halpin, R. A.; Puri, V.; Akopov, A.; Fedorova, N.; Stockwell, T.; Amedeo, P.; Bishop, B.; Katzel, D.; Schobel, S.; Shrivastava, S.; Hall, C. B.; Tesini, B. L.; Schnabel, K. C.; Walsh, E. E.; Caserta, M.",J. Craig Venter Institute,Homo sapiens,15238,30/01/2016,KU316172.1,Automated Ingest from INSDC/NCBI Virus by Loculus,OPEN,https://pathoplexus.org/about/terms-of-use/open-data,,0.999277362,,,KU316172.1,,,RSVB/Homo sapiens/USA/97I-076A-01-01/1997,0,0
PP_002433F.2,B.2,1984,USA,"Rochester, NY","Das, S. R.; Halpin, R. A.; Puri, V.; Akopov, A.; Fedorova, N.; Stockwell, T.; Amedeo, P.; Bishop, B.; Katzel, D.; Schobel, S.; Shrivastava, S.; Hall, C. B.; Tesini, B. L.; Schnabel, K. C.; Walsh, E. E.; Caserta, M.",J. Craig Venter Institute,Homo sapiens,15119,30/01/2016,KU316173.1,Automated Ingest from INSDC/NCBI Virus by Loculus,OPEN,https://pathoplexus.org/about/terms-of-use/open-data,,0.996715281,,,KU316173.1,,,RSVB/Homo sapiens/USA/85I-013A-01-01/1984,0,0
PP_002434D.2,B.2,1985,USA,"Rochester, NY","Das, S. R.; Halpin, R. A.; Puri, V.; Akopov, A.; Fedorova, N.; Stockwell, T.; Amedeo, P.; Bishop, B.; Katzel, D.; Schobel, S.; Shrivastava, S.; Hall, C. B.; Tesini, B. L.; Schnabel, K. C.; Walsh, E. E.; Caserta, M.",J. Craig Venter Institute,Homo sapiens,15179,30/01/2016,KU316175.1,Automated Ingest from INSDC/NCBI Virus by Loculus,OPEN,https://pathoplexus.org/about/terms-of-use/open-data,,0.999277362,,,KU316175.1,,,RSVB/Homo sapiens/USA/85I-049A-01-01/1985,0,0
PP_002435B.2,B.1,1982,USA,"Rochester, NY","Das, S. R.; Halpin, R. A.; Puri, V.; Akopov, A.; Fedorova, N.; Stockwell, T.; Amedeo, P.; Bishop, B.; Katzel, D.; Schobel, S.; Shrivastava, S.; Hall, C. B.; Tesini, B. L.; Schnabel, K. C.; Walsh, E. E.; Caserta, M.",J. Craig Venter Institute,Homo sapiens,15183,30/01/2016,KU316177.1,Automated Ingest from INSDC/NCBI Virus by Loculus,OPEN,https://pathoplexus.org/about/terms-of-use/open-data,,0.999277362,,,KU316177.1,,,RSVB/Homo sapiens/USA/82I-117A-01-01/1982,0,0
PP_0024369.2,B,1994,USA,"Rochester, NY","Das, S. R.; Halpin, R. A.; Puri, V.; Akopov, A.; Fedorova, N.; Stockwell, T.; Amedeo, P.; Bishop, B.; Katzel, D.; Schobel, S.; Shrivastava, S.; Hall, C. B.; Tesini, B. L.; Schnabel, K. C.; Walsh, E. E.; Caserta, M.",J. Craig Venter Institute,Homo sapiens,15119,30/01/2016,KU316179.1,Automated Ingest from INSDC/NCBI Virus by Loculus,OPEN,https://pathoplexus.org/about/terms-of-use/open-data,,0.996715281,,,KU316179.1,,,RSVB/Homo sapiens/USA/94I-157A-01-01/1994,0,0
PP_00243BZ.2,B.2,1990,USA,"Rochester, NY","Das, S. R.; Halpin, R. A.; Puri, V.; Akopov, A.; Fedorova, N.; Stockwell, T.; Amedeo, P.; Bishop, B.; Katzel, D.; Schobel, S.; Shrivastava, S.; Hall, C. B.; Tesini, B. L.; Schnabel, K. C.; Walsh, E. E.; Caserta, M.",J. Craig Venter Institute,Homo sapiens,15117,30/01/2016,KU316181.1,Automated Ingest from INSDC/NCBI Virus by Loculus,OPEN,https://pathoplexus.org/about/terms-of-use/open-data,,0.996715281,,,KU316181.1,,,RSVB/Homo sapiens/USA/90E-158-01/1990,0,0
PP_00243CX.2,B.2,1990,USA,"Rochester, NY","Das, S. R.; Halpin, R. A.; Puri, V.; Akopov, A.; Fedorova, N.; Stockwell, T.; Amedeo, P.; Bishop, B.; Katzel, D.; Schobel, S.; Shrivastava, S.; Hall, C. B.; Tesini, B. L.; Schnabel, K. C.; Walsh, E. E.; Caserta, M.",J. Craig Venter Institute,Homo sapiens,15119,30/01/2016,KU316182.1,Automated Ingest from INSDC/NCBI Virus by Loculus,OPEN,https://pathoplexus.org/about/terms-of-use/open-data,,0.996715281,,,KU316182.1,,,RSVB/Homo sapiens/USA/90I-148A-01-01/1990,0,0
PP_0024492.2,B.D,29/01/2014,USA,Tennessee,"Das, S. R.; Halpin, R. A.; Shilts, M.; Puri, V.; Akopov, A.; Fedorova, N.; Stockwell, T.; Amedeo, P.; Bishop, B.; Katzel, D.; Schobel, S.; Shrivastava, S.; Wentworth, D. E.; Hartert, T.",J. Craig Venter Institute,Homo sapiens,15172,09/03/2016,KU839627.1,Automated Ingest from INSDC/NCBI Virus by Loculus,OPEN,https://pathoplexus.org/about/terms-of-use/open-data,,0.996715281,,,KU839627.1,,,RSVB/Homo sapiens/USA/TH-33/2014,0,0
PP_00244A0.2,B.D,27/11/2013,USA,Tennessee,"Das, S. R.; Halpin, R. A.; Shilts, M.; Puri, V.; Akopov, A.; Fedorova, N.; Stockwell, T.; Amedeo, P.; Bishop, B.; Katzel, D.; Schobel, S.; Shrivastava, S.; Wentworth, D. E.; Hartert, T.",J. Craig Venter Institute,Homo sapiens,15172,09/03/2016,KU839628.1,Automated Ingest from INSDC/NCBI Virus by Loculus,OPEN,https://pathoplexus.org/about/terms-of-use/open-data,,0.996715281,,,KU839628.1,,,RSVB/Homo sapiens/USA/TH-25/2013,0,0
PP_00244CW.2,B.D,17/12/2013,USA,Tennessee,"Das, S. R.; Halpin, R. A.; Shilts, M.; Puri, V.; Akopov, A.; Fedorova, N.; Stockwell, T.; Amedeo, P.; Bishop, B.; Katzel, D.; Schobel, S.; Shrivastava, S.; Wentworth, D. E.; Hartert, T.",J. Craig Venter Institute,Homo sapiens,15172,09/03/2016,KU839632.1,Automated Ingest from INSDC/NCBI Virus by Loculus,OPEN,https://pathoplexus.org/about/terms-of-use/open-data,,0.996715281,,,KU839632.1,,,RSVB/Homo sapiens/USA/TH-62/2013,0,0
PP_00244DU.2,B.D,13/01/2014,USA,Tennessee,"Das, S. R.; Halpin, R. A.; Shilts, M.; Puri, V.; Akopov, A.; Fedorova, N.; Stockwell, T.; Amedeo, P.; Bishop, B.; Katzel, D.; Schobel, S.; Shrivastava, S.; Wentworth, D. E.; Hartert, T.",J. Craig Venter Institute,Homo sapiens,15173,09/03/2016,KU839633.1,Automated Ingest from INSDC/NCBI Virus by Loculus,OPEN,https://pathoplexus.org/about/terms-of-use/open-data,,0.996715281,,,KU839633.1,,,RSVB/Homo sapiens/USA/TH-34/2014,0,0
PP_00244ES.2,B.D,15/11/2013,USA,Tennessee,"Das, S. R.; Halpin, R. A.; Shilts, M.; Puri, V.; Akopov, A.; Fedorova, N.; Stockwell, T.; Amedeo, P.; Bishop, B.; Katzel, D.; Schobel, S.; Shrivastava, S.; Wentworth, D. E.; Hartert, T.",J. Craig Venter Institute,Homo sapiens,15172,09/03/2016,KU839634.1,Automated Ingest from INSDC/NCBI Virus by Loculus,OPEN,https://pathoplexus.org/about/terms-of-use/open-data,,0.996715281,,,KU839634.1,,,RSVB/Homo sapiens/USA/TH-37/2013,0,0
PP_00244HK.2,B.D,11/11/2013,USA,Tennessee,"Das, S. R.; Halpin, R. A.; Shilts, M.; Puri, V.; Akopov, A.; Fedorova, N.; Stockwell, T.; Amedeo, P.; Bishop, B.; Katzel, D.; Schobel, S.; Shrivastava, S.; Wentworth, D. E.; Hartert, T.",J. Craig Venter Institute,Homo sapiens,15172,09/03/2016,KU839638.1,Automated Ingest from INSDC/NCBI Virus by Loculus,OPEN,https://pathoplexus.org/about/terms-of-use/open-data,,0.996715281,,,KU839638.1,,,RSVB/Homo sapiens/USA/TH-22/2013,0,0
PP_00244KF.2,B.D,20/01/2014,USA,Tennessee,"Das, S. R.; Halpin, R. A.; Shilts, M.; Puri, V.; Akopov, A.; Fedorova, N.; Stockwell, T.; Amedeo, P.; Bishop, B.; Katzel, D.; Schobel, S.; Shrivastava, S.; Wentworth, D. E.; Hartert, T.",J. Craig Venter Institute,Homo sapiens,15172,09/03/2016,KU839641.1,Automated Ingest from INSDC/NCBI Virus by Loculus,OPEN,https://pathoplexus.org/about/terms-of-use/open-data,,0.996715281,,,KU839641.1,,,RSVB/Homo sapiens/USA/TH-36/2014,0,0
PP_00245TY.2,B.D,30/12/2005,USA,,"Das, S. R.; Halpin, R. A.; Shilts, M.; Puri, V.; Akopov, A.; Fedorova, N.; Stockwell, T.; Amedeo, P.; Bishop, B.; Katzel, D.; Schobel, S.; Shrivastava, S.; Hartert, T.",J. Craig Venter Institute,Homo sapiens,15235,06/04/2016,KU950457.1,Automated Ingest from INSDC/NCBI Virus by Loculus,OPEN,https://pathoplexus.org/about/terms-of-use/open-data,,0.999277362,,,KU950457.1,,,RSVB/Homo sapiens/USA/TH_10666/2005,0,0
PP_00245UW.2,B.D,16/12/2013,USA,,"Das, S. R.; Halpin, R. A.; Shilts, M.; Puri, V.; Akopov, A.; Fedorova, N.; Stockwell, T.; Amedeo, P.; Bishop, B.; Katzel, D.; Schobel, S.; Shrivastava, S.; Hartert, T.",J. Craig Venter Institute,Homo sapiens,15230,06/04/2016,KU950458.1,Automated Ingest from INSDC/NCBI Virus by Loculus,OPEN,https://pathoplexus.org/about/terms-of-use/open-data,,0.999277362,,,KU950458.1,,,RSVB/Homo sapiens/USA/TH_10561/2013,0,0
PP_00245VU.2,B.D,17/12/2013,USA,,"Das, S. R.; Halpin, R. A.; Shilts, M.; Puri, V.; Akopov, A.; Fedorova, N.; Stockwell, T.; Amedeo, P.; Bishop, B.; Katzel, D.; Schobel, S.; Shrivastava, S.; Hartert, T.",J. Craig Venter Institute,Homo sapiens,15167,06/04/2016,KU950461.1,Automated Ingest from INSDC/NCBI Virus by Loculus,OPEN,https://pathoplexus.org/about/terms-of-use/open-data,,0.996715281,,,KU950461.1,,,RSVB/Homo sapiens/USA/TH_10423/2013,0,0
PP_00245XQ.2,B.D,26/11/2013,USA,,"Das, S. R.; Halpin, R. A.; Shilts, M.; Puri, V.; Akopov, A.; Fedorova, N.; Stockwell, T.; Amedeo, P.; Bishop, B.; Katzel, D.; Schobel, S.; Shrivastava, S.; Hartert, T.",J. Craig Venter Institute,Homo sapiens,15228,06/04/2016,KU950463.1,Automated Ingest from INSDC/NCBI Virus by Loculus,OPEN,https://pathoplexus.org/about/terms-of-use/open-data,,0.999277362,,,KU950463.1,,,RSVB/Homo sapiens/USA/TH_10357/2013,0,0
PP_00245YN.2,B.D,19/11/2013,USA,,"Das, S. R.; Halpin, R. A.; Shilts, M.; Puri, V.; Akopov, A.; Fedorova, N.; Stockwell, T.; Amedeo, P.; Bishop, B.; Katzel, D.; Schobel, S.; Shrivastava, S.; Hartert, T.",J. Craig Venter Institute,Homo sapiens,15229,06/04/2016,KU950465.1,Automated Ingest from INSDC/NCBI Virus by Loculus,OPEN,https://pathoplexus.org/about/terms-of-use/open-data,,0.999277362,,,KU950465.1,,,RSVB/Homo sapiens/USA/TH_10578/2013,0,0
PP_002460J.2,B.D.4,15/01/2014,USA,,"Das, S. R.; Halpin, R. A.; Shilts, M.; Puri, V.; Akopov, A.; Fedorova, N.; Stockwell, T.; Amedeo, P.; Bishop, B.; Katzel, D.; Schobel, S.; Shrivastava, S.; Hartert, T.",J. Craig Venter Institute,Homo sapiens,15232,06/04/2016,KU950467.1,Automated Ingest from INSDC/NCBI Virus by Loculus,OPEN,https://pathoplexus.org/about/terms-of-use/open-data,,0.999277362,,,KU950467.1,,,RSVB/Homo sapiens/USA/TH_10526/2014,0,0
PP_002461G.2,B.D,02/08/2013,USA,,"Das, S. R.; Halpin, R. A.; Shilts, M.; Puri, V.; Akopov, A.; Fedorova, N.; Stockwell, T.; Amedeo, P.; Bishop, B.; Katzel, D.; Schobel, S.; Shrivastava, S.; Hartert, T.",J. Craig Venter Institute,Homo sapiens,15230,06/04/2016,KU950471.1,Automated Ingest from INSDC/NCBI Virus by Loculus,OPEN,https://pathoplexus.org/about/terms-of-use/open-data,,0.999277362,,,KU950471.1,,,RSVB/Homo sapiens/USA/TH_10511/2013,0,0
PP_002462E.2,B.D,08/10/2013,USA,,"Das, S. R.; Halpin, R. A.; Shilts, M.; Puri, V.; Akopov, A.; Fedorova, N.; Stockwell, T.; Amedeo, P.; Bishop, B.; Katzel, D.; Schobel, S.; Shrivastava, S.; Hartert, T.",J. Craig Venter Institute,Homo sapiens,15230,06/04/2016,KU950476.1,Automated Ingest from INSDC/NCBI Virus by Loculus,OPEN,https://pathoplexus.org/about/terms-of-use/open-data,,0.999277362,,,KU950476.1,,,RSVB/Homo sapiens/USA/TH_10565/2013,0,0
PP_002464A.2,B.D,20/06/2013,USA,,"Das, S. R.; Halpin, R. A.; Shilts, M.; Puri, V.; Akopov, A.; Fedorova, N.; Stockwell, T.; Amedeo, P.; Bishop, B.; Katzel, D.; Schobel, S.; Shrivastava, S.; Hartert, T.",J. Craig Venter Institute,Homo sapiens,15228,06/04/2016,KU950478.1,Automated Ingest from INSDC/NCBI Virus by Loculus,OPEN,https://pathoplexus.org/about/terms-of-use/open-data,,0.999277362,,,KU950478.1,,,RSVB/Homo sapiens/USA/TH_10381/2013,0,0
PP_0024666.2,B.D,05/08/2013,USA,,"Das, S. R.; Halpin, R. A.; Shilts, M.; Puri, V.; Akopov, A.; Fedorova, N.; Stockwell, T.; Amedeo, P.; Bishop, B.; Katzel, D.; Schobel, S.; Shrivastava, S.; Hartert, T.",J. Craig Venter Institute,Homo sapiens,15230,06/04/2016,KU950482.1,Automated Ingest from INSDC/NCBI Virus by Loculus,OPEN,https://pathoplexus.org/about/terms-of-use/open-data,,0.999277362,,,KU950482.1,,,RSVB/Homo sapiens/USA/TH_10504/2013,0,0
PP_0024682.2,B.D,25/01/2014,USA,,"Das, S. R.; Halpin, R. A.; Shilts, M.; Puri, V.; Akopov, A.; Fedorova, N.; Stockwell, T.; Amedeo, P.; Bishop, B.; Katzel, D.; Schobel, S.; Shrivastava, S.; Hartert, T.",J. Craig Venter Institute,Homo sapiens,15230,06/04/2016,KU950488.1,Automated Ingest from INSDC/NCBI Virus by Loculus,OPEN,https://pathoplexus.org/about/terms-of-use/open-data,,0.999277362,,,KU950488.1,,,RSVB/Homo sapiens/USA/TH_10585/2014,0,0
PP_0024690.2,B.D.1.1,24/06/2013,USA,,"Das, S. R.; Halpin, R. A.; Shilts, M.; Puri, V.; Akopov, A.; Fedorova, N.; Stockwell, T.; Amedeo, P.; Bishop, B.; Katzel, D.; Schobel, S.; Shrivastava, S.; Hartert, T.",J. Craig Venter Institute,Homo sapiens,15172,06/04/2016,KU950489.1,Automated Ingest from INSDC/NCBI Virus by Loculus,OPEN,https://pathoplexus.org/about/terms-of-use/open-data,,0.996715281,,,KU950489.1,,,RSVB/Homo sapiens/USA/TH_10599/2013,0,0
PP_00246BW.2,B.D,03/12/2013,USA,,"Das, S. R.; Halpin, R. A.; Shilts, M.; Puri, V.; Akopov, A.; Fedorova, N.; Stockwell, T.; Amedeo, P.; Bishop, B.; Katzel, D.; Schobel, S.; Shrivastava, S.; Hartert, T.",J. Craig Venter Institute,Homo sapiens,15172,06/04/2016,KU950494.1,Automated Ingest from INSDC/NCBI Virus by Loculus,OPEN,https://pathoplexus.org/about/terms-of-use/open-data,,0.996715281,,,KU950494.1,,,RSVB/Homo sapiens/USA/TH_10653/2013,0,0
PP_00246CU.2,B.D,15/07/2013,USA,,"Das, S. R.; Halpin, R. A.; Shilts, M.; Puri, V.; Akopov, A.; Fedorova, N.; Stockwell, T.; Amedeo, P.; Bishop, B.; Katzel, D.; Schobel, S.; Shrivastava, S.; Hartert, T.",J. Craig Venter Institute,Homo sapiens,15228,06/04/2016,KU950495.1,Automated Ingest from INSDC/NCBI Virus by Loculus,OPEN,https://pathoplexus.org/about/terms-of-use/open-data,,0.999277362,,,KU950495.1,,,RSVB/Homo sapiens/USA/TH_10560/2013,0,0
PP_00246DS.2,B.D,02/12/2013,USA,,"Das, S. R.; Halpin, R. A.; Shilts, M.; Puri, V.; Akopov, A.; Fedorova, N.; Stockwell, T.; Amedeo, P.; Bishop, B.; Katzel, D.; Schobel, S.; Shrivastava, S.; Hartert, T.",J. Craig Venter Institute,Homo sapiens,15229,06/04/2016,KU950496.1,Automated Ingest from INSDC/NCBI Virus by Loculus,OPEN,https://pathoplexus.org/about/terms-of-use/open-data,,0.999277362,,,KU950496.1,,,RSVB/Homo sapiens/USA/TH_10648/2013,0,0
PP_00246EQ.2,B.D,20/08/2013,USA,,"Das, S. R.; Halpin, R. A.; Shilts, M.; Puri, V.; Akopov, A.; Fedorova, N.; Stockwell, T.; Amedeo, P.; Bishop, B.; Katzel, D.; Schobel, S.; Shrivastava, S.; Hartert, T.",J. Craig Venter Institute,Homo sapiens,15228,06/04/2016,KU950497.1,Automated Ingest from INSDC/NCBI Virus by Loculus,OPEN,https://pathoplexus.org/about/terms-of-use/open-data,,0.999277362,,,KU950497.1,,,RSVB/Homo sapiens/USA/TH_10416/2013,0,0
PP_00246FN.2,B.D.1,18/12/2012,USA,,"Das, S. R.; Halpin, R. A.; Shilts, M.; Puri, V.; Akopov, A.; Fedorova, N.; Stockwell, T.; Amedeo, P.; Bishop, B.; Katzel, D.; Schobel, S.; Shrivastava, S.; Hartert, T.",J. Craig Venter Institute,Homo sapiens,15232,06/04/2016,KU950500.1,Automated Ingest from INSDC/NCBI Virus by Loculus,OPEN,https://pathoplexus.org/about/terms-of-use/open-data,,0.999277362,,,KU950500.1,,,RSVB/Homo sapiens/USA/TH_10329/2012,0,0
PP_00246HH.2,B.D,18/06/2013,USA,,"Das, S. R.; Halpin, R. A.; Shilts, M.; Puri, V.; Akopov, A.; Fedorova, N.; Stockwell, T.; Amedeo, P.; Bishop, B.; Katzel, D.; Schobel, S.; Shrivastava, S.; Hartert, T.",J. Craig Venter Institute,Homo sapiens,15228,06/04/2016,KU950504.1,Automated Ingest from INSDC/NCBI Virus by Loculus,OPEN,https://pathoplexus.org/about/terms-of-use/open-data,,0.999277362,,,KU950504.1,,,RSVB/Homo sapiens/USA/TH_10388/2013,0,0
PP_00246JF.2,B.D,30/07/2013,USA,,"Das, S. R.; Halpin, R. A.; Shilts, M.; Puri, V.; Akopov, A.; Fedorova, N.; Stockwell, T.; Amedeo, P.; Bishop, B.; Katzel, D.; Schobel, S.; Shrivastava, S.; Hartert, T.",J. Craig Venter Institute,Homo sapiens,15228,06/04/2016,KU950508.1,Automated Ingest from INSDC/NCBI Virus by Loculus,OPEN,https://pathoplexus.org/about/terms-of-use/open-data,,0.999277362,,,KU950508.1,,,RSVB/Homo sapiens/USA/TH_10431/2013,0,0
PP_00246LB.2,B.D,10/07/2013,USA,,"Das, S. R.; Halpin, R. A.; Shilts, M.; Puri, V.; Akopov, A.; Fedorova, N.; Stockwell, T.; Amedeo, P.; Bishop, B.; Katzel, D.; Schobel, S.; Shrivastava, S.; Hartert, T.",J. Craig Venter Institute,Homo sapiens,15229,06/04/2016,KU950512.1,Automated Ingest from INSDC/NCBI Virus by Loculus,OPEN,https://pathoplexus.org/about/terms-of-use/open-data,,0.999277362,,,KU950512.1,,,RSVB/Homo sapiens/USA/TH_10598/2013,0,0
PP_00246SZ.2,B.D,27/11/2013,USA,,"Das, S. R.; Halpin, R. A.; Shilts, M.; Puri, V.; Akopov, A.; Fedorova, N.; Stockwell, T.; Amedeo, P.; Bishop, B.; Katzel, D.; Schobel, S.; Shrivastava, S.; Hartert, T.",J. Craig Venter Institute,Homo sapiens,15232,06/04/2016,KU950526.1,Automated Ingest from INSDC/NCBI Virus by Loculus,OPEN,https://pathoplexus.org/about/terms-of-use/open-data,,0.999277362,,,KU950526.1,,,RSVB/Homo sapiens/USA/TH_10527/2013,0,0
PP_00246TX.2,B.D,21/01/2014,USA,,"Das, S. R.; Halpin, R. A.; Shilts, M.; Puri, V.; Akopov, A.; Fedorova, N.; Stockwell, T.; Amedeo, P.; Bishop, B.; Katzel, D.; Schobel, S.; Shrivastava, S.; Hartert, T.",J. Craig Venter Institute,Homo sapiens,15232,06/04/2016,KU950530.1,Automated Ingest from INSDC/NCBI Virus by Loculus,OPEN,https://pathoplexus.org/about/terms-of-use/open-data,,0.999277362,,,KU950530.1,,,RSVB/Homo sapiens/USA/TH_10584/2014,0,0
PP_00246UV.2,B.D,07/10/2013,USA,,"Das, S. R.; Halpin, R. A.; Shilts, M.; Puri, V.; Akopov, A.; Fedorova, N.; Stockwell, T.; Amedeo, P.; Bishop, B.; Katzel, D.; Schobel, S.; Shrivastava, S.; Hartert, T.",J. Craig Venter Institute,Homo sapiens,15232,06/04/2016,KU950532.1,Automated Ingest from INSDC/NCBI Virus by Loculus,OPEN,https://pathoplexus.org/about/terms-of-use/open-data,,0.999277362,,,KU950532.1,,,RSVB/Homo sapiens/USA/TH_10440/2013,0,0
PP_00246VT.2,B.D,10/01/2014,USA,,"Das, S. R.; Halpin, R. A.; Shilts, M.; Puri, V.; Akopov, A.; Fedorova, N.; Stockwell, T.; Amedeo, P.; Bishop, B.; Katzel, D.; Schobel, S.; Shrivastava, S.; Hartert, T.",J. Craig Venter Institute,Homo sapiens,15230,06/04/2016,KU950533.1,Automated Ingest from INSDC/NCBI Virus by Loculus,OPEN,https://pathoplexus.org/about/terms-of-use/open-data,,0.999277362,,,KU950533.1,,,RSVB/Homo sapiens/USA/TH_10524/2014,0,0
PP_00246XP.2,B.D,25/06/2013,USA,,"Das, S. R.; Halpin, R. A.; Shilts, M.; Puri, V.; Akopov, A.; Fedorova, N.; Stockwell, T.; Amedeo, P.; Bishop, B.; Katzel, D.; Schobel, S.; Shrivastava, S.; Hartert, T.",J. Craig Venter Institute,Homo sapiens,15232,06/04/2016,KU950535.1,Automated Ingest from INSDC/NCBI Virus by Loculus,OPEN,https://pathoplexus.org/about/terms-of-use/open-data,,0.999277362,,,KU950535.1,,,RSVB/Homo sapiens/USA/TH_10616/2013,0,0
PP_00246ZK.2,B.D,07/10/2013,USA,,"Das, S. R.; Halpin, R. A.; Shilts, M.; Puri, V.; Akopov, A.; Fedorova, N.; Stockwell, T.; Amedeo, P.; Bishop, B.; Katzel, D.; Schobel, S.; Shrivastava, S.; Hartert, T.",J. Craig Venter Institute,Homo sapiens,15229,06/04/2016,KU950542.1,Automated Ingest from INSDC/NCBI Virus by Loculus,OPEN,https://pathoplexus.org/about/terms-of-use/open-data,,0.999277362,,,KU950542.1,,,RSVB/Homo sapiens/USA/TH_10429/2013,0,0
PP_002470H.2,B.D,16/10/2013,USA,,"Das, S. R.; Halpin, R. A.; Shilts, M.; Puri, V.; Akopov, A.; Fedorova, N.; Stockwell, T.; Amedeo, P.; Bishop, B.; Katzel, D.; Schobel, S.; Shrivastava, S.; Hartert, T.",J. Craig Venter Institute,Homo sapiens,15171,06/04/2016,KU950543.1,Automated Ingest from INSDC/NCBI Virus by Loculus,OPEN,https://pathoplexus.org/about/terms-of-use/open-data,,0.996715281,,,KU950543.1,,,RSVB/Homo sapiens/USA/TH_10485/2013,0,0
PP_0024749.2,B.D,27/12/2013,USA,,"Das, S. R.; Halpin, R. A.; Shilts, M.; Puri, V.; Akopov, A.; Fedorova, N.; Stockwell, T.; Amedeo, P.; Bishop, B.; Katzel, D.; Schobel, S.; Shrivastava, S.; Hartert, T.",J. Craig Venter Institute,Homo sapiens,15173,06/04/2016,KU950552.1,Automated Ingest from INSDC/NCBI Virus by Loculus,OPEN,https://pathoplexus.org/about/terms-of-use/open-data,,0.996715281,,,KU950552.1,,,RSVB/Homo sapiens/USA/TH_10535/2013,0,0
PP_0024757.2,B.D,12/08/2013,USA,,"Das, S. R.; Halpin, R. A.; Shilts, M.; Puri, V.; Akopov, A.; Fedorova, N.; Stockwell, T.; Amedeo, P.; Bishop, B.; Katzel, D.; Schobel, S.; Shrivastava, S.; Hartert, T.",J. Craig Venter Institute,Homo sapiens,15231,06/04/2016,KU950553.1,Automated Ingest from INSDC/NCBI Virus by Loculus,OPEN,https://pathoplexus.org/about/terms-of-use/open-data,,0.999343056,,,KU950553.1,,,RSVB/Homo sapiens/USA/TH_10471/2013,0,0
PP_0024765.2,B.D,03/12/2013,USA,,"Das, S. R.; Halpin, R. A.; Shilts, M.; Puri, V.; Akopov, A.; Fedorova, N.; Stockwell, T.; Amedeo, P.; Bishop, B.; Katzel, D.; Schobel, S.; Shrivastava, S.; Hartert, T.",J. Craig Venter Institute,Homo sapiens,15232,06/04/2016,KU950555.1,Automated Ingest from INSDC/NCBI Virus by Loculus,OPEN,https://pathoplexus.org/about/terms-of-use/open-data,,0.999277362,,,KU950555.1,,,RSVB/Homo sapiens/USA/TH_10452/2013,0,0
PP_00247BV.2,B.D,07/01/2014,USA,,"Das, S. R.; Halpin, R. A.; Shilts, M.; Puri, V.; Akopov, A.; Fedorova, N.; Stockwell, T.; Amedeo, P.; Bishop, B.; Katzel, D.; Schobel, S.; Shrivastava, S.; Hartert, T.",J. Craig Venter Institute,Homo sapiens,15232,06/04/2016,KU950568.1,Automated Ingest from INSDC/NCBI Virus by Loculus,OPEN,https://pathoplexus.org/about/terms-of-use/open-data,,0.999277362,,,KU950568.1,,,RSVB/Homo sapiens/USA/TH_10420/2014,0,0
PP_00247DR.2,B.D,19/12/2012,USA,,"Das, S. R.; Halpin, R. A.; Shilts, M.; Puri, V.; Akopov, A.; Fedorova, N.; Stockwell, T.; Amedeo, P.; Bishop, B.; Katzel, D.; Schobel, S.; Shrivastava, S.; Hartert, T.",J. Craig Venter Institute,Homo sapiens,15228,06/04/2016,KU950571.1,Automated Ingest from INSDC/NCBI Virus by Loculus,OPEN,https://pathoplexus.org/about/terms-of-use/open-data,,0.999277362,,,KU950571.1,,,RSVB/Homo sapiens/USA/TH_10278/2012,0,0
PP_00247EP.2,B.D,03/12/2005,USA,,"Das, S. R.; Halpin, R. A.; Shilts, M.; Puri, V.; Akopov, A.; Fedorova, N.; Stockwell, T.; Amedeo, P.; Bishop, B.; Katzel, D.; Schobel, S.; Shrivastava, S.; Hartert, T.",J. Craig Venter Institute,Homo sapiens,15236,06/04/2016,KU950574.1,Automated Ingest from INSDC/NCBI Virus by Loculus,OPEN,https://pathoplexus.org/about/terms-of-use/open-data,,0.999277362,,,KU950574.1,,,RSVB/Homo sapiens/USA/TH_10670/2005,0,0
PP_00247GK.2,B.D.1,02/11/2012,USA,,"Das, S. R.; Halpin, R. A.; Shilts, M.; Puri, V.; Akopov, A.; Fedorova, N.; Stockwell, T.; Amedeo, P.; Bishop, B.; Katzel, D.; Schobel, S.; Shrivastava, S.; Hartert, T.",J. Craig Venter Institute,Homo sapiens,15233,06/04/2016,KU950576.1,Automated Ingest from INSDC/NCBI Virus by Loculus,OPEN,https://pathoplexus.org/about/terms-of-use/open-data,,0.999277362,,,KU950576.1,,,RSVB/Homo sapiens/USA/TH_10186/2012,0,0
PP_00247KC.2,B.D,07/10/2013,USA,,"Das, S. R.; Halpin, R. A.; Shilts, M.; Puri, V.; Akopov, A.; Fedorova, N.; Stockwell, T.; Amedeo, P.; Bishop, B.; Katzel, D.; Schobel, S.; Shrivastava, S.; Hartert, T.",J. Craig Venter Institute,Homo sapiens,15232,06/04/2016,KU950580.1,Automated Ingest from INSDC/NCBI Virus by Loculus,OPEN,https://pathoplexus.org/about/terms-of-use/open-data,,0.999277362,,,KU950580.1,,,RSVB/Homo sapiens/USA/TH_10453/2013,0,0
PP_00247LA.2,B.D,17/07/2013,USA,,"Das, S. R.; Halpin, R. A.; Shilts, M.; Puri, V.; Akopov, A.; Fedorova, N.; Stockwell, T.; Amedeo, P.; Bishop, B.; Katzel, D.; Schobel, S.; Shrivastava, S.; Hartert, T.",J. Craig Venter Institute,Homo sapiens,15232,06/04/2016,KU950582.1,Automated Ingest from INSDC/NCBI Virus by Loculus,OPEN,https://pathoplexus.org/about/terms-of-use/open-data,,0.999277362,,,KU950582.1,,,RSVB/Homo sapiens/USA/TH_10391/2013,0,0
PP_00247N6.2,B.D,09/01/2013,USA,,"Das, S. R.; Halpin, R. A.; Shilts, M.; Puri, V.; Akopov, A.; Fedorova, N.; Stockwell, T.; Amedeo, P.; Bishop, B.; Katzel, D.; Schobel, S.; Shrivastava, S.; Hartert, T.",J. Craig Venter Institute,Homo sapiens,15228,06/04/2016,KU950586.1,Automated Ingest from INSDC/NCBI Virus by Loculus,OPEN,https://pathoplexus.org/about/terms-of-use/open-data,,0.999277362,,,KU950586.1,,,RSVB/Homo sapiens/USA/TH_10181/2013,0,0
PP_00247P4.2,B.D.4,13/11/2013,USA,,"Das, S. R.; Halpin, R. A.; Shilts, M.; Puri, V.; Akopov, A.; Fedorova, N.; Stockwell, T.; Amedeo, P.; Bishop, B.; Katzel, D.; Schobel, S.; Shrivastava, S.; Hartert, T.",J. Craig Venter Institute,Homo sapiens,15233,06/04/2016,KU950587.1,Automated Ingest from INSDC/NCBI Virus by Loculus,OPEN,https://pathoplexus.org/about/terms-of-use/open-data,,0.999277362,,,KU950587.1,,,RSVB/Homo sapiens/USA/TH_10484/2013,0,0
PP_00247Q2.2,B.D,22/01/2014,USA,,"Das, S. R.; Halpin, R. A.; Shilts, M.; Puri, V.; Akopov, A.; Fedorova, N.; Stockwell, T.; Amedeo, P.; Bishop, B.; Katzel, D.; Schobel, S.; Shrivastava, S.; Hartert, T.",J. Craig Venter Institute,Homo sapiens,15173,06/04/2016,KU950588.1,Automated Ingest from INSDC/NCBI Virus by Loculus,OPEN,https://pathoplexus.org/about/terms-of-use/open-data,,0.996715281,,,KU950588.1,,,RSVB/Homo sapiens/USA/TH_10502/2014,0,0
PP_00247SY.2,B.D,01/10/2013,USA,,"Das, S. R.; Halpin, R. A.; Shilts, M.; Puri, V.; Akopov, A.; Fedorova, N.; Stockwell, T.; Amedeo, P.; Bishop, B.; Katzel, D.; Schobel, S.; Shrivastava, S.; Hartert, T.",J. Craig Venter Institute,Homo sapiens,15228,06/04/2016,KU950591.1,Automated Ingest from INSDC/NCBI Virus by Loculus,OPEN,https://pathoplexus.org/about/terms-of-use/open-data,,0.999277362,,,KU950591.1,,,RSVB/Homo sapiens/USA/TH_10436/2013,0,0
PP_00247TW.2,B.D,09/01/2014,USA,,"Das, S. R.; Halpin, R. A.; Shilts, M.; Puri, V.; Akopov, A.; Fedorova, N.; Stockwell, T.; Amedeo, P.; Bishop, B.; Katzel, D.; Schobel, S.; Shrivastava, S.; Hartert, T.",J. Craig Venter Institute,Homo sapiens,15232,06/04/2016,KU950593.1,Automated Ingest from INSDC/NCBI Virus by Loculus,OPEN,https://pathoplexus.org/about/terms-of-use/open-data,,0.999277362,,,KU950593.1,,,RSVB/Homo sapiens/USA/TH_10537/2014,0,0
PP_00247XN.2,B.D,23/10/2013,USA,,"Das, S. R.; Halpin, R. A.; Shilts, M.; Puri, V.; Akopov, A.; Fedorova, N.; Stockwell, T.; Amedeo, P.; Bishop, B.; Katzel, D.; Schobel, S.; Shrivastava, S.; Hartert, T.",J. Craig Venter Institute,Homo sapiens,15191,06/04/2016,KU950601.1,Automated Ingest from INSDC/NCBI Virus by Loculus,OPEN,https://pathoplexus.org/about/terms-of-use/open-data,,0.997963474,,,KU950601.1,,,RSVB/Homo sapiens/USA/TH_10499/2013,0,0
PP_00247ZJ.2,B.D.4,19/09/2013,USA,,"Das, S. R.; Halpin, R. A.; Shilts, M.; Puri, V.; Akopov, A.; Fedorova, N.; Stockwell, T.; Amedeo, P.; Bishop, B.; Katzel, D.; Schobel, S.; Shrivastava, S.; Hartert, T.",J. Craig Venter Institute,Homo sapiens,15232,06/04/2016,KU950603.1,Automated Ingest from INSDC/NCBI Virus by Loculus,OPEN,https://pathoplexus.org/about/terms-of-use/open-data,,0.999277362,,,KU950603.1,,,RSVB/Homo sapiens/USA/TH_10557/2013,0,0
PP_002480G.2,B.D.4,19/06/2013,USA,,"Das, S. R.; Halpin, R. A.; Shilts, M.; Puri, V.; Akopov, A.; Fedorova, N.; Stockwell, T.; Amedeo, P.; Bishop, B.; Katzel, D.; Schobel, S.; Shrivastava, S.; Hartert, T.",J. Craig Venter Institute,Homo sapiens,15228,06/04/2016,KU950604.1,Automated Ingest from INSDC/NCBI Virus by Loculus,OPEN,https://pathoplexus.org/about/terms-of-use/open-data,,0.999277362,,,KU950604.1,,,RSVB/Homo sapiens/USA/TH_10551/2013,0,0
PP_002483A.2,B.D.4,06/12/2013,USA,,"Das, S. R.; Halpin, R. A.; Shilts, M.; Puri, V.; Akopov, A.; Fedorova, N.; Stockwell, T.; Amedeo, P.; Bishop, B.; Katzel, D.; Schobel, S.; Shrivastava, S.; Hartert, T.",J. Craig Venter Institute,Homo sapiens,15228,06/04/2016,KU950607.1,Automated Ingest from INSDC/NCBI Virus by Loculus,OPEN,https://pathoplexus.org/about/terms-of-use/open-data,,0.999277362,,,KU950607.1,,,RSVB/Homo sapiens/USA/TH_10503/2013,0,0
PP_0024856.2,B.D,27/09/2013,USA,,"Das, S. R.; Halpin, R. A.; Shilts, M.; Puri, V.; Akopov, A.; Fedorova, N.; Stockwell, T.; Amedeo, P.; Bishop, B.; Katzel, D.; Schobel, S.; Shrivastava, S.; Hartert, T.",J. Craig Venter Institute,Homo sapiens,15228,06/04/2016,KU950613.1,Automated Ingest from INSDC/NCBI Virus by Loculus,OPEN,https://pathoplexus.org/about/terms-of-use/open-data,,0.999277362,,,KU950613.1,,,RSVB/Homo sapiens/USA/TH_10646/2013,0,0
PP_0024864.2,B.D,29/12/2005,USA,,"Das, S. R.; Halpin, R. A.; Shilts, M.; Puri, V.; Akopov, A.; Fedorova, N.; Stockwell, T.; Amedeo, P.; Bishop, B.; Katzel, D.; Schobel, S.; Shrivastava, S.; Hartert, T.",J. Craig Venter Institute,Homo sapiens,15235,06/04/2016,KU950614.1,Automated Ingest from INSDC/NCBI Virus by Loculus,OPEN,https://pathoplexus.org/about/terms-of-use/open-data,,0.999277362,,,KU950614.1,,,RSVB/Homo sapiens/USA/TH_10671/2005,0,0
PP_0024872.2,B.D,17/10/2012,USA,,"Das, S. R.; Halpin, R. A.; Shilts, M.; Puri, V.; Akopov, A.; Fedorova, N.; Stockwell, T.; Amedeo, P.; Bishop, B.; Katzel, D.; Schobel, S.; Shrivastava, S.; Hartert, T.",J. Craig Venter Institute,Homo sapiens,15232,06/04/2016,KU950618.1,Automated Ingest from INSDC/NCBI Virus by Loculus,OPEN,https://pathoplexus.org/about/terms-of-use/open-data,,0.999277362,,,KU950618.1,,,RSVB/Homo sapiens/USA/TH_10246/2012,0,0
PP_0024880.2,B.D.1,27/08/2012,USA,,"Das, S. R.; Halpin, R. A.; Shilts, M.; Puri, V.; Akopov, A.; Fedorova, N.; Stockwell, T.; Amedeo, P.; Bishop, B.; Katzel, D.; Schobel, S.; Shrivastava, S.; Hartert, T.",J. Craig Venter Institute,Homo sapiens,15228,06/04/2016,KU950619.1,Automated Ingest from INSDC/NCBI Virus by Loculus,OPEN,https://pathoplexus.org/about/terms-of-use/open-data,,0.999277362,,,KU950619.1,,,RSVB/Homo sapiens/USA/TH_10090/2012,0,0
PP_002489Y.2,B.D,05/02/2014,USA,,"Das, S. R.; Halpin, R. A.; Shilts, M.; Puri, V.; Akopov, A.; Fedorova, N.; Stockwell, T.; Amedeo, P.; Bishop, B.; Katzel, D.; Schobel, S.; Shrivastava, S.; Hartert, T.",J. Craig Venter Institute,Homo sapiens,15166,06/04/2016,KU950621.1,Automated Ingest from INSDC/NCBI Virus by Loculus,OPEN,https://pathoplexus.org/about/terms-of-use/open-data,,0.996715281,,,KU950621.1,,,RSVB/Homo sapiens/USA/TH_10586/2014,0,0
PP_00248DQ.2,B.D,10/12/2013,USA,,"Das, S. R.; Halpin, R. A.; Shilts, M.; Puri, V.; Akopov, A.; Fedorova, N.; Stockwell, T.; Amedeo, P.; Bishop, B.; Katzel, D.; Schobel, S.; Shrivastava, S.; Hartert, T.",J. Craig Venter Institute,Homo sapiens,15172,06/04/2016,KU950633.1,Automated Ingest from INSDC/NCBI Virus by Loculus,OPEN,https://pathoplexus.org/about/terms-of-use/open-data,,0.996715281,,,KU950633.1,,,RSVB/Homo sapiens/USA/TH_10483/2013,0,0
PP_00248FL.2,B.D.4,04/02/2014,USA,,"Das, S. R.; Halpin, R. A.; Shilts, M.; Puri, V.; Akopov, A.; Fedorova, N.; Stockwell, T.; Amedeo, P.; Bishop, B.; Katzel, D.; Schobel, S.; Shrivastava, S.; Hartert, T.",J. Craig Venter Institute,Homo sapiens,15229,06/04/2016,KU950637.1,Automated Ingest from INSDC/NCBI Virus by Loculus,OPEN,https://pathoplexus.org/about/terms-of-use/open-data,,0.999277362,,,KU950637.1,,,RSVB/Homo sapiens/USA/TH_10590/2014,0,0
PP_00248HF.2,B.D.1.1,04/12/2012,USA,,"Das, S. R.; Halpin, R. A.; Shilts, M.; Puri, V.; Akopov, A.; Fedorova, N.; Stockwell, T.; Amedeo, P.; Bishop, B.; Katzel, D.; Schobel, S.; Shrivastava, S.; Hartert, T.",J. Craig Venter Institute,Homo sapiens,15183,06/04/2016,KU950647.1,Automated Ingest from INSDC/NCBI Virus by Loculus,OPEN,https://pathoplexus.org/about/terms-of-use/open-data,,0.997437919,,,KU950647.1,,,RSVB/Homo sapiens/USA/TH_10115/2012,0,0
PP_00248JD.2,B.D,27/01/2014,USA,,"Das, S. R.; Halpin, R. A.; Shilts, M.; Puri, V.; Akopov, A.; Fedorova, N.; Stockwell, T.; Amedeo, P.; Bishop, B.; Katzel, D.; Schobel, S.; Shrivastava, S.; Hartert, T.",J. Craig Venter Institute,Homo sapiens,15183,06/04/2016,KU950648.1,Automated Ingest from INSDC/NCBI Virus by Loculus,OPEN,https://pathoplexus.org/about/terms-of-use/open-data,,0.997437919,,,KU950648.1,,,RSVB/Homo sapiens/USA/TH_10564/2014,0,0
PP_00248L9.2,B.D.1,29/08/2012,USA,,"Das, S. R.; Halpin, R. A.; Shilts, M.; Puri, V.; Akopov, A.; Fedorova, N.; Stockwell, T.; Amedeo, P.; Bishop, B.; Katzel, D.; Schobel, S.; Shrivastava, S.; Hartert, T.",J. Craig Venter Institute,Homo sapiens,15233,06/04/2016,KU950657.1,Automated Ingest from INSDC/NCBI Virus by Loculus,OPEN,https://pathoplexus.org/about/terms-of-use/open-data,,0.999277362,,,KU950657.1,,,RSVB/Homo sapiens/USA/TH_10261/2012,0,0
PP_00248M7.2,B.D,20/11/2013,USA,,"Das, S. R.; Halpin, R. A.; Shilts, M.; Puri, V.; Akopov, A.; Fedorova, N.; Stockwell, T.; Amedeo, P.; Bishop, B.; Katzel, D.; Schobel, S.; Shrivastava, S.; Hartert, T.",J. Craig Venter Institute,Homo sapiens,15232,06/04/2016,KU950659.1,Automated Ingest from INSDC/NCBI Virus by Loculus,OPEN,https://pathoplexus.org/about/terms-of-use/open-data,,0.999277362,,,KU950659.1,,,RSVB/Homo sapiens/USA/TH_10556/2013,0,0
PP_00248N5.2,B.D.1.1,14/12/2012,USA,,"Das, S. R.; Halpin, R. A.; Shilts, M.; Puri, V.; Akopov, A.; Fedorova, N.; Stockwell, T.; Amedeo, P.; Bishop, B.; Katzel, D.; Schobel, S.; Shrivastava, S.; Hartert, T.",J. Craig Venter Institute,Homo sapiens,15232,06/04/2016,KU950662.1,Automated Ingest from INSDC/NCBI Virus by Loculus,OPEN,https://pathoplexus.org/about/terms-of-use/open-data,,0.999277362,,,KU950662.1,,,RSVB/Homo sapiens/USA/TH_10161/2012,0,0
PP_00248P3.2,B.D,08/10/2013,USA,,"Das, S. R.; Halpin, R. A.; Shilts, M.; Puri, V.; Akopov, A.; Fedorova, N.; Stockwell, T.; Amedeo, P.; Bishop, B.; Katzel, D.; Schobel, S.; Shrivastava, S.; Hartert, T.",J. Craig Venter Institute,Homo sapiens,15232,06/04/2016,KU950663.1,Automated Ingest from INSDC/NCBI Virus by Loculus,OPEN,https://pathoplexus.org/about/terms-of-use/open-data,,0.999277362,,,KU950663.1,,,RSVB/Homo sapiens/USA/TH_10619/2013,0,0
PP_00248Q1.2,B.D,22/11/2013,USA,,"Das, S. R.; Halpin, R. A.; Shilts, M.; Puri, V.; Akopov, A.; Fedorova, N.; Stockwell, T.; Amedeo, P.; Bishop, B.; Katzel, D.; Schobel, S.; Shrivastava, S.; Hartert, T.",J. Craig Venter Institute,Homo sapiens,15172,06/04/2016,KU950665.1,Automated Ingest from INSDC/NCBI Virus by Loculus,OPEN,https://pathoplexus.org/about/terms-of-use/open-data,,0.996715281,,,KU950665.1,,,RSVB/Homo sapiens/USA/TH_10542/2013,0,0
PP_00248VR.2,B.D,09/01/2014,USA,,"Das, S. R.; Halpin, R. A.; Shilts, M.; Puri, V.; Akopov, A.; Fedorova, N.; Stockwell, T.; Amedeo, P.; Bishop, B.; Katzel, D.; Schobel, S.; Shrivastava, S.; Hartert, T.",J. Craig Venter Institute,Homo sapiens,15173,06/04/2016,KU950676.1,Automated Ingest from INSDC/NCBI Virus by Loculus,OPEN,https://pathoplexus.org/about/terms-of-use/open-data,,0.996715281,,,KU950676.1,,,RSVB/Homo sapiens/USA/TH_10553/2014,0,0
PP_00248WP.2,B.D,23/08/2013,USA,,"Das, S. R.; Halpin, R. A.; Shilts, M.; Puri, V.; Akopov, A.; Fedorova, N.; Stockwell, T.; Amedeo, P.; Bishop, B.; Katzel, D.; Schobel, S.; Shrivastava, S.; Hartert, T.",J. Craig Venter Institute,Homo sapiens,15232,06/04/2016,KU950678.1,Automated Ingest from INSDC/NCBI Virus by Loculus,OPEN,https://pathoplexus.org/about/terms-of-use/open-data,,0.999277362,,,KU950678.1,,,RSVB/Homo sapiens/USA/TH_10415/2013,0,0
PP_00248ZH.2,B.D.4,15/08/2012,USA,,"Das, S. R.; Halpin, R. A.; Shilts, M.; Puri, V.; Akopov, A.; Fedorova, N.; Stockwell, T.; Amedeo, P.; Bishop, B.; Katzel, D.; Schobel, S.; Shrivastava, S.; Hartert, T.",J. Craig Venter Institute,Homo sapiens,15232,06/04/2016,KU950682.1,Automated Ingest from INSDC/NCBI Virus by Loculus,OPEN,https://pathoplexus.org/about/terms-of-use/open-data,,0.999277362,,,KU950682.1,,,RSVB/Homo sapiens/USA/TH_10264/2012,0,0
PP_002491D.2,B.D,23/10/2013,USA,,"Das, S. R.; Halpin, R. A.; Shilts, M.; Puri, V.; Akopov, A.; Fedorova, N.; Stockwell, T.; Amedeo, P.; Bishop, B.; Katzel, D.; Schobel, S.; Shrivastava, S.; Hartert, T.",J. Craig Venter Institute,Homo sapiens,15172,06/04/2016,KU950687.1,Automated Ingest from INSDC/NCBI Virus by Loculus,OPEN,https://pathoplexus.org/about/terms-of-use/open-data,,0.996715281,,,KU950687.1,,,RSVB/Homo sapiens/USA/TH_10611/2013,0,0
PP_0024939.2,B.D,31/10/2013,USA,,"Das, S. R.; Halpin, R. A.; Shilts, M.; Puri, V.; Akopov, A.; Fedorova, N.; Stockwell, T.; Amedeo, P.; Bishop, B.; Katzel, D.; Schobel, S.; Shrivastava, S.; Hartert, T.",J. Craig Venter Institute,Homo sapiens,15212,06/04/2016,KU950689.1,Automated Ingest from INSDC/NCBI Virus by Loculus,OPEN,https://pathoplexus.org/about/terms-of-use/open-data,,0.999277362,,,KU950689.1,,,RSVB/Homo sapiens/USA/TH_10489/2013,0,0
PP_0024963.2,B.D.1,16/10/2012,USA,,"Das, S. R.; Halpin, R. A.; Shilts, M.; Puri, V.; Akopov, A.; Fedorova, N.; Stockwell, T.; Amedeo, P.; Bishop, B.; Katzel, D.; Schobel, S.; Shrivastava, S.; Hartert, T.",J. Craig Venter Institute,Homo sapiens,15232,06/04/2016,KU950693.1,Automated Ingest from INSDC/NCBI Virus by Loculus,OPEN,https://pathoplexus.org/about/terms-of-use/open-data,,0.999277362,,,KU950693.1,,,RSVB/Homo sapiens/USA/TH_10290/2012,0,0
PP_002498Z.2,B.D,16/12/2013,USA,,"Das, S. R.; Halpin, R. A.; Shilts, M.; Puri, V.; Akopov, A.; Fedorova, N.; Stockwell, T.; Amedeo, P.; Bishop, B.; Katzel, D.; Schobel, S.; Shrivastava, S.; Hartert, T.",J. Craig Venter Institute,Homo sapiens,15080,06/04/2016,KU950697.1,Automated Ingest from INSDC/NCBI Virus by Loculus,OPEN,https://pathoplexus.org/about/terms-of-use/open-data,,0.990671397,,,KU950697.1,,,RSVB/Homo sapiens/USA/TH_10430/2013,0,0
PP_0024WNH.2,B.D,30/12/2012,Jordan,Amman,"Shabman, R.; Das, S. R.; Puri, V.; Fedorova, N.; Amedeo, P.; Williams, M.; Shrivastava, S.; Halasa, N.",J. Craig Venter Institute,Homo sapiens,15172,15/08/2016,KX655624.1,Automated Ingest from INSDC/NCBI Virus by Loculus,OPEN,https://pathoplexus.org/about/terms-of-use/open-data,,0.996715281,,,KX655624.1,,,RSVB/Homo sapiens/JOR/B1723/2012,0,0
PP_0024WQD.2,B.D,19/12/2012,Jordan,Amman,"Shabman, R.; Das, S. R.; Puri, V.; Fedorova, N.; Amedeo, P.; Williams, M.; Shrivastava, S.; Halasa, N.",J. Craig Venter Institute,Homo sapiens,15234,15/08/2016,KX655629.1,Automated Ingest from INSDC/NCBI Virus by Loculus,OPEN,https://pathoplexus.org/about/terms-of-use/open-data,,0.999277362,,,KX655629.1,,,RSVB/Homo sapiens/JOR/D3633/2012,0,0
PP_0024WRB.2,B.D,10/02/2013,Jordan,Amman,"Shabman, R.; Das, S. R.; Puri, V.; Fedorova, N.; Amedeo, P.; Williams, M.; Shrivastava, S.; Halasa, N.",J. Craig Venter Institute,Homo sapiens,15172,15/08/2016,KX655633.1,Automated Ingest from INSDC/NCBI Virus by Loculus,OPEN,https://pathoplexus.org/about/terms-of-use/open-data,,0.996715281,,,KX655633.1,,,RSVB/Homo sapiens/JOR/C2717/2013,0,0
PP_0024WS9.2,B.D,14/02/2013,Jordan,Amman,"Shabman, R.; Das, S. R.; Puri, V.; Fedorova, N.; Amedeo, P.; Williams, M.; Shrivastava, S.; Halasa, N.",J. Craig Venter Institute,Homo sapiens,15232,15/08/2016,KX655641.1,Automated Ingest from INSDC/NCBI Virus by Loculus,OPEN,https://pathoplexus.org/about/terms-of-use/open-data,,0.999277362,,,KX655641.1,,,RSVB/Homo sapiens/JOR/C2722/2013,0,0
PP_0024WT7.2,B.D,21/02/2013,Jordan,Amman,"Shabman, R.; Das, S. R.; Puri, V.; Fedorova, N.; Amedeo, P.; Williams, M.; Shrivastava, S.; Halasa, N.",J. Craig Venter Institute,Homo sapiens,15230,15/08/2016,KX655642.1,Automated Ingest from INSDC/NCBI Virus by Loculus,OPEN,https://pathoplexus.org/about/terms-of-use/open-data,,0.999277362,,,KX655642.1,,,RSVB/Homo sapiens/JOR/D3731/2013,0,0
PP_0024WU5.2,B.D,20/02/2013,Jordan,Amman,"Shabman, R.; Das, S. R.; Puri, V.; Fedorova, N.; Amedeo, P.; Williams, M.; Shrivastava, S.; Halasa, N.",J. Craig Venter Institute,Homo sapiens,15172,15/08/2016,KX655645.1,Automated Ingest from INSDC/NCBI Virus by Loculus,OPEN,https://pathoplexus.org/about/terms-of-use/open-data,,0.996715281,,,KX655645.1,,,RSVB/Homo sapiens/JOR/C2730/2013,0,0
PP_0024WV3.2,B.D,31/01/2011,Jordan,Amman,"Shabman, R.; Das, S. R.; Puri, V.; Fedorova, N.; Amedeo, P.; Williams, M.; Shrivastava, S.; Halasa, N.",J. Craig Venter Institute,Homo sapiens,15232,15/08/2016,KX655646.1,Automated Ingest from INSDC/NCBI Virus by Loculus,OPEN,https://pathoplexus.org/about/terms-of-use/open-data,,0.999277362,,,KX655646.1,,,RSVB/Homo sapiens/JOR/B1139/2011,0,0
PP_0024WYX.2,B.D.4,05/02/2013,Jordan,Amman,"Shabman, R.; Das, S. R.; Puri, V.; Fedorova, N.; Amedeo, P.; Williams, M.; Shrivastava, S.; Halasa, N.",J. Craig Venter Institute,Homo sapiens,15213,15/08/2016,KX655653.1,Automated Ingest from INSDC/NCBI Virus by Loculus,OPEN,https://pathoplexus.org/about/terms-of-use/open-data,,0.998226251,,,KX655653.1,,,RSVB/Homo sapiens/JOR/C2706/2013,0,0
PP_0024WZV.2,B.D,13/02/2011,Jordan,Amman,"Shabman, R.; Das, S. R.; Puri, V.; Fedorova, N.; Amedeo, P.; Williams, M.; Shrivastava, S.; Halasa, N.",J. Craig Venter Institute,Homo sapiens,15212,15/08/2016,KX655654.1,Automated Ingest from INSDC/NCBI Virus by Loculus,OPEN,https://pathoplexus.org/about/terms-of-use/open-data,,0.999277362,,,KX655654.1,,,RSVB/Homo sapiens/JOR/D3125/2011,0,0
PP_0024X0T.2,B.D,24/03/2010,Jordan,Amman,"Shabman, R.; Das, S. R.; Puri, V.; Fedorova, N.; Amedeo, P.; Williams, M.; Shrivastava, S.; Halasa, N.",J. Craig Venter Institute,Homo sapiens,15172,15/08/2016,KX655655.1,Automated Ingest from INSDC/NCBI Virus by Loculus,OPEN,https://pathoplexus.org/about/terms-of-use/open-data,,0.996715281,,,KX655655.1,,,RSVB/Homo sapiens/JOR/B1011/2010,0,0
PP_0024X3M.2,B.D.4,27/12/2012,Jordan,Amman,"Shabman, R.; Das, S. R.; Puri, V.; Fedorova, N.; Amedeo, P.; Williams, M.; Shrivastava, S.; Halasa, N.",J. Craig Venter Institute,Homo sapiens,15245,15/08/2016,KX655664.1,Automated Ingest from INSDC/NCBI Virus by Loculus,OPEN,https://pathoplexus.org/about/terms-of-use/open-data,,0.999277362,,,KX655664.1,,,RSVB/Homo sapiens/JOR/A0656/2012,0,0
PP_0024X6F.2,B.D,26/02/2013,Jordan,Amman,"Shabman, R.; Das, S. R.; Puri, V.; Fedorova, N.; Amedeo, P.; Williams, M.; Shrivastava, S.; Halasa, N.",J. Craig Venter Institute,Homo sapiens,15152,15/08/2016,KX655674.1,Automated Ingest from INSDC/NCBI Virus by Loculus,OPEN,https://pathoplexus.org/about/terms-of-use/open-data,,0.995861253,,,KX655674.1,,,RSVB/Homo sapiens/JOR/C2739/2013,0,0
PP_0024X7D.2,B.D.4,13/03/2013,Jordan,Amman,"Shabman, R.; Das, S. R.; Puri, V.; Fedorova, N.; Amedeo, P.; Williams, M.; Shrivastava, S.; Halasa, N.",J. Craig Venter Institute,Homo sapiens,15228,15/08/2016,KX655681.1,Automated Ingest from INSDC/NCBI Virus by Loculus,OPEN,https://pathoplexus.org/about/terms-of-use/open-data,,0.999277362,,,KX655681.1,,,RSVB/Homo sapiens/JOR/A0767/2013,0,0
PP_0024X8B.2,B.D,03/03/2013,Jordan,Amman,"Shabman, R.; Das, S. R.; Puri, V.; Fedorova, N.; Amedeo, P.; Williams, M.; Shrivastava, S.; Halasa, N.",J. Craig Venter Institute,Homo sapiens,15172,15/08/2016,KX655683.1,Automated Ingest from INSDC/NCBI Virus by Loculus,OPEN,https://pathoplexus.org/about/terms-of-use/open-data,,0.996715281,,,KX655683.1,,,RSVB/Homo sapiens/JOR/A0751/2013,0,0
PP_0024X99.2,B.D,21/03/2010,Jordan,Amman,"Shabman, R.; Das, S. R.; Puri, V.; Fedorova, N.; Amedeo, P.; Williams, M.; Shrivastava, S.; Halasa, N.",J. Craig Venter Institute,Homo sapiens,15171,15/08/2016,KX655684.1,Automated Ingest from INSDC/NCBI Virus by Loculus,OPEN,https://pathoplexus.org/about/terms-of-use/open-data,,0.996715281,,,KX655684.1,,,RSVB/Homo sapiens/JOR/D3002/2010,0,0
PP_0024XA7.2,B.D.1.1,24/04/2012,Jordan,Amman,"Shabman, R.; Das, S. R.; Puri, V.; Fedorova, N.; Amedeo, P.; Williams, M.; Shrivastava, S.; Halasa, N.",J. Craig Venter Institute,Homo sapiens,15172,15/08/2016,KX655685.1,Automated Ingest from INSDC/NCBI Virus by Loculus,OPEN,https://pathoplexus.org/about/terms-of-use/open-data,,0.996715281,,,KX655685.1,,,RSVB/Homo sapiens/JOR/D3504/2012,0,0
PP_0024XB5.2,B.D,05/04/2012,Jordan,Amman,"Shabman, R.; Das, S. R.; Puri, V.; Fedorova, N.; Amedeo, P.; Williams, M.; Shrivastava, S.; Halasa, N.",J. Craig Venter Institute,Homo sapiens,15228,15/08/2016,KX655686.1,Automated Ingest from INSDC/NCBI Virus by Loculus,OPEN,https://pathoplexus.org/about/terms-of-use/open-data,,0.999277362,,,KX655686.1,,,RSVB/Homo sapiens/JOR/C2486/2012,0,0
PP_0024XC3.2,B.D.1,31/03/2010,Jordan,Amman,"Shabman, R.; Das, S. R.; Puri, V.; Fedorova, N.; Amedeo, P.; Williams, M.; Shrivastava, S.; Halasa, N.",J. Craig Venter Institute,Homo sapiens,15112,15/08/2016,KX655690.1,Automated Ingest from INSDC/NCBI Virus by Loculus,OPEN,https://pathoplexus.org/about/terms-of-use/open-data,,0.996715281,,,KX655690.1,,,RSVB/Homo sapiens/JOR/A0009/2010,0,0
PP_0024XHS.2,B.D.1.1,30/07/2014,New Zealand,Christchurch,"Shabman, R.; Das, S. R.; Shilts, M.; Fedorova, N.; Puri, V.; Shrivastava, S.; Amedeo, P.; Williams, M.; Barratt, K.; Mitchell, J.; Jennings, L.",J. Craig Venter Institute,Homo sapiens,15171,01/10/2016,KX765888.1,Automated Ingest from INSDC/NCBI Virus by Loculus,OPEN,https://pathoplexus.org/about/terms-of-use/open-data,,0.996715281,,,KX765888.1,,,RSVB/Homo sapiens/NZL/LJRSV34/2014,0,0
PP_0024XJQ.2,B.D,30/07/2012,New Zealand,Christchurch,"Shabman, R.; Das, S. R.; Shilts, M.; Fedorova, N.; Puri, V.; Shrivastava, S.; Amedeo, P.; Williams, M.; Barratt, K.; Mitchell, J.; Jennings, L.",J. Craig Venter Institute,Homo sapiens,15173,01/10/2016,KX765889.1,Automated Ingest from INSDC/NCBI Virus by Loculus,OPEN,https://pathoplexus.org/about/terms-of-use/open-data,,0.996715281,,,KX765889.1,,,RSVB/Homo sapiens/NZL/LJRSV56/2012,0,0
PP_0024XKN.2,B.D,03/07/2011,New Zealand,Christchurch,"Shabman, R.; Das, S. R.; Shilts, M.; Fedorova, N.; Puri, V.; Shrivastava, S.; Amedeo, P.; Williams, M.; Barratt, K.; Mitchell, J.; Jennings, L.",J. Craig Venter Institute,Homo sapiens,15173,01/10/2016,KX765890.1,Automated Ingest from INSDC/NCBI Virus by Loculus,OPEN,https://pathoplexus.org/about/terms-of-use/open-data,,0.996715281,,,KX765890.1,,,RSVB/Homo sapiens/NZL/LJRSV72/2011,0,0
PP_0024XLL.2,B.D.4,30/05/2014,New Zealand,Christchurch,"Shabman, R.; Das, S. R.; Shilts, M.; Fedorova, N.; Puri, V.; Shrivastava, S.; Amedeo, P.; Williams, M.; Barratt, K.; Mitchell, J.; Jennings, L.",J. Craig Venter Institute,Homo sapiens,15233,01/10/2016,KX765892.1,Automated Ingest from INSDC/NCBI Virus by Loculus,OPEN,https://pathoplexus.org/about/terms-of-use/open-data,,0.999277362,,,KX765892.1,,,RSVB/Homo sapiens/NZL/LJRSV21/2014,0,0
PP_0024XNG.2,B.D.4,31/05/2014,New Zealand,Christchurch,"Shabman, R.; Das, S. R.; Shilts, M.; Fedorova, N.; Puri, V.; Shrivastava, S.; Amedeo, P.; Williams, M.; Barratt, K.; Mitchell, J.; Jennings, L.",J. Craig Venter Institute,Homo sapiens,15232,01/10/2016,KX765895.1,Automated Ingest from INSDC/NCBI Virus by Loculus,OPEN,https://pathoplexus.org/about/terms-of-use/open-data,,0.999277362,,,KX765895.1,,,RSVB/Homo sapiens/NZL/LJRSV22/2014,0,0
PP_0024XQC.2,B.D,09/08/2010,New Zealand,Christchurch,"Shabman, R.; Das, S. R.; Shilts, M.; Fedorova, N.; Puri, V.; Shrivastava, S.; Amedeo, P.; Williams, M.; Barratt, K.; Mitchell, J.; Jennings, L.",J. Craig Venter Institute,Homo sapiens,15212,01/10/2016,KX765899.1,Automated Ingest from INSDC/NCBI Virus by Loculus,OPEN,https://pathoplexus.org/about/terms-of-use/open-data,,0.999277362,,,KX765899.1,,,RSVB/Homo sapiens/NZL/LJRSV89/2010,0,0
PP_0024XS8.2,B.D,19/09/2011,New Zealand,Christchurch,"Shabman, R.; Das, S. R.; Shilts, M.; Fedorova, N.; Puri, V.; Shrivastava, S.; Amedeo, P.; Williams, M.; Barratt, K.; Mitchell, J.; Jennings, L.",J. Craig Venter Institute,Homo sapiens,15175,01/10/2016,KX765903.1,Automated Ingest from INSDC/NCBI Virus by Loculus,OPEN,https://pathoplexus.org/about/terms-of-use/open-data,,0.996715281,,,KX765903.1,,,RSVB/Homo sapiens/NZL/LJRSV85/2011,0,0
PP_0024XT6.2,B.D.4,28/06/2014,New Zealand,Christchurch,"Shabman, R.; Das, S. R.; Shilts, M.; Fedorova, N.; Puri, V.; Shrivastava, S.; Amedeo, P.; Williams, M.; Barratt, K.; Mitchell, J.; Jennings, L.",J. Craig Venter Institute,Homo sapiens,15212,01/10/2016,KX765905.1,Automated Ingest from INSDC/NCBI Virus by Loculus,OPEN,https://pathoplexus.org/about/terms-of-use/open-data,,0.999277362,,,KX765905.1,,,RSVB/Homo sapiens/NZL/LJRSV32/2014,0,0
PP_0024XV2.2,B.D.1.1,05/06/2014,New Zealand,Christchurch,"Shabman, R.; Das, S. R.; Shilts, M.; Fedorova, N.; Puri, V.; Shrivastava, S.; Amedeo, P.; Williams, M.; Barratt, K.; Mitchell, J.; Jennings, L.",J. Craig Venter Institute,Homo sapiens,15172,01/10/2016,KX765907.1,Automated Ingest from INSDC/NCBI Virus by Loculus,OPEN,https://pathoplexus.org/about/terms-of-use/open-data,,0.996715281,,,KX765907.1,,,RSVB/Homo sapiens/NZL/LJRSV25/2014,0,0
PP_0024XW0.2,B.D.1.1,22/10/2013,New Zealand,Christchurch,"Shabman, R.; Das, S. R.; Shilts, M.; Fedorova, N.; Puri, V.; Shrivastava, S.; Amedeo, P.; Williams, M.; Barratt, K.; Mitchell, J.; Jennings, L.",J. Craig Venter Institute,Homo sapiens,15172,01/10/2016,KX765908.1,Automated Ingest from INSDC/NCBI Virus by Loculus,OPEN,https://pathoplexus.org/about/terms-of-use/open-data,,0.996715281,,,KX765908.1,,,RSVB/Homo sapiens/NZL/LJRSV49/2013,0,0
PP_0024Y0S.2,B.D,09/07/2011,New Zealand,Christchurch,"Shabman, R.; Das, S. R.; Shilts, M.; Fedorova, N.; Puri, V.; Shrivastava, S.; Amedeo, P.; Williams, M.; Barratt, K.; Mitchell, J.; Jennings, L.",J. Craig Venter Institute,Homo sapiens,15173,01/10/2016,KX765922.1,Automated Ingest from INSDC/NCBI Virus by Loculus,OPEN,https://pathoplexus.org/about/terms-of-use/open-data,,0.996715281,,,KX765922.1,,,RSVB/Homo sapiens/NZL/LJRSV78/2011,0,0
PP_0024Y2N.2,B.D,03/07/2011,New Zealand,Christchurch,"Shabman, R.; Das, S. R.; Shilts, M.; Fedorova, N.; Puri, V.; Shrivastava, S.; Amedeo, P.; Williams, M.; Barratt, K.; Mitchell, J.; Jennings, L.",J. Craig Venter Institute,Homo sapiens,15175,01/10/2016,KX765927.1,Automated Ingest from INSDC/NCBI Virus by Loculus,OPEN,https://pathoplexus.org/about/terms-of-use/open-data,,0.996715281,,,KX765927.1,,,RSVB/Homo sapiens/NZL/LJRSV73/2011,0,0
PP_0024Y5G.2,B.D.4.1,29/06/2015,New Zealand,Christchurch,"Shabman, R.; Das, S. R.; Shilts, M.; Fedorova, N.; Puri, V.; Shrivastava, S.; Amedeo, P.; Williams, M.; Barratt, K.; Mitchell, J.; Jennings, L.",J. Craig Venter Institute,Homo sapiens,15232,01/10/2016,KX765935.1,Automated Ingest from INSDC/NCBI Virus by Loculus,OPEN,https://pathoplexus.org/about/terms-of-use/open-data,,0.999277362,,,KX765935.1,,,RSVB/Homo sapiens/NZL/LJRSV07/2015,0,0
PP_0024Y7C.2,B.D,20/10/2010,New Zealand,Christchurch,"Shabman, R.; Das, S. R.; Shilts, M.; Fedorova, N.; Puri, V.; Shrivastava, S.; Amedeo, P.; Williams, M.; Barratt, K.; Mitchell, J.; Jennings, L.",J. Craig Venter Institute,Homo sapiens,15232,01/10/2016,KX765945.1,Automated Ingest from INSDC/NCBI Virus by Loculus,OPEN,https://pathoplexus.org/about/terms-of-use/open-data,,0.999277362,,,KX765945.1,,,RSVB/Homo sapiens/NZL/LJRSV98/2010,0,0
PP_0024Y98.2,B.D,04/09/2011,New Zealand,Christchurch,"Shabman, R.; Das, S. R.; Shilts, M.; Fedorova, N.; Puri, V.; Shrivastava, S.; Amedeo, P.; Williams, M.; Barratt, K.; Mitchell, J.; Jennings, L.",J. Craig Venter Institute,Homo sapiens,15172,01/10/2016,KX765949.1,Automated Ingest from INSDC/NCBI Virus by Loculus,OPEN,https://pathoplexus.org/about/terms-of-use/open-data,,0.996715281,,,KX765949.1,,,RSVB/Homo sapiens/NZL/LJRSV79/2011,0,0
PP_0024YA6.2,B.D,19/08/2012,New Zealand,Christchurch,"Shabman, R.; Das, S. R.; Shilts, M.; Fedorova, N.; Puri, V.; Shrivastava, S.; Amedeo, P.; Williams, M.; Barratt, K.; Mitchell, J.; Jennings, L.",J. Craig Venter Institute,Homo sapiens,15172,01/10/2016,KX765952.1,Automated Ingest from INSDC/NCBI Virus by Loculus,OPEN,https://pathoplexus.org/about/terms-of-use/open-data,,0.996715281,,,KX765952.1,,,RSVB/Homo sapiens/NZL/LJRSV63/2012,0,0
PP_0024YC2.2,B.D.4,08/09/2013,New Zealand,Christchurch,"Shabman, R.; Das, S. R.; Shilts, M.; Fedorova, N.; Puri, V.; Shrivastava, S.; Amedeo, P.; Williams, M.; Barratt, K.; Mitchell, J.; Jennings, L.",J. Craig Venter Institute,Homo sapiens,15232,01/10/2016,KX765959.1,Automated Ingest from INSDC/NCBI Virus by Loculus,OPEN,https://pathoplexus.org/about/terms-of-use/open-data,,0.999277362,,,KX765959.1,,,RSVB/Homo sapiens/NZL/LJRSV51/2013,0,0
PP_0024YD0.2,B.D.4,10/07/2015,New Zealand,Christchurch,"Shabman, R.; Das, S. R.; Shilts, M.; Fedorova, N.; Puri, V.; Shrivastava, S.; Amedeo, P.; Williams, M.; Barratt, K.; Mitchell, J.; Jennings, L.",J. Craig Venter Institute,Homo sapiens,15232,01/10/2016,KX765961.1,Automated Ingest from INSDC/NCBI Virus by Loculus,OPEN,https://pathoplexus.org/about/terms-of-use/open-data,,0.999277362,,,KX765961.1,,,RSVB/Homo sapiens/NZL/LJRSV16/2015,0,0
PP_0024YFW.2,B.D,09/08/2010,New Zealand,Christchurch,"Shabman, R.; Das, S. R.; Shilts, M.; Fedorova, N.; Puri, V.; Shrivastava, S.; Amedeo, P.; Williams, M.; Barratt, K.; Mitchell, J.; Jennings, L.",J. Craig Venter Institute,Homo sapiens,15172,01/10/2016,KX765963.1,Automated Ingest from INSDC/NCBI Virus by Loculus,OPEN,https://pathoplexus.org/about/terms-of-use/open-data,,0.996715281,,,KX765963.1,,,RSVB/Homo sapiens/NZL/LJRSV90/2010,0,0
PP_0024YGU.2,B.D,18/07/2012,New Zealand,Christchurch,"Shabman, R.; Das, S. R.; Shilts, M.; Fedorova, N.; Puri, V.; Shrivastava, S.; Amedeo, P.; Williams, M.; Barratt, K.; Mitchell, J.; Jennings, L.",J. Craig Venter Institute,Homo sapiens,15173,01/10/2016,KX765964.1,Automated Ingest from INSDC/NCBI Virus by Loculus,OPEN,https://pathoplexus.org/about/terms-of-use/open-data,,0.996715281,,,KX765964.1,,,RSVB/Homo sapiens/NZL/LJRSV53/2012,0,0
PP_0024YHR.2,B.D.1.1,09/09/2013,New Zealand,Christchurch,"Shabman, R.; Das, S. R.; Shilts, M.; Fedorova, N.; Puri, V.; Shrivastava, S.; Amedeo, P.; Williams, M.; Barratt, K.; Mitchell, J.; Jennings, L.",J. Craig Venter Institute,Homo sapiens,15172,01/10/2016,KX765965.1,Automated Ingest from INSDC/NCBI Virus by Loculus,OPEN,https://pathoplexus.org/about/terms-of-use/open-data,,0.996715281,,,KX765965.1,,,RSVB/Homo sapiens/NZL/LJRSV48/2013,0,0
PP_0024YMH.1,B.D.4,21/12/2012,United Kingdom,,"Valappil, M.; Talts, T.; Ellis, J.; Sails, A.; Eltringham, G.; Waugh, S.; Gould, K.; Harrison, I.; Pebody, R.; Zambon, M.","Public Health England National Infection Services, Reference Microbiology",Homo sapiens,15276,24/01/2017,KY249667.1,Automated Ingest from INSDC/NCBI Virus by Loculus,OPEN,https://pathoplexus.org/about/terms-of-use/open-data,,1,,,KY249667.1,,,RSVB/England313/2012,0,0
PP_0024YNF.1,B.D,06/12/2012,United Kingdom,,"Valappil, M.; Talts, T.; Ellis, J.; Sails, A.; Eltringham, G.; Waugh, S.; Gould, K.; Harrison, I.; Pebody, R.; Zambon, M.","Public Health England National Infection Services, Reference Microbiology",Homo sapiens,15269,24/01/2017,KY249668.1,Automated Ingest from INSDC/NCBI Virus by Loculus,OPEN,https://pathoplexus.org/about/terms-of-use/open-data,,1,,,KY249668.1,,,RSVB/England453/2012,0,0
PP_0024YPD.1,B.D,06/12/2012,United Kingdom,,"Valappil, M.; Talts, T.; Ellis, J.; Sails, A.; Eltringham, G.; Waugh, S.; Gould, K.; Harrison, I.; Pebody, R.; Zambon, M.","Public Health England National Infection Services, Reference Microbiology",Homo sapiens,15268,24/01/2017,KY249669.1,Automated Ingest from INSDC/NCBI Virus by Loculus,OPEN,https://pathoplexus.org/about/terms-of-use/open-data,,1,,,KY249669.1,,,RSVB/England787/2012,0,0
PP_0024YQB.1,B.D.4,04/12/2012,United Kingdom,,"Valappil, M.; Talts, T.; Ellis, J.; Sails, A.; Eltringham, G.; Waugh, S.; Gould, K.; Harrison, I.; Pebody, R.; Zambon, M.","Public Health England National Infection Services, Reference Microbiology",Homo sapiens,15274,24/01/2017,KY249670.1,Automated Ingest from INSDC/NCBI Virus by Loculus,OPEN,https://pathoplexus.org/about/terms-of-use/open-data,,1,,,KY249670.1,,,RSVB/England783/2012,0,0
PP_0024YR9.1,B.D,27/11/2012,United Kingdom,,"Valappil, M.; Talts, T.; Ellis, J.; Sails, A.; Eltringham, G.; Waugh, S.; Gould, K.; Harrison, I.; Pebody, R.; Zambon, M.","Public Health England National Infection Services, Reference Microbiology",Homo sapiens,15276,24/01/2017,KY249671.1,Automated Ingest from INSDC/NCBI Virus by Loculus,OPEN,https://pathoplexus.org/about/terms-of-use/open-data,,1,,,KY249671.1,,,RSVB/England864/2012,0,0
PP_0024YS7.2,B.D.4,17/09/2011,New Zealand,Christchurch,"Shabman, R.; Das, S. R.; Shilts, M.; Fedorova, N.; Puri, V.; Shrivastava, S.; Amedeo, P.; Williams, M.; Barratt, K.; Mitchell, J.; Jennings, L.",J. Craig Venter Institute,Homo sapiens,15231,01/10/2016,KX765975.2,Automated Ingest from INSDC/NCBI Virus by Loculus,OPEN,https://pathoplexus.org/about/terms-of-use/open-data,,0.999277362,,,KX765975.2,,,RSVB/Homo sapiens/NZL/LJRSV82/2011,0,0
PP_0024YT5.2,B.D,28/08/2012,New Zealand,Christchurch,"Shabman, R.; Das, S. R.; Shilts, M.; Fedorova, N.; Puri, V.; Shrivastava, S.; Amedeo, P.; Williams, M.; Barratt, K.; Mitchell, J.; Jennings, L.",J. Craig Venter Institute,Homo sapiens,15173,01/10/2016,KX765976.1,Automated Ingest from INSDC/NCBI Virus by Loculus,OPEN,https://pathoplexus.org/about/terms-of-use/open-data,,0.996715281,,,KX765976.1,,,RSVB/Homo sapiens/NZL/LJRSV67/2012,0,0
PP_0024YU3.2,B.D,03/07/2011,New Zealand,Christchurch,"Shabman, R.; Das, S. R.; Shilts, M.; Fedorova, N.; Puri, V.; Shrivastava, S.; Amedeo, P.; Williams, M.; Barratt, K.; Mitchell, J.; Jennings, L.",J. Craig Venter Institute,Homo sapiens,15172,01/10/2016,KX765978.1,Automated Ingest from INSDC/NCBI Virus by Loculus,OPEN,https://pathoplexus.org/about/terms-of-use/open-data,,0.996715281,,,KX765978.1,,,RSVB/Homo sapiens/NZL/LJRSV71/2011,0,0
PP_0025JWB.1,B.D.4,07/01/2014,United Kingdom,,"Valappil, M.; Talts, T.; Ellis, J.; Sails, A.; Eltringham, G.; Waugh, S.; Gould, K.; Harrison, I.; Pebody, R.; Zambon, M.","Public Health England National Infection Services, Reference Microbiology",Homo sapiens,15276,24/01/2017,KY249656.1,Automated Ingest from INSDC/NCBI Virus by Loculus,OPEN,https://pathoplexus.org/about/terms-of-use/open-data,,1,,,KY249656.1,,,RSVB/England136/2014,0,0
PP_0025JZ5.1,B.D.1,18/12/2013,United Kingdom,,"Valappil, M.; Talts, T.; Ellis, J.; Sails, A.; Eltringham, G.; Waugh, S.; Gould, K.; Harrison, I.; Pebody, R.; Zambon, M.","Public Health England National Infection Services, Reference Microbiology",Homo sapiens,15276,24/01/2017,KY249659.1,Automated Ingest from INSDC/NCBI Virus by Loculus,OPEN,https://pathoplexus.org/about/terms-of-use/open-data,,1,,,KY249659.1,,,RSVB/England595/2013,0,0
PP_0025K03.1,B.D.4.1,18/12/2013,United Kingdom,,"Valappil, M.; Talts, T.; Ellis, J.; Sails, A.; Eltringham, G.; Waugh, S.; Gould, K.; Harrison, I.; Pebody, R.; Zambon, M.","Public Health England National Infection Services, Reference Microbiology",Homo sapiens,15247,24/01/2017,KY249660.1,Automated Ingest from INSDC/NCBI Virus by Loculus,OPEN,https://pathoplexus.org/about/terms-of-use/open-data,,1,,,KY249660.1,,,RSVB/England583/2013,0,0
PP_0025K11.1,B.D.1.1,27/11/2013,United Kingdom,,"Valappil, M.; Talts, T.; Ellis, J.; Sails, A.; Eltringham, G.; Waugh, S.; Gould, K.; Harrison, I.; Pebody, R.; Zambon, M.","Public Health England National Infection Services, Reference Microbiology",Homo sapiens,15247,24/01/2017,KY249661.1,Automated Ingest from INSDC/NCBI Virus by Loculus,OPEN,https://pathoplexus.org/about/terms-of-use/open-data,,1,,,KY249661.1,,,RSVB/England015/2013,0,0
PP_0025K2Z.1,B.D.1,19/11/2013,United Kingdom,,"Valappil, M.; Talts, T.; Ellis, J.; Sails, A.; Eltringham, G.; Waugh, S.; Gould, K.; Harrison, I.; Pebody, R.; Zambon, M.","Public Health England National Infection Services, Reference Microbiology",Homo sapiens,15276,24/01/2017,KY249662.1,Automated Ingest from INSDC/NCBI Virus by Loculus,OPEN,https://pathoplexus.org/about/terms-of-use/open-data,,1,,,KY249662.1,,,RSVB/England080/2013,0,0
PP_0025K4V.1,B.D.4,12/11/2013,United Kingdom,,"Valappil, M.; Talts, T.; Ellis, J.; Sails, A.; Eltringham, G.; Waugh, S.; Gould, K.; Harrison, I.; Pebody, R.; Zambon, M.","Public Health England National Infection Services, Reference Microbiology",Homo sapiens,15276,24/01/2017,KY249664.1,Automated Ingest from INSDC/NCBI Virus by Loculus,OPEN,https://pathoplexus.org/about/terms-of-use/open-data,,1,,,KY249664.1,,,RSVB/England135/2013,0,0
PP_0025K5T.1,B.D.4,09/10/2013,United Kingdom,,"Valappil, M.; Talts, T.; Ellis, J.; Sails, A.; Eltringham, G.; Waugh, S.; Gould, K.; Harrison, I.; Pebody, R.; Zambon, M.","Public Health England National Infection Services, Reference Microbiology",Homo sapiens,15278,24/01/2017,KY249665.1,Automated Ingest from INSDC/NCBI Virus by Loculus,OPEN,https://pathoplexus.org/about/terms-of-use/open-data,,0.999934306,,,KY249665.1,,,RSVB/England617/2013,1,0
PP_0025K6R.1,B.D.1.1,02/01/2013,United Kingdom,,"Valappil, M.; Talts, T.; Ellis, J.; Sails, A.; Eltringham, G.; Waugh, S.; Gould, K.; Harrison, I.; Pebody, R.; Zambon, M.","Public Health England National Infection Services, Reference Microbiology",Homo sapiens,15277,24/01/2017,KY249666.1,Automated Ingest from INSDC/NCBI Virus by Loculus,OPEN,https://pathoplexus.org/about/terms-of-use/open-data,,1,,,KY249666.1,,,RSVB/England400/2013,0,0
PP_0025K8M.1,B.D,23/11/2012,United Kingdom,,"Valappil, M.; Talts, T.; Ellis, J.; Sails, A.; Eltringham, G.; Waugh, S.; Gould, K.; Harrison, I.; Pebody, R.; Zambon, M.","Public Health England National Infection Services, Reference Microbiology",Homo sapiens,15281,24/01/2017,KY249672.1,Automated Ingest from INSDC/NCBI Virus by Loculus,OPEN,https://pathoplexus.org/about/terms-of-use/open-data,,1,,,KY249672.1,,,RSVB/England198/2012,0,0
PP_0025K9K.1,B.D.4,19/11/2012,United Kingdom,,"Valappil, M.; Talts, T.; Ellis, J.; Sails, A.; Eltringham, G.; Waugh, S.; Gould, K.; Harrison, I.; Pebody, R.; Zambon, M.","Public Health England National Infection Services, Reference Microbiology",Homo sapiens,15247,24/01/2017,KY249673.1,Automated Ingest from INSDC/NCBI Virus by Loculus,OPEN,https://pathoplexus.org/about/terms-of-use/open-data,,1,,,KY249673.1,,,RSVB/England537/2012,0,0
PP_0025KAH.1,B.D.1.1,16/11/2012,United Kingdom,,"Valappil, M.; Talts, T.; Ellis, J.; Sails, A.; Eltringham, G.; Waugh, S.; Gould, K.; Harrison, I.; Pebody, R.; Zambon, M.","Public Health England National Infection Services, Reference Microbiology",Homo sapiens,15276,24/01/2017,KY249674.1,Automated Ingest from INSDC/NCBI Virus by Loculus,OPEN,https://pathoplexus.org/about/terms-of-use/open-data,,1,,,KY249674.1,,,RSVB/England127/2012,0,0
PP_0025KBF.1,B.D,23/01/2012,United Kingdom,,"Valappil, M.; Talts, T.; Ellis, J.; Sails, A.; Eltringham, G.; Waugh, S.; Gould, K.; Harrison, I.; Pebody, R.; Zambon, M.","Public Health England National Infection Services, Reference Microbiology",Homo sapiens,15276,24/01/2017,KY249675.1,Automated Ingest from INSDC/NCBI Virus by Loculus,OPEN,https://pathoplexus.org/about/terms-of-use/open-data,,1,,,KY249675.1,,,RSVB/England306/2012,0,0
PP_0025KCD.1,B.D,04/01/2012,United Kingdom,,"Valappil, M.; Talts, T.; Ellis, J.; Sails, A.; Eltringham, G.; Waugh, S.; Gould, K.; Harrison, I.; Pebody, R.; Zambon, M.","Public Health England National Infection Services, Reference Microbiology",Homo sapiens,15277,24/01/2017,KY249676.1,Automated Ingest from INSDC/NCBI Virus by Loculus,OPEN,https://pathoplexus.org/about/terms-of-use/open-data,,1,,,KY249676.1,,,RSVB/England133/2012,0,0
PP_0025KDB.1,B.D.4,06/01/2012,United Kingdom,,"Valappil, M.; Talts, T.; Ellis, J.; Sails, A.; Eltringham, G.; Waugh, S.; Gould, K.; Harrison, I.; Pebody, R.; Zambon, M.","Public Health England National Infection Services, Reference Microbiology",Homo sapiens,15276,24/01/2017,KY249677.1,Automated Ingest from INSDC/NCBI Virus by Loculus,OPEN,https://pathoplexus.org/about/terms-of-use/open-data,,1,,,KY249677.1,,,RSVB/England132/2012,0,0
PP_0025KE9.1,B.D.4,28/12/2011,United Kingdom,,"Valappil, M.; Talts, T.; Ellis, J.; Sails, A.; Eltringham, G.; Waugh, S.; Gould, K.; Harrison, I.; Pebody, R.; Zambon, M.","Public Health England National Infection Services, Reference Microbiology",Homo sapiens,15276,24/01/2017,KY249678.1,Automated Ingest from INSDC/NCBI Virus by Loculus,OPEN,https://pathoplexus.org/about/terms-of-use/open-data,,1,,,KY249678.1,,,RSVB/England122/2011,0,0
PP_0025KF7.1,B.D,22/12/2011,United Kingdom,,"Valappil, M.; Talts, T.; Ellis, J.; Sails, A.; Eltringham, G.; Waugh, S.; Gould, K.; Harrison, I.; Pebody, R.; Zambon, M.","Public Health England National Infection Services, Reference Microbiology",Homo sapiens,15253,24/01/2017,KY249679.1,Automated Ingest from INSDC/NCBI Virus by Loculus,OPEN,https://pathoplexus.org/about/terms-of-use/open-data,,1,,,KY249679.1,,,RSVB/England002/2011,0,0
PP_0025KG5.1,B.D,01/12/2011,United Kingdom,,"Valappil, M.; Talts, T.; Ellis, J.; Sails, A.; Eltringham, G.; Waugh, S.; Gould, K.; Harrison, I.; Pebody, R.; Zambon, M.","Public Health England National Infection Services, Reference Microbiology",Homo sapiens,15246,24/01/2017,KY249680.1,Automated Ingest from INSDC/NCBI Virus by Loculus,OPEN,https://pathoplexus.org/about/terms-of-use/open-data,,1,,,KY249680.1,,,RSVB/England447/2011,0,0
PP_0025KH2.1,B.D.4.1,05/01/2016,United Kingdom,,"Valappil, M.; Talts, T.; Ellis, J.; Sails, A.; Eltringham, G.; Waugh, S.; Gould, K.; Harrison, I.; Pebody, R.; Zambon, M.","Public Health England National Infection Services, Reference Microbiology",Homo sapiens,15247,24/01/2017,KY249681.1,Automated Ingest from INSDC/NCBI Virus by Loculus,OPEN,https://pathoplexus.org/about/terms-of-use/open-data,,1,,,KY249681.1,,,RSVB/England138/2016,0,0
PP_0025TW2.2,B,2002,USA,Connecticut,"Levitz, R.; Gao, Y.; Dozmorov, I.; Song, R.; Wakeland, E. K.; Kahn, J. S.","UT Southwestern Medical Center, Pediatrics",Homo sapiens,14986,17/09/2017,MF185751.1,Automated Ingest from INSDC/NCBI Virus by Loculus,OPEN,https://pathoplexus.org/about/terms-of-use/open-data,,0.988240704,,,MF185751.1,,,NH1161,0,0
PP_0025TX0.2,B.D,2002,USA,Connecticut,"Levitz, R.; Gao, Y.; Dozmorov, I.; Song, R.; Wakeland, E. K.; Kahn, J. S.","UT Southwestern Medical Center, Pediatrics",Homo sapiens,15062,17/09/2017,MF185752.1,Automated Ingest from INSDC/NCBI Virus by Loculus,OPEN,https://pathoplexus.org/about/terms-of-use/open-data,,0.98922612,,,MF185752.1,,,NH1182,0,0
PP_0025TYY.2,B.D,2011,USA,Texas,"Levitz, R.; Gao, Y.; Dozmorov, I.; Song, R.; Wakeland, E. K.; Kahn, J. S.","UT Southwestern Medical Center, Pediatrics",Homo sapiens,15074,17/09/2017,MF185753.1,Automated Ingest from INSDC/NCBI Virus by Loculus,OPEN,https://pathoplexus.org/about/terms-of-use/open-data,,0.989948758,,,MF185753.1,,,TX11-56,0,0
PP_0025TZW.2,B,2002,USA,Connecticut,"Levitz, R.; Gao, Y.; Dozmorov, I.; Song, R.; Wakeland, E. K.; Kahn, J. S.","UT Southwestern Medical Center, Pediatrics",Homo sapiens,14987,17/09/2017,MF185754.1,Automated Ingest from INSDC/NCBI Virus by Loculus,OPEN,https://pathoplexus.org/about/terms-of-use/open-data,,0.985810012,,,MF185754.1,,,NH1001,0,40
PP_0025VEZ.1,B.D.4,23/02/2015,Argentina,,"Goya, S.; Valinotto, L. E.; Tittarelli, E.; Rojo, G. L.; Greninger, A.; Zaiat, J.; Marti, M.; Mistchenko, A. S.; Viegas, M.; Luso, S.; Natale, M.","Ricardo Gutierrez Children's Hospital, Virology Laboratory",Homo sapiens,15238,01/12/2017,KY883568.2,Automated Ingest from INSDC/NCBI Virus by Loculus,OPEN,https://pathoplexus.org/about/terms-of-use/open-data,,0.999737222,,,KY883568.2,,,HRSV/B/BuenosAires/ARG/002/2015,2,2
PP_0025VHS.1,B.D,26/05/2015,Argentina,,"Goya, S.; Valinotto, L. E.; Tittarelli, E.; Rojo, G. L.; Greninger, A.; Zaiat, J.; Marti, M.; Mistchenko, A. S.; Viegas, M.; Luso, S.; Natale, M.","Ricardo Gutierrez Children's Hospital, Virology Laboratory",Homo sapiens,15258,01/12/2017,KY883571.2,Automated Ingest from INSDC/NCBI Virus by Loculus,OPEN,https://pathoplexus.org/about/terms-of-use/open-data,,0.99835764,,,KY883571.2,,,HRSV/B/BuenosAires/ARG/005/2015,14,11
PP_002641E.2,B.D.4.1,2017,Japan,Tokyo,"Hasegawa, M.; Okazaki, T.; Sakamoto, T.; Murata, R.; Nagashima, M.; Shinakai, T.; Sadamasu, K.; Shinkai, T.","Microbiology; 3-24-1 hyakunin-cho, Shinjuku-ku, Tokyo 169-0073",Homo sapiens,14983,03/10/2017,LC324678.1,Automated Ingest from INSDC/NCBI Virus by Loculus,OPEN,https://pathoplexus.org/about/terms-of-use/open-data,,0.984167652,,,LC324678.1,,,31170136,3,0
PP_002642C.2,B.D.4.1.1,2017,Japan,Tokyo,"Hasegawa, M.; Okazaki, T.; Sakamoto, T.; Murata, R.; Nagashima, M.; Shinakai, T.; Sadamasu, K.; Shinkai, T.","Microbiology; 3-24-1 hyakunin-cho, Shinjuku-ku, Tokyo 169-0073",Homo sapiens,14950,03/10/2017,LC324679.1,Automated Ingest from INSDC/NCBI Virus by Loculus,OPEN,https://pathoplexus.org/about/terms-of-use/open-data,,0.982065432,,,LC324679.1,,,31170262,1,0
PP_002643A.2,B.D.4.1,30/07/2014,Philippines,,"Okamoto, M.; Sakamoto, M.; Dapat, C.; Saito, M.; Saito-Obata, M.; Tamaki, R.; Lupisan, S. P.; Oshitani, H.","Tohoku University, Virology; 2-1 Seiryo-machi, Aoba-ku, Sendai, Miyagi 980-8575",Homo sapiens,15228,14/08/2018,LC384997.1,Automated Ingest from INSDC/NCBI Virus by Loculus,OPEN,https://pathoplexus.org/about/terms-of-use/open-data,,0.999277362,,,LC384997.1,,,TB5_CA-14-0368_1,0,0
PP_0026448.2,B.D.4,19/10/2015,Philippines,,"Okamoto, M.; Sakamoto, M.; Dapat, C.; Saito, M.; Saito-Obata, M.; Tamaki, R.; Lupisan, S. P.; Oshitani, H.","Tohoku University, Virology; 2-1 Seiryo-machi, Aoba-ku, Sendai, Miyagi 980-8575",Homo sapiens,15230,14/08/2018,LC384998.1,Automated Ingest from INSDC/NCBI Virus by Loculus,OPEN,https://pathoplexus.org/about/terms-of-use/open-data,,0.999211667,,,LC384998.1,,,TB5_CA-15-0741_1,1,0
PP_0026456.2,B.D.4.1,31/07/2014,Philippines,,"Okamoto, M.; Sakamoto, M.; Dapat, C.; Saito, M.; Saito-Obata, M.; Tamaki, R.; Lupisan, S. P.; Oshitani, H.","Tohoku University, Virology; 2-1 Seiryo-machi, Aoba-ku, Sendai, Miyagi 980-8575",Homo sapiens,15228,14/08/2018,LC384999.1,Automated Ingest from INSDC/NCBI Virus by Loculus,OPEN,https://pathoplexus.org/about/terms-of-use/open-data,,0.999277362,,,LC384999.1,,,TB5_CA-14-0377_2,0,0
PP_0026480.2,B.D.4.1,13/10/2015,Philippines,,"Okamoto, M.; Sakamoto, M.; Dapat, C.; Saito, M.; Saito-Obata, M.; Tamaki, R.; Lupisan, S. P.; Oshitani, H.","Tohoku University, Virology; 2-1 Seiryo-machi, Aoba-ku, Sendai, Miyagi 980-8575",Homo sapiens,15229,14/08/2018,LC385002.1,Automated Ingest from INSDC/NCBI Virus by Loculus,OPEN,https://pathoplexus.org/about/terms-of-use/open-data,,0.999277362,,,LC385002.1,,,TB9_KW-15-0377_3,0,0
PP_002649Y.2,B.D.4,16/11/2015,Philippines,,"Okamoto, M.; Sakamoto, M.; Dapat, C.; Saito, M.; Saito-Obata, M.; Tamaki, R.; Lupisan, S. P.; Oshitani, H.","Tohoku University, Virology; 2-1 Seiryo-machi, Aoba-ku, Sendai, Miyagi 980-8575",Homo sapiens,15254,14/08/2018,LC385003.1,Automated Ingest from INSDC/NCBI Virus by Loculus,OPEN,https://pathoplexus.org/about/terms-of-use/open-data,,0.999277362,,,LC385003.1,,,TB5_CA-15-0849_5,0,0
PP_00264BU.2,B.D.4.1,08/09/2014,Philippines,,"Okamoto, M.; Sakamoto, M.; Dapat, C.; Saito, M.; Saito-Obata, M.; Tamaki, R.; Lupisan, S. P.; Oshitani, H.","Tohoku University, Virology; 2-1 Seiryo-machi, Aoba-ku, Sendai, Miyagi 980-8575",Homo sapiens,15228,14/08/2018,LC385005.2,Automated Ingest from INSDC/NCBI Virus by Loculus,OPEN,https://pathoplexus.org/about/terms-of-use/open-data,,0.999277362,,,LC385005.2,,,TB5_CA-14-0525_6,0,0
PP_00264DQ.2,B.D.4,16/10/2015,Philippines,,"Okamoto, M.; Sakamoto, M.; Dapat, C.; Saito, M.; Saito-Obata, M.; Tamaki, R.; Lupisan, S. P.; Oshitani, H.","Tohoku University, Virology; 2-1 Seiryo-machi, Aoba-ku, Sendai, Miyagi 980-8575",Homo sapiens,15228,14/08/2018,LC385007.1,Automated Ingest from INSDC/NCBI Virus by Loculus,OPEN,https://pathoplexus.org/about/terms-of-use/open-data,,0.999277362,,,LC385007.1,,,TB6_CA-15-0412_7,0,0
PP_00264EN.2,B.D.4.1,05/12/2016,Philippines,,"Okamoto, M.; Sakamoto, M.; Dapat, C.; Saito, M.; Saito-Obata, M.; Tamaki, R.; Lupisan, S. P.; Oshitani, H.","Tohoku University, Virology; 2-1 Seiryo-machi, Aoba-ku, Sendai, Miyagi 980-8575",Homo sapiens,15229,14/08/2018,LC385008.1,Automated Ingest from INSDC/NCBI Virus by Loculus,OPEN,https://pathoplexus.org/about/terms-of-use/open-data,,0.999277362,,,LC385008.1,,,TB5_CA-16-0893_7,0,0
PP_00264GJ.2,B.D.1,2010,Japan,Sendai,"Suwa, R.; Kume, Y.; Kawase, M.; Chishiki, M.; Ono, T.; Norito, S.; Sato, K.; Okamoto, M.; Kumaki, S.; Nagai, Y.; Hosoya, M.; Takeda, M.; Nishimura, H.; Hashimoto, K.; Shirato, K.; Dapat, I.; Nao, N.; Omiya, S.; Matsuyama, S.","Virology III; 4-7-1 Gakuen, Musashimurayama, Tokyo 208-0011",Homo sapiens,15231,23/07/2019,LC474523.1,Automated Ingest from INSDC/NCBI Virus by Loculus,OPEN,https://pathoplexus.org/about/terms-of-use/open-data,,0.999277362,,,LC474523.1,,,RSV/B/Sendai/240/10,0,0
PP_00264HF.2,B.D.4,2010,Japan,Sendai,"Suwa, R.; Kume, Y.; Kawase, M.; Chishiki, M.; Ono, T.; Norito, S.; Sato, K.; Okamoto, M.; Kumaki, S.; Nagai, Y.; Hosoya, M.; Takeda, M.; Nishimura, H.; Hashimoto, K.; Shirato, K.; Dapat, I.; Nao, N.; Omiya, S.; Matsuyama, S.","Virology III; 4-7-1 Gakuen, Musashimurayama, Tokyo 208-0011",Homo sapiens,15231,23/07/2019,LC474524.1,Automated Ingest from INSDC/NCBI Virus by Loculus,OPEN,https://pathoplexus.org/about/terms-of-use/open-data,,0.999277362,,,LC474524.1,,,RSV/B/Sendai/1660/10,0,0
PP_00264KB.2,B.D.1,2011,Japan,Sendai,"Suwa, R.; Kume, Y.; Kawase, M.; Chishiki, M.; Ono, T.; Norito, S.; Sato, K.; Okamoto, M.; Kumaki, S.; Nagai, Y.; Hosoya, M.; Takeda, M.; Nishimura, H.; Hashimoto, K.; Shirato, K.; Dapat, I.; Nao, N.; Omiya, S.; Matsuyama, S.","Virology III; 4-7-1 Gakuen, Musashimurayama, Tokyo 208-0011",Homo sapiens,15237,23/07/2019,LC474526.1,Automated Ingest from INSDC/NCBI Virus by Loculus,OPEN,https://pathoplexus.org/about/terms-of-use/open-data,,0.999277362,,,LC474526.1,,,RSV/B/Sendai/1010/11,0,0
PP_00264L9.2,B.D,2011,Japan,Sendai,"Suwa, R.; Kume, Y.; Kawase, M.; Chishiki, M.; Ono, T.; Norito, S.; Sato, K.; Okamoto, M.; Kumaki, S.; Nagai, Y.; Hosoya, M.; Takeda, M.; Nishimura, H.; Hashimoto, K.; Shirato, K.; Dapat, I.; Nao, N.; Omiya, S.; Matsuyama, S.","Virology III; 4-7-1 Gakuen, Musashimurayama, Tokyo 208-0011",Homo sapiens,15228,23/07/2019,LC474527.1,Automated Ingest from INSDC/NCBI Virus by Loculus,OPEN,https://pathoplexus.org/about/terms-of-use/open-data,,0.999277362,,,LC474527.1,,,RSV/B/Sendai/1401/11,0,0
PP_00264M7.2,B.D,2011,Japan,Sendai,"Suwa, R.; Kume, Y.; Kawase, M.; Chishiki, M.; Ono, T.; Norito, S.; Sato, K.; Okamoto, M.; Kumaki, S.; Nagai, Y.; Hosoya, M.; Takeda, M.; Nishimura, H.; Hashimoto, K.; Shirato, K.; Dapat, I.; Nao, N.; Omiya, S.; Matsuyama, S.","Virology III; 4-7-1 Gakuen, Musashimurayama, Tokyo 208-0011",Homo sapiens,15228,23/07/2019,LC474528.1,Automated Ingest from INSDC/NCBI Virus by Loculus,OPEN,https://pathoplexus.org/about/terms-of-use/open-data,,0.999277362,,,LC474528.1,,,RSV/B/Sendai/1511/11,0,0
PP_00264N5.2,B.D,2011,Japan,Sendai,"Suwa, R.; Kume, Y.; Kawase, M.; Chishiki, M.; Ono, T.; Norito, S.; Sato, K.; Okamoto, M.; Kumaki, S.; Nagai, Y.; Hosoya, M.; Takeda, M.; Nishimura, H.; Hashimoto, K.; Shirato, K.; Dapat, I.; Nao, N.; Omiya, S.; Matsuyama, S.","Virology III; 4-7-1 Gakuen, Musashimurayama, Tokyo 208-0011",Homo sapiens,15228,23/07/2019,LC474529.1,Automated Ingest from INSDC/NCBI Virus by Loculus,OPEN,https://pathoplexus.org/about/terms-of-use/open-data,,0.999277362,,,LC474529.1,,,RSV/B/Sendai/1571/11,0,0
PP_00264P3.2,B.D,2011,Japan,Sendai,"Suwa, R.; Kume, Y.; Kawase, M.; Chishiki, M.; Ono, T.; Norito, S.; Sato, K.; Okamoto, M.; Kumaki, S.; Nagai, Y.; Hosoya, M.; Takeda, M.; Nishimura, H.; Hashimoto, K.; Shirato, K.; Dapat, I.; Nao, N.; Omiya, S.; Matsuyama, S.","Virology III; 4-7-1 Gakuen, Musashimurayama, Tokyo 208-0011",Homo sapiens,15228,23/07/2019,LC474530.1,Automated Ingest from INSDC/NCBI Virus by Loculus,OPEN,https://pathoplexus.org/about/terms-of-use/open-data,,0.999277362,,,LC474530.1,,,RSV/B/Sendai/1591/11,0,0
PP_00264RZ.2,B.D.4,2013,Japan,Sendai,"Suwa, R.; Kume, Y.; Kawase, M.; Chishiki, M.; Ono, T.; Norito, S.; Sato, K.; Okamoto, M.; Kumaki, S.; Nagai, Y.; Hosoya, M.; Takeda, M.; Nishimura, H.; Hashimoto, K.; Shirato, K.; Dapat, I.; Nao, N.; Omiya, S.; Matsuyama, S.","Virology III; 4-7-1 Gakuen, Musashimurayama, Tokyo 208-0011",Homo sapiens,15229,23/07/2019,LC474532.1,Automated Ingest from INSDC/NCBI Virus by Loculus,OPEN,https://pathoplexus.org/about/terms-of-use/open-data,,0.999277362,,,LC474532.1,,,RSV/B/Sendai/851/13,0,0
PP_00264SX.2,B.D.4,2013,Japan,Sendai,"Suwa, R.; Kume, Y.; Kawase, M.; Chishiki, M.; Ono, T.; Norito, S.; Sato, K.; Okamoto, M.; Kumaki, S.; Nagai, Y.; Hosoya, M.; Takeda, M.; Nishimura, H.; Hashimoto, K.; Shirato, K.; Dapat, I.; Nao, N.; Omiya, S.; Matsuyama, S.","Virology III; 4-7-1 Gakuen, Musashimurayama, Tokyo 208-0011",Homo sapiens,15229,23/07/2019,LC474533.1,Automated Ingest from INSDC/NCBI Virus by Loculus,OPEN,https://pathoplexus.org/about/terms-of-use/open-data,,0.999277362,,,LC474533.1,,,RSV/B/Sendai/1080/13,0,0
PP_00264TV.2,B.D.4,2013,Japan,Sendai,"Suwa, R.; Kume, Y.; Kawase, M.; Chishiki, M.; Ono, T.; Norito, S.; Sato, K.; Okamoto, M.; Kumaki, S.; Nagai, Y.; Hosoya, M.; Takeda, M.; Nishimura, H.; Hashimoto, K.; Shirato, K.; Dapat, I.; Nao, N.; Omiya, S.; Matsuyama, S.","Virology III; 4-7-1 Gakuen, Musashimurayama, Tokyo 208-0011",Homo sapiens,15229,23/07/2019,LC474534.1,Automated Ingest from INSDC/NCBI Virus by Loculus,OPEN,https://pathoplexus.org/about/terms-of-use/open-data,,0.999277362,,,LC474534.1,,,RSV/B/Sendai/1391/13,0,0
PP_00264VR.2,B.D.4,2015,Japan,Sendai,"Suwa, R.; Kume, Y.; Kawase, M.; Chishiki, M.; Ono, T.; Norito, S.; Sato, K.; Okamoto, M.; Kumaki, S.; Nagai, Y.; Hosoya, M.; Takeda, M.; Nishimura, H.; Hashimoto, K.; Shirato, K.; Dapat, I.; Nao, N.; Omiya, S.; Matsuyama, S.","Virology III; 4-7-1 Gakuen, Musashimurayama, Tokyo 208-0011",Homo sapiens,15230,23/07/2019,LC474536.1,Automated Ingest from INSDC/NCBI Virus by Loculus,OPEN,https://pathoplexus.org/about/terms-of-use/open-data,,0.999277362,,,LC474536.1,,,RSV/B/Sendai/125/15,0,0
PP_00264XM.2,B.D.4,2015,Japan,Sendai,"Suwa, R.; Kume, Y.; Kawase, M.; Chishiki, M.; Ono, T.; Norito, S.; Sato, K.; Okamoto, M.; Kumaki, S.; Nagai, Y.; Hosoya, M.; Takeda, M.; Nishimura, H.; Hashimoto, K.; Shirato, K.; Dapat, I.; Nao, N.; Omiya, S.; Matsuyama, S.","Virology III; 4-7-1 Gakuen, Musashimurayama, Tokyo 208-0011",Homo sapiens,15232,23/07/2019,LC474538.1,Automated Ingest from INSDC/NCBI Virus by Loculus,OPEN,https://pathoplexus.org/about/terms-of-use/open-data,,0.999277362,,,LC474538.1,,,RSV/B/Sendai/913/15,0,0
PP_0026539.2,B.D.4.1,2016,Japan,Sendai,"Suwa, R.; Kume, Y.; Kawase, M.; Chishiki, M.; Ono, T.; Norito, S.; Sato, K.; Okamoto, M.; Kumaki, S.; Nagai, Y.; Hosoya, M.; Takeda, M.; Nishimura, H.; Hashimoto, K.; Shirato, K.; Dapat, I.; Nao, N.; Omiya, S.; Matsuyama, S.","Virology III; 4-7-1 Gakuen, Musashimurayama, Tokyo 208-0011",Homo sapiens,15221,23/07/2019,LC474544.1,Automated Ingest from INSDC/NCBI Virus by Loculus,OPEN,https://pathoplexus.org/about/terms-of-use/open-data,,0.999277362,,,LC474544.1,,,RSV/B/Sendai/1008/16,0,0
PP_0026547.2,B.D.4.1,2016,Japan,Sendai,"Suwa, R.; Kume, Y.; Kawase, M.; Chishiki, M.; Ono, T.; Norito, S.; Sato, K.; Okamoto, M.; Kumaki, S.; Nagai, Y.; Hosoya, M.; Takeda, M.; Nishimura, H.; Hashimoto, K.; Shirato, K.; Dapat, I.; Nao, N.; Omiya, S.; Matsuyama, S.","Virology III; 4-7-1 Gakuen, Musashimurayama, Tokyo 208-0011",Homo sapiens,15221,23/07/2019,LC474545.1,Automated Ingest from INSDC/NCBI Virus by Loculus,OPEN,https://pathoplexus.org/about/terms-of-use/open-data,,0.999277362,,,LC474545.1,,,RSV/B/Sendai/1060/16,0,0
PP_002659X.2,B.D.4.1,2016,Japan,Sendai,"Suwa, R.; Kume, Y.; Kawase, M.; Chishiki, M.; Ono, T.; Norito, S.; Sato, K.; Okamoto, M.; Kumaki, S.; Nagai, Y.; Hosoya, M.; Takeda, M.; Nishimura, H.; Hashimoto, K.; Shirato, K.; Dapat, I.; Nao, N.; Omiya, S.; Matsuyama, S.","Virology III; 4-7-1 Gakuen, Musashimurayama, Tokyo 208-0011",Homo sapiens,15236,23/07/2019,LC474550.1,Automated Ingest from INSDC/NCBI Virus by Loculus,OPEN,https://pathoplexus.org/about/terms-of-use/open-data,,0.999277362,,,LC474550.1,,,RSV/B/Sendai/1171/16,0,0
PP_00265FK.2,B.D,12/04/2014,USA,,"Suwa, R.; Kume, Y.; Kawase, M.; Chishiki, M.; Ono, T.; Norito, S.; Sato, K.; Okamoto, M.; Kumaki, S.; Nagai, Y.; Hosoya, M.; Takeda, M.; Nishimura, H.; Hashimoto, K.; Shirato, K.; Sugimoto, S.; Kakizaki, M.; Okabe, H.; Ujike, M.; Go, H.; Dapat, I.; Nao, N.; Omiya, S.; Matsuyama, S.","Virology III; 4-7-1 Gakuen, Musashimurayama, Tokyo 208-0011",Homo sapiens,15228,23/07/2019,LC474559.1,Automated Ingest from INSDC/NCBI Virus by Loculus,OPEN,https://pathoplexus.org/about/terms-of-use/open-data,,0.999277362,,,LC474559.1,,,RSV/B/NIID/2472/14,0,0
PP_00265GH.2,B.D,13/04/2014,USA,,"Suwa, R.; Kume, Y.; Kawase, M.; Chishiki, M.; Ono, T.; Norito, S.; Sato, K.; Okamoto, M.; Kumaki, S.; Nagai, Y.; Hosoya, M.; Takeda, M.; Nishimura, H.; Hashimoto, K.; Shirato, K.; Dapat, I.; Nao, N.; Omiya, S.; Matsuyama, S.","Virology III; 4-7-1 Gakuen, Musashimurayama, Tokyo 208-0011",Homo sapiens,15227,23/07/2019,LC474560.1,Automated Ingest from INSDC/NCBI Virus by Loculus,OPEN,https://pathoplexus.org/about/terms-of-use/open-data,,0.999277362,,,LC474560.1,,,RSV/B/NIID/2474/14,0,0
PP_002670D.2,B.D.4.1,2016,Japan,Fukushima,"Fukuyama, Y.; Hashimoto, K.; Miyaji, K.; Ishii, K.; Hosoya, M.; Takeshita, F.; Norito, S.","Department of Pediatrics, School of Medicine; 1 Hikariga-oka, Fukushima, Fukushima 960-1295",Homo sapiens,15132,21/06/2019,LC488177.1,Automated Ingest from INSDC/NCBI Virus by Loculus,OPEN,https://pathoplexus.org/about/terms-of-use/open-data,,0.994284588,,,LC488177.1,,,Fukushima/BA9-I/2016,0,0
PP_0026AL3.2,B.D.E.1,12/08/2023,Japan,,"Ichikawa, Y.; Saito, R.","Division of International Health; 1-757 Asahimachi dori, Niigata, Niigata 951-8510",Homo sapiens,15221,17/05/2024,LC816584.1,Automated Ingest from INSDC/NCBI Virus by Loculus,OPEN,https://pathoplexus.org/about/terms-of-use/open-data,,0.999802917,,,LC816584.1,,,HRSV/B/Japan/23RS004ori/2023,0,0
PP_0026CXD.2,B.3,01/12/1997,Japan,Tokyo,"Ito, T.; Sawada, A.; Saito, A.; Ishikura, K.; Kawashima, H.; Nakayama, T.; Katayama, K.; Katayama, Y.","Kitasato University, Infection Control and Immunology; 5-9-1 Shirokane, Minato-ku, Tokyo 108-8641",Homo sapiens,15221,31/05/2023,LC741419.1,Automated Ingest from INSDC/NCBI Virus by Loculus,OPEN,https://pathoplexus.org/about/terms-of-use/open-data,,1,,,LC741419.1,,,RSV/B Tokyo JPN/1997,0,0
PP_0026D31.2,B.D.4.1.1,19/12/2022,Japan,,"Ichikawa, Y.; Saito, R.","Division of International Health; 1-757 Asahimachi dori, Niigata, Niigata 951-8510",Homo sapiens,15218,17/05/2024,LC816576.1,Automated Ingest from INSDC/NCBI Virus by Loculus,OPEN,https://pathoplexus.org/about/terms-of-use/open-data,,0.999802917,,,LC816576.1,,,HRSV/B/Japan/22U047iso/2022,0,0
PP_0026D4Z.3,B.D.4.1.1,2023,Japan,Fukushima,"Kawase, M.; Suwa, R.; Sugimoto, S.; Kakizaki, M.; Kume, Y.; Okabe, H.; Norito, S.; Ujike, M.; Go, H.; Hosoya, M.; Hashimoto, K.; Shirato, K.; Ono, T.; Chishiki, M.; Sato, M.; Sakuma, H.; Suzuki, S.","Virology III; 4-7-1 Gakuen, Musashimurayama, Tokyo 208-0011",Homo sapiens,15250,23/05/2024,LC817403.1,Automated Ingest from INSDC/NCBI Virus by Loculus,OPEN,https://pathoplexus.org/about/terms-of-use/open-data,,0.999868611,,,LC817403.1,,,RSV_B_Fukushima_OR809_2023,0,0
PP_0026E6U.1,B.D.E.1,08/04/2024,Japan,,"Ichikawa, Y.; Saito, R.","Division of International Health; 1-757 Asahimachi dori, Niigata, Niigata 951-8510",Homo sapiens,15222,04/02/2025,LC861969.1,Automated Ingest from INSDC/NCBI Virus by Loculus,OPEN,https://pathoplexus.org/about/terms-of-use/open-data,,0.999934306,,,LC861969.1,,,HRSV/B/Japan/23RS033iso/2024,0,0
PP_0026EEC.1,B.D.4.1.1,30/06/2023,Japan,,"Ichikawa, Y.; Saito, R.","Division of International Health; 1-757 Asahimachi dori, Niigata, Niigata 951-8510",Homo sapiens,15218,04/02/2025,LC861977.1,Automated Ingest from INSDC/NCBI Virus by Loculus,OPEN,https://pathoplexus.org/about/terms-of-use/open-data,,0.999802917,,,LC861977.1,,,HRSV/B/Japan/22U074iso/2023,0,0
PP_0026ERP.1,B.D.4.1.1,26/11/2021,Japan,,"Ichikawa, Y.; Saito, R.","Division of International Health; 1-757 Asahimachi dori, Niigata, Niigata 951-8510",Homo sapiens,15220,04/02/2025,LC861988.1,Automated Ingest from INSDC/NCBI Virus by Loculus,OPEN,https://pathoplexus.org/about/terms-of-use/open-data,,0.999934306,,,LC861988.1,,,HRSV/B/Japan/21RS051iso/2021,0,0
PP_0026EZ7.1,B.D.4.1.1,04/10/2021,Japan,,"Ichikawa, Y.; Saito, R.","Division of International Health; 1-757 Asahimachi dori, Niigata, Niigata 951-8510",Homo sapiens,15218,04/02/2025,LC861996.1,Automated Ingest from INSDC/NCBI Virus by Loculus,OPEN,https://pathoplexus.org/about/terms-of-use/open-data,,0.999802917,,,LC861996.1,,,HRSV/B/Japan/21U029iso/2021,0,0
PP_0026F21.1,B.D.4.1.1,26/10/2021,Japan,,"Ichikawa, Y.; Saito, R.","Division of International Health; 1-757 Asahimachi dori, Niigata, Niigata 951-8510",Homo sapiens,15218,04/02/2025,LC861999.1,Automated Ingest from INSDC/NCBI Virus by Loculus,OPEN,https://pathoplexus.org/about/terms-of-use/open-data,,0.999802917,,,LC861999.1,,,HRSV/B/Japan/21U078iso/2021,0,0
PP_0026F3Z.1,B.D.4.1.1,10/11/2021,Japan,,"Ichikawa, Y.; Saito, R.","Division of International Health; 1-757 Asahimachi dori, Niigata, Niigata 951-8510",Homo sapiens,15218,04/02/2025,LC862000.1,Automated Ingest from INSDC/NCBI Virus by Loculus,OPEN,https://pathoplexus.org/about/terms-of-use/open-data,,0.999802917,,,LC862000.1,,,HRSV/B/Japan/21U092iso/2021,0,0
PP_0026F8P.1,B.D.4.1.1,30/10/2020,Japan,,"Ichikawa, Y.; Saito, R.","Division of International Health; 1-757 Asahimachi dori, Niigata, Niigata 951-8510",Homo sapiens,15218,04/02/2025,LC862005.1,Automated Ingest from INSDC/NCBI Virus by Loculus,OPEN,https://pathoplexus.org/about/terms-of-use/open-data,,0.999802917,,,LC862005.1,,,HRSV/B/Japan/20U034iso/2020,0,0
PP_0026FAK.1,B.D.4.1.1,31/10/2020,Japan,,"Ichikawa, Y.; Saito, R.","Division of International Health; 1-757 Asahimachi dori, Niigata, Niigata 951-8510",Homo sapiens,15218,04/02/2025,LC862007.1,Automated Ingest from INSDC/NCBI Virus by Loculus,OPEN,https://pathoplexus.org/about/terms-of-use/open-data,,0.999802917,,,LC862007.1,,,HRSV/B/Japan/20U038iso/2020,0,0
PP_0026FBH.1,B.D.4.1.1,02/11/2020,Japan,,"Ichikawa, Y.; Saito, R.","Division of International Health; 1-757 Asahimachi dori, Niigata, Niigata 951-8510",Homo sapiens,15218,04/02/2025,LC862008.1,Automated Ingest from INSDC/NCBI Virus by Loculus,OPEN,https://pathoplexus.org/about/terms-of-use/open-data,,0.999802917,,,LC862008.1,,,HRSV/B/Japan/20U040iso/2020,0,0
PP_0026FCF.1,B.D.4.1.1,04/11/2020,Japan,,"Ichikawa, Y.; Saito, R.","Division of International Health; 1-757 Asahimachi dori, Niigata, Niigata 951-8510",Homo sapiens,15220,04/02/2025,LC862009.1,Automated Ingest from INSDC/NCBI Virus by Loculus,OPEN,https://pathoplexus.org/about/terms-of-use/open-data,,0.999934306,,,LC862009.1,,,HRSV/B/Japan/20U044iso/2020,0,0
PP_0026FEB.1,B.D.4.1.1,20/11/2020,Japan,,"Ichikawa, Y.; Saito, R.","Division of International Health; 1-757 Asahimachi dori, Niigata, Niigata 951-8510",Homo sapiens,15218,04/02/2025,LC862011.1,Automated Ingest from INSDC/NCBI Virus by Loculus,OPEN,https://pathoplexus.org/about/terms-of-use/open-data,,0.999802917,,,LC862011.1,,,HRSV/B/Japan/20U070iso/2020,0,0
PP_0026FF9.1,B.D.4.1.1,24/11/2020,Japan,,"Ichikawa, Y.; Saito, R.","Division of International Health; 1-757 Asahimachi dori, Niigata, Niigata 951-8510",Homo sapiens,15218,04/02/2025,LC862012.1,Automated Ingest from INSDC/NCBI Virus by Loculus,OPEN,https://pathoplexus.org/about/terms-of-use/open-data,,0.999802917,,,LC862012.1,,,HRSV/B/Japan/20U073iso/2020,0,0
PP_0026FG7.1,B.D.4.1.1,28/11/2020,Japan,,"Ichikawa, Y.; Saito, R.","Division of International Health; 1-757 Asahimachi dori, Niigata, Niigata 951-8510",Homo sapiens,15218,04/02/2025,LC862013.1,Automated Ingest from INSDC/NCBI Virus by Loculus,OPEN,https://pathoplexus.org/about/terms-of-use/open-data,,0.999802917,,,LC862013.1,,,HRSV/B/Japan/20U074iso/2020,0,0
PP_0026FK0.2,B.D.4.1.1,15/10/2018,Japan,,"Ichikawa, Y.; Saito, R.; Matsuno, N.","Division of International Health; 1-757 Asahimachi dori, Niigata, Niigata 951-8510",Homo sapiens,15223,12/04/2025,LC866372.1,Automated Ingest from INSDC/NCBI Virus by Loculus,OPEN,https://pathoplexus.org/about/terms-of-use/open-data,,0.999802917,,,LC866372.1,,,HRSV/B/Japan/18RS046iso/2018,0,0
PP_0026FSL.1,B.D.4.1.1,19/02/2019,Japan,,"Ichikawa, Y.; Saito, R.; Matsuno, N.","Division of International Health; 1-757 Asahimachi dori, Niigata, Niigata 951-8510",Homo sapiens,15218,12/04/2025,LC866379.1,Automated Ingest from INSDC/NCBI Virus by Loculus,OPEN,https://pathoplexus.org/about/terms-of-use/open-data,,0.999802917,,,LC866379.1,,,HRSV/B/Japan/18RS220iso/2019,0,0
PP_0026FY8.1,B.D.4.1.1,25/05/2019,Japan,,"Ichikawa, Y.; Saito, R.; Matsuno, N.","Division of International Health; 1-757 Asahimachi dori, Niigata, Niigata 951-8510",Homo sapiens,15218,12/04/2025,LC866385.1,Automated Ingest from INSDC/NCBI Virus by Loculus,OPEN,https://pathoplexus.org/about/terms-of-use/open-data,,0.999802917,,,LC866385.1,,,HRSV/B/Japan/18U026iso/2019,0,0
PP_0026FZ6.1,B.D.4.1.1,19/06/2019,Japan,,"Ichikawa, Y.; Saito, R.; Matsuno, N.","Division of International Health; 1-757 Asahimachi dori, Niigata, Niigata 951-8510",Homo sapiens,15218,12/04/2025,LC866386.1,Automated Ingest from INSDC/NCBI Virus by Loculus,OPEN,https://pathoplexus.org/about/terms-of-use/open-data,,0.999802917,,,LC866386.1,,,HRSV/B/Japan/18U035iso/2019,0,0
PP_0026GBG.1,B.D.4.1.1,19/02/2020,Japan,,"Ichikawa, Y.; Saito, R.; Matsuno, N.","Division of International Health; 1-757 Asahimachi dori, Niigata, Niigata 951-8510",Homo sapiens,15217,12/04/2025,LC866398.1,Automated Ingest from INSDC/NCBI Virus by Loculus,OPEN,https://pathoplexus.org/about/terms-of-use/open-data,,0.999802917,,,LC866398.1,,,HRSV/B/Japan/19RS244iso/2020,0,0
PP_0026HVC.2,B.D.4.1,15/12/2017,Spain,,"Lin, G.-L.","UNIVERSITY OF OXFORD, Centre for Clinical Vaccinology and Tropical Medicine , Churchill Hospital, Old Road, Headington, Oxford, OX3 7LE",Homo sapiens,15271,01/09/2020,LR699741.1,Automated Ingest from INSDC/NCBI Virus by Loculus,OPEN,https://pathoplexus.org/about/terms-of-use/open-data,,1,,,LR699741.1,,,ES03/SE01A_0008_V4,0,0
PP_0026HY6.2,B.D.4.1.1,20/12/2017,Spain,,"Lin, G.-L.","UNIVERSITY OF OXFORD, Centre for Clinical Vaccinology and Tropical Medicine , Churchill Hospital, Old Road, Headington, Oxford, OX3 7LE",Homo sapiens,15276,01/09/2020,LR699744.1,Automated Ingest from INSDC/NCBI Virus by Loculus,OPEN,https://pathoplexus.org/about/terms-of-use/open-data,,1,,,LR699744.1,,,ES09/SE01A_0031_V2,0,0
PP_0026JRK.2,B.D,2015,USA,,"Greninger, A. L.; Makhsous, N.; Kuypers, J.; Shean, R. C.; Jerome, K. R.; Kuypers, J. M.","UW, Lab Medicine",Homo sapiens,15149,28/05/2017,MF001040.1,Automated Ingest from INSDC/NCBI Virus by Loculus,OPEN,https://pathoplexus.org/about/terms-of-use/open-data,,0.993627644,,,MF001040.1,,,6A10,0,24
PP_0026JUD.2,B.D,2015,USA,,"Greninger, A. L.; Makhsous, N.; Kuypers, J.; Shean, R. C.; Jerome, K. R.; Kuypers, J. M.","UW, Lab Medicine",Homo sapiens,15198,28/05/2017,MF001045.1,Automated Ingest from INSDC/NCBI Virus by Loculus,OPEN,https://pathoplexus.org/about/terms-of-use/open-data,,0.998423335,,,MF001045.1,,,6C3,0,0
PP_0026JW9.2,B.D.4,2015,USA,,"Greninger, A. L.; Makhsous, N.; Kuypers, J.; Shean, R. C.; Jerome, K. R.; Kuypers, J. M.","UW, Lab Medicine",Homo sapiens,15148,28/05/2017,MF001048.1,Automated Ingest from INSDC/NCBI Virus by Loculus,OPEN,https://pathoplexus.org/about/terms-of-use/open-data,,0.993430561,,,MF001048.1,,,8B3,1,24
PP_0026JY5.2,B.D.4.1,2015,USA,,"Greninger, A. L.; Makhsous, N.; Kuypers, J.; Shean, R. C.; Jerome, K. R.; Kuypers, J. M.","UW, Lab Medicine",Homo sapiens,15158,28/05/2017,MF001058.1,Automated Ingest from INSDC/NCBI Virus by Loculus,OPEN,https://pathoplexus.org/about/terms-of-use/open-data,SAMN07309638,0.99461306,,,MF001058.1,SRR5872059,,SC2935,0,18
PP_0026ZUY.2,B.D.1,2010-10,USA,,"Greninger, A. L.; Makhsous, N.; Kuypers, J.; Shean, R. C.; Jerome, K. R.; Kuypers, J. M.","UW, Lab Medicine",Homo sapiens,15095,18/11/2017,MF973158.1,Automated Ingest from INSDC/NCBI Virus by Loculus,OPEN,https://pathoplexus.org/about/terms-of-use/open-data,SAMN34540880,0.991656813,,,MF973158.1,SRR24412707,,7A7,0,0
PP_002721E.1,B.D,22/02/2010,Brazil,,"Di Paola, N.; Cunha, M. P.; Oliveira, D. B. L.; Durigon, E.; Durigon, G. S.; Zanotto, P. M. A.","Institute of Biological Sciences, Universeity of Sao Paulo, Microbiology",Homo sapiens,15246,26/12/2017,MG431251.1,Automated Ingest from INSDC/NCBI Virus by Loculus,OPEN,https://pathoplexus.org/about/terms-of-use/open-data,,0.999868611,,,MG431251.1,,,STA786,0,0
PP_002722C.1,B.D,31/03/2010,Brazil,,"Di Paola, N.; Cunha, M. P.; Oliveira, D. B. L.; Durigon, E.; Durigon, G. S.; Zanotto, P. M. A.","Institute of Biological Sciences, Universeity of Sao Paulo, Microbiology",Homo sapiens,15268,26/12/2017,MG431252.1,Automated Ingest from INSDC/NCBI Virus by Loculus,OPEN,https://pathoplexus.org/about/terms-of-use/open-data,,0.999868611,,,MG431252.1,,,STA826,0,0
PP_00273CR.2,B.1,1982,USA,"Rochester, NY","Shabman, R.; Fedorova, N.; Puri, V.; Shrivastava, S.; Amedeo, P.; Isom, R.; Hu, L.; Pickett, B.; Novotny, M.; Durbin, A.; Rocchi, I.; Williams, T.; Hall, C. B.; Tesini, B. L.; Schnabel, K. C.; Walsh, E. E.; Caserta, M.",J. Craig Venter Institute,Homo sapiens,15184,13/12/2017,MG642025.1,Automated Ingest from INSDC/NCBI Virus by Loculus,OPEN,https://pathoplexus.org/about/terms-of-use/open-data,,0.999277362,,,MG642025.1,,,RSVB/Homo sapiens/USA/MCRSV_232/1982,0,0
PP_00273DP.2,B.2,1991,USA,"Rochester, NY","Shabman, R.; Fedorova, N.; Puri, V.; Shrivastava, S.; Amedeo, P.; Isom, R.; Hu, L.; Pickett, B.; Novotny, M.; Durbin, A.; Rocchi, I.; Williams, T.; Hall, C. B.; Tesini, B. L.; Schnabel, K. C.; Walsh, E. E.; Caserta, M.",J. Craig Venter Institute,Homo sapiens,15120,13/12/2017,MG642027.1,Automated Ingest from INSDC/NCBI Virus by Loculus,OPEN,https://pathoplexus.org/about/terms-of-use/open-data,,0.996715281,,,MG642027.1,,,RSVB/Homo sapiens/USA/MCRSV_275/1991,0,0
PP_00273FK.2,B.2,1989,USA,"Rochester, NY","Shabman, R.; Fedorova, N.; Puri, V.; Shrivastava, S.; Amedeo, P.; Isom, R.; Hu, L.; Pickett, B.; Novotny, M.; Durbin, A.; Rocchi, I.; Williams, T.; Hall, C. B.; Tesini, B. L.; Schnabel, K. C.; Walsh, E. E.; Caserta, M.",J. Craig Venter Institute,Homo sapiens,15119,13/12/2017,MG642036.1,Automated Ingest from INSDC/NCBI Virus by Loculus,OPEN,https://pathoplexus.org/about/terms-of-use/open-data,,0.996715281,,,MG642036.1,,,RSVB/Homo sapiens/USA/MCRSV_271/1989,0,0
PP_00273GH.2,B.1,1980,USA,"Rochester, NY","Shabman, R.; Fedorova, N.; Puri, V.; Shrivastava, S.; Amedeo, P.; Isom, R.; Hu, L.; Pickett, B.; Novotny, M.; Durbin, A.; Rocchi, I.; Williams, T.; Hall, C. B.; Tesini, B. L.; Schnabel, K. C.; Walsh, E. E.; Caserta, M.",J. Craig Venter Institute,Homo sapiens,15182,13/12/2017,MG642037.1,Automated Ingest from INSDC/NCBI Virus by Loculus,OPEN,https://pathoplexus.org/about/terms-of-use/open-data,,0.999277362,,,MG642037.1,,,RSVB/Homo sapiens/USA/MCRSV_208/1980,0,0
PP_00273HE.2,B.2,1985,USA,"Rochester, NY","Shabman, R.; Fedorova, N.; Puri, V.; Shrivastava, S.; Amedeo, P.; Isom, R.; Hu, L.; Pickett, B.; Novotny, M.; Durbin, A.; Rocchi, I.; Williams, T.; Hall, C. B.; Tesini, B. L.; Schnabel, K. C.; Walsh, E. E.; Caserta, M.",J. Craig Venter Institute,Homo sapiens,15179,13/12/2017,MG642039.1,Automated Ingest from INSDC/NCBI Virus by Loculus,OPEN,https://pathoplexus.org/about/terms-of-use/open-data,,0.999277362,,,MG642039.1,,,RSVB/Homo sapiens/USA/MCRSV_268/1985,0,0
PP_00273JC.2,B.2,1985,USA,"Rochester, NY","Shabman, R.; Fedorova, N.; Puri, V.; Shrivastava, S.; Amedeo, P.; Isom, R.; Hu, L.; Pickett, B.; Novotny, M.; Durbin, A.; Rocchi, I.; Williams, T.; Hall, C. B.; Tesini, B. L.; Schnabel, K. C.; Walsh, E. E.; Caserta, M.",J. Craig Venter Institute,Homo sapiens,15119,13/12/2017,MG642042.1,Automated Ingest from INSDC/NCBI Virus by Loculus,OPEN,https://pathoplexus.org/about/terms-of-use/open-data,,0.996715281,,,MG642042.1,,,RSVB/Homo sapiens/USA/MCRSV_242/1985,0,0
PP_00273KA.2,B.2,1982,USA,"Rochester, NY","Shabman, R.; Fedorova, N.; Puri, V.; Shrivastava, S.; Amedeo, P.; Isom, R.; Hu, L.; Pickett, B.; Novotny, M.; Durbin, A.; Rocchi, I.; Williams, T.; Hall, C. B.; Tesini, B. L.; Schnabel, K. C.; Walsh, E. E.; Caserta, M.",J. Craig Venter Institute,Homo sapiens,15179,13/12/2017,MG642043.1,Automated Ingest from INSDC/NCBI Virus by Loculus,OPEN,https://pathoplexus.org/about/terms-of-use/open-data,,0.999277362,,,MG642043.1,,,RSVB/Homo sapiens/USA/MCRSV_228/1982,0,0
PP_00273L8.2,B.1,1982,USA,"Rochester, NY","Shabman, R.; Fedorova, N.; Puri, V.; Shrivastava, S.; Amedeo, P.; Isom, R.; Hu, L.; Pickett, B.; Novotny, M.; Durbin, A.; Rocchi, I.; Williams, T.; Hall, C. B.; Tesini, B. L.; Schnabel, K. C.; Walsh, E. E.; Caserta, M.",J. Craig Venter Institute,Homo sapiens,15184,13/12/2017,MG642044.1,Automated Ingest from INSDC/NCBI Virus by Loculus,OPEN,https://pathoplexus.org/about/terms-of-use/open-data,,0.999277362,,,MG642044.1,,,RSVB/Homo sapiens/USA/MCRSV_231/1982,0,0
PP_00273M6.2,B.1,1979,USA,"Rochester, NY","Shabman, R.; Fedorova, N.; Puri, V.; Shrivastava, S.; Amedeo, P.; Isom, R.; Hu, L.; Pickett, B.; Novotny, M.; Durbin, A.; Rocchi, I.; Williams, T.; Hall, C. B.; Tesini, B. L.; Schnabel, K. C.; Walsh, E. E.; Caserta, M.",J. Craig Venter Institute,Homo sapiens,15183,13/12/2017,MG642045.1,Automated Ingest from INSDC/NCBI Virus by Loculus,OPEN,https://pathoplexus.org/about/terms-of-use/open-data,,0.999277362,,,MG642045.1,,,RSVB/Homo sapiens/USA/MCRSV_205/1979,0,0
PP_00273N4.2,B.2,1984,USA,"Rochester, NY","Shabman, R.; Fedorova, N.; Puri, V.; Shrivastava, S.; Amedeo, P.; Isom, R.; Hu, L.; Pickett, B.; Novotny, M.; Durbin, A.; Rocchi, I.; Williams, T.; Hall, C. B.; Tesini, B. L.; Schnabel, K. C.; Walsh, E. E.; Caserta, M.",J. Craig Venter Institute,Homo sapiens,15119,13/12/2017,MG642046.1,Automated Ingest from INSDC/NCBI Virus by Loculus,OPEN,https://pathoplexus.org/about/terms-of-use/open-data,,0.996715281,,,MG642046.1,,,RSVB/Homo sapiens/USA/MCRSV_239/1984,0,0
PP_00273P2.2,B.1,1980,USA,"Rochester, NY","Shabman, R.; Fedorova, N.; Puri, V.; Shrivastava, S.; Amedeo, P.; Isom, R.; Hu, L.; Pickett, B.; Novotny, M.; Durbin, A.; Rocchi, I.; Williams, T.; Hall, C. B.; Tesini, B. L.; Schnabel, K. C.; Walsh, E. E.; Caserta, M.",J. Craig Venter Institute,Homo sapiens,15183,13/12/2017,MG642047.1,Automated Ingest from INSDC/NCBI Virus by Loculus,OPEN,https://pathoplexus.org/about/terms-of-use/open-data,,0.999277362,,,MG642047.1,,,RSVB/Homo sapiens/USA/MCRSV_213/1980,0,0
PP_00273Q0.2,B.3,1993,USA,"Rochester, NY","Shabman, R.; Fedorova, N.; Puri, V.; Shrivastava, S.; Amedeo, P.; Isom, R.; Hu, L.; Pickett, B.; Novotny, M.; Durbin, A.; Rocchi, I.; Williams, T.; Hall, C. B.; Tesini, B. L.; Schnabel, K. C.; Walsh, E. E.; Caserta, M.",J. Craig Venter Institute,Homo sapiens,15116,13/12/2017,MG642049.1,Automated Ingest from INSDC/NCBI Virus by Loculus,OPEN,https://pathoplexus.org/about/terms-of-use/open-data,,0.996715281,,,MG642049.1,,,RSVB/Homo sapiens/USA/MCRSV_278/1993,0,0
PP_00273RY.2,B.2,1986,USA,"Rochester, NY","Shabman, R.; Fedorova, N.; Puri, V.; Shrivastava, S.; Amedeo, P.; Isom, R.; Hu, L.; Pickett, B.; Novotny, M.; Durbin, A.; Rocchi, I.; Williams, T.; Hall, C. B.; Tesini, B. L.; Schnabel, K. C.; Walsh, E. E.; Caserta, M.",J. Craig Venter Institute,Homo sapiens,15114,13/12/2017,MG642051.1,Automated Ingest from INSDC/NCBI Virus by Loculus,OPEN,https://pathoplexus.org/about/terms-of-use/open-data,,0.996715281,,,MG642051.1,,,RSVB/Homo sapiens/USA/MCRSV_249/1986,0,0
PP_00273SW.2,B,1980,USA,"Rochester, NY","Shabman, R.; Fedorova, N.; Puri, V.; Shrivastava, S.; Amedeo, P.; Isom, R.; Hu, L.; Pickett, B.; Novotny, M.; Durbin, A.; Rocchi, I.; Williams, T.; Hall, C. B.; Tesini, B. L.; Schnabel, K. C.; Walsh, E. E.; Caserta, M.",J. Craig Venter Institute,Homo sapiens,15120,13/12/2017,MG642053.1,Automated Ingest from INSDC/NCBI Virus by Loculus,OPEN,https://pathoplexus.org/about/terms-of-use/open-data,,0.982328209,,,MG642053.1,,,RSVB/Homo sapiens/USA/MCRSV_210/1980,0,219
PP_00273TU.2,B.2,1991,USA,"Rochester, NY","Shabman, R.; Fedorova, N.; Puri, V.; Shrivastava, S.; Amedeo, P.; Isom, R.; Hu, L.; Pickett, B.; Novotny, M.; Durbin, A.; Rocchi, I.; Williams, T.; Hall, C. B.; Tesini, B. L.; Schnabel, K. C.; Walsh, E. E.; Caserta, M.",J. Craig Venter Institute,Homo sapiens,15119,13/12/2017,MG642054.1,Automated Ingest from INSDC/NCBI Virus by Loculus,OPEN,https://pathoplexus.org/about/terms-of-use/open-data,,0.996715281,,,MG642054.1,,,RSVB/Homo sapiens/USA/MCRSV_276/1991,0,0
PP_00273US.2,B.2,1984,USA,"Rochester, NY","Shabman, R.; Fedorova, N.; Puri, V.; Shrivastava, S.; Amedeo, P.; Isom, R.; Hu, L.; Pickett, B.; Novotny, M.; Durbin, A.; Rocchi, I.; Williams, T.; Hall, C. B.; Tesini, B. L.; Schnabel, K. C.; Walsh, E. E.; Caserta, M.",J. Craig Venter Institute,Homo sapiens,15119,13/12/2017,MG642057.1,Automated Ingest from INSDC/NCBI Virus by Loculus,OPEN,https://pathoplexus.org/about/terms-of-use/open-data,,0.996715281,,,MG642057.1,,,RSVB/Homo sapiens/USA/MCRSV_241/1984,0,0
PP_00273VQ.2,B.1,1983,USA,"Rochester, NY","Shabman, R.; Fedorova, N.; Puri, V.; Shrivastava, S.; Amedeo, P.; Isom, R.; Hu, L.; Pickett, B.; Novotny, M.; Durbin, A.; Rocchi, I.; Williams, T.; Hall, C. B.; Tesini, B. L.; Schnabel, K. C.; Walsh, E. E.; Caserta, M.",J. Craig Venter Institute,Homo sapiens,15187,13/12/2017,MG642059.1,Automated Ingest from INSDC/NCBI Virus by Loculus,OPEN,https://pathoplexus.org/about/terms-of-use/open-data,,0.999277362,,,MG642059.1,,,RSVB/Homo sapiens/USA/MCRSV_267/1983,0,0
PP_00273WN.2,B.3,1996,USA,"Rochester, NY","Shabman, R.; Fedorova, N.; Puri, V.; Shrivastava, S.; Amedeo, P.; Isom, R.; Hu, L.; Pickett, B.; Novotny, M.; Durbin, A.; Rocchi, I.; Williams, T.; Hall, C. B.; Tesini, B. L.; Schnabel, K. C.; Walsh, E. E.; Caserta, M.",J. Craig Venter Institute,Homo sapiens,15117,13/12/2017,MG642062.1,Automated Ingest from INSDC/NCBI Virus by Loculus,OPEN,https://pathoplexus.org/about/terms-of-use/open-data,,0.996715281,,,MG642062.1,,,RSVB/Homo sapiens/USA/MCRSV_282/1996,0,0
PP_00273XL.2,B.3,1995,USA,"Rochester, NY","Shabman, R.; Fedorova, N.; Puri, V.; Shrivastava, S.; Amedeo, P.; Isom, R.; Hu, L.; Pickett, B.; Novotny, M.; Durbin, A.; Rocchi, I.; Williams, T.; Hall, C. B.; Tesini, B. L.; Schnabel, K. C.; Walsh, E. E.; Caserta, M.",J. Craig Venter Institute,Homo sapiens,15118,13/12/2017,MG642064.1,Automated Ingest from INSDC/NCBI Virus by Loculus,OPEN,https://pathoplexus.org/about/terms-of-use/open-data,,0.996715281,,,MG642064.1,,,RSVB/Homo sapiens/USA/MCRSV_280/1995,0,0
PP_00273YJ.2,B.1,1981,USA,"Rochester, NY","Shabman, R.; Fedorova, N.; Puri, V.; Shrivastava, S.; Amedeo, P.; Isom, R.; Hu, L.; Pickett, B.; Novotny, M.; Durbin, A.; Rocchi, I.; Williams, T.; Hall, C. B.; Tesini, B. L.; Schnabel, K. C.; Walsh, E. E.; Caserta, M.",J. Craig Venter Institute,Homo sapiens,15185,13/12/2017,MG642065.1,Automated Ingest from INSDC/NCBI Virus by Loculus,OPEN,https://pathoplexus.org/about/terms-of-use/open-data,,0.999277362,,,MG642065.1,,,RSVB/Homo sapiens/USA/MCRSV_225/1981,0,0
PP_00273ZG.2,B.2,1990,USA,"Rochester, NY","Shabman, R.; Fedorova, N.; Puri, V.; Shrivastava, S.; Amedeo, P.; Isom, R.; Hu, L.; Pickett, B.; Novotny, M.; Durbin, A.; Rocchi, I.; Williams, T.; Hall, C. B.; Tesini, B. L.; Schnabel, K. C.; Walsh, E. E.; Caserta, M.",J. Craig Venter Institute,Homo sapiens,15118,13/12/2017,MG642066.1,Automated Ingest from INSDC/NCBI Virus by Loculus,OPEN,https://pathoplexus.org/about/terms-of-use/open-data,,0.996715281,,,MG642066.1,,,RSVB/Homo sapiens/USA/MCRSV_273/1990,0,0
PP_002740E.2,B.2,1987,USA,"Rochester, NY","Shabman, R.; Fedorova, N.; Puri, V.; Shrivastava, S.; Amedeo, P.; Isom, R.; Hu, L.; Pickett, B.; Novotny, M.; Durbin, A.; Rocchi, I.; Williams, T.; Hall, C. B.; Tesini, B. L.; Schnabel, K. C.; Walsh, E. E.; Caserta, M.",J. Craig Venter Institute,Homo sapiens,15114,13/12/2017,MG642068.1,Automated Ingest from INSDC/NCBI Virus by Loculus,OPEN,https://pathoplexus.org/about/terms-of-use/open-data,,0.996715281,,,MG642068.1,,,RSVB/Homo sapiens/USA/MCRSV_252/1987,0,0
PP_002741C.2,B.2,1991,USA,"Rochester, NY","Shabman, R.; Fedorova, N.; Puri, V.; Shrivastava, S.; Amedeo, P.; Isom, R.; Hu, L.; Pickett, B.; Novotny, M.; Durbin, A.; Rocchi, I.; Williams, T.; Hall, C. B.; Tesini, B. L.; Schnabel, K. C.; Walsh, E. E.; Caserta, M.",J. Craig Venter Institute,Homo sapiens,15119,13/12/2017,MG642072.1,Automated Ingest from INSDC/NCBI Virus by Loculus,OPEN,https://pathoplexus.org/about/terms-of-use/open-data,,0.996715281,,,MG642072.1,,,RSVB/Homo sapiens/USA/MCRSV_274/1991,0,0
PP_002742A.2,B.2,1987,USA,"Rochester, NY","Shabman, R.; Fedorova, N.; Puri, V.; Shrivastava, S.; Amedeo, P.; Isom, R.; Hu, L.; Pickett, B.; Novotny, M.; Durbin, A.; Rocchi, I.; Williams, T.; Hall, C. B.; Tesini, B. L.; Schnabel, K. C.; Walsh, E. E.; Caserta, M.",J. Craig Venter Institute,Homo sapiens,15114,13/12/2017,MG642076.1,Automated Ingest from INSDC/NCBI Virus by Loculus,OPEN,https://pathoplexus.org/about/terms-of-use/open-data,,0.996715281,,,MG642076.1,,,RSVB/Homo sapiens/USA/MCRSV_251/1987,0,0
PP_0027438.2,B.1,1982,USA,"Rochester, NY","Shabman, R.; Fedorova, N.; Puri, V.; Shrivastava, S.; Amedeo, P.; Isom, R.; Hu, L.; Pickett, B.; Novotny, M.; Durbin, A.; Rocchi, I.; Williams, T.; Hall, C. B.; Tesini, B. L.; Schnabel, K. C.; Walsh, E. E.; Caserta, M.",J. Craig Venter Institute,Homo sapiens,15181,13/12/2017,MG642078.1,Automated Ingest from INSDC/NCBI Virus by Loculus,OPEN,https://pathoplexus.org/about/terms-of-use/open-data,,0.999277362,,,MG642078.1,,,RSVB/Homo sapiens/USA/MCRSV_230/1982,0,0
PP_0027446.2,B.2,1989,USA,"Rochester, NY","Shabman, R.; Fedorova, N.; Puri, V.; Shrivastava, S.; Amedeo, P.; Isom, R.; Hu, L.; Pickett, B.; Novotny, M.; Durbin, A.; Rocchi, I.; Williams, T.; Hall, C. B.; Tesini, B. L.; Schnabel, K. C.; Walsh, E. E.; Caserta, M.",J. Craig Venter Institute,Homo sapiens,15119,13/12/2017,MG642082.1,Automated Ingest from INSDC/NCBI Virus by Loculus,OPEN,https://pathoplexus.org/about/terms-of-use/open-data,,0.996715281,,,MG642082.1,,,RSVB/Homo sapiens/USA/MCRSV_257/1989,0,0
PP_002750D.1,B.D.4,03/05/2016,Argentina,,"Goya, S.; Valinotto, L. E.; Tittarelli, E.; Rojo, G. L.; Nabaes Jodar, M. S.; Greninger, A. L.; Zaiat, J. J.; Marti, M. A.; Mistchenko, A. S.; Viegas, M.","Ricardo Gutierrez Children's Hospital, Virology Laboratory",Homo sapiens,15246,25/07/2018,MG839545.1,Automated Ingest from INSDC/NCBI Virus by Loculus,OPEN,https://pathoplexus.org/about/terms-of-use/open-data,,0.997240836,,,MG839545.1,,,HRSV/B/BuenosAires/ARG/014/2016,10,10
PP_002751B.1,B.D.4.1,12/07/2016,Argentina,,"Goya, S.; Valinotto, L. E.; Tittarelli, E.; Rojo, G. L.; Nabaes Jodar, M. S.; Greninger, A. L.; Zaiat, J. J.; Marti, M. A.; Mistchenko, A. S.; Viegas, M.","Ricardo Gutierrez Children's Hospital, Virology Laboratory",Homo sapiens,15265,25/07/2018,MG839547.1,Automated Ingest from INSDC/NCBI Virus by Loculus,OPEN,https://pathoplexus.org/about/terms-of-use/open-data,,0.999343056,,,MG839547.1,,,HRSV/B/BuenosAires/ARG/016/2016,7,0
PP_0027RA7.2,B.D.2,01/02/2010,Kenya,,"Agoti, C. N.; Phan, M. V. T.; Munywoki, P. K.; Githinji, G.; Medley, G. F.; Cane, P. A.; Kellam, K.; Cotten, M.; Nokes, D. J.","KEMRI Wellcome Trust Research Collaborative Programme, Epidemiology and Demography Department",Homo sapiens,14995,07/11/2018,MH594350.1,Automated Ingest from INSDC/NCBI Virus by Loculus,OPEN,https://pathoplexus.org/about/terms-of-use/open-data,,0.985087374,,,MH594350.1,,,Kilifi/HH/1201/01-Feb-2010,0,0
PP_0027RC3.2,B.D.2,28/01/2010,Kenya,,"Agoti, C. N.; Phan, M. V. T.; Munywoki, P. K.; Githinji, G.; Medley, G. F.; Cane, P. A.; Kellam, K.; Cotten, M.; Nokes, D. J.","KEMRI Wellcome Trust Research Collaborative Programme, Epidemiology and Demography Department",Homo sapiens,14995,07/11/2018,MH594352.1,Automated Ingest from INSDC/NCBI Virus by Loculus,OPEN,https://pathoplexus.org/about/terms-of-use/open-data,,0.985087374,,,MH594352.1,,,Kilifi/HH/1201/28-Jan-2010,0,0
PP_0027RJQ.2,B.D.2,21/01/2010,Kenya,,"Agoti, C. N.; Phan, M. V. T.; Munywoki, P. K.; Githinji, G.; Medley, G. F.; Cane, P. A.; Kellam, K.; Cotten, M.; Nokes, D. J.","KEMRI Wellcome Trust Research Collaborative Programme, Epidemiology and Demography Department",Homo sapiens,11178,07/11/2018,MH594358.1,Automated Ingest from INSDC/NCBI Virus by Loculus,OPEN,https://pathoplexus.org/about/terms-of-use/open-data,,0.985087374,,,MH594358.1,,,Kilifi/HH/1206/21-Jan-2010,0,0
PP_0027RKN.2,B.D.2,25/01/2010,Kenya,,"Agoti, C. N.; Phan, M. V. T.; Munywoki, P. K.; Githinji, G.; Medley, G. F.; Cane, P. A.; Kellam, K.; Cotten, M.; Nokes, D. J.","KEMRI Wellcome Trust Research Collaborative Programme, Epidemiology and Demography Department",Homo sapiens,14942,07/11/2018,MH594359.1,Automated Ingest from INSDC/NCBI Virus by Loculus,OPEN,https://pathoplexus.org/about/terms-of-use/open-data,,0.985021679,,,MH594359.1,,,Kilifi/HH/1206/25-Jan-2010,0,0
PP_0027RNG.2,B.D.3,08/03/2010,Kenya,,"Agoti, C. N.; Phan, M. V. T.; Munywoki, P. K.; Githinji, G.; Medley, G. F.; Cane, P. A.; Kellam, K.; Cotten, M.; Nokes, D. J.","KEMRI Wellcome Trust Research Collaborative Programme, Epidemiology and Demography Department",Homo sapiens,14981,07/11/2018,MH594362.1,Automated Ingest from INSDC/NCBI Virus by Loculus,OPEN,https://pathoplexus.org/about/terms-of-use/open-data,,0.983970569,,,MH594362.1,,,Kilifi/HH/1701/08-Mar-2010,0,0
PP_0027RRA.2,B.D.3,22/03/2010,Kenya,,"Agoti, C. N.; Phan, M. V. T.; Munywoki, P. K.; Githinji, G.; Medley, G. F.; Cane, P. A.; Kellam, K.; Cotten, M.; Nokes, D. J.","KEMRI Wellcome Trust Research Collaborative Programme, Epidemiology and Demography Department",Homo sapiens,14998,07/11/2018,MH594365.1,Automated Ingest from INSDC/NCBI Virus by Loculus,OPEN,https://pathoplexus.org/about/terms-of-use/open-data,,0.985087374,,,MH594365.1,,,Kilifi/HH/1702/22-Mar-2010,0,0
PP_0027RS8.2,B.D.3,25/03/2010,Kenya,,"Agoti, C. N.; Phan, M. V. T.; Munywoki, P. K.; Githinji, G.; Medley, G. F.; Cane, P. A.; Kellam, K.; Cotten, M.; Nokes, D. J.","KEMRI Wellcome Trust Research Collaborative Programme, Epidemiology and Demography Department",Homo sapiens,14562,07/11/2018,MH594366.1,Automated Ingest from INSDC/NCBI Virus by Loculus,OPEN,https://pathoplexus.org/about/terms-of-use/open-data,,0.960057811,,,MH594366.1,,,Kilifi/HH/1702/25-Mar-2010,0,0
PP_0027RW0.2,B.D.2,12/02/2010,Kenya,,"Agoti, C. N.; Phan, M. V. T.; Munywoki, P. K.; Githinji, G.; Medley, G. F.; Cane, P. A.; Kellam, K.; Cotten, M.; Nokes, D. J.","KEMRI Wellcome Trust Research Collaborative Programme, Epidemiology and Demography Department",Homo sapiens,14995,07/11/2018,MH594370.1,Automated Ingest from INSDC/NCBI Virus by Loculus,OPEN,https://pathoplexus.org/about/terms-of-use/open-data,,0.985087374,,,MH594370.1,,,Kilifi/HH/1803/12-Feb-2010,0,0
PP_0027RZU.2,B.D.3,01/03/2010,Kenya,,"Agoti, C. N.; Phan, M. V. T.; Munywoki, P. K.; Githinji, G.; Medley, G. F.; Cane, P. A.; Kellam, K.; Cotten, M.; Nokes, D. J.","KEMRI Wellcome Trust Research Collaborative Programme, Epidemiology and Demography Department",Homo sapiens,14998,07/11/2018,MH594373.1,Automated Ingest from INSDC/NCBI Virus by Loculus,OPEN,https://pathoplexus.org/about/terms-of-use/open-data,,0.985087374,,,MH594373.1,,,Kilifi/HH/1902/01-Mar-2010,0,0
PP_0027S1Q.2,B.D.3,08/03/2010,Kenya,,"Agoti, C. N.; Phan, M. V. T.; Munywoki, P. K.; Githinji, G.; Medley, G. F.; Cane, P. A.; Kellam, K.; Cotten, M.; Nokes, D. J.","KEMRI Wellcome Trust Research Collaborative Programme, Epidemiology and Demography Department",Homo sapiens,14998,07/11/2018,MH594375.1,Automated Ingest from INSDC/NCBI Virus by Loculus,OPEN,https://pathoplexus.org/about/terms-of-use/open-data,,0.985087374,,,MH594375.1,,,Kilifi/HH/1902/08-Mar-2010,0,0
PP_0027S7C.2,B.D.3,15/03/2010,Kenya,,"Agoti, C. N.; Phan, M. V. T.; Munywoki, P. K.; Githinji, G.; Medley, G. F.; Cane, P. A.; Kellam, K.; Cotten, M.; Nokes, D. J.","KEMRI Wellcome Trust Research Collaborative Programme, Epidemiology and Demography Department",Homo sapiens,14998,07/11/2018,MH594381.1,Automated Ingest from INSDC/NCBI Virus by Loculus,OPEN,https://pathoplexus.org/about/terms-of-use/open-data,,0.985087374,,,MH594381.1,,,Kilifi/HH/1907/15-Mar-2010,0,0
PP_0027SC2.2,B.D.3,11/03/2010,Kenya,,"Agoti, C. N.; Phan, M. V. T.; Munywoki, P. K.; Githinji, G.; Medley, G. F.; Cane, P. A.; Kellam, K.; Cotten, M.; Nokes, D. J.","KEMRI Wellcome Trust Research Collaborative Programme, Epidemiology and Demography Department",Homo sapiens,14998,07/11/2018,MH594386.1,Automated Ingest from INSDC/NCBI Virus by Loculus,OPEN,https://pathoplexus.org/about/terms-of-use/open-data,,0.985087374,,,MH594386.1,,,Kilifi/HH/1911/11-Mar-2010,0,0
PP_0027SD0.2,B.D.3,02/03/2010,Kenya,,"Agoti, C. N.; Phan, M. V. T.; Munywoki, P. K.; Githinji, G.; Medley, G. F.; Cane, P. A.; Kellam, K.; Cotten, M.; Nokes, D. J.","KEMRI Wellcome Trust Research Collaborative Programme, Epidemiology and Demography Department",Homo sapiens,14996,07/11/2018,MH594387.1,Automated Ingest from INSDC/NCBI Virus by Loculus,OPEN,https://pathoplexus.org/about/terms-of-use/open-data,,0.984955985,,,MH594387.1,,,Kilifi/HH/1912/02-Mar-2010,0,0
PP_0027SEY.2,B.D.3,12/03/2010,Kenya,,"Agoti, C. N.; Phan, M. V. T.; Munywoki, P. K.; Githinji, G.; Medley, G. F.; Cane, P. A.; Kellam, K.; Cotten, M.; Nokes, D. J.","KEMRI Wellcome Trust Research Collaborative Programme, Epidemiology and Demography Department",Homo sapiens,14875,07/11/2018,MH594388.1,Automated Ingest from INSDC/NCBI Virus by Loculus,OPEN,https://pathoplexus.org/about/terms-of-use/open-data,,0.980685849,,,MH594388.1,,,Kilifi/HH/1912/12-Mar-2010,0,0
PP_0027SHR.2,B.D,05/04/2010,Kenya,,"Agoti, C. N.; Phan, M. V. T.; Munywoki, P. K.; Githinji, G.; Medley, G. F.; Cane, P. A.; Kellam, K.; Cotten, M.; Nokes, D. J.","KEMRI Wellcome Trust Research Collaborative Programme, Epidemiology and Demography Department",Homo sapiens,15037,07/11/2018,MH594391.1,Automated Ingest from INSDC/NCBI Virus by Loculus,OPEN,https://pathoplexus.org/about/terms-of-use/open-data,,0.985153068,,,MH594391.1,,,Kilifi/HH/2501/05-Apr-2010,0,0
PP_0027SLK.2,B.D,22/04/2010,Kenya,,"Agoti, C. N.; Phan, M. V. T.; Munywoki, P. K.; Githinji, G.; Medley, G. F.; Cane, P. A.; Kellam, K.; Cotten, M.; Nokes, D. J.","KEMRI Wellcome Trust Research Collaborative Programme, Epidemiology and Demography Department",Homo sapiens,14995,07/11/2018,MH594394.1,Automated Ingest from INSDC/NCBI Virus by Loculus,OPEN,https://pathoplexus.org/about/terms-of-use/open-data,,0.985087374,,,MH594394.1,,,Kilifi/HH/2501/22-Apr-2010,0,0
PP_0027SMH.2,B.D,02/04/2010,Kenya,,"Agoti, C. N.; Phan, M. V. T.; Munywoki, P. K.; Githinji, G.; Medley, G. F.; Cane, P. A.; Kellam, K.; Cotten, M.; Nokes, D. J.","KEMRI Wellcome Trust Research Collaborative Programme, Epidemiology and Demography Department",Homo sapiens,15037,07/11/2018,MH594395.1,Automated Ingest from INSDC/NCBI Virus by Loculus,OPEN,https://pathoplexus.org/about/terms-of-use/open-data,,0.985153068,,,MH594395.1,,,Kilifi/HH/2502/02-Apr-2010,0,0
PP_0027SS7.2,B.D,04/03/2010,Kenya,,"Agoti, C. N.; Phan, M. V. T.; Munywoki, P. K.; Githinji, G.; Medley, G. F.; Cane, P. A.; Kellam, K.; Cotten, M.; Nokes, D. J.","KEMRI Wellcome Trust Research Collaborative Programme, Epidemiology and Demography Department",Homo sapiens,15037,07/11/2018,MH594400.1,Automated Ingest from INSDC/NCBI Virus by Loculus,OPEN,https://pathoplexus.org/about/terms-of-use/open-data,,0.985153068,,,MH594400.1,,,Kilifi/HH/2604/04-Mar-2010,0,0
PP_0027SU3.2,B.D.3,27/01/2010,Kenya,,"Agoti, C. N.; Phan, M. V. T.; Munywoki, P. K.; Githinji, G.; Medley, G. F.; Cane, P. A.; Kellam, K.; Cotten, M.; Nokes, D. J.","KEMRI Wellcome Trust Research Collaborative Programme, Epidemiology and Demography Department",Homo sapiens,15016,07/11/2018,MH594402.1,Automated Ingest from INSDC/NCBI Virus by Loculus,OPEN,https://pathoplexus.org/about/terms-of-use/open-data,,0.985153068,,,MH594402.1,,,Kilifi/HH/3501/27-Jan-2010,0,0
PP_0027SV1.2,B.D.3,27/01/2010,Kenya,,"Agoti, C. N.; Phan, M. V. T.; Munywoki, P. K.; Githinji, G.; Medley, G. F.; Cane, P. A.; Kellam, K.; Cotten, M.; Nokes, D. J.","KEMRI Wellcome Trust Research Collaborative Programme, Epidemiology and Demography Department",Homo sapiens,14590,07/11/2018,MH594403.1,Automated Ingest from INSDC/NCBI Virus by Loculus,OPEN,https://pathoplexus.org/about/terms-of-use/open-data,,0.959400867,,,MH594403.1,,,Kilifi/HH/3503/27-Jan-2010,0,0
PP_0027SWZ.2,B.D.3,17/02/2010,Kenya,,"Agoti, C. N.; Phan, M. V. T.; Munywoki, P. K.; Githinji, G.; Medley, G. F.; Cane, P. A.; Kellam, K.; Cotten, M.; Nokes, D. J.","KEMRI Wellcome Trust Research Collaborative Programme, Epidemiology and Demography Department",Homo sapiens,14993,07/11/2018,MH594404.1,Automated Ingest from INSDC/NCBI Virus by Loculus,OPEN,https://pathoplexus.org/about/terms-of-use/open-data,,0.984955985,,,MH594404.1,,,Kilifi/HH/3505/17-Feb-2010,0,0
PP_0027SXX.2,B.D.3,06/02/2010,Kenya,,"Agoti, C. N.; Phan, M. V. T.; Munywoki, P. K.; Githinji, G.; Medley, G. F.; Cane, P. A.; Kellam, K.; Cotten, M.; Nokes, D. J.","KEMRI Wellcome Trust Research Collaborative Programme, Epidemiology and Demography Department",Homo sapiens,12523,07/11/2018,MH594405.1,Automated Ingest from INSDC/NCBI Virus by Loculus,OPEN,https://pathoplexus.org/about/terms-of-use/open-data,,0.971488635,,,MH594405.1,,,Kilifi/HH/3508/06-Feb-2010,0,0
PP_0027SZT.2,B.D.3,30/01/2010,Kenya,,"Agoti, C. N.; Phan, M. V. T.; Munywoki, P. K.; Githinji, G.; Medley, G. F.; Cane, P. A.; Kellam, K.; Cotten, M.; Nokes, D. J.","KEMRI Wellcome Trust Research Collaborative Programme, Epidemiology and Demography Department",Homo sapiens,14698,07/11/2018,MH594407.1,Automated Ingest from INSDC/NCBI Virus by Loculus,OPEN,https://pathoplexus.org/about/terms-of-use/open-data,,0.984693207,,,MH594407.1,,,Kilifi/HH/3508/30-Jan-2010,0,0
PP_0027T0R.2,B.D.3,01/03/2010,Kenya,,"Agoti, C. N.; Phan, M. V. T.; Munywoki, P. K.; Githinji, G.; Medley, G. F.; Cane, P. A.; Kellam, K.; Cotten, M.; Nokes, D. J.","KEMRI Wellcome Trust Research Collaborative Programme, Epidemiology and Demography Department",Homo sapiens,14995,07/11/2018,MH594408.1,Automated Ingest from INSDC/NCBI Virus by Loculus,OPEN,https://pathoplexus.org/about/terms-of-use/open-data,,0.985087374,,,MH594408.1,,,Kilifi/HH/3801/01-Mar-2010,0,0
PP_0027T2M.2,B.D.3,23/02/2010,Kenya,,"Agoti, C. N.; Phan, M. V. T.; Munywoki, P. K.; Githinji, G.; Medley, G. F.; Cane, P. A.; Kellam, K.; Cotten, M.; Nokes, D. J.","KEMRI Wellcome Trust Research Collaborative Programme, Epidemiology and Demography Department",Homo sapiens,15036,07/11/2018,MH594410.1,Automated Ingest from INSDC/NCBI Virus by Loculus,OPEN,https://pathoplexus.org/about/terms-of-use/open-data,,0.985153068,,,MH594410.1,,,Kilifi/HH/3802/23-Feb-2010,0,0
PP_0027T3K.2,B.D.3,14/02/2010,Kenya,,"Agoti, C. N.; Phan, M. V. T.; Munywoki, P. K.; Githinji, G.; Medley, G. F.; Cane, P. A.; Kellam, K.; Cotten, M.; Nokes, D. J.","KEMRI Wellcome Trust Research Collaborative Programme, Epidemiology and Demography Department",Homo sapiens,14995,07/11/2018,MH594411.1,Automated Ingest from INSDC/NCBI Virus by Loculus,OPEN,https://pathoplexus.org/about/terms-of-use/open-data,,0.985087374,,,MH594411.1,,,Kilifi/HH/3803/14-Feb-2010,0,0
PP_0027T4H.2,B.D.3,16/02/2010,Kenya,,"Agoti, C. N.; Phan, M. V. T.; Munywoki, P. K.; Githinji, G.; Medley, G. F.; Cane, P. A.; Kellam, K.; Cotten, M.; Nokes, D. J.","KEMRI Wellcome Trust Research Collaborative Programme, Epidemiology and Demography Department",Homo sapiens,14995,07/11/2018,MH594412.1,Automated Ingest from INSDC/NCBI Virus by Loculus,OPEN,https://pathoplexus.org/about/terms-of-use/open-data,,0.985087374,,,MH594412.1,,,Kilifi/HH/3803/16-Feb-2010,0,0
PP_0027T6D.2,B.D.3,23/02/2010,Kenya,,"Agoti, C. N.; Phan, M. V. T.; Munywoki, P. K.; Githinji, G.; Medley, G. F.; Cane, P. A.; Kellam, K.; Cotten, M.; Nokes, D. J.","KEMRI Wellcome Trust Research Collaborative Programme, Epidemiology and Demography Department",Homo sapiens,14997,07/11/2018,MH594414.1,Automated Ingest from INSDC/NCBI Virus by Loculus,OPEN,https://pathoplexus.org/about/terms-of-use/open-data,,0.985153068,,,MH594414.1,,,Kilifi/HH/3804/23-Feb-2010,0,0
PP_0027T7B.2,B.D.3,26/02/2010,Kenya,,"Agoti, C. N.; Phan, M. V. T.; Munywoki, P. K.; Githinji, G.; Medley, G. F.; Cane, P. A.; Kellam, K.; Cotten, M.; Nokes, D. J.","KEMRI Wellcome Trust Research Collaborative Programme, Epidemiology and Demography Department",Homo sapiens,14962,07/11/2018,MH594415.1,Automated Ingest from INSDC/NCBI Virus by Loculus,OPEN,https://pathoplexus.org/about/terms-of-use/open-data,,0.982919459,,,MH594415.1,,,Kilifi/HH/3804/26-Feb-2010,0,0
PP_0027T97.2,B.D.3,19/02/2010,Kenya,,"Agoti, C. N.; Phan, M. V. T.; Munywoki, P. K.; Githinji, G.; Medley, G. F.; Cane, P. A.; Kellam, K.; Cotten, M.; Nokes, D. J.","KEMRI Wellcome Trust Research Collaborative Programme, Epidemiology and Demography Department",Homo sapiens,14995,07/11/2018,MH594417.1,Automated Ingest from INSDC/NCBI Virus by Loculus,OPEN,https://pathoplexus.org/about/terms-of-use/open-data,,0.985087374,,,MH594417.1,,,Kilifi/HH/3805/19-Feb-2010,0,0
PP_0027TA5.2,B.D.3,19/02/2010,Kenya,,"Agoti, C. N.; Phan, M. V. T.; Munywoki, P. K.; Githinji, G.; Medley, G. F.; Cane, P. A.; Kellam, K.; Cotten, M.; Nokes, D. J.","KEMRI Wellcome Trust Research Collaborative Programme, Epidemiology and Demography Department",Homo sapiens,15016,07/11/2018,MH594418.1,Automated Ingest from INSDC/NCBI Virus by Loculus,OPEN,https://pathoplexus.org/about/terms-of-use/open-data,,0.985153068,,,MH594418.1,,,Kilifi/HH/3806/19-Feb-2010,0,0
PP_0027TB3.2,B.D.3,23/02/2010,Kenya,,"Agoti, C. N.; Phan, M. V. T.; Munywoki, P. K.; Githinji, G.; Medley, G. F.; Cane, P. A.; Kellam, K.; Cotten, M.; Nokes, D. J.","KEMRI Wellcome Trust Research Collaborative Programme, Epidemiology and Demography Department",Homo sapiens,14995,07/11/2018,MH594419.1,Automated Ingest from INSDC/NCBI Virus by Loculus,OPEN,https://pathoplexus.org/about/terms-of-use/open-data,,0.985087374,,,MH594419.1,,,Kilifi/HH/3806/23-Feb-2010,0,0
PP_0027TC1.2,B.D.3,01/03/2010,Kenya,,"Agoti, C. N.; Phan, M. V. T.; Munywoki, P. K.; Githinji, G.; Medley, G. F.; Cane, P. A.; Kellam, K.; Cotten, M.; Nokes, D. J.","KEMRI Wellcome Trust Research Collaborative Programme, Epidemiology and Demography Department",Homo sapiens,14916,07/11/2018,MH594420.1,Automated Ingest from INSDC/NCBI Virus by Loculus,OPEN,https://pathoplexus.org/about/terms-of-use/open-data,,0.979897517,,,MH594420.1,,,Kilifi/HH/3807/01-Mar-2010,0,0
PP_0027TDZ.2,B.D.3,08/03/2010,Kenya,,"Agoti, C. N.; Phan, M. V. T.; Munywoki, P. K.; Githinji, G.; Medley, G. F.; Cane, P. A.; Kellam, K.; Cotten, M.; Nokes, D. J.","KEMRI Wellcome Trust Research Collaborative Programme, Epidemiology and Demography Department",Homo sapiens,15017,07/11/2018,MH594421.1,Automated Ingest from INSDC/NCBI Virus by Loculus,OPEN,https://pathoplexus.org/about/terms-of-use/open-data,,0.985153068,,,MH594421.1,,,Kilifi/HH/3808/08-Mar-2010,0,0
PP_0027TEX.2,B.D.3,06/03/2010,Kenya,,"Agoti, C. N.; Phan, M. V. T.; Munywoki, P. K.; Githinji, G.; Medley, G. F.; Cane, P. A.; Kellam, K.; Cotten, M.; Nokes, D. J.","KEMRI Wellcome Trust Research Collaborative Programme, Epidemiology and Demography Department",Homo sapiens,15023,07/11/2018,MH594422.1,Automated Ingest from INSDC/NCBI Virus by Loculus,OPEN,https://pathoplexus.org/about/terms-of-use/open-data,,0.985153068,,,MH594422.1,,,Kilifi/HH/3810/06-Mar-2010,0,0
PP_0027THQ.2,B.D,06/05/2010,Kenya,,"Agoti, C. N.; Phan, M. V. T.; Munywoki, P. K.; Githinji, G.; Medley, G. F.; Cane, P. A.; Kellam, K.; Cotten, M.; Nokes, D. J.","KEMRI Wellcome Trust Research Collaborative Programme, Epidemiology and Demography Department",Homo sapiens,14959,07/11/2018,MH594425.1,Automated Ingest from INSDC/NCBI Virus by Loculus,OPEN,https://pathoplexus.org/about/terms-of-use/open-data,,0.982722376,,,MH594425.1,,,Kilifi/HH/4101/06-May-2010,0,0
PP_0027TLJ.2,B.D,22/04/2010,Kenya,,"Agoti, C. N.; Phan, M. V. T.; Munywoki, P. K.; Githinji, G.; Medley, G. F.; Cane, P. A.; Kellam, K.; Cotten, M.; Nokes, D. J.","KEMRI Wellcome Trust Research Collaborative Programme, Epidemiology and Demography Department",Homo sapiens,14977,07/11/2018,MH594428.1,Automated Ingest from INSDC/NCBI Virus by Loculus,OPEN,https://pathoplexus.org/about/terms-of-use/open-data,,0.983904875,,,MH594428.1,,,Kilifi/HH/4102/22-Apr-2010,0,0
PP_0027TMG.2,B.D.2,23/03/2010,Kenya,,"Agoti, C. N.; Phan, M. V. T.; Munywoki, P. K.; Githinji, G.; Medley, G. F.; Cane, P. A.; Kellam, K.; Cotten, M.; Nokes, D. J.","KEMRI Wellcome Trust Research Collaborative Programme, Epidemiology and Demography Department",Homo sapiens,14976,07/11/2018,MH594429.1,Automated Ingest from INSDC/NCBI Virus by Loculus,OPEN,https://pathoplexus.org/about/terms-of-use/open-data,,0.983904875,,,MH594429.1,,,Kilifi/HH/4108/23-Mar-2010,0,0
PP_0027TPC.2,B.D.1,09/02/2010,Kenya,,"Agoti, C. N.; Phan, M. V. T.; Munywoki, P. K.; Githinji, G.; Medley, G. F.; Cane, P. A.; Kellam, K.; Cotten, M.; Nokes, D. J.","KEMRI Wellcome Trust Research Collaborative Programme, Epidemiology and Demography Department",Homo sapiens,14968,07/11/2018,MH594431.1,Automated Ingest from INSDC/NCBI Virus by Loculus,OPEN,https://pathoplexus.org/about/terms-of-use/open-data,,0.983313625,,,MH594431.1,,,Kilifi/HH/4201/09-Feb-2010,0,0
PP_0027TS6.2,B.D.1,20/01/2010,Kenya,,"Agoti, C. N.; Phan, M. V. T.; Munywoki, P. K.; Githinji, G.; Medley, G. F.; Cane, P. A.; Kellam, K.; Cotten, M.; Nokes, D. J.","KEMRI Wellcome Trust Research Collaborative Programme, Epidemiology and Demography Department",Homo sapiens,12778,07/11/2018,MH594434.1,Automated Ingest from INSDC/NCBI Virus by Loculus,OPEN,https://pathoplexus.org/about/terms-of-use/open-data,,0.981211405,,,MH594434.1,,,Kilifi/HH/4201/20-Jan-2010,0,0
PP_0027TT4.2,B.D.3,15/03/2010,Kenya,,"Agoti, C. N.; Phan, M. V. T.; Munywoki, P. K.; Githinji, G.; Medley, G. F.; Cane, P. A.; Kellam, K.; Cotten, M.; Nokes, D. J.","KEMRI Wellcome Trust Research Collaborative Programme, Epidemiology and Demography Department",Homo sapiens,14994,07/11/2018,MH594435.1,Automated Ingest from INSDC/NCBI Virus by Loculus,OPEN,https://pathoplexus.org/about/terms-of-use/open-data,,0.985021679,,,MH594435.1,,,Kilifi/HH/4202/15-Mar-2010,0,0
PP_0027TU2.2,B.D,03/05/2010,Kenya,,"Agoti, C. N.; Phan, M. V. T.; Munywoki, P. K.; Githinji, G.; Medley, G. F.; Cane, P. A.; Kellam, K.; Cotten, M.; Nokes, D. J.","KEMRI Wellcome Trust Research Collaborative Programme, Epidemiology and Demography Department",Homo sapiens,14977,07/11/2018,MH594436.1,Automated Ingest from INSDC/NCBI Virus by Loculus,OPEN,https://pathoplexus.org/about/terms-of-use/open-data,,0.983904875,,,MH594436.1,,,Kilifi/HH/4501/03-May-2010,0,0
PP_0027TV0.2,B.D,05/04/2010,Kenya,,"Agoti, C. N.; Phan, M. V. T.; Munywoki, P. K.; Githinji, G.; Medley, G. F.; Cane, P. A.; Kellam, K.; Cotten, M.; Nokes, D. J.","KEMRI Wellcome Trust Research Collaborative Programme, Epidemiology and Demography Department",Homo sapiens,15037,07/11/2018,MH594437.1,Automated Ingest from INSDC/NCBI Virus by Loculus,OPEN,https://pathoplexus.org/about/terms-of-use/open-data,,0.985153068,,,MH594437.1,,,Kilifi/HH/4501/05-Apr-2010,0,0
PP_0027U1N.2,B.D.2,01/04/2010,Kenya,,"Agoti, C. N.; Phan, M. V. T.; Munywoki, P. K.; Githinji, G.; Medley, G. F.; Cane, P. A.; Kellam, K.; Cotten, M.; Nokes, D. J.","KEMRI Wellcome Trust Research Collaborative Programme, Epidemiology and Demography Department",Homo sapiens,14974,07/11/2018,MH594443.1,Automated Ingest from INSDC/NCBI Virus by Loculus,OPEN,https://pathoplexus.org/about/terms-of-use/open-data,,0.983773486,,,MH594443.1,,,Kilifi/HH/4902/01-Apr-2010,0,0
PP_0027U2L.2,B.D.2,08/04/2010,Kenya,,"Agoti, C. N.; Phan, M. V. T.; Munywoki, P. K.; Githinji, G.; Medley, G. F.; Cane, P. A.; Kellam, K.; Cotten, M.; Nokes, D. J.","KEMRI Wellcome Trust Research Collaborative Programme, Epidemiology and Demography Department",Homo sapiens,14992,07/11/2018,MH594444.1,Automated Ingest from INSDC/NCBI Virus by Loculus,OPEN,https://pathoplexus.org/about/terms-of-use/open-data,,0.984955985,,,MH594444.1,,,Kilifi/HH/4902/08-Apr-2010,0,0
PP_0027U3J.2,B.D.1,09/03/2010,Kenya,,"Agoti, C. N.; Phan, M. V. T.; Munywoki, P. K.; Githinji, G.; Medley, G. F.; Cane, P. A.; Kellam, K.; Cotten, M.; Nokes, D. J.","KEMRI Wellcome Trust Research Collaborative Programme, Epidemiology and Demography Department",Homo sapiens,14950,07/11/2018,MH594445.1,Automated Ingest from INSDC/NCBI Virus by Loculus,OPEN,https://pathoplexus.org/about/terms-of-use/open-data,,0.982131126,,,MH594445.1,,,Kilifi/HH/5101/09-Mar-2010,0,0
PP_0027U4G.2,B.D.1,27/02/2010,Kenya,,"Agoti, C. N.; Phan, M. V. T.; Munywoki, P. K.; Githinji, G.; Medley, G. F.; Cane, P. A.; Kellam, K.; Cotten, M.; Nokes, D. J.","KEMRI Wellcome Trust Research Collaborative Programme, Epidemiology and Demography Department",Homo sapiens,15036,07/11/2018,MH594446.1,Automated Ingest from INSDC/NCBI Virus by Loculus,OPEN,https://pathoplexus.org/about/terms-of-use/open-data,,0.985153068,,,MH594446.1,,,Kilifi/HH/5103/27-Feb-2010,0,0
PP_0027U5E.2,B.D.1,24/02/2010,Kenya,,"Agoti, C. N.; Phan, M. V. T.; Munywoki, P. K.; Githinji, G.; Medley, G. F.; Cane, P. A.; Kellam, K.; Cotten, M.; Nokes, D. J.","KEMRI Wellcome Trust Research Collaborative Programme, Epidemiology and Demography Department",Homo sapiens,15037,07/11/2018,MH594447.1,Automated Ingest from INSDC/NCBI Virus by Loculus,OPEN,https://pathoplexus.org/about/terms-of-use/open-data,,0.985153068,,,MH594447.1,,,Kilifi/HH/5104/24-Feb-2010,0,0
PP_0027U6C.2,B.D.1,27/02/2010,Kenya,,"Agoti, C. N.; Phan, M. V. T.; Munywoki, P. K.; Githinji, G.; Medley, G. F.; Cane, P. A.; Kellam, K.; Cotten, M.; Nokes, D. J.","KEMRI Wellcome Trust Research Collaborative Programme, Epidemiology and Demography Department",Homo sapiens,14994,07/11/2018,MH594448.1,Automated Ingest from INSDC/NCBI Virus by Loculus,OPEN,https://pathoplexus.org/about/terms-of-use/open-data,,0.985021679,,,MH594448.1,,,Kilifi/HH/5104/27-Feb-2010,0,0
PP_0027U88.2,B.D.1,27/02/2010,Kenya,,"Agoti, C. N.; Phan, M. V. T.; Munywoki, P. K.; Githinji, G.; Medley, G. F.; Cane, P. A.; Kellam, K.; Cotten, M.; Nokes, D. J.","KEMRI Wellcome Trust Research Collaborative Programme, Epidemiology and Demography Department",Homo sapiens,14996,07/11/2018,MH594450.1,Automated Ingest from INSDC/NCBI Virus by Loculus,OPEN,https://pathoplexus.org/about/terms-of-use/open-data,,0.985153068,,,MH594450.1,,,Kilifi/HH/5107/27-Feb-2010,0,0
PP_0027U96.2,B.D,15/05/2010,Kenya,,"Agoti, C. N.; Phan, M. V. T.; Munywoki, P. K.; Githinji, G.; Medley, G. F.; Cane, P. A.; Kellam, K.; Cotten, M.; Nokes, D. J.","KEMRI Wellcome Trust Research Collaborative Programme, Epidemiology and Demography Department",Homo sapiens,14994,07/11/2018,MH594451.1,Automated Ingest from INSDC/NCBI Virus by Loculus,OPEN,https://pathoplexus.org/about/terms-of-use/open-data,,0.985087374,,,MH594451.1,,,Kilifi/HH/5710/15-May-2010,0,0
PP_0027UA4.2,B.D.2,06/04/2010,Kenya,,"Agoti, C. N.; Phan, M. V. T.; Munywoki, P. K.; Githinji, G.; Medley, G. F.; Cane, P. A.; Kellam, K.; Cotten, M.; Nokes, D. J.","KEMRI Wellcome Trust Research Collaborative Programme, Epidemiology and Demography Department",Homo sapiens,14994,07/11/2018,MH594452.1,Automated Ingest from INSDC/NCBI Virus by Loculus,OPEN,https://pathoplexus.org/about/terms-of-use/open-data,,0.985087374,,,MH594452.1,,,Kilifi/HH/601/06-Apr-2010,0,0
PP_0027UB2.2,B.D.2,09/04/2010,Kenya,,"Agoti, C. N.; Phan, M. V. T.; Munywoki, P. K.; Githinji, G.; Medley, G. F.; Cane, P. A.; Kellam, K.; Cotten, M.; Nokes, D. J.","KEMRI Wellcome Trust Research Collaborative Programme, Epidemiology and Demography Department",Homo sapiens,14994,07/11/2018,MH594453.1,Automated Ingest from INSDC/NCBI Virus by Loculus,OPEN,https://pathoplexus.org/about/terms-of-use/open-data,,0.985087374,,,MH594453.1,,,Kilifi/HH/601/09-Apr-2010,0,0
PP_0027UDY.2,B.D.2,11/03/2010,Kenya,,"Agoti, C. N.; Phan, M. V. T.; Munywoki, P. K.; Githinji, G.; Medley, G. F.; Cane, P. A.; Kellam, K.; Cotten, M.; Nokes, D. J.","KEMRI Wellcome Trust Research Collaborative Programme, Epidemiology and Demography Department",Homo sapiens,14994,07/11/2018,MH594455.1,Automated Ingest from INSDC/NCBI Virus by Loculus,OPEN,https://pathoplexus.org/about/terms-of-use/open-data,,0.985087374,,,MH594455.1,,,Kilifi/HH/601/11-Mar-2010,0,0
PP_0027UJM.2,B.D.2,11/03/2010,Kenya,,"Agoti, C. N.; Phan, M. V. T.; Munywoki, P. K.; Githinji, G.; Medley, G. F.; Cane, P. A.; Kellam, K.; Cotten, M.; Nokes, D. J.","KEMRI Wellcome Trust Research Collaborative Programme, Epidemiology and Demography Department",Homo sapiens,14994,07/11/2018,MH594460.1,Automated Ingest from INSDC/NCBI Virus by Loculus,OPEN,https://pathoplexus.org/about/terms-of-use/open-data,,0.985087374,,,MH594460.1,,,Kilifi/HH/603/11-Mar-2010,0,0
PP_0027UKK.2,B.D.2,14/03/2010,Kenya,,"Agoti, C. N.; Phan, M. V. T.; Munywoki, P. K.; Githinji, G.; Medley, G. F.; Cane, P. A.; Kellam, K.; Cotten, M.; Nokes, D. J.","KEMRI Wellcome Trust Research Collaborative Programme, Epidemiology and Demography Department",Homo sapiens,14994,07/11/2018,MH594461.1,Automated Ingest from INSDC/NCBI Virus by Loculus,OPEN,https://pathoplexus.org/about/terms-of-use/open-data,,0.985087374,,,MH594461.1,,,Kilifi/HH/603/14-Mar-2010,0,0
PP_0027WDW.1,B.D,2013,Uganda,,"Ramesh, A.; Nakielny, S.; Hsu, J.; Kyohere, M.; Byaruhanga, O.; de Bourcy, C.; Egger, R.; Dimitrov, B.; Juan, Y.-F.; Sheu, J.; Wang, J.; Kalantar, K.; Langelier, C.; Ruel, T.; Mpimbaza, A.; Wilson, M.; Rosenthal, P.; DeRisi, J.","University of California San Francisco, Neurology",Homo sapiens,15261,01/10/2018,MH685715.1,Automated Ingest from INSDC/NCBI Virus by Loculus,OPEN,https://pathoplexus.org/about/terms-of-use/open-data,,0.99894889,,,MH685715.1,,,E0-041,0,0
PP_0028452.2,B.D,06/06/2016,Australia,,"Di Giallonardo, F.; Kok, J.; Fernandez, M.; Carter, I.; Geoghegan, J. L.; Dwyer, D. E.; Holmes, E. C.; Eden, J. S.; Eden, J.-S.","The University of Sydney, Marie Bashir Institute for Infectious Diseases and Biosecurity & Sydney Medical School",Homo sapiens,14962,25/09/2018,MH760652.1,Automated Ingest from INSDC/NCBI Virus by Loculus,OPEN,https://pathoplexus.org/about/terms-of-use/open-data,,0.982919459,,,MH760652.1,,,B/NSW/WM0369A/16,0,0
PP_0028460.2,B.D.4.1,07/07/2015,Australia,,"Di Giallonardo, F.; Kok, J.; Fernandez, M.; Carter, I.; Geoghegan, J. L.; Dwyer, D. E.; Holmes, E. C.; Eden, J. S.; Eden, J.-S.","The University of Sydney, Marie Bashir Institute for Infectious Diseases and Biosecurity & Sydney Medical School",Homo sapiens,14962,25/09/2018,MH760653.1,Automated Ingest from INSDC/NCBI Virus by Loculus,OPEN,https://pathoplexus.org/about/terms-of-use/open-data,,0.982919459,,,MH760653.1,,,B/NSW/WM3045A/15,0,0
PP_002848W.2,B.D,15/06/2010,Australia,,"Di Giallonardo, F.; Kok, J.; Fernandez, M.; Carter, I.; Geoghegan, J. L.; Dwyer, D. E.; Holmes, E. C.; Eden, J. S.; Eden, J.-S.","The University of Sydney, Marie Bashir Institute for Infectious Diseases and Biosecurity & Sydney Medical School",Homo sapiens,14963,25/09/2018,MH760655.1,Automated Ingest from INSDC/NCBI Virus by Loculus,OPEN,https://pathoplexus.org/about/terms-of-use/open-data,,0.982919459,,,MH760655.1,,,B/NSW/WM2909A/10,0,0
PP_00284AS.2,B.D,05/07/2010,Australia,,"Di Giallonardo, F.; Kok, J.; Fernandez, M.; Carter, I.; Geoghegan, J. L.; Dwyer, D. E.; Holmes, E. C.; Eden, J. S.; Eden, J.-S.","The University of Sydney, Marie Bashir Institute for Infectious Diseases and Biosecurity & Sydney Medical School",Homo sapiens,14962,25/09/2018,MH760657.1,Automated Ingest from INSDC/NCBI Virus by Loculus,OPEN,https://pathoplexus.org/about/terms-of-use/open-data,,0.982919459,,,MH760657.1,,,B/NSW/WM3504A/10,0,0
PP_00284CN.2,B.D.4,23/09/2011,Australia,,"Di Giallonardo, F.; Kok, J.; Fernandez, M.; Carter, I.; Geoghegan, J. L.; Dwyer, D. E.; Holmes, E. C.; Eden, J. S.; Eden, J.-S.","The University of Sydney, Marie Bashir Institute for Infectious Diseases and Biosecurity & Sydney Medical School",Homo sapiens,14962,25/09/2018,MH760659.1,Automated Ingest from INSDC/NCBI Virus by Loculus,OPEN,https://pathoplexus.org/about/terms-of-use/open-data,,0.982919459,,,MH760659.1,,,B/NSW/WM1260A/11,0,0
PP_00284DL.2,B.D.4,02/07/2012,Australia,,"Di Giallonardo, F.; Kok, J.; Fernandez, M.; Carter, I.; Geoghegan, J. L.; Dwyer, D. E.; Holmes, E. C.; Eden, J. S.; Eden, J.-S.","The University of Sydney, Marie Bashir Institute for Infectious Diseases and Biosecurity & Sydney Medical School",Homo sapiens,14962,25/09/2018,MH760660.1,Automated Ingest from INSDC/NCBI Virus by Loculus,OPEN,https://pathoplexus.org/about/terms-of-use/open-data,,0.982919459,,,MH760660.1,,,B/NSW/WM1978A/12,0,0
PP_00284EJ.2,B.D.4,05/07/2012,Australia,,"Di Giallonardo, F.; Kok, J.; Fernandez, M.; Carter, I.; Geoghegan, J. L.; Dwyer, D. E.; Holmes, E. C.; Eden, J. S.; Eden, J.-S.","The University of Sydney, Marie Bashir Institute for Infectious Diseases and Biosecurity & Sydney Medical School",Homo sapiens,14962,25/09/2018,MH760661.1,Automated Ingest from INSDC/NCBI Virus by Loculus,OPEN,https://pathoplexus.org/about/terms-of-use/open-data,,0.982919459,,,MH760661.1,,,B/NSW/WM3687E/12,0,0
PP_00284FG.2,B.D.1,07/07/2012,Australia,,"Di Giallonardo, F.; Kok, J.; Fernandez, M.; Carter, I.; Geoghegan, J. L.; Dwyer, D. E.; Holmes, E. C.; Eden, J. S.; Eden, J.-S.","The University of Sydney, Marie Bashir Institute for Infectious Diseases and Biosecurity & Sydney Medical School",Homo sapiens,14962,25/09/2018,MH760662.1,Automated Ingest from INSDC/NCBI Virus by Loculus,OPEN,https://pathoplexus.org/about/terms-of-use/open-data,,0.982919459,,,MH760662.1,,,B/NSW/WM2061A/12,0,0
PP_00284GE.2,B.D.4,02/07/2012,Australia,,"Di Giallonardo, F.; Kok, J.; Fernandez, M.; Carter, I.; Geoghegan, J. L.; Dwyer, D. E.; Holmes, E. C.; Eden, J. S.; Eden, J.-S.","The University of Sydney, Marie Bashir Institute for Infectious Diseases and Biosecurity & Sydney Medical School",Homo sapiens,14962,25/09/2018,MH760663.1,Automated Ingest from INSDC/NCBI Virus by Loculus,OPEN,https://pathoplexus.org/about/terms-of-use/open-data,,0.982919459,,,MH760663.1,,,B/NSW/WM4582B/12,0,0
PP_00284HB.2,B.D.1,10/05/2012,Australia,,"Di Giallonardo, F.; Kok, J.; Fernandez, M.; Carter, I.; Geoghegan, J. L.; Dwyer, D. E.; Holmes, E. C.; Eden, J. S.; Eden, J.-S.","The University of Sydney, Marie Bashir Institute for Infectious Diseases and Biosecurity & Sydney Medical School",Homo sapiens,14962,25/09/2018,MH760664.1,Automated Ingest from INSDC/NCBI Virus by Loculus,OPEN,https://pathoplexus.org/about/terms-of-use/open-data,,0.982919459,,,MH760664.1,,,B/NSW/WM2910A/12,0,0
PP_00284L5.2,B.D.4,27/05/2013,Australia,,"Di Giallonardo, F.; Kok, J.; Fernandez, M.; Carter, I.; Geoghegan, J. L.; Dwyer, D. E.; Holmes, E. C.; Eden, J. S.; Eden, J.-S.","The University of Sydney, Marie Bashir Institute for Infectious Diseases and Biosecurity & Sydney Medical School",Homo sapiens,14962,25/09/2018,MH760667.1,Automated Ingest from INSDC/NCBI Virus by Loculus,OPEN,https://pathoplexus.org/about/terms-of-use/open-data,,0.982919459,,,MH760667.1,,,B/NSW/WM1227C/13,0,0
PP_00284XH.2,B.D.4.1,04/11/2016,Australia,,"Di Giallonardo, F.; Kok, J.; Fernandez, M.; Carter, I.; Geoghegan, J. L.; Dwyer, D. E.; Holmes, E. C.; Eden, J. S.; Eden, J.-S.","The University of Sydney, Marie Bashir Institute for Infectious Diseases and Biosecurity & Sydney Medical School",Homo sapiens,14962,25/09/2018,MH760678.1,Automated Ingest from INSDC/NCBI Virus by Loculus,OPEN,https://pathoplexus.org/about/terms-of-use/open-data,,0.982919459,,,MH760678.1,,,B/NSW/WM1924B/16,0,0
PP_0028519.2,B.D.4.1,05/10/2016,Australia,,"Di Giallonardo, F.; Kok, J.; Fernandez, M.; Carter, I.; Geoghegan, J. L.; Dwyer, D. E.; Holmes, E. C.; Eden, J. S.; Eden, J.-S.","The University of Sydney, Marie Bashir Institute for Infectious Diseases and Biosecurity & Sydney Medical School",Homo sapiens,14962,25/09/2018,MH760682.1,Automated Ingest from INSDC/NCBI Virus by Loculus,OPEN,https://pathoplexus.org/about/terms-of-use/open-data,,0.982919459,,,MH760682.1,,,B/NSW/WM2334B/16,0,0
PP_0028527.2,B.D.4.1.1,03/10/2016,Australia,,"Di Giallonardo, F.; Kok, J.; Fernandez, M.; Carter, I.; Geoghegan, J. L.; Dwyer, D. E.; Holmes, E. C.; Eden, J. S.; Eden, J.-S.","The University of Sydney, Marie Bashir Institute for Infectious Diseases and Biosecurity & Sydney Medical School",Homo sapiens,14962,25/09/2018,MH760683.1,Automated Ingest from INSDC/NCBI Virus by Loculus,OPEN,https://pathoplexus.org/about/terms-of-use/open-data,,0.982919459,,,MH760683.1,,,B/NSW/WM0225A/16,0,0
PP_00285AR.2,B.D.4.1,07/10/2016,Australia,,"Di Giallonardo, F.; Kok, J.; Fernandez, M.; Carter, I.; Geoghegan, J. L.; Dwyer, D. E.; Holmes, E. C.; Eden, J. S.; Eden, J.-S.","The University of Sydney, Marie Bashir Institute for Infectious Diseases and Biosecurity & Sydney Medical School",Homo sapiens,14961,25/09/2018,MH760691.1,Automated Ingest from INSDC/NCBI Virus by Loculus,OPEN,https://pathoplexus.org/about/terms-of-use/open-data,,0.982919459,,,MH760691.1,,,B/NSW/WM2774A/16,0,0
PP_00285FF.2,B.D.4.1,22/09/2016,Australia,,"Di Giallonardo, F.; Kok, J.; Fernandez, M.; Carter, I.; Geoghegan, J. L.; Dwyer, D. E.; Holmes, E. C.; Eden, J. S.; Eden, J.-S.","The University of Sydney, Marie Bashir Institute for Infectious Diseases and Biosecurity & Sydney Medical School",Homo sapiens,14964,25/09/2018,MH760696.1,Automated Ingest from INSDC/NCBI Virus by Loculus,OPEN,https://pathoplexus.org/about/terms-of-use/open-data,,0.982919459,,,MH760696.1,,,B/NSW/WM1198B/16,0,0
PP_00285HA.2,B.D.4.1,16/08/2016,Australia,,"Di Giallonardo, F.; Kok, J.; Fernandez, M.; Carter, I.; Geoghegan, J. L.; Dwyer, D. E.; Holmes, E. C.; Eden, J. S.; Eden, J.-S.","The University of Sydney, Marie Bashir Institute for Infectious Diseases and Biosecurity & Sydney Medical School",Homo sapiens,14961,25/09/2018,MH760698.1,Automated Ingest from INSDC/NCBI Virus by Loculus,OPEN,https://pathoplexus.org/about/terms-of-use/open-data,,0.982919459,,,MH760698.1,,,B/NSW/WM0410A/16,0,0
PP_00285K6.2,B.D.4.1,16/08/2016,Australia,,"Di Giallonardo, F.; Kok, J.; Fernandez, M.; Carter, I.; Geoghegan, J. L.; Dwyer, D. E.; Holmes, E. C.; Eden, J. S.; Eden, J.-S.","The University of Sydney, Marie Bashir Institute for Infectious Diseases and Biosecurity & Sydney Medical School",Homo sapiens,14961,25/09/2018,MH760700.1,Automated Ingest from INSDC/NCBI Virus by Loculus,OPEN,https://pathoplexus.org/about/terms-of-use/open-data,,0.982919459,,,MH760700.1,,,B/NSW/WM0425A/16,0,0
PP_00285L4.2,B.D.4.1,15/08/2016,Australia,,"Di Giallonardo, F.; Kok, J.; Fernandez, M.; Carter, I.; Geoghegan, J. L.; Dwyer, D. E.; Holmes, E. C.; Eden, J. S.; Eden, J.-S.","The University of Sydney, Marie Bashir Institute for Infectious Diseases and Biosecurity & Sydney Medical School",Homo sapiens,14962,25/09/2018,MH760701.1,Automated Ingest from INSDC/NCBI Virus by Loculus,OPEN,https://pathoplexus.org/about/terms-of-use/open-data,,0.982919459,,,MH760701.1,,,B/NSW/WM1370A/16,0,0
PP_00285M2.2,B.D.4.1,12/08/2016,Australia,,"Di Giallonardo, F.; Kok, J.; Fernandez, M.; Carter, I.; Geoghegan, J. L.; Dwyer, D. E.; Holmes, E. C.; Eden, J. S.; Eden, J.-S.","The University of Sydney, Marie Bashir Institute for Infectious Diseases and Biosecurity & Sydney Medical School",Homo sapiens,14962,25/09/2018,MH760702.1,Automated Ingest from INSDC/NCBI Virus by Loculus,OPEN,https://pathoplexus.org/about/terms-of-use/open-data,,0.982919459,,,MH760702.1,,,B/NSW/WM1189A/16,0,0
PP_00285PY.2,B.D.4.1,08/08/2016,Australia,,"Di Giallonardo, F.; Kok, J.; Fernandez, M.; Carter, I.; Geoghegan, J. L.; Dwyer, D. E.; Holmes, E. C.; Eden, J. S.; Eden, J.-S.","The University of Sydney, Marie Bashir Institute for Infectious Diseases and Biosecurity & Sydney Medical School",Homo sapiens,14961,25/09/2018,MH760704.1,Automated Ingest from INSDC/NCBI Virus by Loculus,OPEN,https://pathoplexus.org/about/terms-of-use/open-data,,0.982919459,,,MH760704.1,,,B/NSW/WM0688A/16,0,0
PP_00285TQ.2,B.D.4.1.1,03/08/2016,Australia,,"Di Giallonardo, F.; Kok, J.; Fernandez, M.; Carter, I.; Geoghegan, J. L.; Dwyer, D. E.; Holmes, E. C.; Eden, J. S.; Eden, J.-S.","The University of Sydney, Marie Bashir Institute for Infectious Diseases and Biosecurity & Sydney Medical School",Homo sapiens,14961,25/09/2018,MH760708.1,Automated Ingest from INSDC/NCBI Virus by Loculus,OPEN,https://pathoplexus.org/about/terms-of-use/open-data,,0.982919459,,,MH760708.1,,,B/NSW/WM1974B/16,0,0
PP_00285UN.2,B.D.4.1,03/08/2016,Australia,,"Di Giallonardo, F.; Kok, J.; Fernandez, M.; Carter, I.; Geoghegan, J. L.; Dwyer, D. E.; Holmes, E. C.; Eden, J. S.; Eden, J.-S.","The University of Sydney, Marie Bashir Institute for Infectious Diseases and Biosecurity & Sydney Medical School",Homo sapiens,14961,25/09/2018,MH760709.1,Automated Ingest from INSDC/NCBI Virus by Loculus,OPEN,https://pathoplexus.org/about/terms-of-use/open-data,,0.982919459,,,MH760709.1,,,B/NSW/WM2194A/16,0,0
PP_00285ZC.2,B.D.4.1,30/07/2016,Australia,,"Di Giallonardo, F.; Kok, J.; Fernandez, M.; Carter, I.; Geoghegan, J. L.; Dwyer, D. E.; Holmes, E. C.; Eden, J. S.; Eden, J.-S.","The University of Sydney, Marie Bashir Institute for Infectious Diseases and Biosecurity & Sydney Medical School",Homo sapiens,14962,25/09/2018,MH760714.1,Automated Ingest from INSDC/NCBI Virus by Loculus,OPEN,https://pathoplexus.org/about/terms-of-use/open-data,,0.982919459,,,MH760714.1,,,B/NSW/WM0589A/16,0,0
PP_0028626.2,B.D.4.1,31/07/2016,Australia,,"Di Giallonardo, F.; Kok, J.; Fernandez, M.; Carter, I.; Geoghegan, J. L.; Dwyer, D. E.; Holmes, E. C.; Eden, J. S.; Eden, J.-S.","The University of Sydney, Marie Bashir Institute for Infectious Diseases and Biosecurity & Sydney Medical School",Homo sapiens,14963,25/09/2018,MH760717.1,Automated Ingest from INSDC/NCBI Virus by Loculus,OPEN,https://pathoplexus.org/about/terms-of-use/open-data,,0.982919459,,,MH760717.1,,,B/NSW/WM1927A/16,0,0
PP_002866Y.2,B.D.4.1,14/09/2016,Australia,,"Di Giallonardo, F.; Kok, J.; Fernandez, M.; Carter, I.; Geoghegan, J. L.; Dwyer, D. E.; Holmes, E. C.; Eden, J. S.; Eden, J.-S.","The University of Sydney, Marie Bashir Institute for Infectious Diseases and Biosecurity & Sydney Medical School",Homo sapiens,14962,25/09/2018,MH760721.1,Automated Ingest from INSDC/NCBI Virus by Loculus,OPEN,https://pathoplexus.org/about/terms-of-use/open-data,,0.982919459,,,MH760721.1,,,B/NSW/WM1959B/16,0,0
PP_002867W.2,B.D.4.1,20/09/2016,Australia,,"Di Giallonardo, F.; Kok, J.; Fernandez, M.; Carter, I.; Geoghegan, J. L.; Dwyer, D. E.; Holmes, E. C.; Eden, J. S.; Eden, J.-S.","The University of Sydney, Marie Bashir Institute for Infectious Diseases and Biosecurity & Sydney Medical School",Homo sapiens,14961,25/09/2018,MH760722.1,Automated Ingest from INSDC/NCBI Virus by Loculus,OPEN,https://pathoplexus.org/about/terms-of-use/open-data,,0.982919459,,,MH760722.1,,,B/NSW/WM0854B/16,0,0
PP_00286CL.2,B.D.4,30/06/2015,Australia,,"Di Giallonardo, F.; Kok, J.; Fernandez, M.; Carter, I.; Geoghegan, J. L.; Dwyer, D. E.; Holmes, E. C.; Eden, J. S.; Eden, J.-S.","The University of Sydney, Marie Bashir Institute for Infectious Diseases and Biosecurity & Sydney Medical School",Homo sapiens,14962,25/09/2018,MH760727.1,Automated Ingest from INSDC/NCBI Virus by Loculus,OPEN,https://pathoplexus.org/about/terms-of-use/open-data,,0.982919459,,,MH760727.1,,,B/NSW/WM1066A/15,0,0
PP_00286J7.2,B.D.4,20/08/2014,Viet Nam,,"Lu, L.; Robertson, G.; Ashworth, J.; Pham Hong, A.; Shi, T.; Ivens, A.; Thwaites, G.; Baker, S.; Woolhouse, M.","University of Edinburgh, Centre for Immunity, Infection and Evolution",Homo sapiens,15228,16/04/2022,MH828504.1,Automated Ingest from INSDC/NCBI Virus by Loculus,OPEN,https://pathoplexus.org/about/terms-of-use/open-data,,0.999277362,,,MH828504.1,,,RSVB/Vietnam/vzrsvb2/2014,0,0
PP_00286K5.2,B.D.4,19/09/2014,Viet Nam,,"Lu, L.; Robertson, G.; Ashworth, J.; Pham Hong, A.; Shi, T.; Ivens, A.; Thwaites, G.; Baker, S.; Woolhouse, M.","University of Edinburgh, Centre for Immunity, Infection and Evolution",Homo sapiens,15228,16/04/2022,MH828505.1,Automated Ingest from INSDC/NCBI Virus by Loculus,OPEN,https://pathoplexus.org/about/terms-of-use/open-data,,0.999277362,,,MH828505.1,,,RSVB/Vietnam/vzrsvb3/2014,0,0
PP_00286M1.2,B.D.4,17/09/2013,Viet Nam,,"Lu, L.; Robertson, G.; Ashworth, J.; Pham Hong, A.; Shi, T.; Ivens, A.; Thwaites, G.; Baker, S.; Woolhouse, M.","University of Edinburgh, Centre for Immunity, Infection and Evolution",Homo sapiens,15228,16/04/2022,MH828507.1,Automated Ingest from INSDC/NCBI Virus by Loculus,OPEN,https://pathoplexus.org/about/terms-of-use/open-data,,0.999277362,,,MH828507.1,,,RSVB/Vietnam/vzrsvb5/2013,0,0
PP_00286NZ.2,B.D.4,08/09/2014,Viet Nam,,"Lu, L.; Robertson, G.; Ashworth, J.; Pham Hong, A.; Shi, T.; Ivens, A.; Thwaites, G.; Baker, S.; Woolhouse, M.","University of Edinburgh, Centre for Immunity, Infection and Evolution",Homo sapiens,15228,16/04/2022,MH828508.1,Automated Ingest from INSDC/NCBI Virus by Loculus,OPEN,https://pathoplexus.org/about/terms-of-use/open-data,,0.999277362,,,MH828508.1,,,RSVB/Vietnam/vzrsvb6/2014,0,0
PP_00286QV.2,B.D.4,18/09/2014,Viet Nam,,"Lu, L.; Robertson, G.; Ashworth, J.; Pham Hong, A.; Shi, T.; Ivens, A.; Thwaites, G.; Baker, S.; Woolhouse, M.","University of Edinburgh, Centre for Immunity, Infection and Evolution",Homo sapiens,15228,16/04/2022,MH828510.1,Automated Ingest from INSDC/NCBI Virus by Loculus,OPEN,https://pathoplexus.org/about/terms-of-use/open-data,,0.999277362,,,MH828510.1,,,RSVB/Vietnam/vzrsvb8/2014,0,0
PP_002889Q.2,B.D,30/01/2011,Jordan,,"Tan, G.; Pickett, B.; Fedorova, N.; Amedeo, P.; Isom, R.; Hu, L.; Christensen, J.; Miller, J.; Novotny, M.; Durbin, A.; Rocchi, I.; Williams, T.; Arumemi, F.; Das, S.",J. Craig Venter Institute,Homo sapiens,15213,15/12/2018,MK109765.1,Automated Ingest from INSDC/NCBI Virus by Loculus,OPEN,https://pathoplexus.org/about/terms-of-use/open-data,,0.999277362,,,MK109765.1,,,RSVB/Homo sapiens/JOR/A0107/2011,0,0
PP_00288CJ.2,B.D,29/01/2013,Jordan,,"Tan, G.; Pickett, B.; Fedorova, N.; Amedeo, P.; Isom, R.; Hu, L.; Christensen, J.; Miller, J.; Novotny, M.; Durbin, A.; Rocchi, I.; Williams, T.; Arumemi, F.; Das, S.",J. Craig Venter Institute,Homo sapiens,15172,15/12/2018,MK109768.1,Automated Ingest from INSDC/NCBI Virus by Loculus,OPEN,https://pathoplexus.org/about/terms-of-use/open-data,,0.996715281,,,MK109768.1,,,RSVB/Homo sapiens/JOR/C2692/2013,0,0
PP_00288DG.2,B.D,02/05/2011,Jordan,,"Tan, G.; Pickett, B.; Fedorova, N.; Amedeo, P.; Isom, R.; Hu, L.; Christensen, J.; Miller, J.; Novotny, M.; Durbin, A.; Rocchi, I.; Williams, T.; Arumemi, F.; Das, S.",J. Craig Venter Institute,Homo sapiens,15172,15/12/2018,MK109769.1,Automated Ingest from INSDC/NCBI Virus by Loculus,OPEN,https://pathoplexus.org/about/terms-of-use/open-data,,0.996715281,,,MK109769.1,,,RSVB/Homo sapiens/JOR/C2237/2011,0,0
PP_00288EE.2,B.D,29/04/2010,Jordan,,"Tan, G.; Pickett, B.; Fedorova, N.; Amedeo, P.; Isom, R.; Hu, L.; Christensen, J.; Miller, J.; Novotny, M.; Durbin, A.; Rocchi, I.; Williams, T.; Arumemi, F.; Das, S.",J. Craig Venter Institute,Homo sapiens,15232,15/12/2018,MK109770.1,Automated Ingest from INSDC/NCBI Virus by Loculus,OPEN,https://pathoplexus.org/about/terms-of-use/open-data,,0.999277362,,,MK109770.1,,,RSVB/Homo sapiens/JOR/A0024/2010,0,0
PP_00288FC.2,B.D,10/03/2013,Jordan,,"Tan, G.; Pickett, B.; Fedorova, N.; Amedeo, P.; Isom, R.; Hu, L.; Christensen, J.; Miller, J.; Novotny, M.; Durbin, A.; Rocchi, I.; Williams, T.; Arumemi, F.; Das, S.",J. Craig Venter Institute,Homo sapiens,15172,15/12/2018,MK109771.1,Automated Ingest from INSDC/NCBI Virus by Loculus,OPEN,https://pathoplexus.org/about/terms-of-use/open-data,,0.996715281,,,MK109771.1,,,RSVB/Homo sapiens/JOR/B1830/2013,0,0
PP_00288GA.2,B.D,20/12/2012,Jordan,,"Tan, G.; Pickett, B.; Fedorova, N.; Amedeo, P.; Isom, R.; Hu, L.; Christensen, J.; Miller, J.; Novotny, M.; Durbin, A.; Rocchi, I.; Williams, T.; Arumemi, F.; Das, S.",J. Craig Venter Institute,Homo sapiens,15172,15/12/2018,MK109778.1,Automated Ingest from INSDC/NCBI Virus by Loculus,OPEN,https://pathoplexus.org/about/terms-of-use/open-data,,0.996715281,,,MK109778.1,,,RSVB/Homo sapiens/JOR/A0650/2012,0,0
PP_00288H7.2,B.D,21/03/2010,Jordan,,"Tan, G.; Pickett, B.; Fedorova, N.; Amedeo, P.; Isom, R.; Hu, L.; Christensen, J.; Miller, J.; Novotny, M.; Durbin, A.; Rocchi, I.; Williams, T.; Arumemi, F.; Das, S.",J. Craig Venter Institute,Homo sapiens,15171,15/12/2018,MK109779.1,Automated Ingest from INSDC/NCBI Virus by Loculus,OPEN,https://pathoplexus.org/about/terms-of-use/open-data,,0.996715281,,,MK109779.1,,,RSVB/Homo sapiens/JOR/D3002/2010,0,0
PP_00288K3.2,B.D,27/02/2011,Jordan,,"Tan, G.; Pickett, B.; Fedorova, N.; Amedeo, P.; Isom, R.; Hu, L.; Christensen, J.; Miller, J.; Novotny, M.; Durbin, A.; Rocchi, I.; Williams, T.; Arumemi, F.; Das, S.",J. Craig Venter Institute,Homo sapiens,15231,15/12/2018,MK109781.1,Automated Ingest from INSDC/NCBI Virus by Loculus,OPEN,https://pathoplexus.org/about/terms-of-use/open-data,,0.999277362,,,MK109781.1,,,RSVB/Homo sapiens/JOR/D3136/2011,0,0
PP_00288PV.2,B.D.4,12/12/2012,Jordan,,"Tan, G.; Pickett, B.; Fedorova, N.; Amedeo, P.; Isom, R.; Hu, L.; Christensen, J.; Miller, J.; Novotny, M.; Durbin, A.; Rocchi, I.; Williams, T.; Arumemi, F.; Das, S.",J. Craig Venter Institute,Homo sapiens,15232,15/12/2018,MK109786.1,Automated Ingest from INSDC/NCBI Virus by Loculus,OPEN,https://pathoplexus.org/about/terms-of-use/open-data,,0.999277362,,,MK109786.1,,,RSVB/Homo sapiens/JOR/C2642/2012,0,0
PP_00288RR.2,B.D,10/03/2011,Jordan,,"Tan, G.; Pickett, B.; Fedorova, N.; Amedeo, P.; Isom, R.; Hu, L.; Christensen, J.; Miller, J.; Novotny, M.; Durbin, A.; Rocchi, I.; Williams, T.; Arumemi, F.; Das, S.",J. Craig Venter Institute,Homo sapiens,15234,15/12/2018,MK109789.1,Automated Ingest from INSDC/NCBI Virus by Loculus,OPEN,https://pathoplexus.org/about/terms-of-use/open-data,,0.999277362,,,MK109789.1,,,RSVB/Homo sapiens/JOR/C2195/2011,0,0
PP_00288TM.2,B.D,2005,USA,,"Greninger, A. L.; Shean, R. C.; Makhsous, N.","University of Washington, Virology",Homo sapiens,15198,09/01/2019,MK167034.1,Automated Ingest from INSDC/NCBI Virus by Loculus,OPEN,https://pathoplexus.org/about/terms-of-use/open-data,,0.99835764,,,MK167034.1,,,5S4,1,0
PP_0028A8Q.2,B.D,2009,USA,,"Greninger, A. L.; Tait, A.; Makhsous, N.","UW Virology, Laboratory Medicine",Homo sapiens,15198,20/03/2019,MK453523.1,Automated Ingest from INSDC/NCBI Virus by Loculus,OPEN,https://pathoplexus.org/about/terms-of-use/open-data,,0.998423335,,,MK453523.1,,,5P5,0,0
PP_0028AG8.2,B.D.4.1,05/10/2016,Nicaragua,Managua,"Tan, G.; Pickett, B.; Fedorova, N.; Amedeo, P.; Hu, L.; Christensen, J.; Miller, J.; Durbin, A.; Williams, T.; Arumemi, F.; Cadiz, C.; Alanis, R.; Balmseda, A.; Wiliams, T.; Schiller, A.; Patel, M.; Kubale, J.; Gordon, A.",J. Craig Venter Institute,Homo sapiens,15227,29/04/2019,MK749869.1,Automated Ingest from INSDC/NCBI Virus by Loculus,OPEN,https://pathoplexus.org/about/terms-of-use/open-data,,0.999080279,,,MK749869.1,,,RSVB/Homo sapiens/NIC/IIIn_16_0192_01NT/2016,0,0
PP_0028AH5.2,B.D.4.1,22/12/2015,Nicaragua,Managua,"Tan, G.; Pickett, B.; Fedorova, N.; Amedeo, P.; Hu, L.; Christensen, J.; Miller, J.; Durbin, A.; Williams, T.; Arumemi, F.; Cadiz, C.; Alanis, R.; Balmseda, A.; Wiliams, T.; Schiller, A.; Patel, M.; Kubale, J.; Gordon, A.",J. Craig Venter Institute,Homo sapiens,15184,29/04/2019,MK749870.1,Automated Ingest from INSDC/NCBI Virus by Loculus,OPEN,https://pathoplexus.org/about/terms-of-use/open-data,,0.997503613,,,MK749870.1,,,RSVB/Homo sapiens/NIC/IIIn_15_0361_01NT/2015,0,0
PP_0028AJ3.2,B.D.4.1,16/11/2015,Nicaragua,Managua,"Tan, G.; Pickett, B.; Fedorova, N.; Amedeo, P.; Hu, L.; Christensen, J.; Miller, J.; Durbin, A.; Williams, T.; Arumemi, F.; Cadiz, C.; Alanis, R.; Balmseda, A.; Wiliams, T.; Schiller, A.; Patel, M.; Kubale, J.; Gordon, A.",J. Craig Venter Institute,Homo sapiens,15193,29/04/2019,MK749871.1,Automated Ingest from INSDC/NCBI Virus by Loculus,OPEN,https://pathoplexus.org/about/terms-of-use/open-data,,0.997635002,,,MK749871.1,,,RSVB/Homo sapiens/NIC/IIIn_15_0261_01NT/2015,0,0
PP_0028AK1.2,B.D.4.1,18/01/2016,Nicaragua,Managua,"Tan, G.; Pickett, B.; Fedorova, N.; Amedeo, P.; Hu, L.; Christensen, J.; Miller, J.; Durbin, A.; Williams, T.; Arumemi, F.; Cadiz, C.; Alanis, R.; Balmseda, A.; Wiliams, T.; Schiller, A.; Patel, M.; Kubale, J.; Gordon, A.",J. Craig Venter Institute,Homo sapiens,15189,29/04/2019,MK749872.1,Automated Ingest from INSDC/NCBI Virus by Loculus,OPEN,https://pathoplexus.org/about/terms-of-use/open-data,,0.997503613,,,MK749872.1,,,RSVB/Homo sapiens/NIC/IIIn_15_0416_01NT/2016,0,0
PP_0028ALZ.2,B.D.4.1,20/11/2015,Nicaragua,Managua,"Tan, G.; Pickett, B.; Fedorova, N.; Amedeo, P.; Hu, L.; Christensen, J.; Miller, J.; Durbin, A.; Williams, T.; Arumemi, F.; Cadiz, C.; Alanis, R.; Balmseda, A.; Wiliams, T.; Schiller, A.; Patel, M.; Kubale, J.; Gordon, A.",J. Craig Venter Institute,Homo sapiens,15202,29/04/2019,MK749873.1,Automated Ingest from INSDC/NCBI Virus by Loculus,OPEN,https://pathoplexus.org/about/terms-of-use/open-data,,0.998226251,,,MK749873.1,,,RSVB/Homo sapiens/NIC/IIIn_15_0281_01NT/2015,0,0
PP_0028ANV.2,B.D.4.1,05/10/2016,Nicaragua,Managua,"Tan, G.; Pickett, B.; Fedorova, N.; Amedeo, P.; Hu, L.; Christensen, J.; Miller, J.; Durbin, A.; Williams, T.; Arumemi, F.; Cadiz, C.; Alanis, R.; Balmseda, A.; Wiliams, T.; Schiller, A.; Patel, M.; Kubale, J.; Gordon, A.",J. Craig Venter Institute,Homo sapiens,15171,29/04/2019,MK749875.1,Automated Ingest from INSDC/NCBI Virus by Loculus,OPEN,https://pathoplexus.org/about/terms-of-use/open-data,,0.996715281,,,MK749875.1,,,RSVB/Homo sapiens/NIC/IIIn_16_0226_01NT/2016,0,0
PP_0028ARP.2,B.D.4.1,04/12/2015,Nicaragua,Managua,"Tan, G.; Pickett, B.; Fedorova, N.; Amedeo, P.; Hu, L.; Christensen, J.; Miller, J.; Durbin, A.; Williams, T.; Arumemi, F.; Cadiz, C.; Alanis, R.; Balmseda, A.; Wiliams, T.; Schiller, A.; Patel, M.; Kubale, J.; Gordon, A.",J. Craig Venter Institute,Homo sapiens,15189,29/04/2019,MK749878.1,Automated Ingest from INSDC/NCBI Virus by Loculus,OPEN,https://pathoplexus.org/about/terms-of-use/open-data,,0.997503613,,,MK749878.1,,,RSVB/Homo sapiens/NIC/IIIn_15_0326_01NT/2015,0,0
PP_0028ASM.2,B.D.4.1,29/10/2015,Nicaragua,Managua,"Tan, G.; Pickett, B.; Fedorova, N.; Amedeo, P.; Hu, L.; Christensen, J.; Miller, J.; Durbin, A.; Williams, T.; Arumemi, F.; Cadiz, C.; Alanis, R.; Balmseda, A.; Wiliams, T.; Schiller, A.; Patel, M.; Kubale, J.; Gordon, A.",J. Craig Venter Institute,Homo sapiens,15215,29/04/2019,MK749879.1,Automated Ingest from INSDC/NCBI Virus by Loculus,OPEN,https://pathoplexus.org/about/terms-of-use/open-data,,0.999145973,,,MK749879.1,,,RSVB/Homo sapiens/NIC/IIIn_15_0220_01NT/2015,0,0
PP_0028ATK.2,B.D.4.1,14/10/2015,Nicaragua,Managua,"Tan, G.; Pickett, B.; Fedorova, N.; Amedeo, P.; Hu, L.; Christensen, J.; Miller, J.; Durbin, A.; Williams, T.; Arumemi, F.; Cadiz, C.; Alanis, R.; Balmseda, A.; Wiliams, T.; Schiller, A.; Patel, M.; Kubale, J.; Gordon, A.",J. Craig Venter Institute,Homo sapiens,15214,29/04/2019,MK749880.1,Automated Ingest from INSDC/NCBI Virus by Loculus,OPEN,https://pathoplexus.org/about/terms-of-use/open-data,,0.999145973,,,MK749880.1,,,RSVB/Homo sapiens/NIC/IIIn_15_0181_01NT/2015,0,0
PP_0028AUH.2,B.D.4.1,17/12/2015,Nicaragua,Managua,"Tan, G.; Pickett, B.; Fedorova, N.; Amedeo, P.; Hu, L.; Christensen, J.; Miller, J.; Durbin, A.; Williams, T.; Arumemi, F.; Cadiz, C.; Alanis, R.; Balmseda, A.; Wiliams, T.; Schiller, A.; Patel, M.; Kubale, J.; Gordon, A.",J. Craig Venter Institute,Homo sapiens,15202,29/04/2019,MK749881.1,Automated Ingest from INSDC/NCBI Virus by Loculus,OPEN,https://pathoplexus.org/about/terms-of-use/open-data,,0.998291946,,,MK749881.1,,,RSVB/Homo sapiens/NIC/IIIn_15_0353_01NT/2015,0,0
PP_0028AWD.2,B.D,11/12/2015,Nicaragua,Managua,"Tan, G.; Pickett, B.; Fedorova, N.; Amedeo, P.; Hu, L.; Christensen, J.; Miller, J.; Durbin, A.; Williams, T.; Arumemi, F.; Cadiz, C.; Alanis, R.; Balmseda, A.; Wiliams, T.; Schiller, A.; Patel, M.; Kubale, J.; Gordon, A.",J. Craig Venter Institute,Homo sapiens,15158,29/04/2019,MK749883.1,Automated Ingest from INSDC/NCBI Virus by Loculus,OPEN,https://pathoplexus.org/about/terms-of-use/open-data,,0.995795559,,,MK749883.1,,,RSVB/Homo sapiens/NIC/IIIn_15_0344_01NT/2015,0,0
PP_0028B05.2,B.D.4.1,11/11/2015,Nicaragua,Managua,"Tan, G.; Pickett, B.; Fedorova, N.; Amedeo, P.; Hu, L.; Christensen, J.; Miller, J.; Durbin, A.; Williams, T.; Arumemi, F.; Cadiz, C.; Alanis, R.; Balmseda, A.; Wiliams, T.; Schiller, A.; Patel, M.; Kubale, J.; Gordon, A.",J. Craig Venter Institute,Homo sapiens,15197,29/04/2019,MK749889.1,Automated Ingest from INSDC/NCBI Virus by Loculus,OPEN,https://pathoplexus.org/about/terms-of-use/open-data,,0.997569308,,,MK749889.1,,,RSVB/Homo sapiens/NIC/IIIn_15_0247_01NT/2015,0,0
PP_0028B13.2,B.D.4.1,19/10/2015,Nicaragua,Managua,"Tan, G.; Pickett, B.; Fedorova, N.; Amedeo, P.; Hu, L.; Christensen, J.; Miller, J.; Durbin, A.; Williams, T.; Arumemi, F.; Cadiz, C.; Alanis, R.; Balmseda, A.; Wiliams, T.; Schiller, A.; Patel, M.; Kubale, J.; Gordon, A.",J. Craig Venter Institute,Homo sapiens,15205,29/04/2019,MK749891.1,Automated Ingest from INSDC/NCBI Virus by Loculus,OPEN,https://pathoplexus.org/about/terms-of-use/open-data,,0.998423335,,,MK749891.1,,,RSVB/Homo sapiens/NIC/IIIn_15_0187_01NT/2015,0,0
PP_0028B21.2,B.D.4.1,12/11/2015,Nicaragua,Managua,"Tan, G.; Pickett, B.; Fedorova, N.; Amedeo, P.; Hu, L.; Christensen, J.; Miller, J.; Durbin, A.; Williams, T.; Arumemi, F.; Cadiz, C.; Alanis, R.; Balmseda, A.; Wiliams, T.; Schiller, A.; Patel, M.; Kubale, J.; Gordon, A.",J. Craig Venter Institute,Homo sapiens,15199,29/04/2019,MK749892.1,Automated Ingest from INSDC/NCBI Virus by Loculus,OPEN,https://pathoplexus.org/about/terms-of-use/open-data,,0.998226251,,,MK749892.1,,,RSVB/Homo sapiens/NIC/IIIn_15_0267_01NT/2015,0,0
PP_0028B3Z.2,B.D.4.1,25/08/2016,Nicaragua,Managua,"Tan, G.; Pickett, B.; Fedorova, N.; Amedeo, P.; Hu, L.; Christensen, J.; Miller, J.; Durbin, A.; Williams, T.; Arumemi, F.; Cadiz, C.; Alanis, R.; Balmseda, A.; Wiliams, T.; Schiller, A.; Patel, M.; Kubale, J.; Gordon, A.",J. Craig Venter Institute,Homo sapiens,15227,29/04/2019,MK749894.1,Automated Ingest from INSDC/NCBI Virus by Loculus,OPEN,https://pathoplexus.org/about/terms-of-use/open-data,,0.999080279,,,MK749894.1,,,RSVB/Homo sapiens/NIC/IIIn_16_0104_01NT/2016,0,0
PP_0028B6T.2,B.D.4.1,23/12/2015,Nicaragua,Managua,"Tan, G.; Pickett, B.; Fedorova, N.; Amedeo, P.; Hu, L.; Christensen, J.; Miller, J.; Durbin, A.; Williams, T.; Arumemi, F.; Cadiz, C.; Alanis, R.; Balmseda, A.; Wiliams, T.; Schiller, A.; Patel, M.; Kubale, J.; Gordon, A.",J. Craig Venter Institute,Homo sapiens,15190,29/04/2019,MK749898.1,Automated Ingest from INSDC/NCBI Virus by Loculus,OPEN,https://pathoplexus.org/about/terms-of-use/open-data,,0.997569308,,,MK749898.1,,,RSVB/Homo sapiens/NIC/IIIn_15_0578_01NT/2015,0,0
PP_0028B8P.2,B.D,10/11/2013,Nicaragua,Managua,"Tan, G.; Pickett, B.; Fedorova, N.; Amedeo, P.; Hu, L.; Christensen, J.; Miller, J.; Durbin, A.; Williams, T.; Arumemi, F.; Cadiz, C.; Alanis, R.; Balmseda, A.; Wiliams, T.; Schiller, A.; Patel, M.; Kubale, J.; Gordon, A.",J. Craig Venter Institute,Homo sapiens,15156,29/04/2019,MK749900.1,Automated Ingest from INSDC/NCBI Virus by Loculus,OPEN,https://pathoplexus.org/about/terms-of-use/open-data,,0.99566417,,,MK749900.1,,,RSVB/Homo sapiens/NIC/7309_04/2013,0,0
PP_0028BCF.2,B.D.4.1,07/12/2015,Nicaragua,Managua,"Tan, G.; Pickett, B.; Fedorova, N.; Amedeo, P.; Hu, L.; Christensen, J.; Miller, J.; Durbin, A.; Williams, T.; Arumemi, F.; Cadiz, C.; Alanis, R.; Balmseda, A.; Wiliams, T.; Schiller, A.; Patel, M.; Kubale, J.; Gordon, A.",J. Craig Venter Institute,Homo sapiens,15191,29/04/2019,MK749904.1,Automated Ingest from INSDC/NCBI Virus by Loculus,OPEN,https://pathoplexus.org/about/terms-of-use/open-data,,0.997635002,,,MK749904.1,,,RSVB/Homo sapiens/NIC/IIIn_15_0332_01NT/2015,0,0
PP_0028BEB.2,B.D.4.1,18/11/2015,Nicaragua,Managua,"Tan, G.; Pickett, B.; Fedorova, N.; Amedeo, P.; Hu, L.; Christensen, J.; Miller, J.; Durbin, A.; Williams, T.; Arumemi, F.; Cadiz, C.; Alanis, R.; Balmseda, A.; Wiliams, T.; Schiller, A.; Patel, M.; Kubale, J.; Gordon, A.",J. Craig Venter Institute,Homo sapiens,15192,29/04/2019,MK749906.1,Automated Ingest from INSDC/NCBI Virus by Loculus,OPEN,https://pathoplexus.org/about/terms-of-use/open-data,,0.997635002,,,MK749906.1,,,RSVB/Homo sapiens/NIC/IIIn_15_0243_01NT/2015,0,0
PP_0028BH4.2,B.D.4.1,11/07/2016,Nicaragua,Managua,"Tan, G.; Pickett, B.; Fedorova, N.; Amedeo, P.; Hu, L.; Christensen, J.; Miller, J.; Durbin, A.; Williams, T.; Arumemi, F.; Cadiz, C.; Alanis, R.; Balmseda, A.; Wiliams, T.; Schiller, A.; Patel, M.; Kubale, J.; Gordon, A.",J. Craig Venter Institute,Homo sapiens,15215,29/04/2019,MK749910.1,Automated Ingest from INSDC/NCBI Virus by Loculus,OPEN,https://pathoplexus.org/about/terms-of-use/open-data,,0.999080279,,,MK749910.1,,,RSVB/Homo sapiens/NIC/IIIn_16_0079_01NT/2016,0,0
PP_002KH7W.1,B.D.4.1,06/04/2017,Kenya,,"Kamau, E.; Otieno, J. R.; Murunga, N.; Nyiro, J. U.; Oketch, J. W.; Ngoi, J. M.; de Laurent, Z. R.; Mwema, A.; Agoti, C. N.; Nokes, D. J.","KEMRI-Wellcome Trust, Epidemiology and Demography",Homo sapiens,15211,26/04/2020,MN365454.1,Automated Ingest from INSDC/NCBI Virus by Loculus,OPEN,https://pathoplexus.org/about/terms-of-use/open-data,,0.999277362,,,MN365454.1,,,KHDSS/153/06-Apr-2017/MAV,0,0
PP_002KHAQ.1,B.D.4.1.2,11/04/2017,Kenya,,"Kamau, E.; Otieno, J. R.; Murunga, N.; Nyiro, J. U.; Oketch, J. W.; Ngoi, J. M.; de Laurent, Z. R.; Mwema, A.; Agoti, C. N.; Nokes, D. J.","KEMRI-Wellcome Trust, Epidemiology and Demography",Homo sapiens,15245,26/04/2020,MN365457.1,Automated Ingest from INSDC/NCBI Virus by Loculus,OPEN,https://pathoplexus.org/about/terms-of-use/open-data,,0.999868611,,,MN365457.1,,,KHDSS/156/11-Apr-2017/MAV,0,0
PP_002KHBN.1,B.D.4.1,11/04/2017,Kenya,,"Kamau, E.; Otieno, J. R.; Murunga, N.; Nyiro, J. U.; Oketch, J. W.; Ngoi, J. M.; de Laurent, Z. R.; Mwema, A.; Agoti, C. N.; Nokes, D. J.","KEMRI-Wellcome Trust, Epidemiology and Demography",Homo sapiens,15232,26/04/2020,MN365458.1,Automated Ingest from INSDC/NCBI Virus by Loculus,OPEN,https://pathoplexus.org/about/terms-of-use/open-data,,1,,,MN365458.1,,,KHDSS/157/11-Apr-2017/MAV,0,0
PP_002KHDJ.1,B.D.4.1,11/04/2017,Kenya,,"Kamau, E.; Otieno, J. R.; Murunga, N.; Nyiro, J. U.; Oketch, J. W.; Ngoi, J. M.; de Laurent, Z. R.; Mwema, A.; Agoti, C. N.; Nokes, D. J.","KEMRI-Wellcome Trust, Epidemiology and Demography",Homo sapiens,15214,26/04/2020,MN365460.1,Automated Ingest from INSDC/NCBI Virus by Loculus,OPEN,https://pathoplexus.org/about/terms-of-use/open-data,,0.998817501,,,MN365460.1,,,KHDSS/159/11-Apr-2017/MAV,0,0
PP_002KHJ7.1,B.D.4.1,28/04/2017,Kenya,,"Kamau, E.; Otieno, J. R.; Murunga, N.; Nyiro, J. U.; Oketch, J. W.; Ngoi, J. M.; de Laurent, Z. R.; Mwema, A.; Agoti, C. N.; Nokes, D. J.","KEMRI-Wellcome Trust, Epidemiology and Demography",Homo sapiens,15257,26/04/2020,MN365465.1,Automated Ingest from INSDC/NCBI Virus by Loculus,OPEN,https://pathoplexus.org/about/terms-of-use/open-data,,1,,,MN365465.1,,,KHDSS/164/28-Apr-2017/MAV,0,0
PP_002KHM1.1,B.D.4.1,02/05/2017,Kenya,,"Kamau, E.; Otieno, J. R.; Murunga, N.; Nyiro, J. U.; Oketch, J. W.; Ngoi, J. M.; de Laurent, Z. R.; Mwema, A.; Agoti, C. N.; Nokes, D. J.","KEMRI-Wellcome Trust, Epidemiology and Demography",Homo sapiens,15247,26/04/2020,MN365468.1,Automated Ingest from INSDC/NCBI Virus by Loculus,OPEN,https://pathoplexus.org/about/terms-of-use/open-data,,1,,,MN365468.1,,,KHDSS/167/02-May-2017/MAV,0,0
PP_002KHQV.1,B.D.4.1,12/05/2017,Kenya,,"Kamau, E.; Otieno, J. R.; Murunga, N.; Nyiro, J. U.; Oketch, J. W.; Ngoi, J. M.; de Laurent, Z. R.; Mwema, A.; Agoti, C. N.; Nokes, D. J.","KEMRI-Wellcome Trust, Epidemiology and Demography",Homo sapiens,15247,26/04/2020,MN365471.1,Automated Ingest from INSDC/NCBI Virus by Loculus,OPEN,https://pathoplexus.org/about/terms-of-use/open-data,,1,,,MN365471.1,,,KHDSS/170/12-May-2017/MAV,0,0
PP_002KKNX.2,B.D.4.1.1,2011,USA,Seattle,"Chu, H.; Scott, E.; Roychoudhury, P.","University of Washington, Medicine",Homo sapiens,15194,08/03/2020,MN108244.1,Automated Ingest from INSDC/NCBI Virus by Loculus,OPEN,https://pathoplexus.org/about/terms-of-use/open-data,,0.998094863,,,MN108244.1,,,318611_R1.fastq.gz/rsvB/USA,0,1
PP_002KPQP.2,B.D.4,2013,USA,Seattle,"Chu, H.; Scott, E.; Roychoudhury, P.","University of Washington, Medicine",Homo sapiens,15095,23/05/2020,MN125662.1,Automated Ingest from INSDC/NCBI Virus by Loculus,OPEN,https://pathoplexus.org/about/terms-of-use/open-data,,0.989357509,,,MN125662.1,,,GH130302/USA/2013,0,37
PP_002KPRM.2,B.D.1,2013,USA,Seattle,"Chu, H.; Scott, E.; Roychoudhury, P.","University of Washington, Medicine",Homo sapiens,14966,23/05/2020,MN125663.1,Automated Ingest from INSDC/NCBI Virus by Loculus,OPEN,https://pathoplexus.org/about/terms-of-use/open-data,,0.980620155,,,MN125663.1,,,GH130426/USA/2013,0,47
PP_002KPSK.2,B.D.1.1,2014,USA,Seattle,"Chu, H.; Scott, E.; Roychoudhury, P.","University of Washington, Medicine",Homo sapiens,14968,23/05/2020,MN125664.1,Automated Ingest from INSDC/NCBI Virus by Loculus,OPEN,https://pathoplexus.org/about/terms-of-use/open-data,,0.983707791,,,MN125664.1,,,GH140304/USA/2014,0,1
PP_002KPUF.2,B.D.1,2011,USA,Seattle,"Chu, H.; Scott, E.; Roychoudhury, P.","University of Washington, Medicine",Homo sapiens,14908,23/05/2020,MN125666.1,Automated Ingest from INSDC/NCBI Virus by Loculus,OPEN,https://pathoplexus.org/about/terms-of-use/open-data,,0.983707791,,,MN125666.1,,,GH200155/USA/2011,0,1
PP_002KPVD.2,B.D,2011,USA,Seattle,"Chu, H.; Scott, E.; Roychoudhury, P.","University of Washington, Medicine",Homo sapiens,15121,23/05/2020,MN125667.1,Automated Ingest from INSDC/NCBI Virus by Loculus,OPEN,https://pathoplexus.org/about/terms-of-use/open-data,,0.990145842,,,MN125667.1,,,GH200163/USA/2011,0,56
PP_002KPWB.2,B.D.4,2012,USA,Seattle,"Chu, H.; Scott, E.; Roychoudhury, P.","University of Washington, Medicine",Homo sapiens,14967,23/05/2020,MN125668.1,Automated Ingest from INSDC/NCBI Virus by Loculus,OPEN,https://pathoplexus.org/about/terms-of-use/open-data,,0.981474182,,,MN125668.1,,,GH220074/USA/2012,0,34
PP_002KPX9.2,B.D.4,2012,USA,Seattle,"Chu, H.; Scott, E.; Roychoudhury, P.","University of Washington, Medicine",Homo sapiens,15120,23/05/2020,MN125669.1,Automated Ingest from INSDC/NCBI Virus by Loculus,OPEN,https://pathoplexus.org/about/terms-of-use/open-data,,0.992116673,,,MN125669.1,,,GH220153/USA/2012,0,25
PP_002KPY7.2,B.D.4,2013,USA,Seattle,"Chu, H.; Scott, E.; Roychoudhury, P.","University of Washington, Medicine",Homo sapiens,14967,23/05/2020,MN125670.1,Automated Ingest from INSDC/NCBI Virus by Loculus,OPEN,https://pathoplexus.org/about/terms-of-use/open-data,,0.983773486,,,MN125670.1,,,GH230408/USA/2013,0,0
PP_002KPZ5.2,B.D.4,2013,USA,Seattle,"Chu, H.; Scott, E.; Roychoudhury, P.","University of Washington, Medicine",Homo sapiens,14967,23/05/2020,MN125671.1,Automated Ingest from INSDC/NCBI Virus by Loculus,OPEN,https://pathoplexus.org/about/terms-of-use/open-data,,0.981934043,,,MN125671.1,,,GH230409/USA/2013,0,28
PP_002KQ03.2,B.D.4,2012,USA,Seattle,"Chu, H.; Scott, E.; Roychoudhury, P.","University of Washington, Medicine",Homo sapiens,14974,23/05/2020,MN125672.1,Automated Ingest from INSDC/NCBI Virus by Loculus,OPEN,https://pathoplexus.org/about/terms-of-use/open-data,,0.983642097,,,MN125672.1,,,GH320059/USA/2012,0,2
PP_002KQ2Z.2,B.D.4,2012,USA,Seattle,"Chu, H.; Scott, E.; Roychoudhury, P.","University of Washington, Medicine",Homo sapiens,14977,23/05/2020,MN125674.1,Automated Ingest from INSDC/NCBI Virus by Loculus,OPEN,https://pathoplexus.org/about/terms-of-use/open-data,,0.983970569,,,MN125674.1,,,GH320224/USA/2012,0,0
PP_002KQ3X.2,B.D.4,2012,USA,Seattle,"Chu, H.; Scott, E.; Roychoudhury, P.","University of Washington, Medicine",Homo sapiens,14972,23/05/2020,MN125675.1,Automated Ingest from INSDC/NCBI Virus by Loculus,OPEN,https://pathoplexus.org/about/terms-of-use/open-data,,0.984036263,,,MN125675.1,,,GH320282/USA/2012,0,0
PP_002KQ4V.2,B.D.4,2012,USA,Seattle,"Chu, H.; Scott, E.; Roychoudhury, P.","University of Washington, Medicine",Homo sapiens,14968,23/05/2020,MN125676.1,Automated Ingest from INSDC/NCBI Virus by Loculus,OPEN,https://pathoplexus.org/about/terms-of-use/open-data,,0.983773486,,,MN125676.1,,,GH320319/USA/2012,0,0
PP_002KQ5T.2,B.D.1,2012,USA,Seattle,"Chu, H.; Scott, E.; Roychoudhury, P.","University of Washington, Medicine",Homo sapiens,14967,23/05/2020,MN125677.1,Automated Ingest from INSDC/NCBI Virus by Loculus,OPEN,https://pathoplexus.org/about/terms-of-use/open-data,,0.983576403,,,MN125677.1,,,GH320346/USA/2012,0,2
PP_002KQ7P.2,B.D.1.1,2014,USA,Seattle,"Chu, H.; Scott, E.; Roychoudhury, P.","University of Washington, Medicine",Homo sapiens,14967,23/05/2020,MN125679.1,Automated Ingest from INSDC/NCBI Virus by Loculus,OPEN,https://pathoplexus.org/about/terms-of-use/open-data,,0.983576403,,,MN125679.1,,,GH340185/USA/2014,0,2
PP_002KQ9K.2,B.D.1.1,2014,USA,Seattle,"Chu, H.; Scott, E.; Roychoudhury, P.","University of Washington, Medicine",Homo sapiens,14975,23/05/2020,MN125681.1,Automated Ingest from INSDC/NCBI Virus by Loculus,OPEN,https://pathoplexus.org/about/terms-of-use/open-data,,0.983247931,,,MN125681.1,,,GH340517/USA/2014,0,8
PP_002KQBF.2,B.D.1.1,2013,USA,Seattle,"Chu, H.; Scott, E.; Roychoudhury, P.","University of Washington, Medicine",Homo sapiens,14967,23/05/2020,MN125683.1,Automated Ingest from INSDC/NCBI Virus by Loculus,OPEN,https://pathoplexus.org/about/terms-of-use/open-data,,0.983313625,,,MN125683.1,,,GH430019/USA/2013,0,6
PP_002KQG5.2,B.D.4,2013,USA,Seattle,"Chu, H.; Scott, E.; Roychoudhury, P.","University of Washington, Medicine",Homo sapiens,14974,02/03/2020,MN167840.1,Automated Ingest from INSDC/NCBI Virus by Loculus,OPEN,https://pathoplexus.org/about/terms-of-use/open-data,,0.982985153,,,MN167840.1,,,GH530223/USA/2013,0,19
PP_002KQH2.2,B.D.1.1,2014,USA,Seattle,"Chu, H.; Scott, E.; Roychoudhury, P.","University of Washington, Medicine",Homo sapiens,14969,02/03/2020,MN167841.1,Automated Ingest from INSDC/NCBI Virus by Loculus,OPEN,https://pathoplexus.org/about/terms-of-use/open-data,,0.983707791,,,MN167841.1,,,GH540134/USA/2014,0,1
PP_002KQJ0.2,B.D.4.1,2014,USA,Seattle,"Chu, H.; Scott, E.; Roychoudhury, P.","University of Washington, Medicine",Homo sapiens,14968,02/03/2020,MN167842.1,Automated Ingest from INSDC/NCBI Virus by Loculus,OPEN,https://pathoplexus.org/about/terms-of-use/open-data,,0.983773486,,,MN167842.1,,,GH540187/USA/2014,0,0
PP_002KQKY.2,B.D.4.1,2014,USA,Seattle,"Chu, H.; Scott, E.; Roychoudhury, P.","University of Washington, Medicine",Homo sapiens,14907,02/03/2020,MN167843.1,Automated Ingest from INSDC/NCBI Virus by Loculus,OPEN,https://pathoplexus.org/about/terms-of-use/open-data,,0.983445014,,,MN167843.1,,,GH540271/USA/2014,0,5
PP_002KQLW.2,B.D.4.1,2015,USA,Seattle,"Chu, H.; Scott, E.; Roychoudhury, P.","University of Washington, Medicine",Homo sapiens,14968,02/03/2020,MN167844.1,Automated Ingest from INSDC/NCBI Virus by Loculus,OPEN,https://pathoplexus.org/about/terms-of-use/open-data,,0.981934043,,,MN167844.1,,,GH550182/USA/2015,0,28
PP_002KQNS.2,B.D.4.1,2014,USA,Seattle,"Chu, H.; Scott, E.; Roychoudhury, P.","University of Washington, Medicine",Homo sapiens,14968,02/03/2020,MN167846.1,Automated Ingest from INSDC/NCBI Virus by Loculus,OPEN,https://pathoplexus.org/about/terms-of-use/open-data,,0.983182236,,,MN167846.1,,,GH640264/USA/2014,0,9
PP_002KQPQ.2,B.D.4,2014,USA,Seattle,"Chu, H.; Scott, E.; Roychoudhury, P.","University of Washington, Medicine",Homo sapiens,14969,02/03/2020,MN167847.1,Automated Ingest from INSDC/NCBI Virus by Loculus,OPEN,https://pathoplexus.org/about/terms-of-use/open-data,,0.983642097,,,MN167847.1,,,GH740062/USA/2014,0,2
PP_002KQQN.2,B.D.4.1,2014,USA,Seattle,"Chu, H.; Scott, E.; Roychoudhury, P.","University of Washington, Medicine",Homo sapiens,14968,02/03/2020,MN167848.1,Automated Ingest from INSDC/NCBI Virus by Loculus,OPEN,https://pathoplexus.org/about/terms-of-use/open-data,,0.983773486,,,MN167848.1,,,GH740158/USA/2014,0,0
PP_002KQRL.2,B.D.4.1,2014,USA,Seattle,"Chu, H.; Scott, E.; Roychoudhury, P.","University of Washington, Medicine",Homo sapiens,14972,02/03/2020,MN167849.1,Automated Ingest from INSDC/NCBI Virus by Loculus,OPEN,https://pathoplexus.org/about/terms-of-use/open-data,,0.984036263,,,MN167849.1,,,GH740172/USA/2014,0,0
PP_002KQSJ.2,B.D,2014,USA,Seattle,"Chu, H.; Scott, E.; Roychoudhury, P.","University of Washington, Medicine",Homo sapiens,14968,02/03/2020,MN167850.1,Automated Ingest from INSDC/NCBI Virus by Loculus,OPEN,https://pathoplexus.org/about/terms-of-use/open-data,,0.983576403,,,MN167850.1,,,GH740174/USA/2014,0,3
PP_002KQTG.2,B.D.1.1,2014,USA,Seattle,"Chu, H.; Scott, E.; Roychoudhury, P.","University of Washington, Medicine",Homo sapiens,14970,02/03/2020,MN167851.1,Automated Ingest from INSDC/NCBI Virus by Loculus,OPEN,https://pathoplexus.org/about/terms-of-use/open-data,,0.983773486,,,MN167851.1,,,GH740284/USA/2014,0,2
PP_002KQZ4.1,B.D,14/12/2015,Kenya,,"Kamau, E.; Otieno, J. R.; Murunga, N.; Nyiro, J. U.; Oketch, J. W.; Ngoi, J. M.; de Laurent, Z. R.; Mwema, A.; Agoti, C. N.; Nokes, D. J.","KEMRI-Wellcome Trust, Epidemiology and Demography",Homo sapiens,14982,26/04/2020,MN365302.1,Automated Ingest from INSDC/NCBI Virus by Loculus,OPEN,https://pathoplexus.org/about/terms-of-use/open-data,,0.984233346,,,MN365302.1,,,KHDSS/1/14-Dec-2015/CHA,0,0
PP_002KR02.1,B.D.4.1,12/01/2016,Kenya,,"Kamau, E.; Otieno, J. R.; Murunga, N.; Nyiro, J. U.; Oketch, J. W.; Ngoi, J. M.; de Laurent, Z. R.; Mwema, A.; Agoti, C. N.; Nokes, D. J.","KEMRI-Wellcome Trust, Epidemiology and Demography",Homo sapiens,14831,26/04/2020,MN365303.1,Automated Ingest from INSDC/NCBI Virus by Loculus,OPEN,https://pathoplexus.org/about/terms-of-use/open-data,,0.99789778,,,MN365303.1,,,KHDSS/2/12-Jan-2016/CHA,0,0
PP_002KR2Y.1,B.D.4.1,22/01/2016,Kenya,,"Kamau, E.; Otieno, J. R.; Murunga, N.; Nyiro, J. U.; Oketch, J. W.; Ngoi, J. M.; de Laurent, Z. R.; Mwema, A.; Agoti, C. N.; Nokes, D. J.","KEMRI-Wellcome Trust, Epidemiology and Demography",Homo sapiens,15007,26/04/2020,MN365305.1,Automated Ingest from INSDC/NCBI Virus by Loculus,OPEN,https://pathoplexus.org/about/terms-of-use/open-data,,0.998160557,,,MN365305.1,,,KHDSS/4/22-Jan-2016/CHA,0,0
PP_002KRG4.1,B.D.4.1,03/03/2017,Kenya,,"Kamau, E.; Otieno, J. R.; Murunga, N.; Nyiro, J. U.; Oketch, J. W.; Ngoi, J. M.; de Laurent, Z. R.; Mwema, A.; Agoti, C. N.; Nokes, D. J.","KEMRI-Wellcome Trust, Epidemiology and Demography",Homo sapiens,15252,26/04/2020,MN365319.1,Automated Ingest from INSDC/NCBI Virus by Loculus,OPEN,https://pathoplexus.org/about/terms-of-use/open-data,,1,,,MN365319.1,,,KHDSS/18/03-Mar-2017/CHA,0,0
PP_002KRKX.1,B.D.4.1,21/03/2017,Kenya,,"Kamau, E.; Otieno, J. R.; Murunga, N.; Nyiro, J. U.; Oketch, J. W.; Ngoi, J. M.; de Laurent, Z. R.; Mwema, A.; Agoti, C. N.; Nokes, D. J.","KEMRI-Wellcome Trust, Epidemiology and Demography",Homo sapiens,15247,26/04/2020,MN365322.1,Automated Ingest from INSDC/NCBI Virus by Loculus,OPEN,https://pathoplexus.org/about/terms-of-use/open-data,,1,,,MN365322.1,,,KHDSS/21/21-Mar-2017/CHA,0,0
PP_002KRRK.1,B.D.4.1,19/04/2017,Kenya,,"Kamau, E.; Otieno, J. R.; Murunga, N.; Nyiro, J. U.; Oketch, J. W.; Ngoi, J. M.; de Laurent, Z. R.; Mwema, A.; Agoti, C. N.; Nokes, D. J.","KEMRI-Wellcome Trust, Epidemiology and Demography",Homo sapiens,15223,26/04/2020,MN365328.1,Automated Ingest from INSDC/NCBI Virus by Loculus,OPEN,https://pathoplexus.org/about/terms-of-use/open-data,,0.999540139,,,MN365328.1,,,KHDSS/27/19-Apr-2017/CHA,0,0
PP_002KRTF.1,B.D.4.1,02/05/2017,Kenya,,"Kamau, E.; Otieno, J. R.; Murunga, N.; Nyiro, J. U.; Oketch, J. W.; Ngoi, J. M.; de Laurent, Z. R.; Mwema, A.; Agoti, C. N.; Nokes, D. J.","KEMRI-Wellcome Trust, Epidemiology and Demography",Homo sapiens,15227,26/04/2020,MN365330.1,Automated Ingest from INSDC/NCBI Virus by Loculus,OPEN,https://pathoplexus.org/about/terms-of-use/open-data,,0.998686112,,,MN365330.1,,,KHDSS/29/02-May-2017/CHA,0,0
PP_002KS1Z.1,B.D,14/12/2015,Kenya,,"Kamau, E.; Otieno, J. R.; Murunga, N.; Nyiro, J. U.; Oketch, J. W.; Ngoi, J. M.; de Laurent, Z. R.; Mwema, A.; Agoti, C. N.; Nokes, D. J.","KEMRI-Wellcome Trust, Epidemiology and Demography",Homo sapiens,14980,26/04/2020,MN365338.1,Automated Ingest from INSDC/NCBI Virus by Loculus,OPEN,https://pathoplexus.org/about/terms-of-use/open-data,,0.984101958,,,MN365338.1,,,KHDSS/37/14-Dec-2015/JAR,0,0
PP_002KSAF.1,B.D.4.1,01/03/2017,Kenya,,"Kamau, E.; Otieno, J. R.; Murunga, N.; Nyiro, J. U.; Oketch, J. W.; Ngoi, J. M.; de Laurent, Z. R.; Mwema, A.; Agoti, C. N.; Nokes, D. J.","KEMRI-Wellcome Trust, Epidemiology and Demography",Homo sapiens,15086,26/04/2020,MN365347.1,Automated Ingest from INSDC/NCBI Virus by Loculus,OPEN,https://pathoplexus.org/about/terms-of-use/open-data,,0.998817501,,,MN365347.1,,,KHDSS/46/01-Mar-2017/JAR,0,0
PP_002KSCB.1,B.D.4.1,08/03/2017,Kenya,,"Kamau, E.; Otieno, J. R.; Murunga, N.; Nyiro, J. U.; Oketch, J. W.; Ngoi, J. M.; de Laurent, Z. R.; Mwema, A.; Agoti, C. N.; Nokes, D. J.","KEMRI-Wellcome Trust, Epidemiology and Demography",Homo sapiens,15247,26/04/2020,MN365349.1,Automated Ingest from INSDC/NCBI Virus by Loculus,OPEN,https://pathoplexus.org/about/terms-of-use/open-data,,1,,,MN365349.1,,,KHDSS/48/08-Mar-2017/JAR,0,0
PP_002KSE7.1,B.D.4.1,08/03/2017,Kenya,,"Kamau, E.; Otieno, J. R.; Murunga, N.; Nyiro, J. U.; Oketch, J. W.; Ngoi, J. M.; de Laurent, Z. R.; Mwema, A.; Agoti, C. N.; Nokes, D. J.","KEMRI-Wellcome Trust, Epidemiology and Demography",Homo sapiens,15248,26/04/2020,MN365351.1,Automated Ingest from INSDC/NCBI Virus by Loculus,OPEN,https://pathoplexus.org/about/terms-of-use/open-data,,1,,,MN365351.1,,,KHDSS/50/08-Mar-2017/JAR,0,0
PP_002KSF5.1,B.D.4.1,08/03/2017,Kenya,,"Kamau, E.; Otieno, J. R.; Murunga, N.; Nyiro, J. U.; Oketch, J. W.; Ngoi, J. M.; de Laurent, Z. R.; Mwema, A.; Agoti, C. N.; Nokes, D. J.","KEMRI-Wellcome Trust, Epidemiology and Demography",Homo sapiens,15220,26/04/2020,MN365352.1,Automated Ingest from INSDC/NCBI Virus by Loculus,OPEN,https://pathoplexus.org/about/terms-of-use/open-data,,0.999868611,,,MN365352.1,,,KHDSS/51/08-Mar-2017/JAR,0,0
PP_002KSJY.1,B.D.4.1,29/03/2017,Kenya,,"Kamau, E.; Otieno, J. R.; Murunga, N.; Nyiro, J. U.; Oketch, J. W.; Ngoi, J. M.; de Laurent, Z. R.; Mwema, A.; Agoti, C. N.; Nokes, D. J.","KEMRI-Wellcome Trust, Epidemiology and Demography",Homo sapiens,15200,26/04/2020,MN365355.1,Automated Ingest from INSDC/NCBI Virus by Loculus,OPEN,https://pathoplexus.org/about/terms-of-use/open-data,,0.998554723,,,MN365355.1,,,KHDSS/54/29-Mar-2017/JAR,0,0
PP_002KSTE.1,B.D,14/12/2015,Kenya,,"Kamau, E.; Otieno, J. R.; Murunga, N.; Nyiro, J. U.; Oketch, J. W.; Ngoi, J. M.; de Laurent, Z. R.; Mwema, A.; Agoti, C. N.; Nokes, D. J.","KEMRI-Wellcome Trust, Epidemiology and Demography",Homo sapiens,15082,26/04/2020,MN365364.1,Automated Ingest from INSDC/NCBI Virus by Loculus,OPEN,https://pathoplexus.org/about/terms-of-use/open-data,,0.990802785,,,MN365364.1,,,KHDSS/63/14-Dec-2015/JUN,0,0
PP_002KSUC.1,B.D,16/12/2015,Kenya,,"Kamau, E.; Otieno, J. R.; Murunga, N.; Nyiro, J. U.; Oketch, J. W.; Ngoi, J. M.; de Laurent, Z. R.; Mwema, A.; Agoti, C. N.; Nokes, D. J.","KEMRI-Wellcome Trust, Epidemiology and Demography",Homo sapiens,15172,26/04/2020,MN365365.1,Automated Ingest from INSDC/NCBI Virus by Loculus,OPEN,https://pathoplexus.org/about/terms-of-use/open-data,,0.99520431,,,MN365365.1,,,KHDSS/64/16-Dec-2015/JUN,0,0
PP_002KSVA.1,B.D,16/12/2015,Kenya,,"Kamau, E.; Otieno, J. R.; Murunga, N.; Nyiro, J. U.; Oketch, J. W.; Ngoi, J. M.; de Laurent, Z. R.; Mwema, A.; Agoti, C. N.; Nokes, D. J.","KEMRI-Wellcome Trust, Epidemiology and Demography",Homo sapiens,14983,26/04/2020,MN365366.1,Automated Ingest from INSDC/NCBI Virus by Loculus,OPEN,https://pathoplexus.org/about/terms-of-use/open-data,,0.982919459,,,MN365366.1,,,KHDSS/65/16-Dec-2015/JUN,0,0
PP_002KSY4.1,B.D.4.1,04/02/2016,Kenya,,"Kamau, E.; Otieno, J. R.; Murunga, N.; Nyiro, J. U.; Oketch, J. W.; Ngoi, J. M.; de Laurent, Z. R.; Mwema, A.; Agoti, C. N.; Nokes, D. J.","KEMRI-Wellcome Trust, Epidemiology and Demography",Homo sapiens,14930,26/04/2020,MN365369.1,Automated Ingest from INSDC/NCBI Virus by Loculus,OPEN,https://pathoplexus.org/about/terms-of-use/open-data,,0.980817238,,,MN365369.1,,,KHDSS/68/04-Feb-2016/JUN,0,0
PP_002KT00.1,B.D.4.1,06/04/2016,Kenya,,"Kamau, E.; Otieno, J. R.; Murunga, N.; Nyiro, J. U.; Oketch, J. W.; Ngoi, J. M.; de Laurent, Z. R.; Mwema, A.; Agoti, C. N.; Nokes, D. J.","KEMRI-Wellcome Trust, Epidemiology and Demography",Homo sapiens,15234,26/04/2020,MN365371.1,Automated Ingest from INSDC/NCBI Virus by Loculus,OPEN,https://pathoplexus.org/about/terms-of-use/open-data,,0.999145973,,,MN365371.1,,,KHDSS/70/06-Apr-2016/JUN,0,0
PP_002KTBC.1,B.D.4.1,15/03/2017,Kenya,,"Kamau, E.; Otieno, J. R.; Murunga, N.; Nyiro, J. U.; Oketch, J. W.; Ngoi, J. M.; de Laurent, Z. R.; Mwema, A.; Agoti, C. N.; Nokes, D. J.","KEMRI-Wellcome Trust, Epidemiology and Demography",Homo sapiens,15237,26/04/2020,MN365382.1,Automated Ingest from INSDC/NCBI Virus by Loculus,OPEN,https://pathoplexus.org/about/terms-of-use/open-data,,0.99894889,,,MN365382.1,,,KHDSS/81/15-Mar-2017/JUN,6,0
PP_002KTD8.1,B.D.4.1,28/03/2017,Kenya,,"Kamau, E.; Otieno, J. R.; Murunga, N.; Nyiro, J. U.; Oketch, J. W.; Ngoi, J. M.; de Laurent, Z. R.; Mwema, A.; Agoti, C. N.; Nokes, D. J.","KEMRI-Wellcome Trust, Epidemiology and Demography",Homo sapiens,15214,26/04/2020,MN365384.1,Automated Ingest from INSDC/NCBI Virus by Loculus,OPEN,https://pathoplexus.org/about/terms-of-use/open-data,,0.999474445,,,MN365384.1,,,KHDSS/83/28-Mar-2017/JUN,0,0
PP_002KTLT.1,B.D.4.1,05/01/2016,Kenya,,"Kamau, E.; Otieno, J. R.; Murunga, N.; Nyiro, J. U.; Oketch, J. W.; Ngoi, J. M.; de Laurent, Z. R.; Mwema, A.; Agoti, C. N.; Nokes, D. J.","KEMRI-Wellcome Trust, Epidemiology and Demography",Homo sapiens,15221,26/04/2020,MN365391.1,Automated Ingest from INSDC/NCBI Virus by Loculus,OPEN,https://pathoplexus.org/about/terms-of-use/open-data,,0.998291946,,,MN365391.1,,,KHDSS/90/05-Jan-2016/MAT,0,0
PP_002KTNP.1,B.D.4.1,14/01/2016,Kenya,,"Kamau, E.; Otieno, J. R.; Murunga, N.; Nyiro, J. U.; Oketch, J. W.; Ngoi, J. M.; de Laurent, Z. R.; Mwema, A.; Agoti, C. N.; Nokes, D. J.","KEMRI-Wellcome Trust, Epidemiology and Demography",Homo sapiens,15122,26/04/2020,MN365393.1,Automated Ingest from INSDC/NCBI Virus by Loculus,OPEN,https://pathoplexus.org/about/terms-of-use/open-data,,0.998817501,,,MN365393.1,,,KHDSS/92/14-Jan-2016/MAT,0,0
PP_002KTSF.1,B.D.4.1,26/01/2016,Kenya,,"Kamau, E.; Otieno, J. R.; Murunga, N.; Nyiro, J. U.; Oketch, J. W.; Ngoi, J. M.; de Laurent, Z. R.; Mwema, A.; Agoti, C. N.; Nokes, D. J.","KEMRI-Wellcome Trust, Epidemiology and Demography",Homo sapiens,15240,26/04/2020,MN365397.1,Automated Ingest from INSDC/NCBI Virus by Loculus,OPEN,https://pathoplexus.org/about/terms-of-use/open-data,,0.999540139,,,MN365397.1,,,KHDSS/96/26-Jan-2016/MAT,0,0
PP_002KTTD.1,B.D.4.1,26/01/2016,Kenya,,"Kamau, E.; Otieno, J. R.; Murunga, N.; Nyiro, J. U.; Oketch, J. W.; Ngoi, J. M.; de Laurent, Z. R.; Mwema, A.; Agoti, C. N.; Nokes, D. J.","KEMRI-Wellcome Trust, Epidemiology and Demography",Homo sapiens,14982,26/04/2020,MN365398.1,Automated Ingest from INSDC/NCBI Virus by Loculus,OPEN,https://pathoplexus.org/about/terms-of-use/open-data,,0.984233346,,,MN365398.1,,,KHDSS/97/26-Jan-2016/MAT,0,0
PP_002KTX5.1,B.D.4.1,01/02/2016,Kenya,,"Kamau, E.; Otieno, J. R.; Murunga, N.; Nyiro, J. U.; Oketch, J. W.; Ngoi, J. M.; de Laurent, Z. R.; Mwema, A.; Agoti, C. N.; Nokes, D. J.","KEMRI-Wellcome Trust, Epidemiology and Demography",Homo sapiens,15257,26/04/2020,MN365402.1,Automated Ingest from INSDC/NCBI Virus by Loculus,OPEN,https://pathoplexus.org/about/terms-of-use/open-data,,0.999474445,,,MN365402.1,,,KHDSS/101/01-Feb-2016/MAT,0,0
PP_002KU3T.1,B.D.4.1.2,02/03/2017,Kenya,,"Kamau, E.; Otieno, J. R.; Murunga, N.; Nyiro, J. U.; Oketch, J. W.; Ngoi, J. M.; de Laurent, Z. R.; Mwema, A.; Agoti, C. N.; Nokes, D. J.","KEMRI-Wellcome Trust, Epidemiology and Demography",Homo sapiens,15082,26/04/2020,MN365408.1,Automated Ingest from INSDC/NCBI Virus by Loculus,OPEN,https://pathoplexus.org/about/terms-of-use/open-data,,0.998686112,,,MN365408.1,,,KHDSS/107/02-Mar-2017/MAT,0,0
PP_002KU5P.1,B.D.4.1.2,07/03/2017,Kenya,,"Kamau, E.; Otieno, J. R.; Murunga, N.; Nyiro, J. U.; Oketch, J. W.; Ngoi, J. M.; de Laurent, Z. R.; Mwema, A.; Agoti, C. N.; Nokes, D. J.","KEMRI-Wellcome Trust, Epidemiology and Demography",Homo sapiens,15192,26/04/2020,MN365410.1,Automated Ingest from INSDC/NCBI Virus by Loculus,OPEN,https://pathoplexus.org/about/terms-of-use/open-data,,0.998029168,,,MN365410.1,,,KHDSS/109/07-Mar-2017/MAT,0,0
PP_002KUG1.1,B.D,15/12/2015,Kenya,,"Kamau, E.; Otieno, J. R.; Murunga, N.; Nyiro, J. U.; Oketch, J. W.; Ngoi, J. M.; de Laurent, Z. R.; Mwema, A.; Agoti, C. N.; Nokes, D. J.","KEMRI-Wellcome Trust, Epidemiology and Demography",Homo sapiens,14975,26/04/2020,MN365421.1,Automated Ingest from INSDC/NCBI Virus by Loculus,OPEN,https://pathoplexus.org/about/terms-of-use/open-data,,0.983773486,,,MN365421.1,,,KHDSS/120/15-Dec-2015/MAV,0,0
PP_002KUJW.1,B.D.4.1,09/02/2016,Kenya,,"Kamau, E.; Otieno, J. R.; Murunga, N.; Nyiro, J. U.; Oketch, J. W.; Ngoi, J. M.; de Laurent, Z. R.; Mwema, A.; Agoti, C. N.; Nokes, D. J.","KEMRI-Wellcome Trust, Epidemiology and Demography",Homo sapiens,14881,26/04/2020,MN365423.1,Automated Ingest from INSDC/NCBI Virus by Loculus,OPEN,https://pathoplexus.org/about/terms-of-use/open-data,,0.984758902,,,MN365423.1,,,KHDSS/122/09-Feb-2016/MAV,0,0
PP_002KULS.1,B.D.4.1,22/02/2016,Kenya,,"Kamau, E.; Otieno, J. R.; Murunga, N.; Nyiro, J. U.; Oketch, J. W.; Ngoi, J. M.; de Laurent, Z. R.; Mwema, A.; Agoti, C. N.; Nokes, D. J.","KEMRI-Wellcome Trust, Epidemiology and Demography",Homo sapiens,14390,26/04/2020,MN365425.1,Automated Ingest from INSDC/NCBI Virus by Loculus,OPEN,https://pathoplexus.org/about/terms-of-use/open-data,,0.998489029,,,MN365425.1,,,KHDSS/124/22-Feb-2016/MAV,0,0
PP_002KURG.1,B.D.4.1,07/03/2016,Kenya,,"Kamau, E.; Otieno, J. R.; Murunga, N.; Nyiro, J. U.; Oketch, J. W.; Ngoi, J. M.; de Laurent, Z. R.; Mwema, A.; Agoti, C. N.; Nokes, D. J.","KEMRI-Wellcome Trust, Epidemiology and Demography",Homo sapiens,14982,26/04/2020,MN365430.1,Automated Ingest from INSDC/NCBI Virus by Loculus,OPEN,https://pathoplexus.org/about/terms-of-use/open-data,,0.984167652,,,MN365430.1,,,KHDSS/129/07-Mar-2016/MAV,0,0
PP_002KUTC.1,B.D.4.1,18/03/2016,Kenya,,"Kamau, E.; Otieno, J. R.; Murunga, N.; Nyiro, J. U.; Oketch, J. W.; Ngoi, J. M.; de Laurent, Z. R.; Mwema, A.; Agoti, C. N.; Nokes, D. J.","KEMRI-Wellcome Trust, Epidemiology and Demography",Homo sapiens,15039,26/04/2020,MN365432.1,Automated Ingest from INSDC/NCBI Virus by Loculus,OPEN,https://pathoplexus.org/about/terms-of-use/open-data,,0.997503613,,,MN365432.1,,,KHDSS/131/18-Mar-2016/MAV,0,0
PP_002KV0Y.1,B.D.4.1,10/05/2016,Kenya,,"Kamau, E.; Otieno, J. R.; Murunga, N.; Nyiro, J. U.; Oketch, J. W.; Ngoi, J. M.; de Laurent, Z. R.; Mwema, A.; Agoti, C. N.; Nokes, D. J.","KEMRI-Wellcome Trust, Epidemiology and Demography",Homo sapiens,15000,26/04/2020,MN365439.1,Automated Ingest from INSDC/NCBI Virus by Loculus,OPEN,https://pathoplexus.org/about/terms-of-use/open-data,,0.985350151,,,MN365439.1,,,KHDSS/138/10-May-2016/MAV,0,0
PP_002KVBA.1,B.D.4.1,30/03/2017,Kenya,,"Kamau, E.; Otieno, J. R.; Murunga, N.; Nyiro, J. U.; Oketch, J. W.; Ngoi, J. M.; de Laurent, Z. R.; Mwema, A.; Agoti, C. N.; Nokes, D. J.","KEMRI-Wellcome Trust, Epidemiology and Demography",Homo sapiens,15253,26/04/2020,MN365450.1,Automated Ingest from INSDC/NCBI Virus by Loculus,OPEN,https://pathoplexus.org/about/terms-of-use/open-data,,0.999868611,,,MN365450.1,,,KHDSS/149/30-Mar-2017/MAV,0,0
PP_002KVF2.1,B.D.4.1.2,16/05/2017,Kenya,,"Kamau, E.; Otieno, J. R.; Murunga, N.; Nyiro, J. U.; Oketch, J. W.; Ngoi, J. M.; de Laurent, Z. R.; Mwema, A.; Agoti, C. N.; Nokes, D. J.","KEMRI-Wellcome Trust, Epidemiology and Demography",Homo sapiens,15237,26/04/2020,MN365472.1,Automated Ingest from INSDC/NCBI Virus by Loculus,OPEN,https://pathoplexus.org/about/terms-of-use/open-data,,1,,,MN365472.1,,,KHDSS/171/16-May-2017/MAV,0,0
PP_002KVMP.1,B.D.4.1,08/02/2016,Kenya,,"Kamau, E.; Otieno, J. R.; Murunga, N.; Nyiro, J. U.; Oketch, J. W.; Ngoi, J. M.; de Laurent, Z. R.; Mwema, A.; Agoti, C. N.; Nokes, D. J.","KEMRI-Wellcome Trust, Epidemiology and Demography",Homo sapiens,15079,26/04/2020,MN365478.1,Automated Ingest from INSDC/NCBI Virus by Loculus,OPEN,https://pathoplexus.org/about/terms-of-use/open-data,,0.99835764,,,MN365478.1,,,KHDSS/177/08-Feb-2016/MTO,0,0
PP_002KVSD.1,B.D.4.1,25/02/2016,Kenya,,"Kamau, E.; Otieno, J. R.; Murunga, N.; Nyiro, J. U.; Oketch, J. W.; Ngoi, J. M.; de Laurent, Z. R.; Mwema, A.; Agoti, C. N.; Nokes, D. J.","KEMRI-Wellcome Trust, Epidemiology and Demography",Homo sapiens,15050,26/04/2020,MN365483.1,Automated Ingest from INSDC/NCBI Virus by Loculus,OPEN,https://pathoplexus.org/about/terms-of-use/open-data,,0.997963474,,,MN365483.1,,,KHDSS/182/25-Feb-2016/MTO,0,0
PP_002KW1V.1,B.D.4.1.2,15/03/2017,Kenya,,"Kamau, E.; Otieno, J. R.; Murunga, N.; Nyiro, J. U.; Oketch, J. W.; Ngoi, J. M.; de Laurent, Z. R.; Mwema, A.; Agoti, C. N.; Nokes, D. J.","KEMRI-Wellcome Trust, Epidemiology and Demography",Homo sapiens,15226,26/04/2020,MN365492.1,Automated Ingest from INSDC/NCBI Virus by Loculus,OPEN,https://pathoplexus.org/about/terms-of-use/open-data,,0.998620418,,,MN365492.1,,,KHDSS/191/15-Mar-2017/MTO,0,0
PP_002KW6K.1,B.D.4.1,28/03/2017,Kenya,,"Kamau, E.; Otieno, J. R.; Murunga, N.; Nyiro, J. U.; Oketch, J. W.; Ngoi, J. M.; de Laurent, Z. R.; Mwema, A.; Agoti, C. N.; Nokes, D. J.","KEMRI-Wellcome Trust, Epidemiology and Demography",Homo sapiens,15204,26/04/2020,MN365497.1,Automated Ingest from INSDC/NCBI Virus by Loculus,OPEN,https://pathoplexus.org/about/terms-of-use/open-data,,0.998817501,,,MN365497.1,,,KHDSS/196/28-Mar-2017/MTO,0,0
PP_002KWB9.1,B.D.4.1.2,12/04/2017,Kenya,,"Kamau, E.; Otieno, J. R.; Murunga, N.; Nyiro, J. U.; Oketch, J. W.; Ngoi, J. M.; de Laurent, Z. R.; Mwema, A.; Agoti, C. N.; Nokes, D. J.","KEMRI-Wellcome Trust, Epidemiology and Demography",Homo sapiens,15226,26/04/2020,MN365502.1,Automated Ingest from INSDC/NCBI Virus by Loculus,OPEN,https://pathoplexus.org/about/terms-of-use/open-data,,0.998489029,,,MN365502.1,,,KHDSS/201/12-Apr-2017/MTO,0,0
PP_002KWKS.1,B.D.4.1,01/02/2016,Kenya,,"Kamau, E.; Otieno, J. R.; Murunga, N.; Nyiro, J. U.; Oketch, J. W.; Ngoi, J. M.; de Laurent, Z. R.; Mwema, A.; Agoti, C. N.; Nokes, D. J.","KEMRI-Wellcome Trust, Epidemiology and Demography",Homo sapiens,15158,26/04/2020,MN365510.1,Automated Ingest from INSDC/NCBI Virus by Loculus,OPEN,https://pathoplexus.org/about/terms-of-use/open-data,,0.99835764,,,MN365510.1,,,KHDSS/209/01-Feb-2016/NGE,0,0
PP_002KWLQ.1,B.D.4.1,18/02/2016,Kenya,,"Kamau, E.; Otieno, J. R.; Murunga, N.; Nyiro, J. U.; Oketch, J. W.; Ngoi, J. M.; de Laurent, Z. R.; Mwema, A.; Agoti, C. N.; Nokes, D. J.","KEMRI-Wellcome Trust, Epidemiology and Demography",Homo sapiens,15049,26/04/2020,MN365511.1,Automated Ingest from INSDC/NCBI Virus by Loculus,OPEN,https://pathoplexus.org/about/terms-of-use/open-data,,0.998160557,,,MN365511.1,,,KHDSS/210/18-Feb-2016/NGE,0,0
PP_002KWMN.1,B.D.4.1,08/03/2016,Kenya,,"Kamau, E.; Otieno, J. R.; Murunga, N.; Nyiro, J. U.; Oketch, J. W.; Ngoi, J. M.; de Laurent, Z. R.; Mwema, A.; Agoti, C. N.; Nokes, D. J.","KEMRI-Wellcome Trust, Epidemiology and Demography",Homo sapiens,14965,26/04/2020,MN365512.1,Automated Ingest from INSDC/NCBI Virus by Loculus,OPEN,https://pathoplexus.org/about/terms-of-use/open-data,,0.983116542,,,MN365512.1,,,KHDSS/211/08-Mar-2016/NGE,0,0
PP_002KWNL.1,B.D.4.1,22/04/2016,Kenya,,"Kamau, E.; Otieno, J. R.; Murunga, N.; Nyiro, J. U.; Oketch, J. W.; Ngoi, J. M.; de Laurent, Z. R.; Mwema, A.; Agoti, C. N.; Nokes, D. J.","KEMRI-Wellcome Trust, Epidemiology and Demography",Homo sapiens,15051,26/04/2020,MN365513.1,Automated Ingest from INSDC/NCBI Virus by Loculus,OPEN,https://pathoplexus.org/about/terms-of-use/open-data,,0.998291946,,,MN365513.1,,,KHDSS/212/22-Apr-2016/NGE,0,0
PP_002KWPJ.1,B.D.4.1,06/06/2016,Kenya,,"Kamau, E.; Otieno, J. R.; Murunga, N.; Nyiro, J. U.; Oketch, J. W.; Ngoi, J. M.; de Laurent, Z. R.; Mwema, A.; Agoti, C. N.; Nokes, D. J.","KEMRI-Wellcome Trust, Epidemiology and Demography",Homo sapiens,15233,26/04/2020,MN365514.1,Automated Ingest from INSDC/NCBI Virus by Loculus,OPEN,https://pathoplexus.org/about/terms-of-use/open-data,,0.999080279,,,MN365514.1,,,KHDSS/213/06-Jun-2016/NGE,0,0
PP_002KWSC.1,B.D.4.1.2,02/03/2017,Kenya,,"Kamau, E.; Otieno, J. R.; Murunga, N.; Nyiro, J. U.; Oketch, J. W.; Ngoi, J. M.; de Laurent, Z. R.; Mwema, A.; Agoti, C. N.; Nokes, D. J.","KEMRI-Wellcome Trust, Epidemiology and Demography",Homo sapiens,15105,26/04/2020,MN365517.1,Automated Ingest from INSDC/NCBI Virus by Loculus,OPEN,https://pathoplexus.org/about/terms-of-use/open-data,,0.998226251,,,MN365517.1,,,KHDSS/216/02-Mar-2017/NGE,0,0
PP_002KWY0.1,B.D.4.1.2,04/04/2017,Kenya,,"Kamau, E.; Otieno, J. R.; Murunga, N.; Nyiro, J. U.; Oketch, J. W.; Ngoi, J. M.; de Laurent, Z. R.; Mwema, A.; Agoti, C. N.; Nokes, D. J.","KEMRI-Wellcome Trust, Epidemiology and Demography",Homo sapiens,15224,26/04/2020,MN365523.1,Automated Ingest from INSDC/NCBI Virus by Loculus,OPEN,https://pathoplexus.org/about/terms-of-use/open-data,,0.998817501,,,MN365523.1,,,KHDSS/222/04-Apr-2017/NGE,0,0
PP_002KX4N.1,B.D.4.1,12/04/2017,Kenya,,"Kamau, E.; Otieno, J. R.; Murunga, N.; Nyiro, J. U.; Oketch, J. W.; Ngoi, J. M.; de Laurent, Z. R.; Mwema, A.; Agoti, C. N.; Nokes, D. J.","KEMRI-Wellcome Trust, Epidemiology and Demography",Homo sapiens,15192,26/04/2020,MN365529.1,Automated Ingest from INSDC/NCBI Virus by Loculus,OPEN,https://pathoplexus.org/about/terms-of-use/open-data,,0.998029168,,,MN365529.1,,,KHDSS/228/12-Apr-2017/NGE,0,0
PP_002KX5L.1,B.D.4.1.2,12/04/2017,Kenya,,"Kamau, E.; Otieno, J. R.; Murunga, N.; Nyiro, J. U.; Oketch, J. W.; Ngoi, J. M.; de Laurent, Z. R.; Mwema, A.; Agoti, C. N.; Nokes, D. J.","KEMRI-Wellcome Trust, Epidemiology and Demography",Homo sapiens,15227,26/04/2020,MN365530.1,Automated Ingest from INSDC/NCBI Virus by Loculus,OPEN,https://pathoplexus.org/about/terms-of-use/open-data,,0.998620418,,,MN365530.1,,,KHDSS/229/12-Apr-2017/NGE,1,0
PP_002KX7G.1,B.D.4.1.2,13/04/2017,Kenya,,"Kamau, E.; Otieno, J. R.; Murunga, N.; Nyiro, J. U.; Oketch, J. W.; Ngoi, J. M.; de Laurent, Z. R.; Mwema, A.; Agoti, C. N.; Nokes, D. J.","KEMRI-Wellcome Trust, Epidemiology and Demography",Homo sapiens,15232,26/04/2020,MN365532.1,Automated Ingest from INSDC/NCBI Virus by Loculus,OPEN,https://pathoplexus.org/about/terms-of-use/open-data,,0.999343056,,,MN365532.1,,,KHDSS/231/13-Apr-2017/NGE,0,0
PP_002KXAA.1,B.D.4.1.2,30/05/2017,Kenya,,"Kamau, E.; Otieno, J. R.; Murunga, N.; Nyiro, J. U.; Oketch, J. W.; Ngoi, J. M.; de Laurent, Z. R.; Mwema, A.; Agoti, C. N.; Nokes, D. J.","KEMRI-Wellcome Trust, Epidemiology and Demography",Homo sapiens,15215,26/04/2020,MN365535.1,Automated Ingest from INSDC/NCBI Virus by Loculus,OPEN,https://pathoplexus.org/about/terms-of-use/open-data,,0.999540139,,,MN365535.1,,,KHDSS/234/30-May-2017/NGE,0,0
PP_002KXF0.1,B.D,18/01/2016,Kenya,,"Kamau, E.; Otieno, J. R.; Murunga, N.; Nyiro, J. U.; Oketch, J. W.; Ngoi, J. M.; de Laurent, Z. R.; Mwema, A.; Agoti, C. N.; Nokes, D. J.","KEMRI-Wellcome Trust, Epidemiology and Demography",Homo sapiens,15207,26/04/2020,MN365540.1,Automated Ingest from INSDC/NCBI Virus by Loculus,OPEN,https://pathoplexus.org/about/terms-of-use/open-data,,0.999014584,,,MN365540.1,,,KHDSS/239/18-Jan-2016/PIN,0,0
PP_002KXW3.1,B.D.4.1,11/01/2017,Kenya,,"Kamau, E.; Otieno, J. R.; Murunga, N.; Nyiro, J. U.; Oketch, J. W.; Ngoi, J. M.; de Laurent, Z. R.; Mwema, A.; Agoti, C. N.; Nokes, D. J.","KEMRI-Wellcome Trust, Epidemiology and Demography",Homo sapiens,15247,26/04/2020,MN365555.1,Automated Ingest from INSDC/NCBI Virus by Loculus,OPEN,https://pathoplexus.org/about/terms-of-use/open-data,,1,,,MN365555.1,,,KHDSS/254/11-Jan-2017/PIN,0,0
PP_002KXX1.1,B.D.4.1.2,30/01/2017,Kenya,,"Kamau, E.; Otieno, J. R.; Murunga, N.; Nyiro, J. U.; Oketch, J. W.; Ngoi, J. M.; de Laurent, Z. R.; Mwema, A.; Agoti, C. N.; Nokes, D. J.","KEMRI-Wellcome Trust, Epidemiology and Demography",Homo sapiens,15209,26/04/2020,MN365556.1,Automated Ingest from INSDC/NCBI Virus by Loculus,OPEN,https://pathoplexus.org/about/terms-of-use/open-data,,0.999145973,,,MN365556.1,,,KHDSS/255/30-Jan-2017/PIN,0,0
PP_002KY0V.1,B.D.4.1.2,20/02/2017,Kenya,,"Kamau, E.; Otieno, J. R.; Murunga, N.; Nyiro, J. U.; Oketch, J. W.; Ngoi, J. M.; de Laurent, Z. R.; Mwema, A.; Agoti, C. N.; Nokes, D. J.","KEMRI-Wellcome Trust, Epidemiology and Demography",Homo sapiens,15204,26/04/2020,MN365559.1,Automated Ingest from INSDC/NCBI Virus by Loculus,OPEN,https://pathoplexus.org/about/terms-of-use/open-data,,0.998817501,,,MN365559.1,,,KHDSS/258/20-Feb-2017/PIN,0,0
PP_002KY5K.1,B.D.4.1.2,03/04/2017,Kenya,,"Kamau, E.; Otieno, J. R.; Murunga, N.; Nyiro, J. U.; Oketch, J. W.; Ngoi, J. M.; de Laurent, Z. R.; Mwema, A.; Agoti, C. N.; Nokes, D. J.","KEMRI-Wellcome Trust, Epidemiology and Demography",Homo sapiens,15249,26/04/2020,MN365564.1,Automated Ingest from INSDC/NCBI Virus by Loculus,OPEN,https://pathoplexus.org/about/terms-of-use/open-data,,1,,,MN365564.1,,,KHDSS/263/03-Apr-2017/PIN,0,0
PP_002KYA9.1,B.D,14/12/2015,Kenya,,"Kamau, E.; Otieno, J. R.; Murunga, N.; Nyiro, J. U.; Oketch, J. W.; Ngoi, J. M.; de Laurent, Z. R.; Mwema, A.; Agoti, C. N.; Nokes, D. J.","KEMRI-Wellcome Trust, Epidemiology and Demography",Homo sapiens,15039,26/04/2020,MN365569.1,Automated Ingest from INSDC/NCBI Virus by Loculus,OPEN,https://pathoplexus.org/about/terms-of-use/open-data,,0.985153068,,,MN365569.1,,,KHDSS/268/14-Dec-2015/SOK,0,0
PP_002KYE1.1,B.D,11/01/2016,Kenya,,"Kamau, E.; Otieno, J. R.; Murunga, N.; Nyiro, J. U.; Oketch, J. W.; Ngoi, J. M.; de Laurent, Z. R.; Mwema, A.; Agoti, C. N.; Nokes, D. J.","KEMRI-Wellcome Trust, Epidemiology and Demography",Homo sapiens,15226,26/04/2020,MN365573.1,Automated Ingest from INSDC/NCBI Virus by Loculus,OPEN,https://pathoplexus.org/about/terms-of-use/open-data,,0.998160557,,,MN365573.1,,,KHDSS/272/11-Jan-2016/SOK,0,0
PP_002KYLN.1,B.D.4.1,17/03/2016,Kenya,,"Kamau, E.; Otieno, J. R.; Murunga, N.; Nyiro, J. U.; Oketch, J. W.; Ngoi, J. M.; de Laurent, Z. R.; Mwema, A.; Agoti, C. N.; Nokes, D. J.","KEMRI-Wellcome Trust, Epidemiology and Demography",Homo sapiens,14982,26/04/2020,MN365579.1,Automated Ingest from INSDC/NCBI Virus by Loculus,OPEN,https://pathoplexus.org/about/terms-of-use/open-data,,0.984233346,,,MN365579.1,,,KHDSS/278/17-Mar-2016/SOK,0,0
PP_002KYRC.1,B.D.4.1.2,30/01/2017,Kenya,,"Kamau, E.; Otieno, J. R.; Murunga, N.; Nyiro, J. U.; Oketch, J. W.; Ngoi, J. M.; de Laurent, Z. R.; Mwema, A.; Agoti, C. N.; Nokes, D. J.","KEMRI-Wellcome Trust, Epidemiology and Demography",Homo sapiens,15215,26/04/2020,MN365584.1,Automated Ingest from INSDC/NCBI Virus by Loculus,OPEN,https://pathoplexus.org/about/terms-of-use/open-data,,0.999540139,,,MN365584.1,,,KHDSS/283/30-Jan-2017/SOK,0,0
PP_002KYW2.1,B.D.4.1.2,06/04/2017,Kenya,,"Kamau, E.; Otieno, J. R.; Murunga, N.; Nyiro, J. U.; Oketch, J. W.; Ngoi, J. M.; de Laurent, Z. R.; Mwema, A.; Agoti, C. N.; Nokes, D. J.","KEMRI-Wellcome Trust, Epidemiology and Demography",Homo sapiens,15202,26/04/2020,MN365589.1,Automated Ingest from INSDC/NCBI Virus by Loculus,OPEN,https://pathoplexus.org/about/terms-of-use/open-data,,0.998686112,,,MN365589.1,,,KHDSS/288/06-Apr-2017/SOK,0,0
PP_002KYZW.1,B.D.4.1,10/04/2017,Kenya,,"Kamau, E.; Otieno, J. R.; Murunga, N.; Nyiro, J. U.; Oketch, J. W.; Ngoi, J. M.; de Laurent, Z. R.; Mwema, A.; Agoti, C. N.; Nokes, D. J.","KEMRI-Wellcome Trust, Epidemiology and Demography",Homo sapiens,15228,26/04/2020,MN365592.1,Automated Ingest from INSDC/NCBI Virus by Loculus,OPEN,https://pathoplexus.org/about/terms-of-use/open-data,,1,,,MN365592.1,,,KHDSS/291/10-Apr-2017/SOK,0,0
PP_002KZ1S.1,B.D.4.1,13/04/2017,Kenya,,"Kamau, E.; Otieno, J. R.; Murunga, N.; Nyiro, J. U.; Oketch, J. W.; Ngoi, J. M.; de Laurent, Z. R.; Mwema, A.; Agoti, C. N.; Nokes, D. J.","KEMRI-Wellcome Trust, Epidemiology and Demography",Homo sapiens,15215,26/04/2020,MN365594.1,Automated Ingest from INSDC/NCBI Virus by Loculus,OPEN,https://pathoplexus.org/about/terms-of-use/open-data,,0.999540139,,,MN365594.1,,,KHDSS/293/13-Apr-2017/SOK,0,0
PP_002L1U1.1,B.D,30/01/2016,USA,"Little Rock, Arkansas","Dinwiddle, D.","University of New Mexico, Pediatrics",Homo sapiens,15183,18/03/2020,MT040081.1,Automated Ingest from INSDC/NCBI Virus by Loculus,OPEN,https://pathoplexus.org/about/terms-of-use/open-data,,0.999014584,,,MT040081.1,,,RSVB/USA/UAMS-DID-006/2016,0,5
PP_002L1XV.1,B.D.4.1,20/01/2016,USA,"Little Rock, Arkansas","Dinwiddle, D.","University of New Mexico, Pediatrics",Homo sapiens,15191,18/03/2020,MT040084.1,Automated Ingest from INSDC/NCBI Virus by Loculus,OPEN,https://pathoplexus.org/about/terms-of-use/open-data,,0.999737222,,,MT040084.1,,,RSVB/USA/UAMS-DID-014/2016,0,0
PP_002LBZF.2,B.D.4,26/07/2016,Australia,,"Robertson, M.; Eden, J.-S.; Levy, A.; Carter, I.; Tulloch, R. L.; Cutmore, E. J.; Horsburgh, B. A.; Sikazwe, C. T.; Dwyer, D. E.; Smith, D. W.; Kok, J.","The University of Sydney, Marie Bashir Institute for Infectious Diseases and Biosecurity & Sydney Medical School",Homo sapiens,15181,24/03/2021,MW160745.1,Automated Ingest from INSDC/NCBI Virus by Loculus,OPEN,https://pathoplexus.org/about/terms-of-use/open-data,,0.998554723,,,MW160745.1,,,B/WA/PW3557347X/2016,0,0
PP_002LC29.2,B.D.4,05/05/2016,Australia,,"Robertson, M.; Eden, J.-S.; Levy, A.; Carter, I.; Tulloch, R. L.; Cutmore, E. J.; Horsburgh, B. A.; Sikazwe, C. T.; Dwyer, D. E.; Smith, D. W.; Kok, J.","The University of Sydney, Marie Bashir Institute for Infectious Diseases and Biosecurity & Sydney Medical School",Homo sapiens,15181,24/03/2021,MW160751.1,Automated Ingest from INSDC/NCBI Virus by Loculus,OPEN,https://pathoplexus.org/about/terms-of-use/open-data,,0.998554723,,,MW160751.1,,,B/WA/PW3355272F/2016,0,0
PP_002LC37.2,B.D.4.1,15/07/2016,Australia,,"Robertson, M.; Eden, J.-S.; Levy, A.; Carter, I.; Tulloch, R. L.; Cutmore, E. J.; Horsburgh, B. A.; Sikazwe, C. T.; Dwyer, D. E.; Smith, D. W.; Kok, J.","The University of Sydney, Marie Bashir Institute for Infectious Diseases and Biosecurity & Sydney Medical School",Homo sapiens,15217,24/03/2021,MW160752.1,Automated Ingest from INSDC/NCBI Virus by Loculus,OPEN,https://pathoplexus.org/about/terms-of-use/open-data,,0.998554723,,,MW160752.1,,,B/WA/PW3370594R/2016,0,0
PP_002LCL6.2,B.D.4.1,23/12/2016,Australia,,"Robertson, M.; Eden, J.-S.; Levy, A.; Carter, I.; Tulloch, R. L.; Cutmore, E. J.; Horsburgh, B. A.; Sikazwe, C. T.; Dwyer, D. E.; Smith, D. W.; Kok, J.","The University of Sydney, Marie Bashir Institute for Infectious Diseases and Biosecurity & Sydney Medical School",Homo sapiens,15217,24/03/2021,MW160792.1,Automated Ingest from INSDC/NCBI Virus by Loculus,OPEN,https://pathoplexus.org/about/terms-of-use/open-data,,0.998554723,,,MW160792.1,,,B/WA/PW7348101Z/2016,0,0
PP_002LCSU.2,B.D.4.1,13/11/2016,Australia,,"Robertson, M.; Eden, J.-S.; Levy, A.; Carter, I.; Tulloch, R. L.; Cutmore, E. J.; Horsburgh, B. A.; Sikazwe, C. T.; Dwyer, D. E.; Smith, D. W.; Kok, J.","The University of Sydney, Marie Bashir Institute for Infectious Diseases and Biosecurity & Sydney Medical School",Homo sapiens,15218,24/03/2021,MW160802.1,Automated Ingest from INSDC/NCBI Virus by Loculus,OPEN,https://pathoplexus.org/about/terms-of-use/open-data,,0.998554723,,,MW160802.1,,,B/WA/PW7406241D/2016,0,0
PP_002LCWL.2,B.D.4.1,28/03/2017,Australia,,"Robertson, M.; Eden, J.-S.; Levy, A.; Carter, I.; Tulloch, R. L.; Cutmore, E. J.; Horsburgh, B. A.; Sikazwe, C. T.; Dwyer, D. E.; Smith, D. W.; Kok, J.","The University of Sydney, Marie Bashir Institute for Infectious Diseases and Biosecurity & Sydney Medical School",Homo sapiens,15220,24/03/2021,MW160808.1,Automated Ingest from INSDC/NCBI Virus by Loculus,OPEN,https://pathoplexus.org/about/terms-of-use/open-data,,0.998554723,,,MW160808.1,,,B/NSW/WM0874626/2017,0,0
PP_002LD0C.2,B.D.4.1,05/01/2017,Australia,,"Robertson, M.; Eden, J.-S.; Levy, A.; Carter, I.; Tulloch, R. L.; Cutmore, E. J.; Horsburgh, B. A.; Sikazwe, C. T.; Dwyer, D. E.; Smith, D. W.; Kok, J.","The University of Sydney, Marie Bashir Institute for Infectious Diseases and Biosecurity & Sydney Medical School",Homo sapiens,15217,24/03/2021,MW160813.1,Automated Ingest from INSDC/NCBI Virus by Loculus,OPEN,https://pathoplexus.org/about/terms-of-use/open-data,,0.998554723,,,MW160813.1,,,B/NSW/WM1212921/2017,0,0
PP_002LD1A.2,B.D.4.1.1,04/05/2017,Australia,,"Robertson, M.; Eden, J.-S.; Levy, A.; Carter, I.; Tulloch, R. L.; Cutmore, E. J.; Horsburgh, B. A.; Sikazwe, C. T.; Dwyer, D. E.; Smith, D. W.; Kok, J.","The University of Sydney, Marie Bashir Institute for Infectious Diseases and Biosecurity & Sydney Medical School",Homo sapiens,15116,24/03/2021,MW160814.1,Automated Ingest from INSDC/NCBI Virus by Loculus,OPEN,https://pathoplexus.org/about/terms-of-use/open-data,,0.993102089,,,MW160814.1,,,B/NSW/WM0951151/2017,0,0
PP_002LDBQ.2,B.D.4.1.1,04/02/2017,Australia,,"Robertson, M.; Eden, J.-S.; Levy, A.; Carter, I.; Tulloch, R. L.; Cutmore, E. J.; Horsburgh, B. A.; Sikazwe, C. T.; Dwyer, D. E.; Smith, D. W.; Kok, J.","The University of Sydney, Marie Bashir Institute for Infectious Diseases and Biosecurity & Sydney Medical School",Homo sapiens,15175,24/03/2021,MW160832.1,Automated Ingest from INSDC/NCBI Virus by Loculus,OPEN,https://pathoplexus.org/about/terms-of-use/open-data,,0.995861253,,,MW160832.1,,,B/NSW/WM0920402/2017,0,0
PP_002LDCN.2,B.D.4,04/09/2017,Australia,,"Robertson, M.; Eden, J.-S.; Levy, A.; Carter, I.; Tulloch, R. L.; Cutmore, E. J.; Horsburgh, B. A.; Sikazwe, C. T.; Dwyer, D. E.; Smith, D. W.; Kok, J.","The University of Sydney, Marie Bashir Institute for Infectious Diseases and Biosecurity & Sydney Medical School",Homo sapiens,15181,24/03/2021,MW160833.1,Automated Ingest from INSDC/NCBI Virus by Loculus,OPEN,https://pathoplexus.org/about/terms-of-use/open-data,,0.998554723,,,MW160833.1,,,B/NSW/WM0991565/2017,0,0
PP_002M4CV.1,B.D.4.1,30/01/2018,Netherlands,,"Lin, G.-L.; Drysdale, S. B.; Snape, M. D.; O'Connor, D.; Brown, A.; MacIntyre-Cockett, G.; Mellado-Gomez, E.; de Cesare, M.; Bonsall, D.; Ansari, M. A.; Oner, D.; Aerssens, J.; Butler, C.; Bont, L.; Openshaw, P.; Martinon-Torres, F.; Nair, H.; Bowden, R.; Golubchik, T.; Pollard, A. J.","Oxford Vaccine Group, Department of Paediatrics, University of Oxford",Homo sapiens,15293,18/08/2021,MZ515552.1,Automated Ingest from INSDC/NCBI Virus by Loculus,OPEN,https://pathoplexus.org/about/terms-of-use/open-data,,0.973393772,,,MZ515552.1,,,UU02-0043-D06,1,404
PP_002M4GM.1,B.D.E.2,20/11/2018,Netherlands,,"Lin, G.-L.; Drysdale, S. B.; Snape, M. D.; O'Connor, D.; Brown, A.; MacIntyre-Cockett, G.; Mellado-Gomez, E.; de Cesare, M.; Bonsall, D.; Ansari, M. A.; Oner, D.; Aerssens, J.; Butler, C.; Bont, L.; Openshaw, P.; Martinon-Torres, F.; Nair, H.; Bowden, R.; Golubchik, T.; Pollard, A. J.","Oxford Vaccine Group, Department of Paediatrics, University of Oxford",Homo sapiens,15273,18/08/2021,MZ515558.1,Automated Ingest from INSDC/NCBI Virus by Loculus,OPEN,https://pathoplexus.org/about/terms-of-use/open-data,,1,,,MZ515558.1,,,UU01A-0034-V02,0,0
PP_002M4VU.1,B.D.4.1.1,05/12/2019,United Kingdom,,"Lin, G.-L.; Drysdale, S. B.; Snape, M. D.; O'Connor, D.; Brown, A.; MacIntyre-Cockett, G.; Mellado-Gomez, E.; de Cesare, M.; Bonsall, D.; Ansari, M. A.; Oner, D.; Aerssens, J.; Butler, C.; Bont, L.; Openshaw, P.; Martinon-Torres, F.; Nair, H.; Bowden, R.; Golubchik, T.; Pollard, A. J.","Oxford Vaccine Group, Department of Paediatrics, University of Oxford",Homo sapiens,15275,18/08/2021,MZ515590.1,Automated Ingest from INSDC/NCBI Virus by Loculus,OPEN,https://pathoplexus.org/about/terms-of-use/open-data,,1,,,MZ515590.1,,,OX02-8523-V01,0,0
PP_002M4WS.1,B.D.4.1.1,27/11/2018,United Kingdom,,"Lin, G.-L.; Drysdale, S. B.; Snape, M. D.; O'Connor, D.; Brown, A.; MacIntyre-Cockett, G.; Mellado-Gomez, E.; de Cesare, M.; Bonsall, D.; Ansari, M. A.; Oner, D.; Aerssens, J.; Butler, C.; Bont, L.; Openshaw, P.; Martinon-Torres, F.; Nair, H.; Bowden, R.; Golubchik, T.; Pollard, A. J.","Oxford Vaccine Group, Department of Paediatrics, University of Oxford",Homo sapiens,15277,18/08/2021,MZ515591.1,Automated Ingest from INSDC/NCBI Virus by Loculus,OPEN,https://pathoplexus.org/about/terms-of-use/open-data,,1,,,MZ515591.1,,,OX01A-8972-V02,0,0
PP_002M590.1,B.D.4.1.1,08/12/2017,Netherlands,,"Lin, G.-L.; Drysdale, S. B.; Snape, M. D.; O'Connor, D.; Brown, A.; MacIntyre-Cockett, G.; Mellado-Gomez, E.; de Cesare, M.; Bonsall, D.; Ansari, M. A.; Oner, D.; Aerssens, J.; Butler, C.; Bont, L.; Openshaw, P.; Martinon-Torres, F.; Nair, H.; Bowden, R.; Golubchik, T.; Pollard, A. J.","Oxford Vaccine Group, Department of Paediatrics, University of Oxford",Homo sapiens,15275,18/08/2021,MZ515612.1,Automated Ingest from INSDC/NCBI Virus by Loculus,OPEN,https://pathoplexus.org/about/terms-of-use/open-data,,1,,,MZ515612.1,,,UU02-0013-V01,0,0
PP_002M5AY.1,B.D.4.1.1,21/11/2018,United Kingdom,,"Lin, G.-L.; Drysdale, S. B.; Snape, M. D.; O'Connor, D.; Brown, A.; MacIntyre-Cockett, G.; Mellado-Gomez, E.; de Cesare, M.; Bonsall, D.; Ansari, M. A.; Oner, D.; Aerssens, J.; Butler, C.; Bont, L.; Openshaw, P.; Martinon-Torres, F.; Nair, H.; Bowden, R.; Golubchik, T.; Pollard, A. J.","Oxford Vaccine Group, Department of Paediatrics, University of Oxford",Homo sapiens,15275,18/08/2021,MZ515613.1,Automated Ingest from INSDC/NCBI Virus by Loculus,OPEN,https://pathoplexus.org/about/terms-of-use/open-data,,1,,,MZ515613.1,,,IM02-0002-V01,0,0
PP_002M5EQ.1,B.D.4.1.1,30/01/2018,Netherlands,,"Lin, G.-L.; Drysdale, S. B.; Snape, M. D.; O'Connor, D.; Brown, A.; MacIntyre-Cockett, G.; Mellado-Gomez, E.; de Cesare, M.; Bonsall, D.; Ansari, M. A.; Oner, D.; Aerssens, J.; Butler, C.; Bont, L.; Openshaw, P.; Martinon-Torres, F.; Nair, H.; Bowden, R.; Golubchik, T.; Pollard, A. J.","Oxford Vaccine Group, Department of Paediatrics, University of Oxford",Homo sapiens,15274,18/08/2021,MZ515625.1,Automated Ingest from INSDC/NCBI Virus by Loculus,OPEN,https://pathoplexus.org/about/terms-of-use/open-data,,1,,,MZ515625.1,,,UU02-0044-D05,0,0
PP_002M5YM.1,B.D.4.1.1,31/12/2017,Netherlands,,"Lin, G.-L.; Drysdale, S. B.; Snape, M. D.; O'Connor, D.; Brown, A.; MacIntyre-Cockett, G.; Mellado-Gomez, E.; de Cesare, M.; Bonsall, D.; Ansari, M. A.; Oner, D.; Aerssens, J.; Butler, C.; Bont, L.; Openshaw, P.; Martinon-Torres, F.; Nair, H.; Bowden, R.; Golubchik, T.; Pollard, A. J.","Oxford Vaccine Group, Department of Paediatrics, University of Oxford",Homo sapiens,15274,18/08/2021,MZ515665.1,Automated Ingest from INSDC/NCBI Virus by Loculus,OPEN,https://pathoplexus.org/about/terms-of-use/open-data,,1,,,MZ515665.1,,,UU02-0028-V01,0,0
PP_002M6BV.1,B.D.4.1.1,29/11/2018,United Kingdom,,"Lin, G.-L.; Drysdale, S. B.; Snape, M. D.; O'Connor, D.; Brown, A.; MacIntyre-Cockett, G.; Mellado-Gomez, E.; de Cesare, M.; Bonsall, D.; Ansari, M. A.; Oner, D.; Aerssens, J.; Butler, C.; Bont, L.; Openshaw, P.; Martinon-Torres, F.; Nair, H.; Bowden, R.; Golubchik, T.; Pollard, A. J.","Oxford Vaccine Group, Department of Paediatrics, University of Oxford",Homo sapiens,15275,18/08/2021,MZ515694.1,Automated Ingest from INSDC/NCBI Virus by Loculus,OPEN,https://pathoplexus.org/about/terms-of-use/open-data,,1,,,MZ515694.1,,,OX02-8372-D02,0,0
PP_002M6EP.1,B.D.4.1.1,09/01/2020,Netherlands,,"Lin, G.-L.; Drysdale, S. B.; Snape, M. D.; O'Connor, D.; Brown, A.; MacIntyre-Cockett, G.; Mellado-Gomez, E.; de Cesare, M.; Bonsall, D.; Ansari, M. A.; Oner, D.; Aerssens, J.; Butler, C.; Bont, L.; Openshaw, P.; Martinon-Torres, F.; Nair, H.; Bowden, R.; Golubchik, T.; Pollard, A. J.","Oxford Vaccine Group, Department of Paediatrics, University of Oxford",Homo sapiens,15277,18/08/2021,MZ515699.1,Automated Ingest from INSDC/NCBI Virus by Loculus,OPEN,https://pathoplexus.org/about/terms-of-use/open-data,,1,,,MZ515699.1,,,UU02-0166-V01,0,0
PP_002M6HG.1,B.D.4.1.1,27/12/2018,Netherlands,,"Lin, G.-L.; Drysdale, S. B.; Snape, M. D.; O'Connor, D.; Brown, A.; MacIntyre-Cockett, G.; Mellado-Gomez, E.; de Cesare, M.; Bonsall, D.; Ansari, M. A.; Oner, D.; Aerssens, J.; Butler, C.; Bont, L.; Openshaw, P.; Martinon-Torres, F.; Nair, H.; Bowden, R.; Golubchik, T.; Pollard, A. J.","Oxford Vaccine Group, Department of Paediatrics, University of Oxford",Homo sapiens,15229,18/08/2021,MZ515708.1,Automated Ingest from INSDC/NCBI Virus by Loculus,OPEN,https://pathoplexus.org/about/terms-of-use/open-data,,0.968926554,,,MZ515708.1,,,UU02-0075-V01,2,469
PP_002M6P4.1,B.D.4.1.1,20/01/2020,Spain,,"Lin, G.-L.; Drysdale, S. B.; Snape, M. D.; O'Connor, D.; Brown, A.; MacIntyre-Cockett, G.; Mellado-Gomez, E.; de Cesare, M.; Bonsall, D.; Ansari, M. A.; Oner, D.; Aerssens, J.; Butler, C.; Bont, L.; Openshaw, P.; Martinon-Torres, F.; Nair, H.; Bowden, R.; Golubchik, T.; Pollard, A. J.","Oxford Vaccine Group, Department of Paediatrics, University of Oxford",Homo sapiens,15275,18/08/2021,MZ515715.1,Automated Ingest from INSDC/NCBI Virus by Loculus,OPEN,https://pathoplexus.org/about/terms-of-use/open-data,,1,,,MZ515715.1,,,SE01A-0203-V02,0,0
PP_002M6XN.1,B.D.4.1.1,17/12/2019,Spain,,"Lin, G.-L.; Drysdale, S. B.; Snape, M. D.; O'Connor, D.; Brown, A.; MacIntyre-Cockett, G.; Mellado-Gomez, E.; de Cesare, M.; Bonsall, D.; Ansari, M. A.; Oner, D.; Aerssens, J.; Butler, C.; Bont, L.; Openshaw, P.; Martinon-Torres, F.; Nair, H.; Bowden, R.; Golubchik, T.; Pollard, A. J.","Oxford Vaccine Group, Department of Paediatrics, University of Oxford",Homo sapiens,15275,18/08/2021,MZ515728.1,Automated Ingest from INSDC/NCBI Virus by Loculus,OPEN,https://pathoplexus.org/about/terms-of-use/open-data,,1,,,MZ515728.1,,,SE01A-0196-V02,0,0
PP_002M6YL.1,B.D.4.1,22/11/2017,Netherlands,,"Lin, G.-L.; Drysdale, S. B.; Snape, M. D.; O'Connor, D.; Brown, A.; MacIntyre-Cockett, G.; Mellado-Gomez, E.; de Cesare, M.; Bonsall, D.; Ansari, M. A.; Oner, D.; Aerssens, J.; Butler, C.; Bont, L.; Openshaw, P.; Martinon-Torres, F.; Nair, H.; Bowden, R.; Golubchik, T.; Pollard, A. J.","Oxford Vaccine Group, Department of Paediatrics, University of Oxford",Homo sapiens,15280,18/08/2021,MZ515729.1,Automated Ingest from INSDC/NCBI Virus by Loculus,OPEN,https://pathoplexus.org/about/terms-of-use/open-data,,1,,,MZ515729.1,,,UU02-0006-D05,0,0
PP_002M764.1,B.D.4.1.1,18/12/2019,United Kingdom,,"Lin, G.-L.; Drysdale, S. B.; Snape, M. D.; O'Connor, D.; Brown, A.; MacIntyre-Cockett, G.; Mellado-Gomez, E.; de Cesare, M.; Bonsall, D.; Ansari, M. A.; Oner, D.; Aerssens, J.; Butler, C.; Bont, L.; Openshaw, P.; Martinon-Torres, F.; Nair, H.; Bowden, R.; Golubchik, T.; Pollard, A. J.","Oxford Vaccine Group, Department of Paediatrics, University of Oxford",Homo sapiens,15290,18/08/2021,MZ515745.1,Automated Ingest from INSDC/NCBI Virus by Loculus,OPEN,https://pathoplexus.org/about/terms-of-use/open-data,,0.978780712,,,MZ515745.1,,,OX01A-8185-V02,4,319
PP_002M8BT.1,B.D.4.1.1,04/12/2018,United Kingdom,,"Lin, G.-L.; Drysdale, S. B.; Snape, M. D.; O'Connor, D.; Brown, A.; MacIntyre-Cockett, G.; Mellado-Gomez, E.; de Cesare, M.; Bonsall, D.; Ansari, M. A.; Oner, D.; Aerssens, J.; Butler, C.; Bont, L.; Openshaw, P.; Martinon-Torres, F.; Nair, H.; Bowden, R.; Golubchik, T.; Pollard, A. J.","Oxford Vaccine Group, Department of Paediatrics, University of Oxford",Homo sapiens,15276,18/08/2021,MZ515812.1,Automated Ingest from INSDC/NCBI Virus by Loculus,OPEN,https://pathoplexus.org/about/terms-of-use/open-data,,1,,,MZ515812.1,,,OX02-8620-V01,0,0
PP_002M8XL.1,B.D.4.1.1,08/11/2017,Netherlands,,"Lin, G.-L.; Drysdale, S. B.; Snape, M. D.; O'Connor, D.; Brown, A.; MacIntyre-Cockett, G.; Mellado-Gomez, E.; de Cesare, M.; Bonsall, D.; Ansari, M. A.; Oner, D.; Aerssens, J.; Butler, C.; Bont, L.; Openshaw, P.; Martinon-Torres, F.; Nair, H.; Bowden, R.; Golubchik, T.; Pollard, A. J.","Oxford Vaccine Group, Department of Paediatrics, University of Oxford",Homo sapiens,15276,18/08/2021,MZ515849.1,Automated Ingest from INSDC/NCBI Virus by Loculus,OPEN,https://pathoplexus.org/about/terms-of-use/open-data,,1,,,MZ515849.1,,,UU02-0001-D02,0,0
PP_002M92A.1,B.D.4.1.1,08/02/2018,Netherlands,,"Lin, G.-L.; Drysdale, S. B.; Snape, M. D.; O'Connor, D.; Brown, A.; MacIntyre-Cockett, G.; Mellado-Gomez, E.; de Cesare, M.; Bonsall, D.; Ansari, M. A.; Oner, D.; Aerssens, J.; Butler, C.; Bont, L.; Openshaw, P.; Martinon-Torres, F.; Nair, H.; Bowden, R.; Golubchik, T.; Pollard, A. J.","Oxford Vaccine Group, Department of Paediatrics, University of Oxford",Homo sapiens,15270,18/08/2021,MZ515865.1,Automated Ingest from INSDC/NCBI Virus by Loculus,OPEN,https://pathoplexus.org/about/terms-of-use/open-data,,1,,,MZ515865.1,,,UU02-0048-V01,0,0
PP_002M99W.1,B.D.4.1,04/12/2019,Netherlands,,"Lin, G.-L.; Drysdale, S. B.; Snape, M. D.; O'Connor, D.; Brown, A.; MacIntyre-Cockett, G.; Mellado-Gomez, E.; de Cesare, M.; Bonsall, D.; Ansari, M. A.; Oner, D.; Aerssens, J.; Butler, C.; Bont, L.; Openshaw, P.; Martinon-Torres, F.; Nair, H.; Bowden, R.; Golubchik, T.; Pollard, A. J.","Oxford Vaccine Group, Department of Paediatrics, University of Oxford",Homo sapiens,15276,18/08/2021,MZ515889.1,Automated Ingest from INSDC/NCBI Virus by Loculus,OPEN,https://pathoplexus.org/about/terms-of-use/open-data,,1,,,MZ515889.1,,,UU01A-0114-V02,0,0
PP_002M9EL.1,B.D.4.1.1,22/11/2019,United Kingdom,,"Lin, G.-L.; Drysdale, S. B.; Snape, M. D.; O'Connor, D.; Brown, A.; MacIntyre-Cockett, G.; Mellado-Gomez, E.; de Cesare, M.; Bonsall, D.; Ansari, M. A.; Oner, D.; Aerssens, J.; Butler, C.; Bont, L.; Openshaw, P.; Martinon-Torres, F.; Nair, H.; Bowden, R.; Golubchik, T.; Pollard, A. J.","Oxford Vaccine Group, Department of Paediatrics, University of Oxford",Homo sapiens,15277,18/08/2021,MZ515895.1,Automated Ingest from INSDC/NCBI Virus by Loculus,OPEN,https://pathoplexus.org/about/terms-of-use/open-data,,1,,,MZ515895.1,,,OX01A-8757-V02,0,0
PP_002M9K9.1,B.D.4.1.1,12/11/2019,United Kingdom,,"Lin, G.-L.; Drysdale, S. B.; Snape, M. D.; O'Connor, D.; Brown, A.; MacIntyre-Cockett, G.; Mellado-Gomez, E.; de Cesare, M.; Bonsall, D.; Ansari, M. A.; Oner, D.; Aerssens, J.; Butler, C.; Bont, L.; Openshaw, P.; Martinon-Torres, F.; Nair, H.; Bowden, R.; Golubchik, T.; Pollard, A. J.","Oxford Vaccine Group, Department of Paediatrics, University of Oxford",Homo sapiens,15275,18/08/2021,MZ515914.1,Automated Ingest from INSDC/NCBI Virus by Loculus,OPEN,https://pathoplexus.org/about/terms-of-use/open-data,,1,,,MZ515914.1,,,OX02-8961-D04,0,0
PP_002M9L7.1,B.D.4.1.1,31/10/2018,United Kingdom,,"Lin, G.-L.; Drysdale, S. B.; Snape, M. D.; O'Connor, D.; Brown, A.; MacIntyre-Cockett, G.; Mellado-Gomez, E.; de Cesare, M.; Bonsall, D.; Ansari, M. A.; Oner, D.; Aerssens, J.; Butler, C.; Bont, L.; Openshaw, P.; Martinon-Torres, F.; Nair, H.; Bowden, R.; Golubchik, T.; Pollard, A. J.","Oxford Vaccine Group, Department of Paediatrics, University of Oxford",Homo sapiens,15275,18/08/2021,MZ515916.1,Automated Ingest from INSDC/NCBI Virus by Loculus,OPEN,https://pathoplexus.org/about/terms-of-use/open-data,,0.999540139,,,MZ515916.1,,,OX02-8832-D03,0,7
PP_002M9SV.1,B.D.4.1.1,14/11/2017,Netherlands,,"Lin, G.-L.; Drysdale, S. B.; Snape, M. D.; O'Connor, D.; Brown, A.; MacIntyre-Cockett, G.; Mellado-Gomez, E.; de Cesare, M.; Bonsall, D.; Ansari, M. A.; Oner, D.; Aerssens, J.; Butler, C.; Bont, L.; Openshaw, P.; Martinon-Torres, F.; Nair, H.; Bowden, R.; Golubchik, T.; Pollard, A. J.","Oxford Vaccine Group, Department of Paediatrics, University of Oxford",Homo sapiens,15274,18/08/2021,MZ515926.1,Automated Ingest from INSDC/NCBI Virus by Loculus,OPEN,https://pathoplexus.org/about/terms-of-use/open-data,,1,,,MZ515926.1,,,UU02-0004-V01,0,0
PP_002M9ZF.1,B.D.E.2,05/03/2019,Spain,,"Lin, G.-L.; Drysdale, S. B.; Snape, M. D.; O'Connor, D.; Brown, A.; MacIntyre-Cockett, G.; Mellado-Gomez, E.; de Cesare, M.; Bonsall, D.; Ansari, M. A.; Oner, D.; Aerssens, J.; Butler, C.; Bont, L.; Openshaw, P.; Martinon-Torres, F.; Nair, H.; Bowden, R.; Golubchik, T.; Pollard, A. J.","Oxford Vaccine Group, Department of Paediatrics, University of Oxford",Homo sapiens,15275,18/08/2021,MZ515938.1,Automated Ingest from INSDC/NCBI Virus by Loculus,OPEN,https://pathoplexus.org/about/terms-of-use/open-data,,1,,,MZ515938.1,,,SE01A-0101-V02,0,0
PP_002MA0D.1,B.D.4.1.1,26/11/2018,Netherlands,,"Lin, G.-L.; Drysdale, S. B.; Snape, M. D.; O'Connor, D.; Brown, A.; MacIntyre-Cockett, G.; Mellado-Gomez, E.; de Cesare, M.; Bonsall, D.; Ansari, M. A.; Oner, D.; Aerssens, J.; Butler, C.; Bont, L.; Openshaw, P.; Martinon-Torres, F.; Nair, H.; Bowden, R.; Golubchik, T.; Pollard, A. J.","Oxford Vaccine Group, Department of Paediatrics, University of Oxford",Homo sapiens,15272,18/08/2021,MZ515944.1,Automated Ingest from INSDC/NCBI Virus by Loculus,OPEN,https://pathoplexus.org/about/terms-of-use/open-data,,1,,,MZ515944.1,,,UU01A-0040-V02,0,0
PP_002MA45.1,B.D.4.1,27/11/2017,Netherlands,,"Lin, G.-L.; Drysdale, S. B.; Snape, M. D.; O'Connor, D.; Brown, A.; MacIntyre-Cockett, G.; Mellado-Gomez, E.; de Cesare, M.; Bonsall, D.; Ansari, M. A.; Oner, D.; Aerssens, J.; Butler, C.; Bont, L.; Openshaw, P.; Martinon-Torres, F.; Nair, H.; Bowden, R.; Golubchik, T.; Pollard, A. J.","Oxford Vaccine Group, Department of Paediatrics, University of Oxford",Homo sapiens,15233,18/08/2021,MZ515952.1,Automated Ingest from INSDC/NCBI Virus by Loculus,OPEN,https://pathoplexus.org/about/terms-of-use/open-data,,0.953291289,,,MZ515952.1,,,UU02-0006-D10,1,708
PP_002MA8X.1,B.D.4.1.1,14/12/2018,United Kingdom,,"Lin, G.-L.; Drysdale, S. B.; Snape, M. D.; O'Connor, D.; Brown, A.; MacIntyre-Cockett, G.; Mellado-Gomez, E.; de Cesare, M.; Bonsall, D.; Ansari, M. A.; Oner, D.; Aerssens, J.; Butler, C.; Bont, L.; Openshaw, P.; Martinon-Torres, F.; Nair, H.; Bowden, R.; Golubchik, T.; Pollard, A. J.","Oxford Vaccine Group, Department of Paediatrics, University of Oxford",Homo sapiens,15278,18/08/2021,MZ515970.1,Automated Ingest from INSDC/NCBI Virus by Loculus,OPEN,https://pathoplexus.org/about/terms-of-use/open-data,,1,,,MZ515970.1,,,OX02-8922-V01,0,0
PP_002MAFH.1,B.D.4.1.1,27/11/2018,United Kingdom,,"Lin, G.-L.; Drysdale, S. B.; Snape, M. D.; O'Connor, D.; Brown, A.; MacIntyre-Cockett, G.; Mellado-Gomez, E.; de Cesare, M.; Bonsall, D.; Ansari, M. A.; Oner, D.; Aerssens, J.; Butler, C.; Bont, L.; Openshaw, P.; Martinon-Torres, F.; Nair, H.; Bowden, R.; Golubchik, T.; Pollard, A. J.","Oxford Vaccine Group, Department of Paediatrics, University of Oxford",Homo sapiens,15232,18/08/2021,MZ515979.1,Automated Ingest from INSDC/NCBI Virus by Loculus,OPEN,https://pathoplexus.org/about/terms-of-use/open-data,,0.999868611,,,MZ515979.1,,,OX02-8796-D02,0,0
PP_002MAL6.1,B.D.4.1,22/02/2018,Netherlands,,"Lin, G.-L.; Drysdale, S. B.; Snape, M. D.; O'Connor, D.; Brown, A.; MacIntyre-Cockett, G.; Mellado-Gomez, E.; de Cesare, M.; Bonsall, D.; Ansari, M. A.; Oner, D.; Aerssens, J.; Butler, C.; Bont, L.; Openshaw, P.; Martinon-Torres, F.; Nair, H.; Bowden, R.; Golubchik, T.; Pollard, A. J.","Oxford Vaccine Group, Department of Paediatrics, University of Oxford",Homo sapiens,15275,18/08/2021,MZ515991.1,Automated Ingest from INSDC/NCBI Virus by Loculus,OPEN,https://pathoplexus.org/about/terms-of-use/open-data,,1,,,MZ515991.1,,,UU02-0050-D03,0,0
PP_002MAP0.1,B.D.E.2,30/11/2018,Netherlands,,"Lin, G.-L.; Drysdale, S. B.; Snape, M. D.; O'Connor, D.; Brown, A.; MacIntyre-Cockett, G.; Mellado-Gomez, E.; de Cesare, M.; Bonsall, D.; Ansari, M. A.; Oner, D.; Aerssens, J.; Butler, C.; Bont, L.; Openshaw, P.; Martinon-Torres, F.; Nair, H.; Bowden, R.; Golubchik, T.; Pollard, A. J.","Oxford Vaccine Group, Department of Paediatrics, University of Oxford",Homo sapiens,15272,18/08/2021,MZ515997.1,Automated Ingest from INSDC/NCBI Virus by Loculus,OPEN,https://pathoplexus.org/about/terms-of-use/open-data,,1,,,MZ515997.1,,,UU02-0054-V01,0,0
PP_002MAQY.1,B.D.E.2,16/12/2018,Netherlands,,"Lin, G.-L.; Drysdale, S. B.; Snape, M. D.; O'Connor, D.; Brown, A.; MacIntyre-Cockett, G.; Mellado-Gomez, E.; de Cesare, M.; Bonsall, D.; Ansari, M. A.; Oner, D.; Aerssens, J.; Butler, C.; Bont, L.; Openshaw, P.; Martinon-Torres, F.; Nair, H.; Bowden, R.; Golubchik, T.; Pollard, A. J.","Oxford Vaccine Group, Department of Paediatrics, University of Oxford",Homo sapiens,15276,18/08/2021,MZ516003.1,Automated Ingest from INSDC/NCBI Virus by Loculus,OPEN,https://pathoplexus.org/about/terms-of-use/open-data,,1,,,MZ516003.1,,,UU02-0062-V01,0,0
PP_002MAYG.1,B.D.4,17/11/2017,Netherlands,,"Lin, G.-L.; Drysdale, S. B.; Snape, M. D.; O'Connor, D.; Brown, A.; MacIntyre-Cockett, G.; Mellado-Gomez, E.; de Cesare, M.; Bonsall, D.; Ansari, M. A.; Oner, D.; Aerssens, J.; Butler, C.; Bont, L.; Openshaw, P.; Martinon-Torres, F.; Nair, H.; Bowden, R.; Golubchik, T.; Pollard, A. J.","Oxford Vaccine Group, Department of Paediatrics, University of Oxford",Homo sapiens,15236,18/08/2021,MZ516025.1,Automated Ingest from INSDC/NCBI Virus by Loculus,OPEN,https://pathoplexus.org/about/terms-of-use/open-data,,1,,,MZ516025.1,,,UU02-0005-V01,0,0
PP_002MAZE.1,B.D.4.1.1,19/12/2019,Spain,,"Lin, G.-L.; Drysdale, S. B.; Snape, M. D.; O'Connor, D.; Brown, A.; MacIntyre-Cockett, G.; Mellado-Gomez, E.; de Cesare, M.; Bonsall, D.; Ansari, M. A.; Oner, D.; Aerssens, J.; Butler, C.; Bont, L.; Openshaw, P.; Martinon-Torres, F.; Nair, H.; Bowden, R.; Golubchik, T.; Pollard, A. J.","Oxford Vaccine Group, Department of Paediatrics, University of Oxford",Homo sapiens,15276,18/08/2021,MZ516030.1,Automated Ingest from INSDC/NCBI Virus by Loculus,OPEN,https://pathoplexus.org/about/terms-of-use/open-data,,1,,,MZ516030.1,,,SE01A-0102-V02,0,0
PP_002MBAS.1,B.D.4.1.1,14/01/2020,Spain,,"Lin, G.-L.; Drysdale, S. B.; Snape, M. D.; O'Connor, D.; Brown, A.; MacIntyre-Cockett, G.; Mellado-Gomez, E.; de Cesare, M.; Bonsall, D.; Ansari, M. A.; Oner, D.; Aerssens, J.; Butler, C.; Bont, L.; Openshaw, P.; Martinon-Torres, F.; Nair, H.; Bowden, R.; Golubchik, T.; Pollard, A. J.","Oxford Vaccine Group, Department of Paediatrics, University of Oxford",Homo sapiens,15275,18/08/2021,MZ516056.1,Automated Ingest from INSDC/NCBI Virus by Loculus,OPEN,https://pathoplexus.org/about/terms-of-use/open-data,,1,,,MZ516056.1,,,SE01A-0133-V02,0,0
PP_002MBK7.1,B.D.4.1,18/12/2017,Netherlands,,"Lin, G.-L.; Drysdale, S. B.; Snape, M. D.; O'Connor, D.; Brown, A.; MacIntyre-Cockett, G.; Mellado-Gomez, E.; de Cesare, M.; Bonsall, D.; Ansari, M. A.; Oner, D.; Aerssens, J.; Butler, C.; Bont, L.; Openshaw, P.; Martinon-Torres, F.; Nair, H.; Bowden, R.; Golubchik, T.; Pollard, A. J.","Oxford Vaccine Group, Department of Paediatrics, University of Oxford",Homo sapiens,15276,18/08/2021,MZ516082.1,Automated Ingest from INSDC/NCBI Virus by Loculus,OPEN,https://pathoplexus.org/about/terms-of-use/open-data,,1,,,MZ516082.1,,,UU03-0022-V02,0,0
PP_002MBRV.1,B.D.4.1.1,30/11/2018,United Kingdom,,"Lin, G.-L.; Drysdale, S. B.; Snape, M. D.; O'Connor, D.; Brown, A.; MacIntyre-Cockett, G.; Mellado-Gomez, E.; de Cesare, M.; Bonsall, D.; Ansari, M. A.; Oner, D.; Aerssens, J.; Butler, C.; Bont, L.; Openshaw, P.; Martinon-Torres, F.; Nair, H.; Bowden, R.; Golubchik, T.; Pollard, A. J.","Oxford Vaccine Group, Department of Paediatrics, University of Oxford",Homo sapiens,15276,18/08/2021,MZ516098.1,Automated Ingest from INSDC/NCBI Virus by Loculus,OPEN,https://pathoplexus.org/about/terms-of-use/open-data,,1,,,MZ516098.1,,,OX01A-8052-V02,0,0
PP_002MBTR.1,B.D.E.2,10/12/2019,United Kingdom,,"Lin, G.-L.; Drysdale, S. B.; Snape, M. D.; O'Connor, D.; Brown, A.; MacIntyre-Cockett, G.; Mellado-Gomez, E.; de Cesare, M.; Bonsall, D.; Ansari, M. A.; Oner, D.; Aerssens, J.; Butler, C.; Bont, L.; Openshaw, P.; Martinon-Torres, F.; Nair, H.; Bowden, R.; Golubchik, T.; Pollard, A. J.","Oxford Vaccine Group, Department of Paediatrics, University of Oxford",Homo sapiens,15275,18/08/2021,MZ516102.1,Automated Ingest from INSDC/NCBI Virus by Loculus,OPEN,https://pathoplexus.org/about/terms-of-use/open-data,,1,,,MZ516102.1,,,OX02-8541-V01,0,0
PP_002MC9T.1,B.D.E.2,26/11/2018,Netherlands,,"Lin, G.-L.; Drysdale, S. B.; Snape, M. D.; O'Connor, D.; Brown, A.; MacIntyre-Cockett, G.; Mellado-Gomez, E.; de Cesare, M.; Bonsall, D.; Ansari, M. A.; Oner, D.; Aerssens, J.; Butler, C.; Bont, L.; Openshaw, P.; Martinon-Torres, F.; Nair, H.; Bowden, R.; Golubchik, T.; Pollard, A. J.","Oxford Vaccine Group, Department of Paediatrics, University of Oxford",Homo sapiens,15271,18/08/2021,MZ516135.1,Automated Ingest from INSDC/NCBI Virus by Loculus,OPEN,https://pathoplexus.org/about/terms-of-use/open-data,,1,,,MZ516135.1,,,UU01A-0035-V02,0,0
PP_002MCDK.1,B.D.4.1,18/11/2017,Netherlands,,"Lin, G.-L.; Drysdale, S. B.; Snape, M. D.; O'Connor, D.; Brown, A.; MacIntyre-Cockett, G.; Mellado-Gomez, E.; de Cesare, M.; Bonsall, D.; Ansari, M. A.; Oner, D.; Aerssens, J.; Butler, C.; Bont, L.; Openshaw, P.; Martinon-Torres, F.; Nair, H.; Bowden, R.; Golubchik, T.; Pollard, A. J.","Oxford Vaccine Group, Department of Paediatrics, University of Oxford",Homo sapiens,15277,18/08/2021,MZ516141.1,Automated Ingest from INSDC/NCBI Virus by Loculus,OPEN,https://pathoplexus.org/about/terms-of-use/open-data,,1,,,MZ516141.1,,,UU02-0006-V01,0,0
PP_002MCJ8.1,B,04/12/1998,Germany,,"Kondgen, S.; Reiche, J.",Robert Koch Insitut,Homo sapiens,15085,13/02/2024,MZ568931.1,Automated Ingest from INSDC/NCBI Virus by Loculus,OPEN,https://pathoplexus.org/about/terms-of-use/open-data,,0.993233478,,,MZ568931.1,,,Ger/302/98-99,0,0
PP_002MCL4.1,B,14/12/2000,Germany,,"Kondgen, S.; Reiche, J.",Robert Koch Insitut,Homo sapiens,15182,13/02/2024,MZ568933.1,Automated Ingest from INSDC/NCBI Virus by Loculus,OPEN,https://pathoplexus.org/about/terms-of-use/open-data,,0.999605834,,,MZ568933.1,,,GER/329/00-01,0,0
PP_002MCM2.1,B,23/11/2002,Germany,,"Kondgen, S.; Reiche, J.",Robert Koch Insitut,Homo sapiens,15191,13/02/2024,MZ568934.1,Automated Ingest from INSDC/NCBI Virus by Loculus,OPEN,https://pathoplexus.org/about/terms-of-use/open-data,,0.999868611,,,MZ568934.1,,,GER/359/02-03,0,0
PP_002MCN0.1,B.D.1,25/11/2010,Germany,,"Kondgen, S.; Reiche, J.",Robert Koch Insitut,Homo sapiens,15204,13/02/2024,MZ568935.1,Automated Ingest from INSDC/NCBI Virus by Loculus,OPEN,https://pathoplexus.org/about/terms-of-use/open-data,,0.998620418,,,MZ568935.1,,,GER/369/10-11,0,0
PP_002MCQW.1,B.D.4.1.1,07/11/2016,Germany,,"Kondgen, S.; Reiche, J.",Robert Koch Insitut,Homo sapiens,15141,13/02/2024,MZ568937.1,Automated Ingest from INSDC/NCBI Virus by Loculus,OPEN,https://pathoplexus.org/about/terms-of-use/open-data,,0.993233478,,,MZ568937.1,,,GER/416/16-17,0,0
PP_002MCRU.1,B,08/12/2003,Germany,,"Kondgen, S.; Reiche, J.",Robert Koch Insitut,Homo sapiens,15106,13/02/2024,MZ568938.1,Automated Ingest from INSDC/NCBI Virus by Loculus,OPEN,https://pathoplexus.org/about/terms-of-use/open-data,,0.995467087,,,MZ568938.1,,,GER/485/03-04,0,0
PP_002MCTQ.1,B,12/12/2002,Germany,,"Kondgen, S.; Reiche, J.",Robert Koch Insitut,Homo sapiens,15148,13/02/2024,MZ568940.1,Automated Ingest from INSDC/NCBI Virus by Loculus,OPEN,https://pathoplexus.org/about/terms-of-use/open-data,,0.999014584,,,MZ568940.1,,,GER/537/02-03,0,0
PP_002MCUN.1,B,15/12/2002,Germany,,"Kondgen, S.; Reiche, J.",Robert Koch Insitut,Homo sapiens,15215,13/02/2024,MZ568941.1,Automated Ingest from INSDC/NCBI Virus by Loculus,OPEN,https://pathoplexus.org/about/terms-of-use/open-data,,1,,,MZ568941.1,,,GER/588/02-03,0,0
PP_002MCVL.1,B.D,25/12/2006,Germany,,"Kondgen, S.; Reiche, J.",Robert Koch Insitut,Homo sapiens,15072,13/02/2024,MZ568942.1,Automated Ingest from INSDC/NCBI Virus by Loculus,OPEN,https://pathoplexus.org/about/terms-of-use/open-data,,0.989029037,,,MZ568942.1,,,GER/591/06-07,0,0
PP_002MCXG.1,B.D,03/01/2011,Germany,,"Kondgen, S.; Reiche, J.",Robert Koch Insitut,Homo sapiens,15119,13/02/2024,MZ568944.1,Automated Ingest from INSDC/NCBI Virus by Loculus,OPEN,https://pathoplexus.org/about/terms-of-use/open-data,,0.993233478,,,MZ568944.1,,,GER/804/10-11,0,0
PP_002MCYE.1,B,16/01/2003,Germany,,"Kondgen, S.; Reiche, J.",Robert Koch Insitut,Homo sapiens,15176,13/02/2024,MZ568945.1,Automated Ingest from INSDC/NCBI Virus by Loculus,OPEN,https://pathoplexus.org/about/terms-of-use/open-data,,0.999080279,,,MZ568945.1,,,GER/851/02-03,0,0
PP_002MCZC.1,B,06/01/2005,Germany,,"Kondgen, S.; Reiche, J.",Robert Koch Insitut,Homo sapiens,15166,13/02/2024,MZ568946.1,Automated Ingest from INSDC/NCBI Virus by Loculus,OPEN,https://pathoplexus.org/about/terms-of-use/open-data,,0.998489029,,,MZ568946.1,,,GER/913/04-05,0,0
PP_002MD0A.1,B.D,29/01/2008,Germany,,"Kondgen, S.; Reiche, J.",Robert Koch Insitut,Homo sapiens,15226,13/02/2024,MZ568947.1,Automated Ingest from INSDC/NCBI Virus by Loculus,OPEN,https://pathoplexus.org/about/terms-of-use/open-data,,0.998554723,,,MZ568947.1,,,GER/915/07-08,0,0
PP_002MD18.1,B.D,29/01/2007,Germany,,"Kondgen, S.; Reiche, J.",Robert Koch Insitut,Homo sapiens,15122,13/02/2024,MZ568948.1,Automated Ingest from INSDC/NCBI Virus by Loculus,OPEN,https://pathoplexus.org/about/terms-of-use/open-data,,0.993299172,,,MZ568948.1,,,GER/962/06-07,0,0
PP_002MD26.1,B.D.4.1,28/12/2015,Germany,,"Kondgen, S.; Reiche, J.",Robert Koch Insitut,Homo sapiens,15135,13/02/2024,MZ568949.1,Automated Ingest from INSDC/NCBI Virus by Loculus,OPEN,https://pathoplexus.org/about/terms-of-use/open-data,,0.994218894,,,MZ568949.1,,,GER/987/15-16,0,1
PP_002MD34.1,B.D,03/02/2002,Germany,,"Kondgen, S.; Reiche, J.",Robert Koch Insitut,Homo sapiens,15252,13/02/2024,MZ568950.1,Automated Ingest from INSDC/NCBI Virus by Loculus,OPEN,https://pathoplexus.org/about/terms-of-use/open-data,,0.999605834,,,MZ568950.1,,,GER/1068/01-02,0,0
PP_002MD50.1,B,20/01/2005,Germany,,"Kondgen, S.; Reiche, J.",Robert Koch Insitut,Homo sapiens,15084,13/02/2024,MZ568952.1,Automated Ingest from INSDC/NCBI Virus by Loculus,OPEN,https://pathoplexus.org/about/terms-of-use/open-data,,0.993233478,,,MZ568952.1,,,GER/1188/04-05,0,0
PP_002MD6Y.1,B.D,22/01/2004,Germany,,"Kondgen, S.; Reiche, J.",Robert Koch Insitut,Homo sapiens,15205,13/02/2024,MZ568953.1,Automated Ingest from INSDC/NCBI Virus by Loculus,OPEN,https://pathoplexus.org/about/terms-of-use/open-data,,0.998751807,,,MZ568953.1,,,GER/1237/03-04,0,2
PP_002MD7W.1,B,25/01/2005,Germany,,"Kondgen, S.; Reiche, J.",Robert Koch Insitut,Homo sapiens,15122,13/02/2024,MZ568954.1,Automated Ingest from INSDC/NCBI Virus by Loculus,OPEN,https://pathoplexus.org/about/terms-of-use/open-data,,0.995598476,,,MZ568954.1,,,GER/1238/04-05,0,0
PP_002MD8U.1,B.D.4,20/01/2014,Germany,,"Kondgen, S.; Reiche, J.",Robert Koch Insitut,Homo sapiens,15150,13/02/2024,MZ568955.1,Automated Ingest from INSDC/NCBI Virus by Loculus,OPEN,https://pathoplexus.org/about/terms-of-use/open-data,,0.995270004,,,MZ568955.1,,,GER/1264/13-14,0,0
PP_002MD9S.1,B.D,28/01/2005,Germany,,"Kondgen, S.; Reiche, J.",Robert Koch Insitut,Homo sapiens,15206,13/02/2024,MZ568956.1,Automated Ingest from INSDC/NCBI Virus by Loculus,OPEN,https://pathoplexus.org/about/terms-of-use/open-data,,0.998751807,,,MZ568956.1,,,GER/1300/04-05,0,0
PP_002MDBN.1,B.D,15/01/2011,Germany,,"Kondgen, S.; Reiche, J.",Robert Koch Insitut,Homo sapiens,15180,13/02/2024,MZ568958.1,Automated Ingest from INSDC/NCBI Virus by Loculus,OPEN,https://pathoplexus.org/about/terms-of-use/open-data,,0.99566417,,,MZ568958.1,,,GER/1337/10-11,0,0
PP_002MDGC.1,B.D,01/03/2006,Germany,,"Kondgen, S.; Reiche, J.",Robert Koch Insitut,Homo sapiens,15181,13/02/2024,MZ568963.1,Automated Ingest from INSDC/NCBI Virus by Loculus,OPEN,https://pathoplexus.org/about/terms-of-use/open-data,,0.996518197,,,MZ568963.1,,,GER/1856/05-06,0,0
PP_002MDK5.1,B.D.4.1,21/01/2015,Germany,,"Kondgen, S.; Reiche, J.",Robert Koch Insitut,Homo sapiens,15144,13/02/2024,MZ568966.1,Automated Ingest from INSDC/NCBI Virus by Loculus,OPEN,https://pathoplexus.org/about/terms-of-use/open-data,,0.993233478,,,MZ568966.1,,,GER/1922/14-15,0,0
PP_002MDNZ.1,B,07/02/2000,Germany,,"Kondgen, S.; Reiche, J.",Robert Koch Insitut,Homo sapiens,15124,13/02/2024,MZ568969.1,Automated Ingest from INSDC/NCBI Virus by Loculus,OPEN,https://pathoplexus.org/about/terms-of-use/open-data,,0.995467087,,,MZ568969.1,,,GER/2068/99-00,0,0
PP_002MDQV.1,B,03/03/2004,Germany,,"Kondgen, S.; Reiche, J.",Robert Koch Insitut,Homo sapiens,15136,13/02/2024,MZ568971.1,Automated Ingest from INSDC/NCBI Virus by Loculus,OPEN,https://pathoplexus.org/about/terms-of-use/open-data,,0.996583892,,,MZ568971.1,,,GER/2160/03-04,0,0
PP_002MDRT.1,B,18/03/2002,Germany,,"Kondgen, S.; Reiche, J.",Robert Koch Insitut,Homo sapiens,15099,13/02/2024,MZ568972.1,Automated Ingest from INSDC/NCBI Virus by Loculus,OPEN,https://pathoplexus.org/about/terms-of-use/open-data,,0.995467087,,,MZ568972.1,,,GER/2173/01-02,0,0
PP_002MDSR.1,B.D,05/03/2012,Germany,,"Kondgen, S.; Reiche, J.",Robert Koch Insitut,Homo sapiens,15202,13/02/2024,MZ568973.1,Automated Ingest from INSDC/NCBI Virus by Loculus,OPEN,https://pathoplexus.org/about/terms-of-use/open-data,,0.998489029,,,MZ568973.1,,,GER/2175/11-12,0,3
PP_002MDUM.1,B.D.1,27/01/2009,Germany,,"Kondgen, S.; Reiche, J.",Robert Koch Insitut,Homo sapiens,15252,13/02/2024,MZ568975.1,Automated Ingest from INSDC/NCBI Virus by Loculus,OPEN,https://pathoplexus.org/about/terms-of-use/open-data,,0.999605834,,,MZ568975.1,,,GER/2280/08-09,0,0
PP_002MDVK.1,B.D,12/03/2012,Germany,,"Kondgen, S.; Reiche, J.",Robert Koch Insitut,Homo sapiens,14973,13/02/2024,MZ568976.1,Automated Ingest from INSDC/NCBI Virus by Loculus,OPEN,https://pathoplexus.org/about/terms-of-use/open-data,,0.983707791,,,MZ568976.1,,,GER/2303/11-12,0,0
PP_002MDWH.1,B.D,23/02/2007,Germany,,"Kondgen, S.; Reiche, J.",Robert Koch Insitut,Homo sapiens,15165,13/02/2024,MZ568977.1,Automated Ingest from INSDC/NCBI Virus by Loculus,OPEN,https://pathoplexus.org/about/terms-of-use/open-data,,0.99461306,,,MZ568977.1,,,GER/2333/06-07,0,0
PP_002MDYD.1,B.D,16/03/2004,Germany,,"Kondgen, S.; Reiche, J.",Robert Koch Insitut,Homo sapiens,15247,13/02/2024,MZ568979.1,Automated Ingest from INSDC/NCBI Virus by Loculus,OPEN,https://pathoplexus.org/about/terms-of-use/open-data,,0.999605834,,,MZ568979.1,,,GER/2432/03-04,0,0
PP_002MDZB.1,B.D,12/03/2001,Germany,,"Kondgen, S.; Reiche, J.",Robert Koch Insitut,Homo sapiens,15210,13/02/2024,MZ568980.1,Automated Ingest from INSDC/NCBI Virus by Loculus,OPEN,https://pathoplexus.org/about/terms-of-use/open-data,,0.996518197,,,MZ568980.1,,,GER/2512/00-01,0,0
PP_002ME09.1,B,09/04/2002,Germany,,"Kondgen, S.; Reiche, J.",Robert Koch Insitut,Homo sapiens,15100,13/02/2024,MZ568981.1,Automated Ingest from INSDC/NCBI Virus by Loculus,OPEN,https://pathoplexus.org/about/terms-of-use/open-data,,0.994678754,,,MZ568981.1,,,GER/2581/01-02,0,0
PP_002ME17.1,B.D,01/04/2004,Germany,,"Kondgen, S.; Reiche, J.",Robert Koch Insitut,Homo sapiens,15246,13/02/2024,MZ568982.1,Automated Ingest from INSDC/NCBI Virus by Loculus,OPEN,https://pathoplexus.org/about/terms-of-use/open-data,,0.999605834,,,MZ568982.1,,,GER/2594/03-04,0,0
PP_002ME25.1,B.D,08/04/2004,Germany,,"Kondgen, S.; Reiche, J.",Robert Koch Insitut,Homo sapiens,15254,13/02/2024,MZ568983.1,Automated Ingest from INSDC/NCBI Virus by Loculus,OPEN,https://pathoplexus.org/about/terms-of-use/open-data,,0.999605834,,,MZ568983.1,,,GER/2631/03-04,0,0
PP_002ME33.1,B.D,16/04/2004,Germany,,"Kondgen, S.; Reiche, J.",Robert Koch Insitut,Homo sapiens,15146,13/02/2024,MZ568984.1,Automated Ingest from INSDC/NCBI Virus by Loculus,OPEN,https://pathoplexus.org/about/terms-of-use/open-data,,0.99461306,,,MZ568984.1,,,GER/2666/03-04,0,0
PP_002ME41.1,B.D.4.1,09/02/2015,Germany,,"Kondgen, S.; Reiche, J.",Robert Koch Insitut,Homo sapiens,15130,13/02/2024,MZ568985.1,Automated Ingest from INSDC/NCBI Virus by Loculus,OPEN,https://pathoplexus.org/about/terms-of-use/open-data,,0.993956116,,,MZ568985.1,,,GER/2689/14-15,0,0
PP_002ME6X.1,B.D,26/03/2012,Germany,,"Kondgen, S.; Reiche, J.",Robert Koch Insitut,Homo sapiens,15004,13/02/2024,MZ568987.1,Automated Ingest from INSDC/NCBI Virus by Loculus,OPEN,https://pathoplexus.org/about/terms-of-use/open-data,,0.985678623,,,MZ568987.1,,,GER/2744/11-12,0,0
PP_002ME7V.1,B.D.1,30/03/2006,Germany,,"Kondgen, S.; Reiche, J.",Robert Koch Insitut,Homo sapiens,15057,13/02/2024,MZ568988.1,Automated Ingest from INSDC/NCBI Virus by Loculus,OPEN,https://pathoplexus.org/about/terms-of-use/open-data,,0.989160426,,,MZ568988.1,,,GER/2797/05-06,0,0
PP_002ME9R.1,B.D,02/02/2009,Germany,,"Kondgen, S.; Reiche, J.",Robert Koch Insitut,Homo sapiens,15077,13/02/2024,MZ568990.1,Automated Ingest from INSDC/NCBI Virus by Loculus,OPEN,https://pathoplexus.org/about/terms-of-use/open-data,,0.988831954,,,MZ568990.1,,,GER/2877/08-09,0,0
PP_002MEAP.1,B.D.4,10/02/2013,Germany,,"Kondgen, S.; Reiche, J.",Robert Koch Insitut,Homo sapiens,15245,13/02/2024,MZ568991.1,Automated Ingest from INSDC/NCBI Virus by Loculus,OPEN,https://pathoplexus.org/about/terms-of-use/open-data,,0.999605834,,,MZ568991.1,,,GER/2941/12-13,0,0
PP_002MEBM.1,B.D,11/02/2011,Germany,,"Kondgen, S.; Reiche, J.",Robert Koch Insitut,Homo sapiens,15033,13/02/2024,MZ568992.1,Automated Ingest from INSDC/NCBI Virus by Loculus,OPEN,https://pathoplexus.org/about/terms-of-use/open-data,,0.98758376,,,MZ568992.1,,,GER/2963/10-11,0,0
PP_002MECK.1,B.D,12/04/2006,Germany,,"Kondgen, S.; Reiche, J.",Robert Koch Insitut,Homo sapiens,15126,13/02/2024,MZ568993.1,Automated Ingest from INSDC/NCBI Virus by Loculus,OPEN,https://pathoplexus.org/about/terms-of-use/open-data,,0.99356195,,,MZ568993.1,,,GER/3071/05-06,0,0
PP_002MEDH.1,B.D,17/04/2006,Germany,,"Kondgen, S.; Reiche, J.",Robert Koch Insitut,Homo sapiens,15246,13/02/2024,MZ568994.1,Automated Ingest from INSDC/NCBI Virus by Loculus,OPEN,https://pathoplexus.org/about/terms-of-use/open-data,,0.999605834,,,MZ568994.1,,,GER/3229/05-06,0,0
PP_002MEEF.1,B.D,25/04/2006,Germany,,"Kondgen, S.; Reiche, J.",Robert Koch Insitut,Homo sapiens,15230,13/02/2024,MZ568995.1,Automated Ingest from INSDC/NCBI Virus by Loculus,OPEN,https://pathoplexus.org/about/terms-of-use/open-data,,0.998554723,,,MZ568995.1,,,GER/3264/05-06,0,0
PP_002MEFD.1,B.D.1.1,23/02/2015,Germany,,"Kondgen, S.; Reiche, J.",Robert Koch Insitut,Homo sapiens,15132,13/02/2024,MZ568996.1,Automated Ingest from INSDC/NCBI Virus by Loculus,OPEN,https://pathoplexus.org/about/terms-of-use/open-data,,0.994087505,,,MZ568996.1,,,GER/3371/14-15,0,0
PP_002MEGB.1,B.D.4.1,22/03/2016,Germany,,"Kondgen, S.; Reiche, J.",Robert Koch Insitut,Homo sapiens,15207,13/02/2024,MZ568997.1,Automated Ingest from INSDC/NCBI Virus by Loculus,OPEN,https://pathoplexus.org/about/terms-of-use/open-data,,0.998554723,,,MZ568997.1,,,GER/3406/15-16,0,0
PP_002MEH8.1,B,10/02/2009,Germany,,"Kondgen, S.; Reiche, J.",Robert Koch Insitut,Homo sapiens,15193,13/02/2024,MZ568998.1,Automated Ingest from INSDC/NCBI Virus by Loculus,OPEN,https://pathoplexus.org/about/terms-of-use/open-data,,1,,,MZ568998.1,,,GER/3432/08-09,0,0
PP_002MEJ6.1,B.D,08/02/2009,Germany,,"Kondgen, S.; Reiche, J.",Robert Koch Insitut,Homo sapiens,15256,13/02/2024,MZ568999.1,Automated Ingest from INSDC/NCBI Virus by Loculus,OPEN,https://pathoplexus.org/about/terms-of-use/open-data,,0.999605834,,,MZ568999.1,,,GER/3496/08-09,0,0
PP_002MEK4.1,B.D,10/02/2009,Germany,,"Kondgen, S.; Reiche, J.",Robert Koch Insitut,Homo sapiens,15208,13/02/2024,MZ569000.1,Automated Ingest from INSDC/NCBI Virus by Loculus,OPEN,https://pathoplexus.org/about/terms-of-use/open-data,,0.997635002,,,MZ569000.1,,,GER/3514/08-09,0,0
PP_002MEL2.1,B.D.1,01/03/2010,Germany,,"Kondgen, S.; Reiche, J.",Robert Koch Insitut,Homo sapiens,14945,13/02/2024,MZ569001.1,Automated Ingest from INSDC/NCBI Virus by Loculus,OPEN,https://pathoplexus.org/about/terms-of-use/open-data,,0.981802654,,,MZ569001.1,,,GER/3656/09-10,0,0
PP_002MEQU.1,B.D,26/04/2010,Germany,,"Kondgen, S.; Reiche, J.",Robert Koch Insitut,Homo sapiens,15212,13/02/2024,MZ569005.1,Automated Ingest from INSDC/NCBI Virus by Loculus,OPEN,https://pathoplexus.org/about/terms-of-use/open-data,,0.997569308,,,MZ569005.1,,,GER/4111/09-10,0,0
PP_002MESQ.1,B.D,08/03/2013,Germany,,"Kondgen, S.; Reiche, J.",Robert Koch Insitut,Homo sapiens,15179,13/02/2024,MZ569007.1,Automated Ingest from INSDC/NCBI Virus by Loculus,OPEN,https://pathoplexus.org/about/terms-of-use/open-data,,0.996780975,,,MZ569007.1,,,GER/4644/12-13,0,0
PP_002METN.1,B,19/03/2005,Germany,,"Kondgen, S.; Reiche, J.",Robert Koch Insitut,Homo sapiens,15192,13/02/2024,MZ569008.1,Automated Ingest from INSDC/NCBI Virus by Loculus,OPEN,https://pathoplexus.org/about/terms-of-use/open-data,,0.999868611,,,MZ569008.1,,,GER/5127/04-05,0,0
PP_002N59Y.1,B.D.4.1.3,2021-04,France,,"Coppee, R.; Chenane, H. R.; Bridier-Nahmias, A.; Tcherakian, C.; Catherinot, E.; Collin, G.; Lebourgeois, S.; Visseaux, B.; Descamps, D.; Vasse, M.; Farfour, E.","Universite de Paris, Inserm UMR1137",Homo sapiens,15205,07/10/2022,OK500264.1,Automated Ingest from INSDC/NCBI Virus by Loculus,OPEN,https://pathoplexus.org/about/terms-of-use/open-data,,0.998160557,,,OK500264.1,,,Patient_F_D4,0,0
PP_002N5AW.2,B.D,2008,Brazil,,"Wang, L.; Ng, T. F. F.; Castro, C. J.; Marine, R. L.; Magana, L. C.; Esona, M.; Peret, T. C. T.; Thornburg, N. J.","Centers for Disease Control and Prevention, Respiratory Viruses Branch, Division of Viral Diseases",Homo sapiens,15249,07/11/2021,OK649685.1,Automated Ingest from INSDC/NCBI Virus by Loculus,OPEN,https://pathoplexus.org/about/terms-of-use/open-data,,0.999737222,,,OK649685.1,,,HRSV/B/Brazil/37784/2008,0,0
PP_002N5BU.2,B.D,2008,Brazil,,"Wang, L.; Ng, T. F. F.; Castro, C. J.; Marine, R. L.; Magana, L. C.; Esona, M.; Peret, T. C. T.; Thornburg, N. J.","Centers for Disease Control and Prevention, Respiratory Viruses Branch, Division of Viral Diseases",Homo sapiens,15253,07/11/2021,OK649686.1,Automated Ingest from INSDC/NCBI Virus by Loculus,OPEN,https://pathoplexus.org/about/terms-of-use/open-data,,0.999737222,,,OK649686.1,,,HRSV/B/Brazil/37940/2008,0,0
PP_002N5CS.2,B.D,2008,Brazil,,"Wang, L.; Ng, T. F. F.; Castro, C. J.; Marine, R. L.; Magana, L. C.; Esona, M.; Peret, T. C. T.; Thornburg, N. J.","Centers for Disease Control and Prevention, Respiratory Viruses Branch, Division of Viral Diseases",Homo sapiens,15251,07/11/2021,OK649687.1,Automated Ingest from INSDC/NCBI Virus by Loculus,OPEN,https://pathoplexus.org/about/terms-of-use/open-data,,0.999737222,,,OK649687.1,,,HRSV/B/Brazil/37942/2008,0,0
PP_002N5DQ.2,B.D,2009,Brazil,,"Wang, L.; Ng, T. F. F.; Castro, C. J.; Marine, R. L.; Magana, L. C.; Esona, M.; Peret, T. C. T.; Thornburg, N. J.","Centers for Disease Control and Prevention, Respiratory Viruses Branch, Division of Viral Diseases",Homo sapiens,15241,07/11/2021,OK649688.1,Automated Ingest from INSDC/NCBI Virus by Loculus,OPEN,https://pathoplexus.org/about/terms-of-use/open-data,,0.999605834,,,OK649688.1,,,HRSV/B/Brazil/38160/2009,0,0
PP_002N5EN.2,B.D.4,2009,Brazil,,"Wang, L.; Ng, T. F. F.; Castro, C. J.; Marine, R. L.; Magana, L. C.; Esona, M.; Peret, T. C. T.; Thornburg, N. J.","Centers for Disease Control and Prevention, Respiratory Viruses Branch, Division of Viral Diseases",Homo sapiens,15252,07/11/2021,OK649689.1,Automated Ingest from INSDC/NCBI Virus by Loculus,OPEN,https://pathoplexus.org/about/terms-of-use/open-data,,0.999605834,,,OK649689.1,,,HRSV/B/Brazil/38174/2009,0,0
PP_002N5FL.2,B.D.4,2009,Brazil,,"Wang, L.; Ng, T. F. F.; Castro, C. J.; Marine, R. L.; Magana, L. C.; Esona, M.; Peret, T. C. T.; Thornburg, N. J.","Centers for Disease Control and Prevention, Respiratory Viruses Branch, Division of Viral Diseases",Homo sapiens,15258,07/11/2021,OK649690.1,Automated Ingest from INSDC/NCBI Virus by Loculus,OPEN,https://pathoplexus.org/about/terms-of-use/open-data,,1,,,OK649690.1,,,HRSV/B/Brazil/38184/2009,0,0
PP_002N5GJ.2,B.D.4,2009,Brazil,,"Wang, L.; Ng, T. F. F.; Castro, C. J.; Marine, R. L.; Magana, L. C.; Esona, M.; Peret, T. C. T.; Thornburg, N. J.","Centers for Disease Control and Prevention, Respiratory Viruses Branch, Division of Viral Diseases",Homo sapiens,15191,07/11/2021,OK649691.1,Automated Ingest from INSDC/NCBI Virus by Loculus,OPEN,https://pathoplexus.org/about/terms-of-use/open-data,,0.995729865,,,OK649691.1,,,HRSV/B/Brazil/38185/2009,0,0
PP_002N5HF.2,B.D,2009,Brazil,,"Wang, L.; Ng, T. F. F.; Castro, C. J.; Marine, R. L.; Magana, L. C.; Esona, M.; Peret, T. C. T.; Thornburg, N. J.","Centers for Disease Control and Prevention, Respiratory Viruses Branch, Division of Viral Diseases",Homo sapiens,15241,07/11/2021,OK649692.1,Automated Ingest from INSDC/NCBI Virus by Loculus,OPEN,https://pathoplexus.org/about/terms-of-use/open-data,,0.999014584,,,OK649692.1,,,HRSV/B/Brazil/38191/2009,0,0
PP_002N5JD.2,B.D.4,2009,Brazil,,"Wang, L.; Ng, T. F. F.; Castro, C. J.; Marine, R. L.; Magana, L. C.; Esona, M.; Peret, T. C. T.; Thornburg, N. J.","Centers for Disease Control and Prevention, Respiratory Viruses Branch, Division of Viral Diseases",Homo sapiens,15251,07/11/2021,OK649693.1,Automated Ingest from INSDC/NCBI Virus by Loculus,OPEN,https://pathoplexus.org/about/terms-of-use/open-data,,0.999737222,,,OK649693.1,,,HRSV/B/Brazil/38209/2009,0,0
PP_002N5KB.2,B.D,2009,Brazil,,"Wang, L.; Ng, T. F. F.; Castro, C. J.; Marine, R. L.; Magana, L. C.; Esona, M.; Peret, T. C. T.; Thornburg, N. J.","Centers for Disease Control and Prevention, Respiratory Viruses Branch, Division of Viral Diseases",Homo sapiens,15241,07/11/2021,OK649694.1,Automated Ingest from INSDC/NCBI Virus by Loculus,OPEN,https://pathoplexus.org/about/terms-of-use/open-data,,0.999014584,,,OK649694.1,,,HRSV/B/Brazil/38211/2009,0,0
PP_002N5L9.2,B.D,2009,Brazil,,"Wang, L.; Ng, T. F. F.; Castro, C. J.; Marine, R. L.; Magana, L. C.; Esona, M.; Peret, T. C. T.; Thornburg, N. J.","Centers for Disease Control and Prevention, Respiratory Viruses Branch, Division of Viral Diseases",Homo sapiens,15248,07/11/2021,OK649695.1,Automated Ingest from INSDC/NCBI Virus by Loculus,OPEN,https://pathoplexus.org/about/terms-of-use/open-data,,0.999737222,,,OK649695.1,,,HRSV/B/Brazil/38213/2009,0,0
PP_002N5M7.2,B.D,2009,Brazil,,"Wang, L.; Ng, T. F. F.; Castro, C. J.; Marine, R. L.; Magana, L. C.; Esona, M.; Peret, T. C. T.; Thornburg, N. J.","Centers for Disease Control and Prevention, Respiratory Viruses Branch, Division of Viral Diseases",Homo sapiens,15250,07/11/2021,OK649696.1,Automated Ingest from INSDC/NCBI Virus by Loculus,OPEN,https://pathoplexus.org/about/terms-of-use/open-data,,0.999802917,,,OK649696.1,,,HRSV/B/Brazil/38218/2009,0,0
PP_002N5N5.2,B.D.4,2009,Brazil,,"Wang, L.; Ng, T. F. F.; Castro, C. J.; Marine, R. L.; Magana, L. C.; Esona, M.; Peret, T. C. T.; Thornburg, N. J.","Centers for Disease Control and Prevention, Respiratory Viruses Branch, Division of Viral Diseases",Homo sapiens,15247,07/11/2021,OK649697.1,Automated Ingest from INSDC/NCBI Virus by Loculus,OPEN,https://pathoplexus.org/about/terms-of-use/open-data,,0.999605834,,,OK649697.1,,,HRSV/B/Brazil/38219/2009,0,0
PP_002N5P3.2,B.D,2009,Brazil,,"Wang, L.; Ng, T. F. F.; Castro, C. J.; Marine, R. L.; Magana, L. C.; Esona, M.; Peret, T. C. T.; Thornburg, N. J.","Centers for Disease Control and Prevention, Respiratory Viruses Branch, Division of Viral Diseases",Homo sapiens,15262,07/11/2021,OK649698.1,Automated Ingest from INSDC/NCBI Virus by Loculus,OPEN,https://pathoplexus.org/about/terms-of-use/open-data,,1,,,OK649698.1,,,HRSV/B/Brazil/38220/2009,0,0
PP_002N5Q1.2,B.D.1,2009,Brazil,,"Wang, L.; Ng, T. F. F.; Castro, C. J.; Marine, R. L.; Magana, L. C.; Esona, M.; Peret, T. C. T.; Thornburg, N. J.","Centers for Disease Control and Prevention, Respiratory Viruses Branch, Division of Viral Diseases",Homo sapiens,15253,07/11/2021,OK649699.1,Automated Ingest from INSDC/NCBI Virus by Loculus,OPEN,https://pathoplexus.org/about/terms-of-use/open-data,,0.999737222,,,OK649699.1,,,HRSV/B/Brazil/38221/2009,0,0
PP_002N5RZ.2,B.D,2009,Brazil,,"Wang, L.; Ng, T. F. F.; Castro, C. J.; Marine, R. L.; Magana, L. C.; Esona, M.; Peret, T. C. T.; Thornburg, N. J.","Centers for Disease Control and Prevention, Respiratory Viruses Branch, Division of Viral Diseases",Homo sapiens,15237,07/11/2021,OK649700.1,Automated Ingest from INSDC/NCBI Virus by Loculus,OPEN,https://pathoplexus.org/about/terms-of-use/open-data,,0.999014584,,,OK649700.1,,,HRSV/B/Brazil/38222/2009,0,0
PP_002N5SX.2,B.D,2009,Brazil,,"Wang, L.; Ng, T. F. F.; Castro, C. J.; Marine, R. L.; Magana, L. C.; Esona, M.; Peret, T. C. T.; Thornburg, N. J.","Centers for Disease Control and Prevention, Respiratory Viruses Branch, Division of Viral Diseases",Homo sapiens,15244,07/11/2021,OK649701.1,Automated Ingest from INSDC/NCBI Virus by Loculus,OPEN,https://pathoplexus.org/about/terms-of-use/open-data,,0.999605834,,,OK649701.1,,,HRSV/B/Brazil/38226/2009,0,0
PP_002N5TV.2,B.D,2009,Brazil,,"Wang, L.; Ng, T. F. F.; Castro, C. J.; Marine, R. L.; Magana, L. C.; Esona, M.; Peret, T. C. T.; Thornburg, N. J.","Centers for Disease Control and Prevention, Respiratory Viruses Branch, Division of Viral Diseases",Homo sapiens,15242,07/11/2021,OK649702.1,Automated Ingest from INSDC/NCBI Virus by Loculus,OPEN,https://pathoplexus.org/about/terms-of-use/open-data,,0.999343056,,,OK649702.1,,,HRSV/B/Brazil/38227/2009,0,0
PP_002N5UT.2,B.D,2009,Brazil,,"Wang, L.; Ng, T. F. F.; Castro, C. J.; Marine, R. L.; Magana, L. C.; Esona, M.; Peret, T. C. T.; Thornburg, N. J.","Centers for Disease Control and Prevention, Respiratory Viruses Branch, Division of Viral Diseases",Homo sapiens,15252,07/11/2021,OK649703.1,Automated Ingest from INSDC/NCBI Virus by Loculus,OPEN,https://pathoplexus.org/about/terms-of-use/open-data,,0.999737222,,,OK649703.1,,,HRSV/B/Brazil/38239/2009,0,0
PP_002N5VR.2,B.D.4,2009,Brazil,,"Wang, L.; Ng, T. F. F.; Castro, C. J.; Marine, R. L.; Magana, L. C.; Esona, M.; Peret, T. C. T.; Thornburg, N. J.","Centers for Disease Control and Prevention, Respiratory Viruses Branch, Division of Viral Diseases",Homo sapiens,15249,07/11/2021,OK649704.1,Automated Ingest from INSDC/NCBI Virus by Loculus,OPEN,https://pathoplexus.org/about/terms-of-use/open-data,,0.999605834,,,OK649704.1,,,HRSV/B/Brazil/38245/2009,0,0
PP_002N5WP.2,B.D.4,2009,Brazil,,"Wang, L.; Ng, T. F. F.; Castro, C. J.; Marine, R. L.; Magana, L. C.; Esona, M.; Peret, T. C. T.; Thornburg, N. J.","Centers for Disease Control and Prevention, Respiratory Viruses Branch, Division of Viral Diseases",Homo sapiens,15245,07/11/2021,OK649705.1,Automated Ingest from INSDC/NCBI Virus by Loculus,OPEN,https://pathoplexus.org/about/terms-of-use/open-data,,0.999277362,,,OK649705.1,,,HRSV/B/Brazil/38247/2009,0,0
PP_002N5XM.2,B.D,2009,Brazil,,"Wang, L.; Ng, T. F. F.; Castro, C. J.; Marine, R. L.; Magana, L. C.; Esona, M.; Peret, T. C. T.; Thornburg, N. J.","Centers for Disease Control and Prevention, Respiratory Viruses Branch, Division of Viral Diseases",Homo sapiens,15246,07/11/2021,OK649706.1,Automated Ingest from INSDC/NCBI Virus by Loculus,OPEN,https://pathoplexus.org/about/terms-of-use/open-data,,0.999605834,,,OK649706.1,,,HRSV/B/Brazil/38252/2009,0,0
PP_002N5YK.2,B.D,2009,Brazil,,"Wang, L.; Ng, T. F. F.; Castro, C. J.; Marine, R. L.; Magana, L. C.; Esona, M.; Peret, T. C. T.; Thornburg, N. J.","Centers for Disease Control and Prevention, Respiratory Viruses Branch, Division of Viral Diseases",Homo sapiens,15245,07/11/2021,OK649707.1,Automated Ingest from INSDC/NCBI Virus by Loculus,OPEN,https://pathoplexus.org/about/terms-of-use/open-data,,0.999343056,,,OK649707.1,,,HRSV/B/Brazil/38261/2009,0,0
PP_002N5ZH.2,B.D.4,2009,Brazil,,"Wang, L.; Ng, T. F. F.; Castro, C. J.; Marine, R. L.; Magana, L. C.; Esona, M.; Peret, T. C. T.; Thornburg, N. J.","Centers for Disease Control and Prevention, Respiratory Viruses Branch, Division of Viral Diseases",Homo sapiens,15248,07/11/2021,OK649708.1,Automated Ingest from INSDC/NCBI Virus by Loculus,OPEN,https://pathoplexus.org/about/terms-of-use/open-data,,0.999737222,,,OK649708.1,,,HRSV/B/Brazil/38281/2009,0,0
PP_002N60F.2,B.D,2009,Brazil,,"Wang, L.; Ng, T. F. F.; Castro, C. J.; Marine, R. L.; Magana, L. C.; Esona, M.; Peret, T. C. T.; Thornburg, N. J.","Centers for Disease Control and Prevention, Respiratory Viruses Branch, Division of Viral Diseases",Homo sapiens,15263,07/11/2021,OK649709.1,Automated Ingest from INSDC/NCBI Virus by Loculus,OPEN,https://pathoplexus.org/about/terms-of-use/open-data,,1,,,OK649709.1,,,HRSV/B/Brazil/38288/2009,0,0
PP_002N61D.2,B.D,2009,Brazil,,"Wang, L.; Ng, T. F. F.; Castro, C. J.; Marine, R. L.; Magana, L. C.; Esona, M.; Peret, T. C. T.; Thornburg, N. J.","Centers for Disease Control and Prevention, Respiratory Viruses Branch, Division of Viral Diseases",Homo sapiens,15252,07/11/2021,OK649710.1,Automated Ingest from INSDC/NCBI Virus by Loculus,OPEN,https://pathoplexus.org/about/terms-of-use/open-data,,0.999605834,,,OK649710.1,,,HRSV/B/Brazil/38299/2009,0,0
PP_002N62B.2,B.D,2009,Brazil,,"Wang, L.; Ng, T. F. F.; Castro, C. J.; Marine, R. L.; Magana, L. C.; Esona, M.; Peret, T. C. T.; Thornburg, N. J.","Centers for Disease Control and Prevention, Respiratory Viruses Branch, Division of Viral Diseases",Homo sapiens,15250,07/11/2021,OK649711.1,Automated Ingest from INSDC/NCBI Virus by Loculus,OPEN,https://pathoplexus.org/about/terms-of-use/open-data,,0.999737222,,,OK649711.1,,,HRSV/B/Brazil/38322/2009,0,0
PP_002N639.2,B.D,2009,Brazil,,"Wang, L.; Ng, T. F. F.; Castro, C. J.; Marine, R. L.; Magana, L. C.; Esona, M.; Peret, T. C. T.; Thornburg, N. J.","Centers for Disease Control and Prevention, Respiratory Viruses Branch, Division of Viral Diseases",Homo sapiens,15253,07/11/2021,OK649712.1,Automated Ingest from INSDC/NCBI Virus by Loculus,OPEN,https://pathoplexus.org/about/terms-of-use/open-data,,1,,,OK649712.1,,,HRSV/B/Brazil/38385/2009,0,0
PP_002N647.2,B.D,2009,Brazil,,"Wang, L.; Ng, T. F. F.; Castro, C. J.; Marine, R. L.; Magana, L. C.; Esona, M.; Peret, T. C. T.; Thornburg, N. J.","Centers for Disease Control and Prevention, Respiratory Viruses Branch, Division of Viral Diseases",Homo sapiens,15263,07/11/2021,OK649713.1,Automated Ingest from INSDC/NCBI Virus by Loculus,OPEN,https://pathoplexus.org/about/terms-of-use/open-data,,0.999802917,,,OK649713.1,,,HRSV/B/Brazil/38386/2009,0,0
PP_002N655.2,B.D,2009,Brazil,,"Wang, L.; Ng, T. F. F.; Castro, C. J.; Marine, R. L.; Magana, L. C.; Esona, M.; Peret, T. C. T.; Thornburg, N. J.","Centers for Disease Control and Prevention, Respiratory Viruses Branch, Division of Viral Diseases",Homo sapiens,15254,07/11/2021,OK649714.1,Automated Ingest from INSDC/NCBI Virus by Loculus,OPEN,https://pathoplexus.org/about/terms-of-use/open-data,,0.999540139,,,OK649714.1,,,HRSV/B/Brazil/38440/2009,0,0
PP_002N663.2,B.D,2009,Brazil,,"Wang, L.; Ng, T. F. F.; Castro, C. J.; Marine, R. L.; Magana, L. C.; Esona, M.; Peret, T. C. T.; Thornburg, N. J.","Centers for Disease Control and Prevention, Respiratory Viruses Branch, Division of Viral Diseases",Homo sapiens,15254,07/11/2021,OK649715.1,Automated Ingest from INSDC/NCBI Virus by Loculus,OPEN,https://pathoplexus.org/about/terms-of-use/open-data,,1,,,OK649715.1,,,HRSV/B/Brazil/38442/2009,0,0
PP_002N671.2,B.D,2009,Brazil,,"Wang, L.; Ng, T. F. F.; Castro, C. J.; Marine, R. L.; Magana, L. C.; Esona, M.; Peret, T. C. T.; Thornburg, N. J.","Centers for Disease Control and Prevention, Respiratory Viruses Branch, Division of Viral Diseases",Homo sapiens,15244,07/11/2021,OK649716.1,Automated Ingest from INSDC/NCBI Virus by Loculus,OPEN,https://pathoplexus.org/about/terms-of-use/open-data,,0.999343056,,,OK649716.1,,,HRSV/B/Brazil/38445/2009,0,0
PP_002N68Z.2,B.D,2009,Brazil,,"Wang, L.; Ng, T. F. F.; Castro, C. J.; Marine, R. L.; Magana, L. C.; Esona, M.; Peret, T. C. T.; Thornburg, N. J.","Centers for Disease Control and Prevention, Respiratory Viruses Branch, Division of Viral Diseases",Homo sapiens,15248,07/11/2021,OK649717.1,Automated Ingest from INSDC/NCBI Virus by Loculus,OPEN,https://pathoplexus.org/about/terms-of-use/open-data,,0.999605834,,,OK649717.1,,,HRSV/B/Brazil/38449/2009,0,0
PP_002N69X.2,B.D,2009,Brazil,,"Wang, L.; Ng, T. F. F.; Castro, C. J.; Marine, R. L.; Magana, L. C.; Esona, M.; Peret, T. C. T.; Thornburg, N. J.","Centers for Disease Control and Prevention, Respiratory Viruses Branch, Division of Viral Diseases",Homo sapiens,15250,07/11/2021,OK649718.1,Automated Ingest from INSDC/NCBI Virus by Loculus,OPEN,https://pathoplexus.org/about/terms-of-use/open-data,,0.999605834,,,OK649718.1,,,HRSV/B/Brazil/38452/2009,0,0
PP_002N6AV.2,B.D,2009,Brazil,,"Wang, L.; Ng, T. F. F.; Castro, C. J.; Marine, R. L.; Magana, L. C.; Esona, M.; Peret, T. C. T.; Thornburg, N. J.","Centers for Disease Control and Prevention, Respiratory Viruses Branch, Division of Viral Diseases",Homo sapiens,15252,07/11/2021,OK649719.1,Automated Ingest from INSDC/NCBI Virus by Loculus,OPEN,https://pathoplexus.org/about/terms-of-use/open-data,,0.999737222,,,OK649719.1,,,HRSV/B/Brazil/38468/2009,0,0
PP_002N6BT.2,B.D,2009,Brazil,,"Wang, L.; Ng, T. F. F.; Castro, C. J.; Marine, R. L.; Magana, L. C.; Esona, M.; Peret, T. C. T.; Thornburg, N. J.","Centers for Disease Control and Prevention, Respiratory Viruses Branch, Division of Viral Diseases",Homo sapiens,15255,07/11/2021,OK649720.1,Automated Ingest from INSDC/NCBI Virus by Loculus,OPEN,https://pathoplexus.org/about/terms-of-use/open-data,,0.999802917,,,OK649720.1,,,HRSV/B/Brazil/38480/2009,0,0
PP_002N6CR.2,B.D,2009,Brazil,,"Wang, L.; Ng, T. F. F.; Castro, C. J.; Marine, R. L.; Magana, L. C.; Esona, M.; Peret, T. C. T.; Thornburg, N. J.","Centers for Disease Control and Prevention, Respiratory Viruses Branch, Division of Viral Diseases",Homo sapiens,15250,07/11/2021,OK649721.1,Automated Ingest from INSDC/NCBI Virus by Loculus,OPEN,https://pathoplexus.org/about/terms-of-use/open-data,,0.999737222,,,OK649721.1,,,HRSV/B/Brazil/38485/2009,0,0
PP_002N6DP.2,B.D,2010,Brazil,,"Wang, L.; Ng, T. F. F.; Castro, C. J.; Marine, R. L.; Magana, L. C.; Esona, M.; Peret, T. C. T.; Thornburg, N. J.","Centers for Disease Control and Prevention, Respiratory Viruses Branch, Division of Viral Diseases",Homo sapiens,15250,07/11/2021,OK649722.1,Automated Ingest from INSDC/NCBI Virus by Loculus,OPEN,https://pathoplexus.org/about/terms-of-use/open-data,,0.999605834,,,OK649722.1,,,HRSV/B/Brazil/38520/2010,0,0
PP_002N6EM.2,B.D,2010,Brazil,,"Wang, L.; Ng, T. F. F.; Castro, C. J.; Marine, R. L.; Magana, L. C.; Esona, M.; Peret, T. C. T.; Thornburg, N. J.","Centers for Disease Control and Prevention, Respiratory Viruses Branch, Division of Viral Diseases",Homo sapiens,15242,07/11/2021,OK649723.1,Automated Ingest from INSDC/NCBI Virus by Loculus,OPEN,https://pathoplexus.org/about/terms-of-use/open-data,,0.999605834,,,OK649723.1,,,HRSV/B/Brazil/38539/2010,0,0
PP_002N6GH.2,B.D,2010,Brazil,,"Wang, L.; Ng, T. F. F.; Castro, C. J.; Marine, R. L.; Magana, L. C.; Esona, M.; Peret, T. C. T.; Thornburg, N. J.","Centers for Disease Control and Prevention, Respiratory Viruses Branch, Division of Viral Diseases",Homo sapiens,15252,07/11/2021,OK649725.1,Automated Ingest from INSDC/NCBI Virus by Loculus,OPEN,https://pathoplexus.org/about/terms-of-use/open-data,,0.999737222,,,OK649725.1,,,HRSV/B/Brazil/38591/2010,0,0
PP_002N6HE.2,B.D.4,2010,Brazil,,"Wang, L.; Ng, T. F. F.; Castro, C. J.; Marine, R. L.; Magana, L. C.; Esona, M.; Peret, T. C. T.; Thornburg, N. J.","Centers for Disease Control and Prevention, Respiratory Viruses Branch, Division of Viral Diseases",Homo sapiens,15256,07/11/2021,OK649726.1,Automated Ingest from INSDC/NCBI Virus by Loculus,OPEN,https://pathoplexus.org/about/terms-of-use/open-data,,1,,,OK649726.1,,,HRSV/B/Brazil/38600/2010,0,0
PP_002N6JC.2,B.D,2010,Brazil,,"Wang, L.; Ng, T. F. F.; Castro, C. J.; Marine, R. L.; Magana, L. C.; Esona, M.; Peret, T. C. T.; Thornburg, N. J.","Centers for Disease Control and Prevention, Respiratory Viruses Branch, Division of Viral Diseases",Homo sapiens,15241,07/11/2021,OK649727.1,Automated Ingest from INSDC/NCBI Virus by Loculus,OPEN,https://pathoplexus.org/about/terms-of-use/open-data,,0.99940875,,,OK649727.1,,,HRSV/B/Brazil/38604/2010,0,0
PP_002N6KA.2,B.D.4,2010,Brazil,,"Wang, L.; Ng, T. F. F.; Castro, C. J.; Marine, R. L.; Magana, L. C.; Esona, M.; Peret, T. C. T.; Thornburg, N. J.","Centers for Disease Control and Prevention, Respiratory Viruses Branch, Division of Viral Diseases",Homo sapiens,15253,07/11/2021,OK649728.1,Automated Ingest from INSDC/NCBI Virus by Loculus,OPEN,https://pathoplexus.org/about/terms-of-use/open-data,,1,,,OK649728.1,,,HRSV/B/Brazil/38616/2010,0,0
PP_002N6M6.2,B.D,2010,Brazil,,"Wang, L.; Ng, T. F. F.; Castro, C. J.; Marine, R. L.; Magana, L. C.; Esona, M.; Peret, T. C. T.; Thornburg, N. J.","Centers for Disease Control and Prevention, Respiratory Viruses Branch, Division of Viral Diseases",Homo sapiens,15245,07/11/2021,OK649730.1,Automated Ingest from INSDC/NCBI Virus by Loculus,OPEN,https://pathoplexus.org/about/terms-of-use/open-data,,0.999343056,,,OK649730.1,,,HRSV/B/Brazil/38637/2010,0,0
PP_002N6RY.2,B.D,2010,Brazil,,"Wang, L.; Ng, T. F. F.; Castro, C. J.; Marine, R. L.; Magana, L. C.; Esona, M.; Peret, T. C. T.; Thornburg, N. J.","Centers for Disease Control and Prevention, Respiratory Viruses Branch, Division of Viral Diseases",Homo sapiens,15251,07/11/2021,OK649734.1,Automated Ingest from INSDC/NCBI Virus by Loculus,OPEN,https://pathoplexus.org/about/terms-of-use/open-data,,0.999737222,,,OK649734.1,,,HRSV/B/Brazil/38660/2010,0,0
PP_002N6US.2,B.D.4,2010,Brazil,,"Wang, L.; Ng, T. F. F.; Castro, C. J.; Marine, R. L.; Magana, L. C.; Esona, M.; Peret, T. C. T.; Thornburg, N. J.","Centers for Disease Control and Prevention, Respiratory Viruses Branch, Division of Viral Diseases",Homo sapiens,15248,07/11/2021,OK649737.1,Automated Ingest from INSDC/NCBI Virus by Loculus,OPEN,https://pathoplexus.org/about/terms-of-use/open-data,,0.999737222,,,OK649737.1,,,HRSV/B/Brazil/38686/2010,0,0
PP_002N6VQ.2,B.D,2010,Brazil,,"Wang, L.; Ng, T. F. F.; Castro, C. J.; Marine, R. L.; Magana, L. C.; Esona, M.; Peret, T. C. T.; Thornburg, N. J.","Centers for Disease Control and Prevention, Respiratory Viruses Branch, Division of Viral Diseases",Homo sapiens,15248,07/11/2021,OK649738.1,Automated Ingest from INSDC/NCBI Virus by Loculus,OPEN,https://pathoplexus.org/about/terms-of-use/open-data,,0.999540139,,,OK649738.1,,,HRSV/B/Brazil/38727/2010,0,0
PP_002N6WN.2,B.D,2010,Brazil,,"Wang, L.; Ng, T. F. F.; Castro, C. J.; Marine, R. L.; Magana, L. C.; Esona, M.; Peret, T. C. T.; Thornburg, N. J.","Centers for Disease Control and Prevention, Respiratory Viruses Branch, Division of Viral Diseases",Homo sapiens,15251,07/11/2021,OK649739.1,Automated Ingest from INSDC/NCBI Virus by Loculus,OPEN,https://pathoplexus.org/about/terms-of-use/open-data,,0.999605834,,,OK649739.1,,,HRSV/B/Brazil/38880/2010,0,0
PP_002N6XL.2,B,1995,Canada,,"Wang, L.; Ng, T. F. F.; Castro, C. J.; Marine, R. L.; Magana, L. C.; Esona, M.; Peret, T. C. T.; Thornburg, N. J.","Centers for Disease Control and Prevention, Respiratory Viruses Branch, Division of Viral Diseases",Homo sapiens,15157,07/11/2021,OK649740.1,Automated Ingest from INSDC/NCBI Virus by Loculus,OPEN,https://pathoplexus.org/about/terms-of-use/open-data,,0.997372224,,,OK649740.1,,,HRSV/B/Canada/CAN2690/1995,0,0
PP_002N6YJ.2,B.D,2007,Kenya,,"Wang, L.; Ng, T. F. F.; Castro, C. J.; Marine, R. L.; Magana, L. C.; Esona, M.; Peret, T. C. T.; Thornburg, N. J.","Centers for Disease Control and Prevention, Respiratory Viruses Branch, Division of Viral Diseases",Homo sapiens,15251,07/11/2021,OK649741.1,Automated Ingest from INSDC/NCBI Virus by Loculus,OPEN,https://pathoplexus.org/about/terms-of-use/open-data,,0.999605834,,,OK649741.1,,,HRSV/B/Kenya/58081/2007,0,0
PP_002N6ZG.2,B.D,2007,Kenya,,"Wang, L.; Ng, T. F. F.; Castro, C. J.; Marine, R. L.; Magana, L. C.; Esona, M.; Peret, T. C. T.; Thornburg, N. J.","Centers for Disease Control and Prevention, Respiratory Viruses Branch, Division of Viral Diseases",Homo sapiens,15252,07/11/2021,OK649742.1,Automated Ingest from INSDC/NCBI Virus by Loculus,OPEN,https://pathoplexus.org/about/terms-of-use/open-data,,0.999605834,,,OK649742.1,,,HRSV/B/Kenya/58192/2007,0,0
PP_002N70E.2,B.D,2008,Kenya,,"Wang, L.; Ng, T. F. F.; Castro, C. J.; Marine, R. L.; Magana, L. C.; Esona, M.; Peret, T. C. T.; Thornburg, N. J.","Centers for Disease Control and Prevention, Respiratory Viruses Branch, Division of Viral Diseases",Homo sapiens,15247,07/11/2021,OK649743.1,Automated Ingest from INSDC/NCBI Virus by Loculus,OPEN,https://pathoplexus.org/about/terms-of-use/open-data,,0.999605834,,,OK649743.1,,,HRSV/B/Kenya/58200/2008,0,0
PP_002N71C.2,B.D,2009,Kenya,,"Wang, L.; Ng, T. F. F.; Castro, C. J.; Marine, R. L.; Magana, L. C.; Esona, M.; Peret, T. C. T.; Thornburg, N. J.","Centers for Disease Control and Prevention, Respiratory Viruses Branch, Division of Viral Diseases",Homo sapiens,15250,07/11/2021,OK649744.1,Automated Ingest from INSDC/NCBI Virus by Loculus,OPEN,https://pathoplexus.org/about/terms-of-use/open-data,,0.999737222,,,OK649744.1,,,HRSV/B/Kenya/58229/2008,0,0
PP_002N72A.2,B.3,1990,USA,,"Wang, L.; Ng, T. F. F.; Castro, C. J.; Marine, R. L.; Magana, L. C.; Esona, M.; Peret, T. C. T.; Thornburg, N. J.","Centers for Disease Control and Prevention, Respiratory Viruses Branch, Division of Viral Diseases",Homo sapiens,15195,07/11/2021,OK649745.1,Automated Ingest from INSDC/NCBI Virus by Loculus,OPEN,https://pathoplexus.org/about/terms-of-use/open-data,,0.999671528,,,OK649745.1,,,HRSV/B/NewYork.USA/CH43II/1990,0,0
PP_002N738.2,B.3,1995,USA,,"Wang, L.; Ng, T. F. F.; Castro, C. J.; Marine, R. L.; Magana, L. C.; Esona, M.; Peret, T. C. T.; Thornburg, N. J.","Centers for Disease Control and Prevention, Respiratory Viruses Branch, Division of Viral Diseases",Homo sapiens,15197,07/11/2021,OK649746.1,Automated Ingest from INSDC/NCBI Virus by Loculus,OPEN,https://pathoplexus.org/about/terms-of-use/open-data,,0.999605834,,,OK649746.1,,,HRSV/B/NewYork.USA/CH59III/1995,0,0
PP_002N746.2,B.3,1992,USA,,"Wang, L.; Ng, T. F. F.; Castro, C. J.; Marine, R. L.; Magana, L. C.; Esona, M.; Peret, T. C. T.; Thornburg, N. J.","Centers for Disease Control and Prevention, Respiratory Viruses Branch, Division of Viral Diseases",Homo sapiens,15188,07/11/2021,OK649747.1,Automated Ingest from INSDC/NCBI Virus by Loculus,OPEN,https://pathoplexus.org/about/terms-of-use/open-data,,0.999014584,,,OK649747.1,,,HRSV/B/NewYork.USA/CH93-9B/1992,0,0
PP_002N754.2,B.4,1992,USA,,"Wang, L.; Ng, T. F. F.; Castro, C. J.; Marine, R. L.; Magana, L. C.; Esona, M.; Peret, T. C. T.; Thornburg, N. J.","Centers for Disease Control and Prevention, Respiratory Viruses Branch, Division of Viral Diseases",Homo sapiens,15188,07/11/2021,OK649748.1,Automated Ingest from INSDC/NCBI Virus by Loculus,OPEN,https://pathoplexus.org/about/terms-of-use/open-data,,0.999540139,,,OK649748.1,,,HRSV/B/NewYork.USA/CH93-18B/1992,0,0
PP_002N762.2,B.2,1991,USA,,"Wang, L.; Ng, T. F. F.; Castro, C. J.; Marine, R. L.; Magana, L. C.; Esona, M.; Peret, T. C. T.; Thornburg, N. J.","Centers for Disease Control and Prevention, Respiratory Viruses Branch, Division of Viral Diseases",Homo sapiens,15210,07/11/2021,OK649749.1,Automated Ingest from INSDC/NCBI Virus by Loculus,OPEN,https://pathoplexus.org/about/terms-of-use/open-data,,1,,,OK649749.1,,,HRSV/B/Texas.USA/57097/1991,0,0
PP_002N770.2,B.3,1994,USA,,"Wang, L.; Ng, T. F. F.; Castro, C. J.; Marine, R. L.; Magana, L. C.; Esona, M.; Peret, T. C. T.; Thornburg, N. J.","Centers for Disease Control and Prevention, Respiratory Viruses Branch, Division of Viral Diseases",Homo sapiens,15192,07/11/2021,OK649750.1,Automated Ingest from INSDC/NCBI Virus by Loculus,OPEN,https://pathoplexus.org/about/terms-of-use/open-data,,0.999605834,,,OK649750.1,,,HRSV/B/Texas.USA/65449/1994,0,0
PP_002N78Y.2,B.3,1994,USA,,"Wang, L.; Ng, T. F. F.; Castro, C. J.; Marine, R. L.; Magana, L. C.; Esona, M.; Peret, T. C. T.; Thornburg, N. J.","Centers for Disease Control and Prevention, Respiratory Viruses Branch, Division of Viral Diseases",Homo sapiens,15198,07/11/2021,OK649751.1,Automated Ingest from INSDC/NCBI Virus by Loculus,OPEN,https://pathoplexus.org/about/terms-of-use/open-data,,1,,,OK649751.1,,,HRSV/B/Texas.USA/65848/1994,0,0
PP_002N79W.2,B.4,1994,USA,,"Wang, L.; Ng, T. F. F.; Castro, C. J.; Marine, R. L.; Magana, L. C.; Esona, M.; Peret, T. C. T.; Thornburg, N. J.","Centers for Disease Control and Prevention, Respiratory Viruses Branch, Division of Viral Diseases",Homo sapiens,15204,07/11/2021,OK649752.1,Automated Ingest from INSDC/NCBI Virus by Loculus,OPEN,https://pathoplexus.org/about/terms-of-use/open-data,,0.999605834,,,OK649752.1,,,HRSV/B/Texas.USA/65859/1994,0,0
PP_002N7AU.2,B.D,2005,USA,,"Wang, L.; Ng, T. F. F.; Castro, C. J.; Marine, R. L.; Magana, L. C.; Esona, M.; Peret, T. C. T.; Thornburg, N. J.","Centers for Disease Control and Prevention, Respiratory Viruses Branch, Division of Viral Diseases",Homo sapiens,15270,07/11/2021,OK649753.1,Automated Ingest from INSDC/NCBI Virus by Loculus,OPEN,https://pathoplexus.org/about/terms-of-use/open-data,,1,,,OK649753.1,,,HRSV/B/Texas.USA/79325/2005,0,0
PP_002N7BS.2,B.D,2005,USA,,"Wang, L.; Ng, T. F. F.; Castro, C. J.; Marine, R. L.; Magana, L. C.; Esona, M.; Peret, T. C. T.; Thornburg, N. J.","Centers for Disease Control and Prevention, Respiratory Viruses Branch, Division of Viral Diseases",Homo sapiens,15254,07/11/2021,OK649754.1,Automated Ingest from INSDC/NCBI Virus by Loculus,OPEN,https://pathoplexus.org/about/terms-of-use/open-data,,0.999737222,,,OK649754.1,,,HRSV/B/Texas.USA/79362/2005,0,0
PP_002NC8T.2,B.D.4.1.1,2017,,,"Jia, N.; Cao, W.-C.; Hu, Y.-L.; Ye, R.-Z.; Que, T.-C.; Xia, L.-Y.; Cui, X.-M.; Zhang, Y.-W.; Jiang, J.-F.; Wang, Q.-H.; Wang, Q.","Beijing Institute of Microbiology and Epidemiology, State Key Laboratory of Pathogen and Biosecurity",Pholidota,15238,13/03/2022,OM256495.1,Automated Ingest from INSDC/NCBI Virus by Loculus,OPEN,https://pathoplexus.org/about/terms-of-use/open-data,,0.99835764,,,OM256495.1,,,BIME008T/pangolin/2017,0,0
PP_002NCDH.2,B.D.4.1.1,21/07/2020,Australia,,"Eden, J.-S.; Sikazwe, C.; Levy, A.; Deng, Y.-M.; Dhanasekaran, V.; Smith, D. W.; Kok, J.; Barr, I. G.","The University of Sydney, Sydney Institute for Infectious Diseases",Homo sapiens,15272,06/04/2022,OM857368.1,Automated Ingest from INSDC/NCBI Virus by Loculus,OPEN,https://pathoplexus.org/about/terms-of-use/open-data,,1,,,OM857368.1,,,hRSV/B/Australia/7527H/2019,0,0
PP_002NCFD.2,B.D.4.1.1,14/03/2020,Australia,,"Eden, J.-S.; Sikazwe, C.; Levy, A.; Deng, Y.-M.; Dhanasekaran, V.; Smith, D. W.; Kok, J.; Barr, I. G.","The University of Sydney, Sydney Institute for Infectious Diseases",Homo sapiens,15217,06/04/2022,OM857370.1,Automated Ingest from INSDC/NCBI Virus by Loculus,OPEN,https://pathoplexus.org/about/terms-of-use/open-data,,0.998554723,,,OM857370.1,,,hRSV/B/Australia/WM0742913/2020,0,0
PP_002NCH8.2,B.D.4.1.1,03/03/2020,Australia,,"Eden, J.-S.; Sikazwe, C.; Levy, A.; Deng, Y.-M.; Dhanasekaran, V.; Smith, D. W.; Kok, J.; Barr, I. G.","The University of Sydney, Sydney Institute for Infectious Diseases",Homo sapiens,15217,06/04/2022,OM857372.1,Automated Ingest from INSDC/NCBI Virus by Loculus,OPEN,https://pathoplexus.org/about/terms-of-use/open-data,,0.998554723,,,OM857372.1,,,hRSV/B/Australia/WM0634962/2020,0,0
PP_002NCRS.2,B.D.E.2,08/06/2020,Australia,,"Eden, J.-S.; Sikazwe, C.; Levy, A.; Deng, Y.-M.; Dhanasekaran, V.; Smith, D. W.; Kok, J.; Barr, I. G.","The University of Sydney, Sydney Institute for Infectious Diseases",Homo sapiens,15218,06/04/2022,OM857380.1,Automated Ingest from INSDC/NCBI Virus by Loculus,OPEN,https://pathoplexus.org/about/terms-of-use/open-data,,0.998554723,,,OM857380.1,,,hRSV/B/Australia/WM1603138/2020,0,0
PP_002NCTN.2,B.D.E.4,20/02/2021,Australia,,"Eden, J.-S.; Sikazwe, C.; Levy, A.; Deng, Y.-M.; Dhanasekaran, V.; Smith, D. W.; Kok, J.; Barr, I. G.","The University of Sydney, Sydney Institute for Infectious Diseases",Homo sapiens,15200,06/04/2022,OM857382.1,Automated Ingest from INSDC/NCBI Virus by Loculus,OPEN,https://pathoplexus.org/about/terms-of-use/open-data,,0.998686112,,,OM857382.1,,,hRSV/B/Australia/VIC-RCH025/2021,0,0
PP_002NCUL.2,B.D.E.4,06/03/2021,Australia,,"Eden, J.-S.; Sikazwe, C.; Levy, A.; Deng, Y.-M.; Dhanasekaran, V.; Smith, D. W.; Kok, J.; Barr, I. G.","The University of Sydney, Sydney Institute for Infectious Diseases",Homo sapiens,15200,06/04/2022,OM857383.1,Automated Ingest from INSDC/NCBI Virus by Loculus,OPEN,https://pathoplexus.org/about/terms-of-use/open-data,,0.998686112,,,OM857383.1,,,hRSV/B/Australia/VIC-RCH057/2021,0,0
PP_002NCXE.2,B.D.E.4,22/02/2021,Australia,,"Eden, J.-S.; Sikazwe, C.; Levy, A.; Deng, Y.-M.; Dhanasekaran, V.; Smith, D. W.; Kok, J.; Barr, I. G.","The University of Sydney, Sydney Institute for Infectious Diseases",Homo sapiens,15200,06/04/2022,OM857386.1,Automated Ingest from INSDC/NCBI Virus by Loculus,OPEN,https://pathoplexus.org/about/terms-of-use/open-data,,0.998620418,,,OM857386.1,,,hRSV/B/Australia/VIC-RCH059/2021,0,1
PP_002NCYC.2,B.D.E.4,21/02/2021,Australia,,"Eden, J.-S.; Sikazwe, C.; Levy, A.; Deng, Y.-M.; Dhanasekaran, V.; Smith, D. W.; Kok, J.; Barr, I. G.","The University of Sydney, Sydney Institute for Infectious Diseases",Homo sapiens,15217,06/04/2022,OM857387.1,Automated Ingest from INSDC/NCBI Virus by Loculus,OPEN,https://pathoplexus.org/about/terms-of-use/open-data,,0.999145973,,,OM857387.1,,,hRSV/B/Australia/VIC-RCH058/2021,0,0
PP_002NCZA.2,B.D.E.4,13/11/2020,Australia,,"Eden, J.-S.; Sikazwe, C.; Levy, A.; Deng, Y.-M.; Dhanasekaran, V.; Smith, D. W.; Kok, J.; Barr, I. G.","The University of Sydney, Sydney Institute for Infectious Diseases",Homo sapiens,15214,06/04/2022,OM857388.1,Automated Ingest from INSDC/NCBI Virus by Loculus,OPEN,https://pathoplexus.org/about/terms-of-use/open-data,,0.998554723,,,OM857388.1,,,hRSV/B/Australia/WM3181190/2020,0,0
PP_002ND08.2,B.D.E.4,13/11/2020,Australia,,"Eden, J.-S.; Sikazwe, C.; Levy, A.; Deng, Y.-M.; Dhanasekaran, V.; Smith, D. W.; Kok, J.; Barr, I. G.","The University of Sydney, Sydney Institute for Infectious Diseases",Homo sapiens,15209,06/04/2022,OM857389.1,Automated Ingest from INSDC/NCBI Virus by Loculus,OPEN,https://pathoplexus.org/about/terms-of-use/open-data,,0.998160557,,,OM857389.1,,,hRSV/B/Australia/WM3181191/2020,0,0
PP_002ND16.2,B.D.E.2,01/02/2020,Australia,,"Eden, J.-S.; Sikazwe, C.; Levy, A.; Deng, Y.-M.; Dhanasekaran, V.; Smith, D. W.; Kok, J.; Barr, I. G.","The University of Sydney, Sydney Institute for Infectious Diseases",Homo sapiens,15215,06/04/2022,OM857390.1,Automated Ingest from INSDC/NCBI Virus by Loculus,OPEN,https://pathoplexus.org/about/terms-of-use/open-data,,0.998554723,,,OM857390.1,,,hRSV/B/Australia/WM0322845/2020,0,0
PP_002ND7U.2,B.D.4.1,11/02/2020,Australia,,"Eden, J.-S.; Sikazwe, C.; Levy, A.; Deng, Y.-M.; Dhanasekaran, V.; Smith, D. W.; Kok, J.; Barr, I. G.","The University of Sydney, Sydney Institute for Infectious Diseases",Homo sapiens,15217,06/04/2022,OM857396.1,Automated Ingest from INSDC/NCBI Virus by Loculus,OPEN,https://pathoplexus.org/about/terms-of-use/open-data,,0.998554723,,,OM857396.1,,,hRSV/B/Australia/WM0421262/2020,0,0
PP_002NH12.1,B.D.1.1,30/01/2014,Argentina,"Buenos Aires, Merlo","Goya, S.; Lucion, M. F.; Shilts, M. H.; Juarez, M. D. V.; Gentile, A.; Mistchenko, A. S.; Viegas, M.; Das, S. R.","Ricardo Gutierrez Children's Hospital, Virology Laboratory",Homo sapiens,15221,11/02/2023,ON237083.1,Automated Ingest from INSDC/NCBI Virus by Loculus,OPEN,https://pathoplexus.org/about/terms-of-use/open-data,,0.999211667,,,ON237083.1,,,HRSV/B/Argentina/BA-HNRG-001/2014,1,0
PP_002NH20.1,B.D.4.1,05/05/2014,Argentina,Ciudad Autonoma de Buenos Aires,"Goya, S.; Lucion, M. F.; Shilts, M. H.; Juarez, M. D. V.; Gentile, A.; Mistchenko, A. S.; Viegas, M.; Das, S. R.","Ricardo Gutierrez Children's Hospital, Virology Laboratory",Homo sapiens,15209,11/02/2023,ON237084.1,Automated Ingest from INSDC/NCBI Virus by Loculus,OPEN,https://pathoplexus.org/about/terms-of-use/open-data,,0.999145973,,,ON237084.1,,,HRSV/B/Argentina/BA-HNRG-003/2014,0,0
PP_002NH5U.1,B.D,14/05/2014,Argentina,"Buenos Aires, Jose C. Paz","Goya, S.; Lucion, M. F.; Shilts, M. H.; Juarez, M. D. V.; Gentile, A.; Mistchenko, A. S.; Viegas, M.; Das, S. R.","Ricardo Gutierrez Children's Hospital, Virology Laboratory",Homo sapiens,15203,11/02/2023,ON237087.1,Automated Ingest from INSDC/NCBI Virus by Loculus,OPEN,https://pathoplexus.org/about/terms-of-use/open-data,,0.999211667,,,ON237087.1,,,HRSV/B/Argentina/BA-HNRG-008/2014,0,0
PP_002NH6S.1,B.D,19/05/2014,Argentina,"Buenos Aires, Lomas de Zamora","Goya, S.; Lucion, M. F.; Shilts, M. H.; Juarez, M. D. V.; Gentile, A.; Mistchenko, A. S.; Viegas, M.; Das, S. R.","Ricardo Gutierrez Children's Hospital, Virology Laboratory",Homo sapiens,15211,11/02/2023,ON237088.1,Automated Ingest from INSDC/NCBI Virus by Loculus,OPEN,https://pathoplexus.org/about/terms-of-use/open-data,,0.999277362,,,ON237088.1,,,HRSV/B/Argentina/BA-HNRG-011/2014,0,0
PP_002NH8N.1,B.D,20/05/2014,Argentina,"Buenos Aires, Wilde","Goya, S.; Lucion, M. F.; Shilts, M. H.; Juarez, M. D. V.; Gentile, A.; Mistchenko, A. S.; Viegas, M.; Das, S. R.","Ricardo Gutierrez Children's Hospital, Virology Laboratory",Homo sapiens,15209,11/02/2023,ON237090.1,Automated Ingest from INSDC/NCBI Virus by Loculus,OPEN,https://pathoplexus.org/about/terms-of-use/open-data,,0.999211667,,,ON237090.1,,,HRSV/B/Argentina/BA-HNRG-013/2014,0,0
PP_002NHAJ.1,B.D,21/05/2014,Argentina,"Buenos Aires, Jose C. Paz","Goya, S.; Lucion, M. F.; Shilts, M. H.; Juarez, M. D. V.; Gentile, A.; Mistchenko, A. S.; Viegas, M.; Das, S. R.","Ricardo Gutierrez Children's Hospital, Virology Laboratory",Homo sapiens,15209,11/02/2023,ON237092.1,Automated Ingest from INSDC/NCBI Virus by Loculus,OPEN,https://pathoplexus.org/about/terms-of-use/open-data,,0.999211667,,,ON237092.1,,,HRSV/B/Argentina/BA-HNRG-015/2014,0,0
PP_002NHH3.1,B.D.4,02/06/2014,Argentina,Ciudad Autonoma de Buenos Aires,"Goya, S.; Lucion, M. F.; Shilts, M. H.; Juarez, M. D. V.; Gentile, A.; Mistchenko, A. S.; Viegas, M.; Das, S. R.","Ricardo Gutierrez Children's Hospital, Virology Laboratory",Homo sapiens,15211,11/02/2023,ON237099.1,Automated Ingest from INSDC/NCBI Virus by Loculus,OPEN,https://pathoplexus.org/about/terms-of-use/open-data,,0.999277362,,,ON237099.1,,,HRSV/B/Argentina/BA-HNRG-027/2014,0,0
PP_002NHKZ.1,B.D.1.1,03/06/2014,Argentina,"Buenos Aires, Lomas de Zamora","Goya, S.; Lucion, M. F.; Shilts, M. H.; Juarez, M. D. V.; Gentile, A.; Mistchenko, A. S.; Viegas, M.; Das, S. R.","Ricardo Gutierrez Children's Hospital, Virology Laboratory",Homo sapiens,15207,11/02/2023,ON237101.1,Automated Ingest from INSDC/NCBI Virus by Loculus,OPEN,https://pathoplexus.org/about/terms-of-use/open-data,,0.999014584,,,ON237101.1,,,HRSV/B/Argentina/BA-HNRG-030/2014,0,0
PP_002NHLX.1,B.D,04/06/2014,Argentina,Ciudad Autonoma de Buenos Aires,"Goya, S.; Lucion, M. F.; Shilts, M. H.; Juarez, M. D. V.; Gentile, A.; Mistchenko, A. S.; Viegas, M.; Das, S. R.","Ricardo Gutierrez Children's Hospital, Virology Laboratory",Homo sapiens,15215,11/02/2023,ON237102.1,Automated Ingest from INSDC/NCBI Virus by Loculus,OPEN,https://pathoplexus.org/about/terms-of-use/open-data,,0.999277362,,,ON237102.1,,,HRSV/B/Argentina/BA-HNRG-031/2014,0,0
PP_002NHNT.1,B.D,06/06/2014,Argentina,"Buenos Aires, Lanus","Goya, S.; Lucion, M. F.; Shilts, M. H.; Juarez, M. D. V.; Gentile, A.; Mistchenko, A. S.; Viegas, M.; Das, S. R.","Ricardo Gutierrez Children's Hospital, Virology Laboratory",Homo sapiens,15214,11/02/2023,ON237104.1,Automated Ingest from INSDC/NCBI Virus by Loculus,OPEN,https://pathoplexus.org/about/terms-of-use/open-data,,0.999277362,,,ON237104.1,,,HRSV/B/Argentina/BA-HNRG-036/2014,0,0
PP_002NHPR.1,B.D,09/06/2014,Argentina,"Buenos Aires, Pablo Nogues","Goya, S.; Lucion, M. F.; Shilts, M. H.; Juarez, M. D. V.; Gentile, A.; Mistchenko, A. S.; Viegas, M.; Das, S. R.","Ricardo Gutierrez Children's Hospital, Virology Laboratory",Homo sapiens,15212,11/02/2023,ON237105.1,Automated Ingest from INSDC/NCBI Virus by Loculus,OPEN,https://pathoplexus.org/about/terms-of-use/open-data,,0.999211667,,,ON237105.1,,,HRSV/B/Argentina/BA-HNRG-038/2014,0,0
PP_002NHRM.1,B.D,11/06/2014,Argentina,"Buenos Aires, Grand Bourg","Goya, S.; Lucion, M. F.; Shilts, M. H.; Juarez, M. D. V.; Gentile, A.; Mistchenko, A. S.; Viegas, M.; Das, S. R.","Ricardo Gutierrez Children's Hospital, Virology Laboratory",Homo sapiens,15212,11/02/2023,ON237107.1,Automated Ingest from INSDC/NCBI Virus by Loculus,OPEN,https://pathoplexus.org/about/terms-of-use/open-data,,0.99894889,,,ON237107.1,,,HRSV/B/Argentina/BA-HNRG-040/2014,5,0
PP_002NHSK.1,B.D,12/06/2014,Argentina,"Buenos Aires, Monte Grande","Goya, S.; Lucion, M. F.; Shilts, M. H.; Juarez, M. D. V.; Gentile, A.; Mistchenko, A. S.; Viegas, M.; Das, S. R.","Ricardo Gutierrez Children's Hospital, Virology Laboratory",Homo sapiens,15201,11/02/2023,ON237108.1,Automated Ingest from INSDC/NCBI Virus by Loculus,OPEN,https://pathoplexus.org/about/terms-of-use/open-data,,0.999014584,,,ON237108.1,,,HRSV/B/Argentina/BA-HNRG-041/2014,0,0
PP_002NHUF.1,B.D.1.1,16/06/2014,Argentina,"Buenos Aires, Escobar","Goya, S.; Lucion, M. F.; Shilts, M. H.; Juarez, M. D. V.; Gentile, A.; Mistchenko, A. S.; Viegas, M.; Das, S. R.","Ricardo Gutierrez Children's Hospital, Virology Laboratory",Homo sapiens,15209,11/02/2023,ON237110.1,Automated Ingest from INSDC/NCBI Virus by Loculus,OPEN,https://pathoplexus.org/about/terms-of-use/open-data,,0.999145973,,,ON237110.1,,,HRSV/B/Argentina/BA-HNRG-049/2014,0,0
PP_002NHVD.1,B.D,18/06/2014,Argentina,,"Goya, S.; Lucion, M. F.; Shilts, M. H.; Juarez, M. D. V.; Gentile, A.; Mistchenko, A. S.; Viegas, M.; Das, S. R.","Ricardo Gutierrez Children's Hospital, Virology Laboratory",Homo sapiens,15211,11/02/2023,ON237111.1,Automated Ingest from INSDC/NCBI Virus by Loculus,OPEN,https://pathoplexus.org/about/terms-of-use/open-data,,0.999277362,,,ON237111.1,,,HRSV/B/Argentina/BA-HNRG-053/2014,0,0
PP_002NHWB.1,B.D,18/06/2014,Argentina,"Buenos Aires, Manuel Alberti","Goya, S.; Lucion, M. F.; Shilts, M. H.; Juarez, M. D. V.; Gentile, A.; Mistchenko, A. S.; Viegas, M.; Das, S. R.","Ricardo Gutierrez Children's Hospital, Virology Laboratory",Homo sapiens,15210,11/02/2023,ON237112.1,Automated Ingest from INSDC/NCBI Virus by Loculus,OPEN,https://pathoplexus.org/about/terms-of-use/open-data,,0.999211667,,,ON237112.1,,,HRSV/B/Argentina/BA-HNRG-054/2014,0,0
PP_002NHX9.1,B.D,25/06/2014,Argentina,"Buenos Aires, Isidro Casanova","Goya, S.; Lucion, M. F.; Shilts, M. H.; Juarez, M. D. V.; Gentile, A.; Mistchenko, A. S.; Viegas, M.; Das, S. R.","Ricardo Gutierrez Children's Hospital, Virology Laboratory",Homo sapiens,15210,11/02/2023,ON237113.1,Automated Ingest from INSDC/NCBI Virus by Loculus,OPEN,https://pathoplexus.org/about/terms-of-use/open-data,,0.999211667,,,ON237113.1,,,HRSV/B/Argentina/BA-HNRG-062/2014,0,0
PP_002NJ11.1,B.D.1.1,04/07/2014,Argentina,"Buenos Aires, Merlo","Goya, S.; Lucion, M. F.; Shilts, M. H.; Juarez, M. D. V.; Gentile, A.; Mistchenko, A. S.; Viegas, M.; Das, S. R.","Ricardo Gutierrez Children's Hospital, Virology Laboratory",Homo sapiens,15204,11/02/2023,ON237117.1,Automated Ingest from INSDC/NCBI Virus by Loculus,OPEN,https://pathoplexus.org/about/terms-of-use/open-data,,0.998817501,,,ON237117.1,,,HRSV/B/Argentina/BA-HNRG-070/2014,0,0
PP_002NJ4V.1,B.D.1.1,08/07/2014,Argentina,,"Goya, S.; Lucion, M. F.; Shilts, M. H.; Juarez, M. D. V.; Gentile, A.; Mistchenko, A. S.; Viegas, M.; Das, S. R.","Ricardo Gutierrez Children's Hospital, Virology Laboratory",Homo sapiens,15208,11/02/2023,ON237120.1,Automated Ingest from INSDC/NCBI Virus by Loculus,OPEN,https://pathoplexus.org/about/terms-of-use/open-data,,0.999080279,,,ON237120.1,,,HRSV/B/Argentina/BA-HNRG-073/2014,0,0
PP_002NJ6R.1,B.D.4.1,18/07/2014,Argentina,"Buenos Aires, Merlo","Goya, S.; Lucion, M. F.; Shilts, M. H.; Juarez, M. D. V.; Gentile, A.; Mistchenko, A. S.; Viegas, M.; Das, S. R.","Ricardo Gutierrez Children's Hospital, Virology Laboratory",Homo sapiens,15209,11/02/2023,ON237122.1,Automated Ingest from INSDC/NCBI Virus by Loculus,OPEN,https://pathoplexus.org/about/terms-of-use/open-data,,0.999145973,,,ON237122.1,,,HRSV/B/Argentina/BA-HNRG-078/2014,0,0
PP_002NJ8M.1,B.D,05/08/2014,Argentina,"Buenos Aires, Moreno","Goya, S.; Lucion, M. F.; Shilts, M. H.; Juarez, M. D. V.; Gentile, A.; Mistchenko, A. S.; Viegas, M.; Das, S. R.","Ricardo Gutierrez Children's Hospital, Virology Laboratory",Homo sapiens,15213,11/02/2023,ON237124.1,Automated Ingest from INSDC/NCBI Virus by Loculus,OPEN,https://pathoplexus.org/about/terms-of-use/open-data,,0.999277362,,,ON237124.1,,,HRSV/B/Argentina/BA-HNRG-083/2014,0,0
PP_002NJBF.1,B.D.4.1,19/08/2014,Argentina,"Buenos Aires, Merlo","Goya, S.; Lucion, M. F.; Shilts, M. H.; Juarez, M. D. V.; Gentile, A.; Mistchenko, A. S.; Viegas, M.; Das, S. R.","Ricardo Gutierrez Children's Hospital, Virology Laboratory",Homo sapiens,15218,11/02/2023,ON237127.1,Automated Ingest from INSDC/NCBI Virus by Loculus,OPEN,https://pathoplexus.org/about/terms-of-use/open-data,,0.999277362,,,ON237127.1,,,HRSV/B/Argentina/BA-HNRG-088/2014,0,0
PP_002NJDB.1,B.D.4,27/04/2015,Argentina,,"Goya, S.; Lucion, M. F.; Shilts, M. H.; Juarez, M. D. V.; Gentile, A.; Mistchenko, A. S.; Viegas, M.; Das, S. R.","Ricardo Gutierrez Children's Hospital, Virology Laboratory",Homo sapiens,15208,11/02/2023,ON237129.1,Automated Ingest from INSDC/NCBI Virus by Loculus,OPEN,https://pathoplexus.org/about/terms-of-use/open-data,,0.999211667,,,ON237129.1,,,HRSV/B/Argentina/BA-HNRG-106/2015,0,0
PP_002NJG5.1,B.D.1.1,14/05/2015,Argentina,"Buenos Aires, Pilar","Goya, S.; Lucion, M. F.; Shilts, M. H.; Juarez, M. D. V.; Gentile, A.; Mistchenko, A. S.; Viegas, M.; Das, S. R.","Ricardo Gutierrez Children's Hospital, Virology Laboratory",Homo sapiens,15205,11/02/2023,ON237132.1,Automated Ingest from INSDC/NCBI Virus by Loculus,OPEN,https://pathoplexus.org/about/terms-of-use/open-data,,0.981014321,,,ON237132.1,,,HRSV/B/Argentina/BA-HNRG-113/2015,0,272
PP_002NJLW.1,B.D.4,20/05/2015,Argentina,Ciudad Autonoma de Buenos Aires,"Goya, S.; Lucion, M. F.; Shilts, M. H.; Juarez, M. D. V.; Gentile, A.; Mistchenko, A. S.; Viegas, M.; Das, S. R.","Ricardo Gutierrez Children's Hospital, Virology Laboratory",Homo sapiens,15208,11/02/2023,ON237136.1,Automated Ingest from INSDC/NCBI Virus by Loculus,OPEN,https://pathoplexus.org/about/terms-of-use/open-data,,0.999211667,,,ON237136.1,,,HRSV/B/Argentina/BA-HNRG-119/2015,0,0
PP_002NJMU.1,B.D,26/05/2015,Argentina,Ciudad Autonoma de Buenos Aires,"Goya, S.; Lucion, M. F.; Shilts, M. H.; Juarez, M. D. V.; Gentile, A.; Mistchenko, A. S.; Viegas, M.; Das, S. R.","Ricardo Gutierrez Children's Hospital, Virology Laboratory",Homo sapiens,15208,11/02/2023,ON237137.1,Automated Ingest from INSDC/NCBI Virus by Loculus,OPEN,https://pathoplexus.org/about/terms-of-use/open-data,,0.999014584,,,ON237137.1,,,HRSV/B/Argentina/BA-HNRG-122/2015,1,0
PP_002NJNS.1,B.D.4.1,27/05/2015,Argentina,"Buenos Aires, San Martin","Goya, S.; Lucion, M. F.; Shilts, M. H.; Juarez, M. D. V.; Gentile, A.; Mistchenko, A. S.; Viegas, M.; Das, S. R.","Ricardo Gutierrez Children's Hospital, Virology Laboratory",Homo sapiens,15210,11/02/2023,ON237138.1,Automated Ingest from INSDC/NCBI Virus by Loculus,OPEN,https://pathoplexus.org/about/terms-of-use/open-data,,0.999211667,,,ON237138.1,,,HRSV/B/Argentina/BA-HNRG-124/2015,0,0
PP_002NJPQ.1,B.D.4,01/06/2015,Argentina,"Buenos Aires, Jose C. Paz","Goya, S.; Lucion, M. F.; Shilts, M. H.; Juarez, M. D. V.; Gentile, A.; Mistchenko, A. S.; Viegas, M.; Das, S. R.","Ricardo Gutierrez Children's Hospital, Virology Laboratory",Homo sapiens,15207,11/02/2023,ON237139.1,Automated Ingest from INSDC/NCBI Virus by Loculus,OPEN,https://pathoplexus.org/about/terms-of-use/open-data,,0.999014584,,,ON237139.1,,,HRSV/B/Argentina/BA-HNRG-126/2015,2,0
PP_002NJQN.1,B.D,01/06/2015,Argentina,"Buenos Aires, Avellaneda","Goya, S.; Lucion, M. F.; Shilts, M. H.; Juarez, M. D. V.; Gentile, A.; Mistchenko, A. S.; Viegas, M.; Das, S. R.","Ricardo Gutierrez Children's Hospital, Virology Laboratory",Homo sapiens,15208,11/02/2023,ON237140.1,Automated Ingest from INSDC/NCBI Virus by Loculus,OPEN,https://pathoplexus.org/about/terms-of-use/open-data,,0.999080279,,,ON237140.1,,,HRSV/B/Argentina/BA-HNRG-128/2015,0,0
PP_002NJRL.1,B.D,02/06/2015,Argentina,"Buenos Aires, Almirante Brown","Goya, S.; Lucion, M. F.; Shilts, M. H.; Juarez, M. D. V.; Gentile, A.; Mistchenko, A. S.; Viegas, M.; Das, S. R.","Ricardo Gutierrez Children's Hospital, Virology Laboratory",Homo sapiens,15210,11/02/2023,ON237141.1,Automated Ingest from INSDC/NCBI Virus by Loculus,OPEN,https://pathoplexus.org/about/terms-of-use/open-data,,0.999211667,,,ON237141.1,,,HRSV/B/Argentina/BA-HNRG-129/2015,0,0
PP_002NJX8.1,B.D,12/06/2015,Argentina,"Buenos Aires, Lomas de Zamora","Goya, S.; Lucion, M. F.; Shilts, M. H.; Juarez, M. D. V.; Gentile, A.; Mistchenko, A. S.; Viegas, M.; Das, S. R.","Ricardo Gutierrez Children's Hospital, Virology Laboratory",Homo sapiens,15211,11/02/2023,ON237147.1,Automated Ingest from INSDC/NCBI Virus by Loculus,OPEN,https://pathoplexus.org/about/terms-of-use/open-data,,0.999277362,,,ON237147.1,,,HRSV/B/Argentina/BA-HNRG-144/2015,0,0
PP_002NJY6.1,B.D.4.1,19/06/2015,Argentina,Ciudad Autonoma de Buenos Aires,"Goya, S.; Lucion, M. F.; Shilts, M. H.; Juarez, M. D. V.; Gentile, A.; Mistchenko, A. S.; Viegas, M.; Das, S. R.","Ricardo Gutierrez Children's Hospital, Virology Laboratory",Homo sapiens,15210,11/02/2023,ON237148.1,Automated Ingest from INSDC/NCBI Virus by Loculus,OPEN,https://pathoplexus.org/about/terms-of-use/open-data,,0.999211667,,,ON237148.1,,,HRSV/B/Argentina/BA-HNRG-152/2015,0,0
PP_002NK10.1,B.D.4,22/06/2015,Argentina,"Buenos Aires, Lomas de Zamora","Goya, S.; Lucion, M. F.; Shilts, M. H.; Juarez, M. D. V.; Gentile, A.; Mistchenko, A. S.; Viegas, M.; Das, S. R.","Ricardo Gutierrez Children's Hospital, Virology Laboratory",Homo sapiens,15209,11/02/2023,ON237151.1,Automated Ingest from INSDC/NCBI Virus by Loculus,OPEN,https://pathoplexus.org/about/terms-of-use/open-data,,0.999277362,,,ON237151.1,,,HRSV/B/Argentina/BA-HNRG-156/2015,0,0
PP_002NK4U.1,B.D.4,23/06/2015,Argentina,"Buenos Aires, San Miguel","Goya, S.; Lucion, M. F.; Shilts, M. H.; Juarez, M. D. V.; Gentile, A.; Mistchenko, A. S.; Viegas, M.; Das, S. R.","Ricardo Gutierrez Children's Hospital, Virology Laboratory",Homo sapiens,15209,11/02/2023,ON237154.1,Automated Ingest from INSDC/NCBI Virus by Loculus,OPEN,https://pathoplexus.org/about/terms-of-use/open-data,,0.999277362,,,ON237154.1,,,HRSV/B/Argentina/BA-HNRG-160/2015,0,0
PP_002NK5S.1,B.D.4.1,24/06/2015,Argentina,"Buenos Aires, Moreno","Goya, S.; Lucion, M. F.; Shilts, M. H.; Juarez, M. D. V.; Gentile, A.; Mistchenko, A. S.; Viegas, M.; Das, S. R.","Ricardo Gutierrez Children's Hospital, Virology Laboratory",Homo sapiens,15210,11/02/2023,ON237155.1,Automated Ingest from INSDC/NCBI Virus by Loculus,OPEN,https://pathoplexus.org/about/terms-of-use/open-data,,0.999277362,,,ON237155.1,,,HRSV/B/Argentina/BA-HNRG-162/2015,0,0
PP_002NK8L.1,B.D,30/06/2015,Argentina,"Buenos Aires, Hurlingham","Goya, S.; Lucion, M. F.; Shilts, M. H.; Juarez, M. D. V.; Gentile, A.; Mistchenko, A. S.; Viegas, M.; Das, S. R.","Ricardo Gutierrez Children's Hospital, Virology Laboratory",Homo sapiens,15203,11/02/2023,ON237158.1,Automated Ingest from INSDC/NCBI Virus by Loculus,OPEN,https://pathoplexus.org/about/terms-of-use/open-data,,0.999211667,,,ON237158.1,,,HRSV/B/Argentina/BA-HNRG-168/2015,0,0
PP_002NK9J.1,B.D.4,06/07/2015,Argentina,,"Goya, S.; Lucion, M. F.; Shilts, M. H.; Juarez, M. D. V.; Gentile, A.; Mistchenko, A. S.; Viegas, M.; Das, S. R.","Ricardo Gutierrez Children's Hospital, Virology Laboratory",Homo sapiens,15209,11/02/2023,ON237159.1,Automated Ingest from INSDC/NCBI Virus by Loculus,OPEN,https://pathoplexus.org/about/terms-of-use/open-data,,0.999145973,,,ON237159.1,,,HRSV/B/Argentina/BA-HNRG-175/2015,0,0
PP_002NKBE.1,B.D.4,10/07/2015,Argentina,"Buenos Aires, Moreno","Goya, S.; Lucion, M. F.; Shilts, M. H.; Juarez, M. D. V.; Gentile, A.; Mistchenko, A. S.; Viegas, M.; Das, S. R.","Ricardo Gutierrez Children's Hospital, Virology Laboratory",Homo sapiens,15210,11/02/2023,ON237161.1,Automated Ingest from INSDC/NCBI Virus by Loculus,OPEN,https://pathoplexus.org/about/terms-of-use/open-data,,0.999080279,,,ON237161.1,,,HRSV/B/Argentina/BA-HNRG-179/2015,2,0
PP_002NKCC.1,B.D.4,13/07/2015,Argentina,Ciudad Autonoma de Buenos Aires,"Goya, S.; Lucion, M. F.; Shilts, M. H.; Juarez, M. D. V.; Gentile, A.; Mistchenko, A. S.; Viegas, M.; Das, S. R.","Ricardo Gutierrez Children's Hospital, Virology Laboratory",Homo sapiens,15209,11/02/2023,ON237162.1,Automated Ingest from INSDC/NCBI Virus by Loculus,OPEN,https://pathoplexus.org/about/terms-of-use/open-data,,0.999277362,,,ON237162.1,,,HRSV/B/Argentina/BA-HNRG-182/2015,0,0
PP_002NKDA.1,B.D,17/07/2015,Argentina,"Buenos Aires, Moreno","Goya, S.; Lucion, M. F.; Shilts, M. H.; Juarez, M. D. V.; Gentile, A.; Mistchenko, A. S.; Viegas, M.; Das, S. R.","Ricardo Gutierrez Children's Hospital, Virology Laboratory",Homo sapiens,15212,11/02/2023,ON237163.1,Automated Ingest from INSDC/NCBI Virus by Loculus,OPEN,https://pathoplexus.org/about/terms-of-use/open-data,,0.999080279,,,ON237163.1,,,HRSV/B/Argentina/BA-HNRG-184/2015,1,0
PP_002NKG4.1,B.D.4.1,28/07/2015,Argentina,"Buenos Aires, La Matanza","Goya, S.; Lucion, M. F.; Shilts, M. H.; Juarez, M. D. V.; Gentile, A.; Mistchenko, A. S.; Viegas, M.; Das, S. R.","Ricardo Gutierrez Children's Hospital, Virology Laboratory",Homo sapiens,15210,11/02/2023,ON237166.1,Automated Ingest from INSDC/NCBI Virus by Loculus,OPEN,https://pathoplexus.org/about/terms-of-use/open-data,,0.999145973,,,ON237166.1,,,HRSV/B/Argentina/BA-HNRG-192/2015,0,0
PP_002NKH1.1,B.D.4,29/07/2015,Argentina,"Buenos Aires, Esteban Echeverria","Goya, S.; Lucion, M. F.; Shilts, M. H.; Juarez, M. D. V.; Gentile, A.; Mistchenko, A. S.; Viegas, M.; Das, S. R.","Ricardo Gutierrez Children's Hospital, Virology Laboratory",Homo sapiens,15210,11/02/2023,ON237167.1,Automated Ingest from INSDC/NCBI Virus by Loculus,OPEN,https://pathoplexus.org/about/terms-of-use/open-data,,0.999277362,,,ON237167.1,,,HRSV/B/Argentina/BA-HNRG-194/2015,0,0
PP_002NKJZ.1,B.D.4.1,30/07/2015,Argentina,"Buenos Aires, Garin","Goya, S.; Lucion, M. F.; Shilts, M. H.; Juarez, M. D. V.; Gentile, A.; Mistchenko, A. S.; Viegas, M.; Das, S. R.","Ricardo Gutierrez Children's Hospital, Virology Laboratory",Homo sapiens,15208,11/02/2023,ON237168.1,Automated Ingest from INSDC/NCBI Virus by Loculus,OPEN,https://pathoplexus.org/about/terms-of-use/open-data,,0.999080279,,,ON237168.1,,,HRSV/B/Argentina/BA-HNRG-196/2015,0,0
PP_002NKLV.1,B.D,13/04/2016,Argentina,"Buenos Aires, Jose C. Paz","Goya, S.; Lucion, M. F.; Shilts, M. H.; Juarez, M. D. V.; Gentile, A.; Mistchenko, A. S.; Viegas, M.; Das, S. R.","Ricardo Gutierrez Children's Hospital, Virology Laboratory",Homo sapiens,15213,11/02/2023,ON237170.1,Automated Ingest from INSDC/NCBI Virus by Loculus,OPEN,https://pathoplexus.org/about/terms-of-use/open-data,,0.999211667,,,ON237170.1,,,HRSV/B/Argentina/BA-HNRG-205/2016,1,0
PP_002NKMT.1,B.D.4.1.1,18/04/2016,Argentina,"Buenos Aires, Lomas de Zamora","Goya, S.; Lucion, M. F.; Shilts, M. H.; Juarez, M. D. V.; Gentile, A.; Mistchenko, A. S.; Viegas, M.; Das, S. R.","Ricardo Gutierrez Children's Hospital, Virology Laboratory",Homo sapiens,15213,11/02/2023,ON237171.1,Automated Ingest from INSDC/NCBI Virus by Loculus,OPEN,https://pathoplexus.org/about/terms-of-use/open-data,,0.999145973,,,ON237171.1,,,HRSV/B/Argentina/BA-HNRG-206/2016,0,0
PP_002NKVB.1,B.D.4.1,27/05/2016,Argentina,"Buenos Aires, Adrogue","Goya, S.; Lucion, M. F.; Shilts, M. H.; Juarez, M. D. V.; Gentile, A.; Mistchenko, A. S.; Viegas, M.; Das, S. R.","Ricardo Gutierrez Children's Hospital, Virology Laboratory",Homo sapiens,15209,11/02/2023,ON237179.1,Automated Ingest from INSDC/NCBI Virus by Loculus,OPEN,https://pathoplexus.org/about/terms-of-use/open-data,,0.999211667,,,ON237179.1,,,HRSV/B/Argentina/BA-HNRG-230/2016,0,0
PP_002NKY5.1,B.D.4.1,30/05/2016,Argentina,,"Goya, S.; Lucion, M. F.; Shilts, M. H.; Juarez, M. D. V.; Gentile, A.; Mistchenko, A. S.; Viegas, M.; Das, S. R.","Ricardo Gutierrez Children's Hospital, Virology Laboratory",Homo sapiens,15210,11/02/2023,ON237182.1,Automated Ingest from INSDC/NCBI Virus by Loculus,OPEN,https://pathoplexus.org/about/terms-of-use/open-data,,0.999277362,,,ON237182.1,,,HRSV/B/Argentina/BA-HNRG-234/2016,0,0
PP_002NL3V.1,B.D.4.1,06/06/2016,Argentina,"Buenos Aires, Los Polvorines","Goya, S.; Lucion, M. F.; Shilts, M. H.; Juarez, M. D. V.; Gentile, A.; Mistchenko, A. S.; Viegas, M.; Das, S. R.","Ricardo Gutierrez Children's Hospital, Virology Laboratory",Homo sapiens,15212,11/02/2023,ON237187.1,Automated Ingest from INSDC/NCBI Virus by Loculus,OPEN,https://pathoplexus.org/about/terms-of-use/open-data,,0.999211667,,,ON237187.1,,,HRSV/B/Argentina/BA-HNRG-244/2016,1,0
PP_002NL8K.1,B.D.4.1,07/06/2016,Argentina,"Buenos Aires, San Andres de Giles","Goya, S.; Lucion, M. F.; Shilts, M. H.; Juarez, M. D. V.; Gentile, A.; Mistchenko, A. S.; Viegas, M.; Das, S. R.","Ricardo Gutierrez Children's Hospital, Virology Laboratory",Homo sapiens,15209,11/02/2023,ON237192.1,Automated Ingest from INSDC/NCBI Virus by Loculus,OPEN,https://pathoplexus.org/about/terms-of-use/open-data,,0.999211667,,,ON237192.1,,,HRSV/B/Argentina/BA-HNRG-249/2016,0,0
PP_002NLMS.1,B.D.4.1,07/07/2016,Argentina,"Buenos Aires, Lomas de Zamora","Goya, S.; Lucion, M. F.; Shilts, M. H.; Juarez, M. D. V.; Gentile, A.; Mistchenko, A. S.; Viegas, M.; Das, S. R.","Ricardo Gutierrez Children's Hospital, Virology Laboratory",Homo sapiens,15209,11/02/2023,ON237205.1,Automated Ingest from INSDC/NCBI Virus by Loculus,OPEN,https://pathoplexus.org/about/terms-of-use/open-data,,0.998160557,,,ON237205.1,,,HRSV/B/Argentina/BA-HNRG-286/2016,0,16
PP_002NLNQ.1,B.D.4.1,11/07/2016,Argentina,"Buenos Aires, Bella Vista","Goya, S.; Lucion, M. F.; Shilts, M. H.; Juarez, M. D. V.; Gentile, A.; Mistchenko, A. S.; Viegas, M.; Das, S. R.","Ricardo Gutierrez Children's Hospital, Virology Laboratory",Homo sapiens,15208,11/02/2023,ON237206.1,Automated Ingest from INSDC/NCBI Virus by Loculus,OPEN,https://pathoplexus.org/about/terms-of-use/open-data,,0.999145973,,,ON237206.1,,,HRSV/B/Argentina/BA-HNRG-287/2016,0,0
PP_002NLQL.1,B.D.4.1,18/07/2016,Argentina,,"Goya, S.; Lucion, M. F.; Shilts, M. H.; Juarez, M. D. V.; Gentile, A.; Mistchenko, A. S.; Viegas, M.; Das, S. R.","Ricardo Gutierrez Children's Hospital, Virology Laboratory",Homo sapiens,15216,11/02/2023,ON237208.1,Automated Ingest from INSDC/NCBI Virus by Loculus,OPEN,https://pathoplexus.org/about/terms-of-use/open-data,,0.999277362,,,ON237208.1,,,HRSV/B/Argentina/BA-HNRG-291/2016,0,0
PP_002NLUC.1,B.D.4.1.1,11/04/2017,Argentina,Ciudad Autonoma de Buenos Aires,"Goya, S.; Lucion, M. F.; Shilts, M. H.; Juarez, M. D. V.; Gentile, A.; Mistchenko, A. S.; Viegas, M.; Das, S. R.","Ricardo Gutierrez Children's Hospital, Virology Laboratory",Homo sapiens,15208,11/02/2023,ON237212.1,Automated Ingest from INSDC/NCBI Virus by Loculus,OPEN,https://pathoplexus.org/about/terms-of-use/open-data,,0.999145973,,,ON237212.1,,,HRSV/B/Argentina/BA-HNRG-303/2017,0,0
PP_002NLX6.1,B.D.4.1,03/07/2017,Argentina,Ciudad Autonoma de Buenos Aires,"Goya, S.; Lucion, M. F.; Shilts, M. H.; Juarez, M. D. V.; Gentile, A.; Mistchenko, A. S.; Viegas, M.; Das, S. R.","Ricardo Gutierrez Children's Hospital, Virology Laboratory",Homo sapiens,15209,11/02/2023,ON237215.1,Automated Ingest from INSDC/NCBI Virus by Loculus,OPEN,https://pathoplexus.org/about/terms-of-use/open-data,,0.999080279,,,ON237215.1,,,HRSV/B/Argentina/BA-HNRG-378/2017,1,0
PP_002NPBA.2,B.D.4.1.1,2017,USA,,"Sereewit, J.; Xie, H.; Greninger, A.","UW Virology, Laboratory Medicine",Homo sapiens,15263,20/07/2022,ON729320.1,Automated Ingest from INSDC/NCBI Virus by Loculus,OPEN,https://pathoplexus.org/about/terms-of-use/open-data,SAMN28886795,1,,,ON729320.1,SRR19551360,,SC2597,0,0
PP_002P00K.1,B.D.4.1.1,16/03/2019,Kenya,Kilifi,"Lambisia, A. W.; Makori, T. O.; Mutunga, M.; Lewa, C.; Githinji, G.; Agoti, C. N.; Nokes, J. D.; Cheruiyot, R.","KEMRI-Wellcome Trust, Kilifi, Kenya, Epidemiology and Demography",Homo sapiens,14931,06/12/2022,OP699166.2,Automated Ingest from INSDC/NCBI Virus by Loculus,OPEN,https://pathoplexus.org/about/terms-of-use/open-data,,0.980817238,,,OP699166.2,,,Kilifi/RSVB/HF10000_16/03/2019,0,1
PP_002P01H.1,B.D.4.1.1,18/03/2019,Kenya,Kilifi,"Lambisia, A. W.; Makori, T. O.; Mutunga, M.; Lewa, C.; Githinji, G.; Agoti, C. N.; Nokes, J. D.; Cheruiyot, R.","KEMRI-Wellcome Trust, Kilifi, Kenya, Epidemiology and Demography",Homo sapiens,14931,06/12/2022,OP699167.2,Automated Ingest from INSDC/NCBI Virus by Loculus,OPEN,https://pathoplexus.org/about/terms-of-use/open-data,,0.980882933,,,OP699167.2,,,Kilifi/RSVB/HF10001_18/03/2019,0,0
PP_002P0AZ.1,B.D.4.1.1,01/04/2019,Kenya,Kilifi,"Lambisia, A. W.; Makori, T. O.; Mutunga, M.; Lewa, C.; Githinji, G.; Agoti, C. N.; Nokes, J. D.; Cheruiyot, R.","KEMRI-Wellcome Trust, Kilifi, Kenya, Epidemiology and Demography",Homo sapiens,14931,06/12/2022,OP699176.2,Automated Ingest from INSDC/NCBI Virus by Loculus,OPEN,https://pathoplexus.org/about/terms-of-use/open-data,,0.980751544,,,OP699176.2,,,Kilifi/RSVB/HF10010_01/04/2019,0,2
PP_002P0DT.1,B.D.4.1.1,05/04/2019,Kenya,Kilifi,"Lambisia, A. W.; Makori, T. O.; Mutunga, M.; Lewa, C.; Githinji, G.; Agoti, C. N.; Nokes, J. D.; Cheruiyot, R.","KEMRI-Wellcome Trust, Kilifi, Kenya, Epidemiology and Demography",Homo sapiens,14930,06/12/2022,OP699179.2,Automated Ingest from INSDC/NCBI Virus by Loculus,OPEN,https://pathoplexus.org/about/terms-of-use/open-data,,0.980685849,,,OP699179.2,,,Kilifi/RSVB/HF10013_05/04/2019,0,3
PP_002P0LC.1,B.D.4.1.1,11/04/2019,Kenya,Kilifi,"Lambisia, A. W.; Makori, T. O.; Mutunga, M.; Lewa, C.; Githinji, G.; Agoti, C. N.; Nokes, J. D.; Cheruiyot, R.","KEMRI-Wellcome Trust, Kilifi, Kenya, Epidemiology and Demography",Homo sapiens,14931,06/12/2022,OP699186.2,Automated Ingest from INSDC/NCBI Virus by Loculus,OPEN,https://pathoplexus.org/about/terms-of-use/open-data,,0.980882933,,,OP699186.2,,,Kilifi/RSVB/HF10020_11/04/2019,0,0
PP_002P174.2,B.D.E.1,2022-10,USA,WA,"Goya, S.; Sereewit, J.; Pfalmer, D.; Nguyen, T. V.; Bakhash, S. A. K. M.; Sobolik, E. B.; Greninger, A. L.","UW Virology, Laboratory Medicine",Homo sapiens,15245,04/12/2022,OP890343.1,Automated Ingest from INSDC/NCBI Virus by Loculus,OPEN,https://pathoplexus.org/about/terms-of-use/open-data,SAMN32118094,0.999737222,,,OP890343.1,SRR22580778,,hRSV/B/USA/2022A7421/2022,0,0
PP_002P1AY.2,B.D.E.1,2022-10,USA,WA,"Goya, S.; Sereewit, J.; Pfalmer, D.; Nguyen, T. V.; Bakhash, S. A. K. M.; Sobolik, E. B.; Greninger, A. L.","UW Virology, Laboratory Medicine",Homo sapiens,15250,04/12/2022,OP890346.1,Automated Ingest from INSDC/NCBI Virus by Loculus,OPEN,https://pathoplexus.org/about/terms-of-use/open-data,SAMN32118102,0.999737222,,,OP890346.1,SRR22580769,,hRSV/B/USA/20228BLN9/2022,0,0
PP_002P5SV.2,B.D.E.1,2021-09,USA,WA,"Goya, S.; Sereewit, J.; Pfalmer, D.; Nguyen, T. V.; Bakhash, S. A. K. M.; Sobolik, E. B.; Greninger, A. L.; Pfalmer, D. L.","UW Virology, Laboratory Medicine",Homo sapiens,15246,13/12/2022,OP965700.1,Automated Ingest from INSDC/NCBI Virus by Loculus,OPEN,https://pathoplexus.org/about/terms-of-use/open-data,SAMN32118121,1,,,OP965700.1,SRR22580748,,hRSV/B/USA/202118974/2021,0,0
PP_002P5TT.2,B.D.E.1,2021-09,USA,WA,"Goya, S.; Sereewit, J.; Pfalmer, D.; Nguyen, T. V.; Bakhash, S. A. K. M.; Sobolik, E. B.; Greninger, A. L.; Pfalmer, D. L.","UW Virology, Laboratory Medicine",Homo sapiens,15079,13/12/2022,OP965701.1,Automated Ingest from INSDC/NCBI Virus by Loculus,OPEN,https://pathoplexus.org/about/terms-of-use/open-data,SAMN32118122,0.990474313,,,OP965701.1,SRR22580747,,hRSV/B/USA/202131818/2021,0,0
PP_002P5VP.2,B.D.E.1,2021-10,USA,WA,"Goya, S.; Sereewit, J.; Pfalmer, D.; Nguyen, T. V.; Bakhash, S. A. K. M.; Sobolik, E. B.; Greninger, A. L.; Pfalmer, D. L.","UW Virology, Laboratory Medicine",Homo sapiens,15248,13/12/2022,OP965703.1,Automated Ingest from INSDC/NCBI Virus by Loculus,OPEN,https://pathoplexus.org/about/terms-of-use/open-data,SAMN32118124,1,,,OP965703.1,SRR22580745,,hRSV/B/USA/202179926/2021,0,0
PP_002P5WM.2,B.D.E.1,2022-03,USA,WA,"Goya, S.; Sereewit, J.; Pfalmer, D.; Nguyen, T. V.; Bakhash, S. A. K. M.; Sobolik, E. B.; Greninger, A. L.; Pfalmer, D. L.","UW Virology, Laboratory Medicine",Homo sapiens,15158,13/12/2022,OP965704.1,Automated Ingest from INSDC/NCBI Virus by Loculus,OPEN,https://pathoplexus.org/about/terms-of-use/open-data,SAMN32118126,0.994481671,,,OP965704.1,SRR22580743,,hRSV/B/USA/202221067/2022,1,11
PP_002P5ZF.2,B.D.E.1,2021-09,USA,WA,"Goya, S.; Sereewit, J.; Pfalmer, D.; Nguyen, T. V.; Bakhash, S. A. K. M.; Sobolik, E. B.; Greninger, A. L.; Bakhash, S. A. M.","UW Virology, Laboratory Medicine",Homo sapiens,15278,13/12/2022,OP965707.1,Automated Ingest from INSDC/NCBI Virus by Loculus,OPEN,https://pathoplexus.org/about/terms-of-use/open-data,SAMN32118129,1,,,OP965707.1,SRR22580739,,hRSV/B/USA/202114940/2021,0,0
PP_002P60D.2,B.D.E.1,2022-02,USA,WA,"Goya, S.; Sereewit, J.; Pfalmer, D.; Nguyen, T. V.; Bakhash, S. A. K. M.; Sobolik, E. B.; Greninger, A. L.; Bakhash, S. A. M.","UW Virology, Laboratory Medicine",Homo sapiens,15278,13/12/2022,OP965708.1,Automated Ingest from INSDC/NCBI Virus by Loculus,OPEN,https://pathoplexus.org/about/terms-of-use/open-data,SAMN32118130,0.999868611,,,OP965708.1,SRR22580738,,hRSV/B/USA/202210489/2022,2,0
PP_002P69V.1,B.D.4.1.1,03/01/2019,Kenya,Kilifi,"Lambisia, A. W.; Makori, T.; Mutunga, M.; Lewa, C.; Githinji, G.; Agoti, C. N.; Nokes, J. D.","KEMRI-Wellcome Trust, Kilifi, Kenya, Epidemiology and Demography",Homo sapiens,14931,31/01/2023,OQ101851.2,Automated Ingest from INSDC/NCBI Virus by Loculus,OPEN,https://pathoplexus.org/about/terms-of-use/open-data,,0.980817238,,,OQ101851.2,,,Kilifi/RSVB/HF10040_03/01/2019,0,1
PP_002P6GF.1,B.D.4.1.1,27/01/2019,Kenya,Kilifi,"Lambisia, A. W.; Makori, T.; Mutunga, M.; Lewa, C.; Githinji, G.; Agoti, C. N.; Nokes, J. D.","KEMRI-Wellcome Trust, Kilifi, Kenya, Epidemiology and Demography",Homo sapiens,14931,31/01/2023,OQ101858.2,Automated Ingest from INSDC/NCBI Virus by Loculus,OPEN,https://pathoplexus.org/about/terms-of-use/open-data,,0.980882933,,,OQ101858.2,,,Kilifi/RSVB/HF10047_27/01/2019,0,0
PP_002P6HC.1,B.D.4.1.1,27/01/2019,Kenya,Kilifi,"Lambisia, A. W.; Makori, T.; Mutunga, M.; Lewa, C.; Githinji, G.; Agoti, C. N.; Nokes, J. D.","KEMRI-Wellcome Trust, Kilifi, Kenya, Epidemiology and Demography",Homo sapiens,14931,31/01/2023,OQ101859.2,Automated Ingest from INSDC/NCBI Virus by Loculus,OPEN,https://pathoplexus.org/about/terms-of-use/open-data,,0.980882933,,,OQ101859.2,,,Kilifi/RSVB/HF10048_27/01/2019,0,0
PP_002P6K8.1,B.D.4.1.1,28/01/2019,Kenya,Kilifi,"Lambisia, A. W.; Makori, T.; Mutunga, M.; Lewa, C.; Githinji, G.; Agoti, C. N.; Nokes, J. D.","KEMRI-Wellcome Trust, Kilifi, Kenya, Epidemiology and Demography",Homo sapiens,14931,31/01/2023,OQ101861.2,Automated Ingest from INSDC/NCBI Virus by Loculus,OPEN,https://pathoplexus.org/about/terms-of-use/open-data,,0.980882933,,,OQ101861.2,,,Kilifi/RSVB/HF10050_28/01/2019,0,0
PP_002P6N2.1,B.D.4.1.1,01/02/2019,Kenya,Kilifi,"Lambisia, A. W.; Makori, T.; Mutunga, M.; Lewa, C.; Githinji, G.; Agoti, C. N.; Nokes, J. D.","KEMRI-Wellcome Trust, Kilifi, Kenya, Epidemiology and Demography",Homo sapiens,14931,31/01/2023,OQ101864.2,Automated Ingest from INSDC/NCBI Virus by Loculus,OPEN,https://pathoplexus.org/about/terms-of-use/open-data,,0.980882933,,,OQ101864.2,,,Kilifi/RSVB/HF10053_01/02/2019,0,0
PP_002P6TS.1,B.D.4.1.1,05/02/2019,Kenya,Kilifi,"Lambisia, A. W.; Makori, T.; Mutunga, M.; Lewa, C.; Githinji, G.; Agoti, C. N.; Nokes, J. D.","KEMRI-Wellcome Trust, Kilifi, Kenya, Epidemiology and Demography",Homo sapiens,14931,31/01/2023,OQ101869.2,Automated Ingest from INSDC/NCBI Virus by Loculus,OPEN,https://pathoplexus.org/about/terms-of-use/open-data,,0.965181973,,,OQ101869.2,,,Kilifi/RSVB/HF10058_05/02/2019,0,239
PP_002P6WL.1,B.D.4.1.1,09/02/2019,Kenya,Kilifi,"Lambisia, A. W.; Makori, T.; Mutunga, M.; Lewa, C.; Githinji, G.; Agoti, C. N.; Nokes, J. D.","KEMRI-Wellcome Trust, Kilifi, Kenya, Epidemiology and Demography",Homo sapiens,14931,31/01/2023,OQ101872.2,Automated Ingest from INSDC/NCBI Virus by Loculus,OPEN,https://pathoplexus.org/about/terms-of-use/open-data,,0.980817238,,,OQ101872.2,,,Kilifi/RSVB/HF10061_09/02/2019,0,1
PP_002P6YG.1,B.D.4.1.1,12/02/2019,Kenya,Kilifi,"Lambisia, A. W.; Makori, T.; Mutunga, M.; Lewa, C.; Githinji, G.; Agoti, C. N.; Nokes, J. D.","KEMRI-Wellcome Trust, Kilifi, Kenya, Epidemiology and Demography",Homo sapiens,14930,31/01/2023,OQ101874.2,Automated Ingest from INSDC/NCBI Virus by Loculus,OPEN,https://pathoplexus.org/about/terms-of-use/open-data,,0.980882933,,,OQ101874.2,,,Kilifi/RSVB/HF10063_12/02/2019,0,0
PP_002P70C.1,B.D.4.1.1,13/02/2019,Kenya,Kilifi,"Lambisia, A. W.; Makori, T.; Mutunga, M.; Lewa, C.; Githinji, G.; Agoti, C. N.; Nokes, J. D.","KEMRI-Wellcome Trust, Kilifi, Kenya, Epidemiology and Demography",Homo sapiens,14931,31/01/2023,OQ101876.2,Automated Ingest from INSDC/NCBI Virus by Loculus,OPEN,https://pathoplexus.org/about/terms-of-use/open-data,,0.980882933,,,OQ101876.2,,,Kilifi/RSVB/HF10065_13/02/2019,0,0
PP_002P7AS.1,B.D.4.1.1,23/02/2019,Kenya,Kilifi,"Lambisia, A. W.; Makori, T.; Mutunga, M.; Lewa, C.; Githinji, G.; Agoti, C. N.; Nokes, J. D.","KEMRI-Wellcome Trust, Kilifi, Kenya, Epidemiology and Demography",Homo sapiens,14931,31/01/2023,OQ101886.2,Automated Ingest from INSDC/NCBI Virus by Loculus,OPEN,https://pathoplexus.org/about/terms-of-use/open-data,,0.980882933,,,OQ101886.2,,,Kilifi/RSVB/HF10075_23/02/2019,0,0
PP_002P7FG.1,B.D.4.1.1,27/02/2019,Kenya,Kilifi,"Lambisia, A. W.; Makori, T.; Mutunga, M.; Lewa, C.; Githinji, G.; Agoti, C. N.; Nokes, J. D.","KEMRI-Wellcome Trust, Kilifi, Kenya, Epidemiology and Demography",Homo sapiens,14931,31/01/2023,OQ101891.2,Automated Ingest from INSDC/NCBI Virus by Loculus,OPEN,https://pathoplexus.org/about/terms-of-use/open-data,,0.980817238,,,OQ101891.2,,,Kilifi/RSVB/HF10080_27/02/2019,0,1
PP_002P7HB.1,B.D.4.1.1,28/02/2019,Kenya,Kilifi,"Lambisia, A. W.; Makori, T.; Mutunga, M.; Lewa, C.; Githinji, G.; Agoti, C. N.; Nokes, J. D.","KEMRI-Wellcome Trust, Kilifi, Kenya, Epidemiology and Demography",Homo sapiens,14930,31/01/2023,OQ101893.2,Automated Ingest from INSDC/NCBI Virus by Loculus,OPEN,https://pathoplexus.org/about/terms-of-use/open-data,,0.980882933,,,OQ101893.2,,,Kilifi/RSVB/HF10082_28/02/2019,0,0
PP_002P7J9.1,B.D.4.1.1,01/03/2019,Kenya,Kilifi,"Lambisia, A. W.; Makori, T.; Mutunga, M.; Lewa, C.; Githinji, G.; Agoti, C. N.; Nokes, J. D.","KEMRI-Wellcome Trust, Kilifi, Kenya, Epidemiology and Demography",Homo sapiens,14931,31/01/2023,OQ101894.2,Automated Ingest from INSDC/NCBI Virus by Loculus,OPEN,https://pathoplexus.org/about/terms-of-use/open-data,,0.980882933,,,OQ101894.2,,,Kilifi/RSVB/HF10083_01/03/2019,0,0
PP_002P7TR.1,B.D.E.1,22/10/2022,USA,Massachusetts,"Adams, G.; Uddin, R.; Messer, K.; Dobbins, S.; Kotzen, B.; Siddle, K. J.; Petros, B.; Paull, J.; Brock-Fisher, T.; Levine, Z.; Krasilnikova, L.; Negrete-Arenas, F.; Tomkins-Tinch, C.; Chaluvadi, S.; Marmol, C.; DeRuff, K.; Loreth, C.; Birren, B. W.; Park, D. J.; MacInnis, B. L.; Sabeti, P. C.; Rosenberg, E.; Turbett, S.; Lemieux, J. E.","Broad Institute of Harvard and MIT, Infectious Disease Program",Homo sapiens,15201,05/01/2023,OQ171932.1,Automated Ingest from INSDC/NCBI Virus by Loculus,OPEN,https://pathoplexus.org/about/terms-of-use/open-data,SAMN32287783,0.996715281,,,OQ171932.1,SRR22865282,,RSV/Human/USA/MA-Broad_MGB-13771/2022,2,0
PP_002P7UP.1,B.D.E.1,08/08/2022,USA,Massachusetts,"Adams, G.; Uddin, R.; Messer, K.; Dobbins, S.; Kotzen, B.; Siddle, K. J.; Petros, B.; Paull, J.; Brock-Fisher, T.; Levine, Z.; Krasilnikova, L.; Negrete-Arenas, F.; Tomkins-Tinch, C.; Chaluvadi, S.; Marmol, C.; DeRuff, K.; Loreth, C.; Birren, B. W.; Park, D. J.; MacInnis, B. L.; Sabeti, P. C.; Rosenberg, E.; Turbett, S.; Lemieux, J. E.","Broad Institute of Harvard and MIT, Infectious Disease Program",Homo sapiens,15251,05/01/2023,OQ171933.1,Automated Ingest from INSDC/NCBI Virus by Loculus,OPEN,https://pathoplexus.org/about/terms-of-use/open-data,SAMN32287831,0.999868611,,,OQ171933.1,SRR22865231,,RSV/Human/USA/MA-Broad_MGB-13819/2022,0,0
PP_002P7WK.1,B.D.E.1,07/07/2022,USA,Massachusetts,"Adams, G.; Uddin, R.; Messer, K.; Dobbins, S.; Kotzen, B.; Siddle, K. J.; Petros, B.; Paull, J.; Brock-Fisher, T.; Levine, Z.; Krasilnikova, L.; Negrete-Arenas, F.; Tomkins-Tinch, C.; Chaluvadi, S.; Marmol, C.; DeRuff, K.; Loreth, C.; Birren, B. W.; Park, D. J.; MacInnis, B. L.; Sabeti, P. C.; Rosenberg, E.; Turbett, S.; Lemieux, J. E.","Broad Institute of Harvard and MIT, Infectious Disease Program",Homo sapiens,15172,05/01/2023,OQ171935.1,Automated Ingest from INSDC/NCBI Virus by Loculus,OPEN,https://pathoplexus.org/about/terms-of-use/open-data,SAMN32287812,0.989357509,,,OQ171935.1,SRR22865271,,RSV/Human/USA/MA-Broad_MGB-13800/2022,6,103
PP_002P7ZD.1,B.D.E.1,29/07/2022,USA,Massachusetts,"Adams, G.; Uddin, R.; Messer, K.; Dobbins, S.; Kotzen, B.; Siddle, K. J.; Petros, B.; Paull, J.; Brock-Fisher, T.; Levine, Z.; Krasilnikova, L.; Negrete-Arenas, F.; Tomkins-Tinch, C.; Chaluvadi, S.; Marmol, C.; DeRuff, K.; Loreth, C.; Birren, B. W.; Park, D. J.; MacInnis, B. L.; Sabeti, P. C.; Rosenberg, E.; Turbett, S.; Lemieux, J. E.","Broad Institute of Harvard and MIT, Infectious Disease Program",Homo sapiens,15207,05/01/2023,OQ171938.1,Automated Ingest from INSDC/NCBI Virus by Loculus,OPEN,https://pathoplexus.org/about/terms-of-use/open-data,SAMN32287828,0.997240836,,,OQ171938.1,SRR22865254,,RSV/Human/USA/MA-Broad_MGB-13816/2022,0,0
PP_002P819.1,B.D.E.1,06/07/2022,USA,Massachusetts,"Adams, G.; Uddin, R.; Messer, K.; Dobbins, S.; Kotzen, B.; Siddle, K. J.; Petros, B.; Paull, J.; Brock-Fisher, T.; Levine, Z.; Krasilnikova, L.; Negrete-Arenas, F.; Tomkins-Tinch, C.; Chaluvadi, S.; Marmol, C.; DeRuff, K.; Loreth, C.; Birren, B. W.; Park, D. J.; MacInnis, B. L.; Sabeti, P. C.; Rosenberg, E.; Turbett, S.; Lemieux, J. E.","Broad Institute of Harvard and MIT, Infectious Disease Program",Homo sapiens,15102,05/01/2023,OQ171940.1,Automated Ingest from INSDC/NCBI Virus by Loculus,OPEN,https://pathoplexus.org/about/terms-of-use/open-data,SAMN32287811,0.98548154,,,OQ171940.1,SRR22865274,,RSV/Human/USA/MA-Broad_MGB-13799/2022,8,95
PP_002P835.1,B.D.E.1,16/10/2022,USA,Massachusetts,"Adams, G.; Uddin, R.; Messer, K.; Dobbins, S.; Kotzen, B.; Siddle, K. J.; Petros, B.; Paull, J.; Brock-Fisher, T.; Levine, Z.; Krasilnikova, L.; Negrete-Arenas, F.; Tomkins-Tinch, C.; Chaluvadi, S.; Marmol, C.; DeRuff, K.; Loreth, C.; Birren, B. W.; Park, D. J.; MacInnis, B. L.; Sabeti, P. C.; Rosenberg, E.; Turbett, S.; Lemieux, J. E.","Broad Institute of Harvard and MIT, Infectious Disease Program",Homo sapiens,15229,05/01/2023,OQ171942.1,Automated Ingest from INSDC/NCBI Virus by Loculus,OPEN,https://pathoplexus.org/about/terms-of-use/open-data,SAMN32287798,0.998489029,,,OQ171942.1,SRR22865245,,RSV/Human/USA/MA-Broad_MGB-13786/2022,0,0
PP_002P9DJ.1,B.D.E.1,24/10/2022,Austria,,"Redlberger-Fritz, M.; Springer, D. N.; Aberle, S. W.; Camp, J. V.; Aberle, J. H.","Medical University of Vienna, Center for Virology",Homo sapiens,15264,19/02/2023,OQ261741.1,Automated Ingest from INSDC/NCBI Virus by Loculus,OPEN,https://pathoplexus.org/about/terms-of-use/open-data,,0.999802917,,,OQ261741.1,,,hRSV/B/Austria/MUW1560646/2022,0,3
PP_002P9FE.1,B.D.4.1.1,27/10/2022,Austria,,"Redlberger-Fritz, M.; Springer, D. N.; Aberle, S. W.; Camp, J. V.; Aberle, J. H.","Medical University of Vienna, Center for Virology",Homo sapiens,15263,19/02/2023,OQ261743.1,Automated Ingest from INSDC/NCBI Virus by Loculus,OPEN,https://pathoplexus.org/about/terms-of-use/open-data,,1,,,OQ261743.1,,,hRSV/B/Austria/MUW1561555/2022,0,0
PP_002RFV9.1,B.D.E.1,2022-12,USA,WA,"Sereewit, J.; Goya, S.; Greninger, A. L.","UW Virology, Laboratory Medicine",Homo sapiens,15277,06/02/2023,OQ357797.1,Automated Ingest from INSDC/NCBI Virus by Loculus,OPEN,https://pathoplexus.org/about/terms-of-use/open-data,SAMN32934996,1,,,OQ357797.1,SRR23249768,,hRSV/B/USA/202292754/2022,0,0
PP_002RN6F.1,B.D,2010-11,USA,,"Sereewit, J.; Hajian, P.; Xie, H.; Greninger, A. L.","UW Virology, Laboratory Medicine",Homo sapiens,15251,16/05/2023,OQ848541.1,Automated Ingest from INSDC/NCBI Virus by Loculus,OPEN,https://pathoplexus.org/about/terms-of-use/open-data,SAMN34190985,0.999737222,,,OQ848541.1,SRR24174232,,hRSV/B/USA/7B6/2010,0,0
PP_002RN7D.1,B.D,2010-11,USA,,"Sereewit, J.; Hajian, P.; Xie, H.; Greninger, A. L.","UW Virology, Laboratory Medicine",Homo sapiens,15248,16/05/2023,OQ848542.1,Automated Ingest from INSDC/NCBI Virus by Loculus,OPEN,https://pathoplexus.org/about/terms-of-use/open-data,SAMN34191007,0.999737222,,,OQ848542.1,SRR24174227,,hRSV/B/USA/7D7/2010,0,0
PP_002RN8B.1,B.D,2010-12,USA,,"Sereewit, J.; Hajian, P.; Xie, H.; Greninger, A. L.","UW Virology, Laboratory Medicine",Homo sapiens,15251,16/05/2023,OQ848543.1,Automated Ingest from INSDC/NCBI Virus by Loculus,OPEN,https://pathoplexus.org/about/terms-of-use/open-data,SAMN34190997,0.999737222,,,OQ848543.1,SRR24174238,,hRSV/B/USA/7F3/2010,0,0
PP_002RN99.1,B.D,2011-01,USA,,"Sereewit, J.; Hajian, P.; Xie, H.; Greninger, A. L.","UW Virology, Laboratory Medicine",Homo sapiens,15252,16/05/2023,OQ848544.1,Automated Ingest from INSDC/NCBI Virus by Loculus,OPEN,https://pathoplexus.org/about/terms-of-use/open-data,SAMN34190999,0.999737222,,,OQ848544.1,SRR24174236,,hRSV/B/USA/7F8/2011,0,0
PP_002RNA7.1,B.D,2011-01,USA,,"Sereewit, J.; Hajian, P.; Xie, H.; Greninger, A. L.","UW Virology, Laboratory Medicine",Homo sapiens,15252,16/05/2023,OQ848545.1,Automated Ingest from INSDC/NCBI Virus by Loculus,OPEN,https://pathoplexus.org/about/terms-of-use/open-data,SAMN34190991,0.999737222,,,OQ848545.1,SRR24174221,,hRSV/B/USA/7G1/2011,0,0
PP_002RNB5.1,B.D.1,2011-01,USA,,"Sereewit, J.; Hajian, P.; Xie, H.; Greninger, A. L.","UW Virology, Laboratory Medicine",Homo sapiens,15252,16/05/2023,OQ848546.1,Automated Ingest from INSDC/NCBI Virus by Loculus,OPEN,https://pathoplexus.org/about/terms-of-use/open-data,SAMN34191000,0.999737222,,,OQ848546.1,SRR24174235,,hRSV/B/USA/7G6/2011,0,0
PP_002RNC3.1,B.D,2011-01,USA,,"Sereewit, J.; Hajian, P.; Xie, H.; Greninger, A. L.","UW Virology, Laboratory Medicine",Homo sapiens,15252,16/05/2023,OQ848547.1,Automated Ingest from INSDC/NCBI Virus by Loculus,OPEN,https://pathoplexus.org/about/terms-of-use/open-data,SAMN34191001,0.999737222,,,OQ848547.1,SRR24174234,,hRSV/B/USA/7G9/2011,0,0
PP_002RNEZ.1,B.D.4,2011-01,USA,,"Sereewit, J.; Hajian, P.; Xie, H.; Greninger, A. L.","UW Virology, Laboratory Medicine",Homo sapiens,15252,16/05/2023,OQ848549.1,Automated Ingest from INSDC/NCBI Virus by Loculus,OPEN,https://pathoplexus.org/about/terms-of-use/open-data,SAMN34190992,0.999737222,,,OQ848549.1,SRR24174220,,hRSV/B/USA/7I6/2011,0,0
PP_002RNFX.1,B.D.4,2011-01,USA,,"Sereewit, J.; Hajian, P.; Xie, H.; Greninger, A. L.","UW Virology, Laboratory Medicine",Homo sapiens,15247,16/05/2023,OQ848550.1,Automated Ingest from INSDC/NCBI Virus by Loculus,OPEN,https://pathoplexus.org/about/terms-of-use/open-data,SAMN34190986,0.999605834,,,OQ848550.1,SRR24174226,,hRSV/B/USA/7J5/2011,1,0
PP_002RNGV.1,B.D.4,2011-01,USA,,"Sereewit, J.; Hajian, P.; Xie, H.; Greninger, A. L.","UW Virology, Laboratory Medicine",Homo sapiens,15252,16/05/2023,OQ848551.1,Automated Ingest from INSDC/NCBI Virus by Loculus,OPEN,https://pathoplexus.org/about/terms-of-use/open-data,SAMN34190993,0.999737222,,,OQ848551.1,SRR24174242,,hRSV/B/USA/7J6/2011,0,0
PP_002RPPD.2,B,1977,Australia,,"Pangesti, K. N. A.; Ansari, H. R.; Bayoumi, A.; Kesson, A. M.; Hill-Cawthorne, G. A.; Abd El Ghany, M.","Westmead Institute for Medical Research (WIMR) & Sydney Infectious Disease Institute (Sydney ID), Centre for Infectious Diseases and Microbiology",Homo sapiens,15120,09/08/2023,OQ941661.1,Automated Ingest from INSDC/NCBI Virus by Loculus,OPEN,https://pathoplexus.org/about/terms-of-use/open-data,,0.996321114,,,OQ941661.1,,,RSVB/Australia/VR955E_S84/1977,0,0
PP_002RPQB.2,B,1977,Australia,,"Pangesti, K. N. A.; Ansari, H. R.; Bayoumi, A.; Kesson, A. M.; Hill-Cawthorne, G. A.; Abd El Ghany, M.","Westmead Institute for Medical Research (WIMR) & Sydney Infectious Disease Institute (Sydney ID), Centre for Infectious Diseases and Microbiology",Homo sapiens,15112,09/08/2023,OQ941662.1,Automated Ingest from INSDC/NCBI Virus by Loculus,OPEN,https://pathoplexus.org/about/terms-of-use/open-data,,0.996189725,,,OQ941662.1,,,RSVB/Australia/VR955G_S7/1977,0,0
PP_002RPWZ.2,B.D.4.1.1,2018,Australia,,"Pangesti, K. N. A.; Ansari, H. R.; Bayoumi, A.; Kesson, A. M.; Hill-Cawthorne, G. A.; Abd El Ghany, M.","Westmead Institute for Medical Research (WIMR) & Sydney Infectious Disease Institute (Sydney ID), Centre for Infectious Diseases and Microbiology",Homo sapiens,14875,09/08/2023,OQ941668.1,Automated Ingest from INSDC/NCBI Virus by Loculus,OPEN,https://pathoplexus.org/about/terms-of-use/open-data,,0.981211405,,,OQ941668.1,,,RSVB/Australia/150_S78/2018,0,0
PP_002RT5C.1,B.D.E.1,24/03/2023,USA,Arizona,"Holland, S. C.; Holland, L. A.; Smith, M. F.; Leonard, V. R.; Murugan, V.; Nordstrom, L.; Mulrow, M.; Salgado, R.; White, M.; Lim, E. S.","Arizona State University, Center for Fundamental and Applied Microbiomics",Homo sapiens,15221,27/06/2023,OR143225.1,Automated Ingest from INSDC/NCBI Virus by Loculus,OPEN,https://pathoplexus.org/about/terms-of-use/open-data,,0.999474445,,,OR143225.1,,,ASU101581,0,5
PP_002RT78.1,B.D.E.1,23/12/2022,USA,Arizona,"Holland, S. C.; Holland, L. A.; Smith, M. F.; Leonard, V. R.; Murugan, V.; Nordstrom, L.; Mulrow, M.; Salgado, R.; White, M.; Lim, E. S.","Arizona State University, Center for Fundamental and Applied Microbiomics",Homo sapiens,15214,27/06/2023,OR143227.1,Automated Ingest from INSDC/NCBI Virus by Loculus,OPEN,https://pathoplexus.org/about/terms-of-use/open-data,,0.999014584,,,OR143227.1,,,ASU101593,0,6
PP_002RTVX.1,B.D.E.1,08/12/2022,USA,Arizona,"Holland, S. C.; Holland, L. A.; Smith, M. F.; Leonard, V. R.; Murugan, V.; Nordstrom, L.; Mulrow, M.; Salgado, R.; White, M.; Lim, E. S.","Arizona State University, Center for Fundamental and Applied Microbiomics",Homo sapiens,15223,27/06/2023,OR143249.1,Automated Ingest from INSDC/NCBI Virus by Loculus,OPEN,https://pathoplexus.org/about/terms-of-use/open-data,,0.999737222,,,OR143249.1,,,ASU102779,0,4
PP_002RTXT.1,B.D.4.1.1,14/03/2022,Kenya,Kilifi,"Lambisia, A. W.; Lewa, C.; Mutunga, M.; Okanda, D.; Githinji, G.; Nokes, J. D.; Agoti, C. N.","KEMRI-Wellcome Trust, Epidemiology and Demography",Homo sapiens,14931,29/07/2023,OR162282.2,Automated Ingest from INSDC/NCBI Virus by Loculus,OPEN,https://pathoplexus.org/about/terms-of-use/open-data,,0.980882933,,,OR162282.2,,,Kilifi/RSVB/HF10040_14/03/2022,0,0
PP_002RU3F.1,B.D.E.5,21/06/2022,Kenya,Kilifi,"Lambisia, A. W.; Lewa, C.; Mutunga, M.; Okanda, D.; Githinji, G.; Nokes, J. D.; Agoti, C. N.","KEMRI-Wellcome Trust, Epidemiology and Demography",Homo sapiens,14931,29/07/2023,OR162288.2,Automated Ingest from INSDC/NCBI Virus by Loculus,OPEN,https://pathoplexus.org/about/terms-of-use/open-data,,0.980882933,,,OR162288.2,,,Kilifi/RSVB/HF10046_21/06/2022,0,0
PP_002RUET.1,B.D.4.1.1,11/01/2023,Kenya,Kilifi,"Lambisia, A. W.; Lewa, C.; Mutunga, M.; Okanda, D.; Githinji, G.; Nokes, J. D.; Agoti, C. N.","KEMRI-Wellcome Trust, Epidemiology and Demography",Homo sapiens,14868,29/07/2023,OR162299.1,Automated Ingest from INSDC/NCBI Virus by Loculus,OPEN,https://pathoplexus.org/about/terms-of-use/open-data,,0.980751544,,,OR162299.1,,,Kilifi/RSVB/HF10057_11/01/2023,0,2
PP_002RVA0.1,B.D.4.1,20/08/2018,Uganda,Soroti,"Odoyo, S. O.; Lambisia, A. W.; Murunga, N.; Lewa, C. S.; Maina, G.; Okanda, D.; Mutunga, M.; Agoti, C. N.; Nokes, J. D.; Githinji, G. L.","KEMRI Wellcome Trust, Epidemiology and Demography",Homo sapiens,14868,19/08/2023,OR256290.1,Automated Ingest from INSDC/NCBI Virus by Loculus,OPEN,https://pathoplexus.org/about/terms-of-use/open-data,,0.980620155,,,OR256290.1,,,Soroti/RSVB/CST40514/20-08-2018,0,4
PP_002RVDU.1,B.D.4.1,05/06/2017,Uganda,Soroti,"Odoyo, S. O.; Lambisia, A. W.; Murunga, N.; Lewa, C. S.; Maina, G.; Okanda, D.; Mutunga, M.; Agoti, C. N.; Nokes, J. D.; Githinji, G. L.","KEMRI Wellcome Trust, Epidemiology and Demography",Homo sapiens,14868,19/08/2023,OR256293.1,Automated Ingest from INSDC/NCBI Virus by Loculus,OPEN,https://pathoplexus.org/about/terms-of-use/open-data,,0.980751544,,,OR256293.1,,,Soroti/RSVB/CST40316/05-06-2017,0,2
PP_002RVN9.1,B.D.4.1,23/07/2017,Uganda,Soroti,"Odoyo, S. O.; Lambisia, A. W.; Murunga, N.; Lewa, C. S.; Maina, G.; Okanda, D.; Mutunga, M.; Agoti, C. N.; Nokes, J. D.; Githinji, G. L.","KEMRI Wellcome Trust, Epidemiology and Demography",Homo sapiens,14865,19/08/2023,OR256302.1,Automated Ingest from INSDC/NCBI Virus by Loculus,OPEN,https://pathoplexus.org/about/terms-of-use/open-data,,0.980620155,,,OR256302.1,,,Soroti/RSVB/CST40379/23-07-2017,0,4
PP_002RVUX.1,B.D.4.1,01/11/2017,Uganda,Soroti,"Odoyo, S. O.; Lambisia, A. W.; Murunga, N.; Lewa, C. S.; Maina, G.; Okanda, D.; Mutunga, M.; Agoti, C. N.; Nokes, J. D.; Githinji, G. L.","KEMRI Wellcome Trust, Epidemiology and Demography",Homo sapiens,14865,19/08/2023,OR256308.1,Automated Ingest from INSDC/NCBI Virus by Loculus,OPEN,https://pathoplexus.org/about/terms-of-use/open-data,,0.980685849,,,OR256308.1,,,Soroti/RSVB/CST40470/01-11-2017,0,3
PP_002RW83.1,B.D.4.1,13/11/2017,Uganda,Soroti,"Odoyo, S. O.; Lambisia, A. W.; Murunga, N.; Lewa, C. S.; Maina, G.; Okanda, D.; Mutunga, M.; Agoti, C. N.; Nokes, J. D.; Githinji, G. L.","KEMRI Wellcome Trust, Epidemiology and Demography",Homo sapiens,14865,19/08/2023,OR256322.1,Automated Ingest from INSDC/NCBI Virus by Loculus,OPEN,https://pathoplexus.org/about/terms-of-use/open-data,,0.980488766,,,OR256322.1,,,Soroti/RSVB/CST40314/13-11-2017,0,6
PP_002RWYN.1,B.D.4.1,25/08/2018,Uganda,Soroti,"Odoyo, S. O.; Lambisia, A. W.; Murunga, N.; Lewa, C. S.; Maina, G.; Okanda, D.; Mutunga, M.; Agoti, C. N.; Nokes, J. D.; Githinji, G. L.","KEMRI Wellcome Trust, Epidemiology and Demography",Homo sapiens,14865,19/08/2023,OR256346.1,Automated Ingest from INSDC/NCBI Virus by Loculus,OPEN,https://pathoplexus.org/about/terms-of-use/open-data,,0.980620155,,,OR256346.1,,,Soroti/RSVB/CST40336/25-08-2018,0,4
PP_002RX1G.1,B.D.4.1,03/09/2018,Uganda,Soroti,"Odoyo, S. O.; Lambisia, A. W.; Murunga, N.; Lewa, C. S.; Maina, G.; Okanda, D.; Mutunga, M.; Agoti, C. N.; Nokes, J. D.; Githinji, G. L.","KEMRI Wellcome Trust, Epidemiology and Demography",Homo sapiens,14867,19/08/2023,OR256349.1,Automated Ingest from INSDC/NCBI Virus by Loculus,OPEN,https://pathoplexus.org/about/terms-of-use/open-data,,0.980685849,,,OR256349.1,,,Soroti/RSVB/CST40521/03-09-2018,0,3
PP_002RXJF.1,B.D.4.1,11/08/2017,Uganda,Mbale,"Odoyo, S. O.; Lambisia, A. W.; Murunga, N.; Lewa, C. S.; Maina, G.; Okanda, D.; Mutunga, M.; Agoti, C. N.; Nokes, J. D.; Githinji, G. L.","KEMRI Wellcome Trust, Epidemiology and Demography",Homo sapiens,14867,19/08/2023,OR256366.1,Automated Ingest from INSDC/NCBI Virus by Loculus,OPEN,https://pathoplexus.org/about/terms-of-use/open-data,,0.980751544,,,OR256366.1,,,Mbale/RSVB/CST50468/11-08-2017,0,2
PP_002RXKD.1,B.D.4.1,18/08/2017,Uganda,Mbale,"Odoyo, S. O.; Lambisia, A. W.; Murunga, N.; Lewa, C. S.; Maina, G.; Okanda, D.; Mutunga, M.; Agoti, C. N.; Nokes, J. D.; Githinji, G. L.","KEMRI Wellcome Trust, Epidemiology and Demography",Homo sapiens,14865,19/08/2023,OR256367.1,Automated Ingest from INSDC/NCBI Virus by Loculus,OPEN,https://pathoplexus.org/about/terms-of-use/open-data,,0.980685849,,,OR256367.1,,,Mbale/RSVB/CST50477/18-08-2017,0,3
PP_002RXYM.1,B.D.E.2,06/11/2019,USA,Washington,"Frazar, C. D.; Lee, J.; Gamboa, L.; McDermot, E.; Stone, J.; Kolar, T.; Han, P. D.; Sibley, T. R.; Truong, M.; Reinhart, D.; Wolf, C. R.; Boeckh, M.; Englund, J. A.; Lutz, B. R.; Waghmare, A.; Viboud, C.; Starita, L. M.; Shendure, J.; Bedford, T.; Chu, H. Y.",The Brotman Baty Institute for Precision Medicine,Homo sapiens,15193,26/08/2023,OR326734.1,Automated Ingest from INSDC/NCBI Virus by Loculus,OPEN,https://pathoplexus.org/about/terms-of-use/open-data,SAMN36359346,0.998029168,,,OR326734.1,,,RSV-B/human/USA/WA-S23399/2019,0,0
PP_002RYN6.1,B.D.4.1.1,09/01/2020,USA,Washington,"Frazar, C. D.; Lee, J.; Gamboa, L.; McDermot, E.; Stone, J.; Kolar, T.; Han, P. D.; Sibley, T. R.; Truong, M.; Reinhart, D.; Wolf, C. R.; Boeckh, M.; Englund, J. A.; Lutz, B. R.; Waghmare, A.; Viboud, C.; Starita, L. M.; Shendure, J.; Bedford, T.; Chu, H. Y.",The Brotman Baty Institute for Precision Medicine,Homo sapiens,15191,26/08/2023,OR326758.1,Automated Ingest from INSDC/NCBI Virus by Loculus,OPEN,https://pathoplexus.org/about/terms-of-use/open-data,SAMN36359370,0.998029168,,,OR326758.1,,,RSV-B/human/USA/WA-S23423/2020,0,0
PP_002RYSY.1,B.D.4.1.1,17/01/2020,USA,Washington,"Frazar, C. D.; Lee, J.; Gamboa, L.; McDermot, E.; Stone, J.; Kolar, T.; Han, P. D.; Sibley, T. R.; Truong, M.; Reinhart, D.; Wolf, C. R.; Boeckh, M.; Englund, J. A.; Lutz, B. R.; Waghmare, A.; Viboud, C.; Starita, L. M.; Shendure, J.; Bedford, T.; Chu, H. Y.",The Brotman Baty Institute for Precision Medicine,Homo sapiens,15129,26/08/2023,OR326762.1,Automated Ingest from INSDC/NCBI Virus by Loculus,OPEN,https://pathoplexus.org/about/terms-of-use/open-data,SAMN36359374,0.96991197,,,OR326762.1,,,RSV-B/human/USA/WA-S23427/2020,0,366
PP_002RZ2C.1,B.D.E.2,25/01/2020,USA,"Washington,King County","Frazar, C. D.; Lee, J.; Gamboa, L.; McDermot, E.; Stone, J.; Kolar, T.; Han, P. D.; Sibley, T. R.; Truong, M.; Reinhart, D.; Wolf, C. R.; Boeckh, M.; Englund, J. A.; Lutz, B. R.; Waghmare, A.; Viboud, C.; Starita, L. M.; Shendure, J.; Bedford, T.; Chu, H. Y.",The Brotman Baty Institute for Precision Medicine,Homo sapiens,15195,26/08/2023,OR326772.1,Automated Ingest from INSDC/NCBI Virus by Loculus,OPEN,https://pathoplexus.org/about/terms-of-use/open-data,SAMN36359384,0.998029168,,,OR326772.1,,,RSV-B/human/USA/WA-S23437/2020,0,0
PP_002RZ72.1,B.D.4.1.1,12/02/2020,USA,"Washington,Snohomish County","Frazar, C. D.; Lee, J.; Gamboa, L.; McDermot, E.; Stone, J.; Kolar, T.; Han, P. D.; Sibley, T. R.; Truong, M.; Reinhart, D.; Wolf, C. R.; Boeckh, M.; Englund, J. A.; Lutz, B. R.; Waghmare, A.; Viboud, C.; Starita, L. M.; Shendure, J.; Bedford, T.; Chu, H. Y.",The Brotman Baty Institute for Precision Medicine,Homo sapiens,15191,26/08/2023,OR326777.1,Automated Ingest from INSDC/NCBI Virus by Loculus,OPEN,https://pathoplexus.org/about/terms-of-use/open-data,SAMN36359389,0.996321114,,,OR326777.1,,,RSV-B/human/USA/WA-S23442/2020,0,26
PP_002RZ80.1,B.D.4.1,23/02/2020,USA,Washington,"Frazar, C. D.; Lee, J.; Gamboa, L.; McDermot, E.; Stone, J.; Kolar, T.; Han, P. D.; Sibley, T. R.; Truong, M.; Reinhart, D.; Wolf, C. R.; Boeckh, M.; Englund, J. A.; Lutz, B. R.; Waghmare, A.; Viboud, C.; Starita, L. M.; Shendure, J.; Bedford, T.; Chu, H. Y.",The Brotman Baty Institute for Precision Medicine,Homo sapiens,15051,26/08/2023,OR326778.1,Automated Ingest from INSDC/NCBI Virus by Loculus,OPEN,https://pathoplexus.org/about/terms-of-use/open-data,SAMN36359390,0.957889896,,,OR326778.1,,,RSV-B/human/USA/WA-S23443/2020,0,470
PP_002RZDQ.1,B.D.E.1,22/11/2021,USA,"Washington,King County","Frazar, C. D.; Lee, J.; Ryke, E.; Gamboa, L.; McDermot, E.; Stone, J.; Kolar, T.; Han, P. D.; Sibley, T. R.; Truong, M.; Reinhart, D.; Wolf, C. R.; Duchin, J.; Boeckh, M.; Englund, J. A.; Lutz, B. R.; Waghmare, A.; Viboud, C.; Starita, L. M.; Chu, H. Y.; Bedford, T.; Shendure, J.",The Brotman Baty Institute for Precision Medicine,Homo sapiens,15195,26/08/2023,OR326783.1,Automated Ingest from INSDC/NCBI Virus by Loculus,OPEN,https://pathoplexus.org/about/terms-of-use/open-data,SAMN36359329,0.997372224,,,OR326783.1,,,RSV-B/human/USA/WA-S23382/2021,0,10
PP_002RZGJ.1,B.D.E.1,23/11/2021,USA,"Washington,King County","Frazar, C. D.; Lee, J.; Ryke, E.; Gamboa, L.; McDermot, E.; Stone, J.; Kolar, T.; Han, P. D.; Sibley, T. R.; Truong, M.; Reinhart, D.; Wolf, C. R.; Duchin, J.; Boeckh, M.; Englund, J. A.; Lutz, B. R.; Waghmare, A.; Viboud, C.; Starita, L. M.; Chu, H. Y.; Bedford, T.; Shendure, J.",The Brotman Baty Institute for Precision Medicine,Homo sapiens,15196,26/08/2023,OR326786.1,Automated Ingest from INSDC/NCBI Virus by Loculus,OPEN,https://pathoplexus.org/about/terms-of-use/open-data,SAMN36359332,0.998094863,,,OR326786.1,,,RSV-B/human/USA/WA-S23385/2021,0,0
PP_002RZHF.1,B.D.E.1,24/11/2021,USA,"Washington,King County","Frazar, C. D.; Lee, J.; Ryke, E.; Gamboa, L.; McDermot, E.; Stone, J.; Kolar, T.; Han, P. D.; Sibley, T. R.; Truong, M.; Reinhart, D.; Wolf, C. R.; Duchin, J.; Boeckh, M.; Englund, J. A.; Lutz, B. R.; Waghmare, A.; Viboud, C.; Starita, L. M.; Chu, H. Y.; Bedford, T.; Shendure, J.",The Brotman Baty Institute for Precision Medicine,Homo sapiens,15196,26/08/2023,OR326787.1,Automated Ingest from INSDC/NCBI Virus by Loculus,OPEN,https://pathoplexus.org/about/terms-of-use/open-data,SAMN36359333,0.998094863,,,OR326787.1,,,RSV-B/human/USA/WA-S23386/2021,0,0
PP_002RZJD.1,B.D.E.1,26/11/2021,USA,"Washington,King County","Frazar, C. D.; Lee, J.; Ryke, E.; Gamboa, L.; McDermot, E.; Stone, J.; Kolar, T.; Han, P. D.; Sibley, T. R.; Truong, M.; Reinhart, D.; Wolf, C. R.; Duchin, J.; Boeckh, M.; Englund, J. A.; Lutz, B. R.; Waghmare, A.; Viboud, C.; Starita, L. M.; Chu, H. Y.; Bedford, T.; Shendure, J.",The Brotman Baty Institute for Precision Medicine,Homo sapiens,15194,26/08/2023,OR326788.1,Automated Ingest from INSDC/NCBI Virus by Loculus,OPEN,https://pathoplexus.org/about/terms-of-use/open-data,SAMN36359334,0.998029168,,,OR326788.1,,,RSV-B/human/USA/WA-S23387/2021,0,0
PP_002RZP3.1,B.D.E.1,09/10/2021,USA,"Washington,King County","Frazar, C. D.; Lee, J.; Ryke, E.; Gamboa, L.; McDermot, E.; Stone, J.; Kolar, T.; Han, P. D.; Sibley, T. R.; Truong, M.; Reinhart, D.; Wolf, C. R.; Duchin, J.; Boeckh, M.; Englund, J. A.; Lutz, B. R.; Waghmare, A.; Viboud, C.; Starita, L. M.; Chu, H. Y.; Bedford, T.; Shendure, J.",The Brotman Baty Institute for Precision Medicine,Homo sapiens,15133,26/08/2023,OR326793.1,Automated Ingest from INSDC/NCBI Virus by Loculus,OPEN,https://pathoplexus.org/about/terms-of-use/open-data,SAMN36359339,0.983576403,,,OR326793.1,,,RSV-B/human/USA/WA-S23392/2021,0,158
PP_002RZTV.1,B.D.4.1.1,15/04/2020,USA,"Washington,King County","Frazar, C. D.; Lee, J.; Ryke, E.; Gamboa, L.; McDermot, E.; Stone, J.; Kolar, T.; Han, P. D.; Sibley, T. R.; Truong, M.; Reinhart, D.; Wolf, C. R.; Duchin, J.; Boeckh, M.; Englund, J. A.; Lutz, B. R.; Waghmare, A.; Viboud, C.; Starita, L. M.; Chu, H. Y.; Bedford, T.; Shendure, J.",The Brotman Baty Institute for Precision Medicine,Homo sapiens,14947,26/08/2023,OR326797.1,Automated Ingest from INSDC/NCBI Virus by Loculus,OPEN,https://pathoplexus.org/about/terms-of-use/open-data,SAMN36359391,0.972999606,,,OR326797.1,,,RSV-B/human/USA/WA-S23444/2020,0,136
PP_002RZZH.1,B.D.E.1,22/08/2021,USA,"Washington,King County","Frazar, C. D.; Lee, J.; Ryke, E.; Gamboa, L.; McDermot, E.; Stone, J.; Kolar, T.; Han, P. D.; Sibley, T. R.; Truong, M.; Reinhart, D.; Wolf, C. R.; Duchin, J.; Boeckh, M.; Englund, J. A.; Lutz, B. R.; Waghmare, A.; Viboud, C.; Starita, L. M.; Chu, H. Y.; Bedford, T.; Shendure, J.",The Brotman Baty Institute for Precision Medicine,Homo sapiens,15195,26/08/2023,OR326803.1,Automated Ingest from INSDC/NCBI Virus by Loculus,OPEN,https://pathoplexus.org/about/terms-of-use/open-data,SAMN36359397,0.998029168,,,OR326803.1,,,RSV-B/human/USA/WA-S23450/2021,0,0
PP_002S00D.1,B.D.E.1,31/08/2021,USA,"Washington,King County","Frazar, C. D.; Lee, J.; Ryke, E.; Gamboa, L.; McDermot, E.; Stone, J.; Kolar, T.; Han, P. D.; Sibley, T. R.; Truong, M.; Reinhart, D.; Wolf, C. R.; Duchin, J.; Boeckh, M.; Englund, J. A.; Lutz, B. R.; Waghmare, A.; Viboud, C.; Starita, L. M.; Chu, H. Y.; Bedford, T.; Shendure, J.",The Brotman Baty Institute for Precision Medicine,Homo sapiens,15195,26/08/2023,OR326804.1,Automated Ingest from INSDC/NCBI Virus by Loculus,OPEN,https://pathoplexus.org/about/terms-of-use/open-data,SAMN36359398,0.997437919,,,OR326804.1,,,RSV-B/human/USA/WA-S23451/2021,0,9
PP_002S053.1,B.D.E.1,14/09/2021,USA,"Washington,King County","Frazar, C. D.; Lee, J.; Ryke, E.; Gamboa, L.; McDermot, E.; Stone, J.; Kolar, T.; Han, P. D.; Sibley, T. R.; Truong, M.; Reinhart, D.; Wolf, C. R.; Duchin, J.; Boeckh, M.; Englund, J. A.; Lutz, B. R.; Waghmare, A.; Viboud, C.; Starita, L. M.; Chu, H. Y.; Bedford, T.; Shendure, J.",The Brotman Baty Institute for Precision Medicine,Homo sapiens,15195,26/08/2023,OR326809.1,Automated Ingest from INSDC/NCBI Virus by Loculus,OPEN,https://pathoplexus.org/about/terms-of-use/open-data,SAMN36359403,0.998029168,,,OR326809.1,,,RSV-B/human/USA/WA-S23456/2021,0,0
PP_002S0CP.1,B.D.E.1,26/09/2021,USA,"Washington,King County","Frazar, C. D.; Lee, J.; Ryke, E.; Gamboa, L.; McDermot, E.; Stone, J.; Kolar, T.; Han, P. D.; Sibley, T. R.; Truong, M.; Reinhart, D.; Wolf, C. R.; Duchin, J.; Boeckh, M.; Englund, J. A.; Lutz, B. R.; Waghmare, A.; Viboud, C.; Starita, L. M.; Chu, H. Y.; Bedford, T.; Shendure, J.",The Brotman Baty Institute for Precision Medicine,Homo sapiens,15194,26/08/2023,OR326816.1,Automated Ingest from INSDC/NCBI Virus by Loculus,OPEN,https://pathoplexus.org/about/terms-of-use/open-data,SAMN36359410,0.998029168,,,OR326816.1,,,RSV-B/human/USA/WA-S23463/2021,0,0
PP_002S0FH.1,B.D.E.1,05/10/2021,USA,"Washington,King County","Frazar, C. D.; Lee, J.; Ryke, E.; Gamboa, L.; McDermot, E.; Stone, J.; Kolar, T.; Han, P. D.; Sibley, T. R.; Truong, M.; Reinhart, D.; Wolf, C. R.; Duchin, J.; Boeckh, M.; Englund, J. A.; Lutz, B. R.; Waghmare, A.; Viboud, C.; Starita, L. M.; Chu, H. Y.; Bedford, T.; Shendure, J.",The Brotman Baty Institute for Precision Medicine,Homo sapiens,15195,26/08/2023,OR326819.1,Automated Ingest from INSDC/NCBI Virus by Loculus,OPEN,https://pathoplexus.org/about/terms-of-use/open-data,SAMN36359413,0.996058337,,,OR326819.1,,,RSV-B/human/USA/WA-S23466/2021,0,30
PP_002S0HC.1,B.D.E.1,08/10/2021,USA,"Washington,King County","Frazar, C. D.; Lee, J.; Ryke, E.; Gamboa, L.; McDermot, E.; Stone, J.; Kolar, T.; Han, P. D.; Sibley, T. R.; Truong, M.; Reinhart, D.; Wolf, C. R.; Duchin, J.; Boeckh, M.; Englund, J. A.; Lutz, B. R.; Waghmare, A.; Viboud, C.; Starita, L. M.; Chu, H. Y.; Bedford, T.; Shendure, J.",The Brotman Baty Institute for Precision Medicine,Homo sapiens,15195,26/08/2023,OR326821.1,Automated Ingest from INSDC/NCBI Virus by Loculus,OPEN,https://pathoplexus.org/about/terms-of-use/open-data,SAMN36359415,0.998029168,,,OR326821.1,,,RSV-B/human/USA/WA-S23468/2021,0,0
PP_002S0L6.1,B.D.E.1,15/10/2021,USA,"Washington,King County","Frazar, C. D.; Lee, J.; Ryke, E.; Gamboa, L.; McDermot, E.; Stone, J.; Kolar, T.; Han, P. D.; Sibley, T. R.; Truong, M.; Reinhart, D.; Wolf, C. R.; Duchin, J.; Boeckh, M.; Englund, J. A.; Lutz, B. R.; Waghmare, A.; Viboud, C.; Starita, L. M.; Chu, H. Y.; Bedford, T.; Shendure, J.",The Brotman Baty Institute for Precision Medicine,Homo sapiens,15195,26/08/2023,OR326824.1,Automated Ingest from INSDC/NCBI Virus by Loculus,OPEN,https://pathoplexus.org/about/terms-of-use/open-data,SAMN36359418,0.998029168,,,OR326824.1,,,RSV-B/human/USA/WA-S23471/2021,0,0
PP_002S0N2.1,B.D.E.1,21/10/2021,USA,"Washington,King County","Frazar, C. D.; Lee, J.; Ryke, E.; Gamboa, L.; McDermot, E.; Stone, J.; Kolar, T.; Han, P. D.; Sibley, T. R.; Truong, M.; Reinhart, D.; Wolf, C. R.; Duchin, J.; Boeckh, M.; Englund, J. A.; Lutz, B. R.; Waghmare, A.; Viboud, C.; Starita, L. M.; Chu, H. Y.; Bedford, T.; Shendure, J.",The Brotman Baty Institute for Precision Medicine,Homo sapiens,15195,26/08/2023,OR326826.1,Automated Ingest from INSDC/NCBI Virus by Loculus,OPEN,https://pathoplexus.org/about/terms-of-use/open-data,SAMN36359420,0.997043752,,,OR326826.1,,,RSV-B/human/USA/WA-S23473/2021,0,15
PP_002S0P0.1,B.D.E.1,25/10/2021,USA,"Washington,King County","Frazar, C. D.; Lee, J.; Ryke, E.; Gamboa, L.; McDermot, E.; Stone, J.; Kolar, T.; Han, P. D.; Sibley, T. R.; Truong, M.; Reinhart, D.; Wolf, C. R.; Duchin, J.; Boeckh, M.; Englund, J. A.; Lutz, B. R.; Waghmare, A.; Viboud, C.; Starita, L. M.; Chu, H. Y.; Bedford, T.; Shendure, J.",The Brotman Baty Institute for Precision Medicine,Homo sapiens,15196,26/08/2023,OR326827.1,Automated Ingest from INSDC/NCBI Virus by Loculus,OPEN,https://pathoplexus.org/about/terms-of-use/open-data,SAMN36359421,0.998094863,,,OR326827.1,,,RSV-B/human/USA/WA-S23474/2021,0,0
PP_002S0RW.1,B.D.E.1,27/10/2021,USA,"Washington,King County","Frazar, C. D.; Lee, J.; Ryke, E.; Gamboa, L.; McDermot, E.; Stone, J.; Kolar, T.; Han, P. D.; Sibley, T. R.; Truong, M.; Reinhart, D.; Wolf, C. R.; Duchin, J.; Boeckh, M.; Englund, J. A.; Lutz, B. R.; Waghmare, A.; Viboud, C.; Starita, L. M.; Chu, H. Y.; Bedford, T.; Shendure, J.",The Brotman Baty Institute for Precision Medicine,Homo sapiens,15195,26/08/2023,OR326829.1,Automated Ingest from INSDC/NCBI Virus by Loculus,OPEN,https://pathoplexus.org/about/terms-of-use/open-data,SAMN36359424,0.998029168,,,OR326829.1,,,RSV-B/human/USA/WA-S23477/2021,0,0
PP_002S0TS.1,B.D.E.1,02/11/2021,USA,"Washington,King County","Frazar, C. D.; Lee, J.; Ryke, E.; Gamboa, L.; McDermot, E.; Stone, J.; Kolar, T.; Han, P. D.; Sibley, T. R.; Truong, M.; Reinhart, D.; Wolf, C. R.; Duchin, J.; Boeckh, M.; Englund, J. A.; Lutz, B. R.; Waghmare, A.; Viboud, C.; Starita, L. M.; Chu, H. Y.; Bedford, T.; Shendure, J.",The Brotman Baty Institute for Precision Medicine,Homo sapiens,15195,26/08/2023,OR326831.1,Automated Ingest from INSDC/NCBI Virus by Loculus,OPEN,https://pathoplexus.org/about/terms-of-use/open-data,SAMN36359426,0.997043752,,,OR326831.1,,,RSV-B/human/USA/WA-S23479/2021,0,15
PP_002S0VN.1,B.D.E.1,03/11/2021,USA,"Washington,King County","Frazar, C. D.; Lee, J.; Ryke, E.; Gamboa, L.; McDermot, E.; Stone, J.; Kolar, T.; Han, P. D.; Sibley, T. R.; Truong, M.; Reinhart, D.; Wolf, C. R.; Duchin, J.; Boeckh, M.; Englund, J. A.; Lutz, B. R.; Waghmare, A.; Viboud, C.; Starita, L. M.; Chu, H. Y.; Bedford, T.; Shendure, J.",The Brotman Baty Institute for Precision Medicine,Homo sapiens,15195,26/08/2023,OR326833.1,Automated Ingest from INSDC/NCBI Virus by Loculus,OPEN,https://pathoplexus.org/about/terms-of-use/open-data,SAMN36359428,0.998029168,,,OR326833.1,,,RSV-B/human/USA/WA-S23481/2021,0,0
PP_002S160.1,B.D.E.1,06/12/2021,USA,"Washington,King County","Frazar, C. D.; Lee, J.; Ryke, E.; Gamboa, L.; McDermot, E.; Stone, J.; Kolar, T.; Han, P. D.; Sibley, T. R.; Truong, M.; Reinhart, D.; Wolf, C. R.; Duchin, J.; Boeckh, M.; Englund, J. A.; Lutz, B. R.; Waghmare, A.; Viboud, C.; Starita, L. M.; Chu, H. Y.; Bedford, T.; Shendure, J.",The Brotman Baty Institute for Precision Medicine,Homo sapiens,15195,26/08/2023,OR326844.1,Automated Ingest from INSDC/NCBI Virus by Loculus,OPEN,https://pathoplexus.org/about/terms-of-use/open-data,SAMN36359439,0.998029168,,,OR326844.1,,,RSV-B/human/USA/WA-S23492/2021,0,0
PP_002S17Y.1,B.D.E.1,13/12/2021,USA,"Washington,King County","Frazar, C. D.; Lee, J.; Ryke, E.; Gamboa, L.; McDermot, E.; Stone, J.; Kolar, T.; Han, P. D.; Sibley, T. R.; Truong, M.; Reinhart, D.; Wolf, C. R.; Duchin, J.; Boeckh, M.; Englund, J. A.; Lutz, B. R.; Waghmare, A.; Viboud, C.; Starita, L. M.; Chu, H. Y.; Bedford, T.; Shendure, J.",The Brotman Baty Institute for Precision Medicine,Homo sapiens,15196,26/08/2023,OR326845.1,Automated Ingest from INSDC/NCBI Virus by Loculus,OPEN,https://pathoplexus.org/about/terms-of-use/open-data,SAMN36359440,0.998029168,,,OR326845.1,,,RSV-B/human/USA/WA-S23493/2021,0,0
PP_002S4WG.2,B.D,04/01/2014,USA,,"Avadhanula, V.; Agustinho, D. P.; Menon, V. K.; Chemaly, R. F.; Shah, D. P.; Qin, X.; Surathu, A.; Doddapaneni, H.; Muzny, D. M.; Metcalf, G. A.; Gregeen, S. J.; Gibbs, R. A.; Petrosino, J. J.; Sedlazeck, F. J.; Piedra, P. A.","Baylor College of Medicine, Human Genome Sequencing Center",Homo sapiens,15250,01/10/2023,OR466362.1,Automated Ingest from INSDC/NCBI Virus by Loculus,OPEN,https://pathoplexus.org/about/terms-of-use/open-data,SAMN50264535,0.99027723,,,OR466362.1,SRR34759073,,p1306-121310738A,0,146
PP_002S4XE.2,B.D.1,09/01/2014,USA,,"Avadhanula, V.; Agustinho, D. P.; Menon, V. K.; Chemaly, R. F.; Shah, D. P.; Qin, X.; Surathu, A.; Doddapaneni, H.; Muzny, D. M.; Metcalf, G. A.; Gregeen, S. J.; Gibbs, R. A.; Petrosino, J. J.; Sedlazeck, F. J.; Piedra, P. A.","Baylor College of Medicine, Human Genome Sequencing Center",Homo sapiens,15349,01/10/2023,OR466363.1,Automated Ingest from INSDC/NCBI Virus by Loculus,OPEN,https://pathoplexus.org/about/terms-of-use/open-data,SAMN50264539,1,,,OR466363.1,SRR34759127,,p1306-121310739A,0,0
PP_002S4ZA.2,B.D.1,15/01/2014,USA,,"Avadhanula, V.; Agustinho, D. P.; Menon, V. K.; Chemaly, R. F.; Shah, D. P.; Qin, X.; Surathu, A.; Doddapaneni, H.; Muzny, D. M.; Metcalf, G. A.; Gregeen, S. J.; Gibbs, R. A.; Petrosino, J. J.; Sedlazeck, F. J.; Piedra, P. A.","Baylor College of Medicine, Human Genome Sequencing Center",Homo sapiens,15261,01/10/2023,OR466365.1,Automated Ingest from INSDC/NCBI Virus by Loculus,OPEN,https://pathoplexus.org/about/terms-of-use/open-data,SAMN50264541,1,,,OR466365.1,SRR34759125,,p1306-121310741A,0,0
PP_002S516.2,B.D.1.1,17/01/2014,USA,,"Avadhanula, V.; Agustinho, D. P.; Menon, V. K.; Chemaly, R. F.; Shah, D. P.; Qin, X.; Surathu, A.; Doddapaneni, H.; Muzny, D. M.; Metcalf, G. A.; Gregeen, S. J.; Gibbs, R. A.; Petrosino, J. J.; Sedlazeck, F. J.; Piedra, P. A.","Baylor College of Medicine, Human Genome Sequencing Center",Homo sapiens,15258,01/10/2023,OR466367.1,Automated Ingest from INSDC/NCBI Virus by Loculus,OPEN,https://pathoplexus.org/about/terms-of-use/open-data,SAMN50264543,1,,,OR466367.1,SRR34759123,,p1306-121310743A,0,0
PP_002S524.2,B.D.1.1,21/01/2014,USA,,"Avadhanula, V.; Agustinho, D. P.; Menon, V. K.; Chemaly, R. F.; Shah, D. P.; Qin, X.; Surathu, A.; Doddapaneni, H.; Muzny, D. M.; Metcalf, G. A.; Gregeen, S. J.; Gibbs, R. A.; Petrosino, J. J.; Sedlazeck, F. J.; Piedra, P. A.","Baylor College of Medicine, Human Genome Sequencing Center",Homo sapiens,15253,01/10/2023,OR466368.1,Automated Ingest from INSDC/NCBI Virus by Loculus,OPEN,https://pathoplexus.org/about/terms-of-use/open-data,SAMN50264545,1,,,OR466368.1,SRR34759121,,p1306-121310744A,0,0
PP_002S532.2,B.D.4,23/10/2014,USA,,"Avadhanula, V.; Agustinho, D. P.; Menon, V. K.; Chemaly, R. F.; Shah, D. P.; Qin, X.; Surathu, A.; Doddapaneni, H.; Muzny, D. M.; Metcalf, G. A.; Gregeen, S. J.; Gibbs, R. A.; Petrosino, J. J.; Sedlazeck, F. J.; Piedra, P. A.","Baylor College of Medicine, Human Genome Sequencing Center",Homo sapiens,15254,01/10/2023,OR466369.1,Automated Ingest from INSDC/NCBI Virus by Loculus,OPEN,https://pathoplexus.org/about/terms-of-use/open-data,SAMN50264546,1,,,OR466369.1,SRR34759120,,p1306-121310745A,0,0
PP_002S540.2,B.D.1,28/10/2014,USA,,"Avadhanula, V.; Agustinho, D. P.; Menon, V. K.; Chemaly, R. F.; Shah, D. P.; Qin, X.; Surathu, A.; Doddapaneni, H.; Muzny, D. M.; Metcalf, G. A.; Gregeen, S. J.; Gibbs, R. A.; Petrosino, J. J.; Sedlazeck, F. J.; Piedra, P. A.","Baylor College of Medicine, Human Genome Sequencing Center",Homo sapiens,15257,01/10/2023,OR466370.1,Automated Ingest from INSDC/NCBI Virus by Loculus,OPEN,https://pathoplexus.org/about/terms-of-use/open-data,SAMN50264548,1,,,OR466370.1,SRR34759118,,p1306-121310746A,0,0
PP_002S55Y.2,B.D.1,19/11/2014,USA,,"Avadhanula, V.; Agustinho, D. P.; Menon, V. K.; Chemaly, R. F.; Shah, D. P.; Qin, X.; Surathu, A.; Doddapaneni, H.; Muzny, D. M.; Metcalf, G. A.; Gregeen, S. J.; Gibbs, R. A.; Petrosino, J. J.; Sedlazeck, F. J.; Piedra, P. A.","Baylor College of Medicine, Human Genome Sequencing Center",Homo sapiens,15256,01/10/2023,OR466371.1,Automated Ingest from INSDC/NCBI Virus by Loculus,OPEN,https://pathoplexus.org/about/terms-of-use/open-data,SAMN50264550,1,,,OR466371.1,SRR34759115,,p1306-121310747A,0,0
PP_002S58S.2,B.D.4,08/12/2014,USA,,"Avadhanula, V.; Agustinho, D. P.; Menon, V. K.; Chemaly, R. F.; Shah, D. P.; Qin, X.; Surathu, A.; Doddapaneni, H.; Muzny, D. M.; Metcalf, G. A.; Gregeen, S. J.; Gibbs, R. A.; Petrosino, J. J.; Sedlazeck, F. J.; Piedra, P. A.","Baylor College of Medicine, Human Genome Sequencing Center",Homo sapiens,15256,01/10/2023,OR466374.1,Automated Ingest from INSDC/NCBI Virus by Loculus,OPEN,https://pathoplexus.org/about/terms-of-use/open-data,SAMN50264563,1,,,OR466374.1,SRR34759085,,p1306-121310750A,0,0
PP_002S5AN.2,B.D,15/12/2014,USA,,"Avadhanula, V.; Agustinho, D. P.; Menon, V. K.; Chemaly, R. F.; Shah, D. P.; Qin, X.; Surathu, A.; Doddapaneni, H.; Muzny, D. M.; Metcalf, G. A.; Gregeen, S. J.; Gibbs, R. A.; Petrosino, J. J.; Sedlazeck, F. J.; Piedra, P. A.","Baylor College of Medicine, Human Genome Sequencing Center",Homo sapiens,15271,01/10/2023,OR466376.1,Automated Ingest from INSDC/NCBI Virus by Loculus,OPEN,https://pathoplexus.org/about/terms-of-use/open-data,SAMN50264568,1,,,OR466376.1,SRR34759080,,p1306-121310752A,0,0
PP_002S5EE.2,B.D.4,19/12/2014,USA,,"Avadhanula, V.; Agustinho, D. P.; Menon, V. K.; Chemaly, R. F.; Shah, D. P.; Qin, X.; Surathu, A.; Doddapaneni, H.; Muzny, D. M.; Metcalf, G. A.; Gregeen, S. J.; Gibbs, R. A.; Petrosino, J. J.; Sedlazeck, F. J.; Piedra, P. A.","Baylor College of Medicine, Human Genome Sequencing Center",Homo sapiens,15294,01/10/2023,OR466380.1,Automated Ingest from INSDC/NCBI Virus by Loculus,OPEN,https://pathoplexus.org/about/terms-of-use/open-data,SAMN50264573,1,,,OR466380.1,SRR34759106,,p1306-121310757A,0,0
PP_002S5L1.2,B.D,14/01/2015,USA,,"Avadhanula, V.; Agustinho, D. P.; Menon, V. K.; Chemaly, R. F.; Shah, D. P.; Qin, X.; Surathu, A.; Doddapaneni, H.; Muzny, D. M.; Metcalf, G. A.; Gregeen, S. J.; Gibbs, R. A.; Petrosino, J. J.; Sedlazeck, F. J.; Piedra, P. A.","Baylor College of Medicine, Human Genome Sequencing Center",Homo sapiens,15246,01/10/2023,OR466386.1,Automated Ingest from INSDC/NCBI Virus by Loculus,OPEN,https://pathoplexus.org/about/terms-of-use/open-data,SAMN50264581,0.999868611,,,OR466386.1,SRR34759097,,p1306-121310764A,0,0
PP_002S5MZ.2,B.D,23/01/2015,USA,,"Avadhanula, V.; Agustinho, D. P.; Menon, V. K.; Chemaly, R. F.; Shah, D. P.; Qin, X.; Surathu, A.; Doddapaneni, H.; Muzny, D. M.; Metcalf, G. A.; Gregeen, S. J.; Gibbs, R. A.; Petrosino, J. J.; Sedlazeck, F. J.; Piedra, P. A.","Baylor College of Medicine, Human Genome Sequencing Center",Homo sapiens,15267,01/10/2023,OR466387.1,Automated Ingest from INSDC/NCBI Virus by Loculus,OPEN,https://pathoplexus.org/about/terms-of-use/open-data,SAMN50264583,1,,,OR466387.1,SRR34759079,,p1306-121310765A,0,0
PP_002S5PV.2,B.D,04/03/2015,USA,,"Avadhanula, V.; Agustinho, D. P.; Menon, V. K.; Chemaly, R. F.; Shah, D. P.; Qin, X.; Surathu, A.; Doddapaneni, H.; Muzny, D. M.; Metcalf, G. A.; Gregeen, S. J.; Gibbs, R. A.; Petrosino, J. J.; Sedlazeck, F. J.; Piedra, P. A.","Baylor College of Medicine, Human Genome Sequencing Center",Homo sapiens,15324,01/10/2023,OR466389.1,Automated Ingest from INSDC/NCBI Virus by Loculus,OPEN,https://pathoplexus.org/about/terms-of-use/open-data,SAMN50264586,1,,,OR466389.1,SRR34759076,,p1306-121310767A,0,0
PP_002S5SP.2,B.D.4.1,12/03/2015,USA,,"Avadhanula, V.; Agustinho, D. P.; Menon, V. K.; Chemaly, R. F.; Shah, D. P.; Qin, X.; Surathu, A.; Doddapaneni, H.; Muzny, D. M.; Metcalf, G. A.; Gregeen, S. J.; Gibbs, R. A.; Petrosino, J. J.; Sedlazeck, F. J.; Piedra, P. A.","Baylor College of Medicine, Human Genome Sequencing Center",Homo sapiens,15254,01/10/2023,OR466392.1,Automated Ingest from INSDC/NCBI Virus by Loculus,OPEN,https://pathoplexus.org/about/terms-of-use/open-data,SAMN50264592,1,,,OR466392.1,SRR34759069,,p1306-121310770A,0,0
PP_002S5TM.2,B.D.4.1,16/03/2015,USA,,"Avadhanula, V.; Agustinho, D. P.; Menon, V. K.; Chemaly, R. F.; Shah, D. P.; Qin, X.; Surathu, A.; Doddapaneni, H.; Muzny, D. M.; Metcalf, G. A.; Gregeen, S. J.; Gibbs, R. A.; Petrosino, J. J.; Sedlazeck, F. J.; Piedra, P. A.","Baylor College of Medicine, Human Genome Sequencing Center",Homo sapiens,15258,01/10/2023,OR466393.1,Automated Ingest from INSDC/NCBI Virus by Loculus,OPEN,https://pathoplexus.org/about/terms-of-use/open-data,SAMN50264593,0.999934306,,,OR466393.1,SRR34759068,,p1306-121310771A,0,1
PP_002S5YB.2,B.D.4.1,06/04/2015,USA,,"Avadhanula, V.; Agustinho, D. P.; Menon, V. K.; Chemaly, R. F.; Shah, D. P.; Qin, X.; Surathu, A.; Doddapaneni, H.; Muzny, D. M.; Metcalf, G. A.; Gregeen, S. J.; Gibbs, R. A.; Petrosino, J. J.; Sedlazeck, F. J.; Piedra, P. A.","Baylor College of Medicine, Human Genome Sequencing Center",Homo sapiens,15278,01/10/2023,OR466398.1,Automated Ingest from INSDC/NCBI Virus by Loculus,OPEN,https://pathoplexus.org/about/terms-of-use/open-data,SAMN50264601,1,,,OR466398.1,SRR34759059,,p1306-121310776A,0,0
PP_002S5Z9.2,B.D.1,01/04/2015,USA,,"Avadhanula, V.; Agustinho, D. P.; Menon, V. K.; Chemaly, R. F.; Shah, D. P.; Qin, X.; Surathu, A.; Doddapaneni, H.; Muzny, D. M.; Metcalf, G. A.; Gregeen, S. J.; Gibbs, R. A.; Petrosino, J. J.; Sedlazeck, F. J.; Piedra, P. A.","Baylor College of Medicine, Human Genome Sequencing Center",Homo sapiens,15258,01/10/2023,OR466399.1,Automated Ingest from INSDC/NCBI Virus by Loculus,OPEN,https://pathoplexus.org/about/terms-of-use/open-data,SAMN50264602,0.999934306,,,OR466399.1,SRR34759058,,p1306-121310777A,0,1
PP_002S607.2,B.D,24/02/2012,USA,,"Avadhanula, V.; Agustinho, D. P.; Menon, V. K.; Chemaly, R. F.; Shah, D. P.; Qin, X.; Surathu, A.; Doddapaneni, H.; Muzny, D. M.; Metcalf, G. A.; Gregeen, S. J.; Gibbs, R. A.; Petrosino, J. J.; Sedlazeck, F. J.; Piedra, P. A.","Baylor College of Medicine, Human Genome Sequencing Center",Homo sapiens,15256,01/10/2023,OR466400.1,Automated Ingest from INSDC/NCBI Virus by Loculus,OPEN,https://pathoplexus.org/about/terms-of-use/open-data,SAMN50264576,1,,,OR466400.1,SRR34759103,,p1306-121310778A,0,0
PP_002S88P.1,B.D.E.3,02/11/2021,Spain,,"Rojo-Alba, S.; Perez-Martinez, Z.; Boga, J.; Alvarez-Arguelles, M. E.; Gonzalez-Alba, J. M.; Melon, S.","Hospital central de Asturias, Microbiologia",Homo sapiens,387,04/10/2023,OR493348.1,Automated Ingest from INSDC/NCBI Virus by Loculus,OPEN,https://pathoplexus.org/about/terms-of-use/open-data,,0.025423729,,,OR493348.1,,,262169479HUCA,0,0
PP_002S95U.1,B.D.E.1,27/11/2022,Spain,,"Rojo-Alba, S.; Perez-Martinez, Z.; Boga, J.; Alvarez-Arguelles, M. E.; Gonzalez-Alba, J. M.; Melon, S.","Hospital central de Asturias, Microbiologia",Homo sapiens,387,04/10/2023,OR493379.1,Automated Ingest from INSDC/NCBI Virus by Loculus,OPEN,https://pathoplexus.org/about/terms-of-use/open-data,,0.025423729,,,OR493379.1,,,252295805HUCA,0,0
PP_002SBTF.1,B.D.E.1,13/11/2022,USA,"Washington, King County","Frazar, C. D.; Lee, J.; Ryke, E.; Gamboa, L.; McDermot, E.; Kolar, T.; Han, P. D.; Sibley, T. R.; Reinhart, D.; Grindstaff, S.; Truong, M.; Babu, T. M.; Feldstein, L. R.; Saydah, S.; Briggs-Hagen, M.; Casto, A.; Ehmen, B.; Englund, J. A.; Fortmann, S. P.; Kuntz, J. L.; Lockwood, T.; Midgley, C. M.; Mularski, R. A.; Ogilvie, T.; Reich, S.; Schmidt, M. A.; Smith, N.; Starita, L.; Stone, J.; Vandermeer, M.; Weil, A. A.; Wolf, C. R.; Chu, H. Y.; Naleway, A. L.",The Brotman Baty Institute for Precision Medicine,Homo sapiens,15195,11/10/2023,OR522544.1,Automated Ingest from INSDC/NCBI Virus by Loculus,OPEN,https://pathoplexus.org/about/terms-of-use/open-data,SAMN37232956,0.997043752,,,OR522544.1,,,RSV-B/human/USA/WA-S23831/2022,0,15
PP_002SCQL.1,B.D.4.1.1,20/12/2017,China,,"Li, F.; Zhu, Y.; Chen, X.","Beijing Children's Hospital, Capital Medical University, Laboratory of Infection and Virology",Homo sapiens,15275,04/11/2023,OR666574.1,Automated Ingest from INSDC/NCBI Virus by Loculus,OPEN,https://pathoplexus.org/about/terms-of-use/open-data,,1,,,OR666574.1,,,RSVB/WZ17006/ZJ/CHN/2017.12.20,0,0
PP_002SCTE.1,B.D.4.1.1,30/01/2018,China,,"Li, F.; Zhu, Y.; Chen, X.","Beijing Children's Hospital, Capital Medical University, Laboratory of Infection and Virology",Homo sapiens,15172,04/11/2023,OR666577.1,Automated Ingest from INSDC/NCBI Virus by Loculus,OPEN,https://pathoplexus.org/about/terms-of-use/open-data,,0.996715281,,,OR666577.1,,,RSVB/BCH18017/BJ/CHN/2018.01.30,0,0
PP_002SCVA.1,B.D.4.1.1,20/10/2018,China,,"Li, F.; Zhu, Y.; Chen, X.","Beijing Children's Hospital, Capital Medical University, Laboratory of Infection and Virology",Homo sapiens,15156,04/11/2023,OR666579.1,Automated Ingest from INSDC/NCBI Virus by Loculus,OPEN,https://pathoplexus.org/about/terms-of-use/open-data,,0.99566417,,,OR666579.1,,,RSVB/WZ17235/ZJ/CHN/2018.10.20,0,0
PP_002SCW8.1,B.D.E.2,19/11/2018,China,,"Li, F.; Zhu, Y.; Chen, X.","Beijing Children's Hospital, Capital Medical University, Laboratory of Infection and Virology",Homo sapiens,15227,04/11/2023,OR666580.1,Automated Ingest from INSDC/NCBI Virus by Loculus,OPEN,https://pathoplexus.org/about/terms-of-use/open-data,,0.999277362,,,OR666580.1,,,RSVB/WZ17266/ZJ/CHN/2018.11.19,0,0
PP_002SD2W.1,B.D.4.1.1,14/11/2019,China,,"Li, F.; Zhu, Y.; Chen, X.","Beijing Children's Hospital, Capital Medical University, Laboratory of Infection and Virology",Homo sapiens,15249,04/11/2023,OR666586.1,Automated Ingest from INSDC/NCBI Virus by Loculus,OPEN,https://pathoplexus.org/about/terms-of-use/open-data,,1,,,OR666586.1,,,RSVB/20190776/BJ/CHN/2019.11.14,0,0
PP_002SD3U.1,B.D.4.1.1,03/01/2020,China,,"Li, F.; Zhu, Y.; Chen, X.","Beijing Children's Hospital, Capital Medical University, Laboratory of Infection and Virology",Homo sapiens,15156,04/11/2023,OR666587.1,Automated Ingest from INSDC/NCBI Virus by Loculus,OPEN,https://pathoplexus.org/about/terms-of-use/open-data,,0.99566417,,,OR666587.1,,,RSVB/20200007/BJ/CHN/2020.01.03,0,0
PP_002SD4S.1,B.D.4.1.1,09/01/2020,China,,"Li, F.; Zhu, Y.; Chen, X.","Beijing Children's Hospital, Capital Medical University, Laboratory of Infection and Virology",Homo sapiens,15228,04/11/2023,OR666588.1,Automated Ingest from INSDC/NCBI Virus by Loculus,OPEN,https://pathoplexus.org/about/terms-of-use/open-data,,0.999277362,,,OR666588.1,,,RSVB/20200036/BJ/CHN/2020.01.09,0,0
PP_002SD6N.1,B.D.4.1.1,16/01/2020,China,,"Li, F.; Zhu, Y.; Chen, X.","Beijing Children's Hospital, Capital Medical University, Laboratory of Infection and Virology",Homo sapiens,15228,04/11/2023,OR666590.1,Automated Ingest from INSDC/NCBI Virus by Loculus,OPEN,https://pathoplexus.org/about/terms-of-use/open-data,,0.999277362,,,OR666590.1,,,RSVB/20200064/BJ/CHN/2020.01.16,0,0
PP_002SD7L.1,B.D.E.2,19/01/2020,China,,"Li, F.; Zhu, Y.; Chen, X.","Beijing Children's Hospital, Capital Medical University, Laboratory of Infection and Virology",Homo sapiens,15312,04/11/2023,OR666591.1,Automated Ingest from INSDC/NCBI Virus by Loculus,OPEN,https://pathoplexus.org/about/terms-of-use/open-data,,1,,,OR666591.1,,,RSVB/20200071/BJ/CHN/2020.01.19,0,0
PP_002SD9G.1,B.D.E.2,20/01/2020,China,,"Li, F.; Zhu, Y.; Chen, X.","Beijing Children's Hospital, Capital Medical University, Laboratory of Infection and Virology",Homo sapiens,15228,04/11/2023,OR666593.1,Automated Ingest from INSDC/NCBI Virus by Loculus,OPEN,https://pathoplexus.org/about/terms-of-use/open-data,,0.999277362,,,OR666593.1,,,RSVB/20200075/BJ/CHN/2020.01.20,0,0
PP_002SDAE.1,B.D.4.1.1,20/01/2020,China,,"Li, F.; Zhu, Y.; Chen, X.","Beijing Children's Hospital, Capital Medical University, Laboratory of Infection and Virology",Homo sapiens,15247,04/11/2023,OR666594.1,Automated Ingest from INSDC/NCBI Virus by Loculus,OPEN,https://pathoplexus.org/about/terms-of-use/open-data,,1,,,OR666594.1,,,RSVB/20200079/BJ/CHN/2020.01.20,0,0
PP_002SDBC.1,B.D.4.1.1,24/01/2020,China,,"Li, F.; Zhu, Y.; Chen, X.","Beijing Children's Hospital, Capital Medical University, Laboratory of Infection and Virology",Homo sapiens,15156,04/11/2023,OR666595.1,Automated Ingest from INSDC/NCBI Virus by Loculus,OPEN,https://pathoplexus.org/about/terms-of-use/open-data,,0.99566417,,,OR666595.1,,,RSVB/20200106/BJ/CHN/2020.01.24,0,0
PP_002SDCA.1,B.D.4.1,26/01/2020,China,,"Li, F.; Zhu, Y.; Chen, X.","Beijing Children's Hospital, Capital Medical University, Laboratory of Infection and Virology",Homo sapiens,15228,04/11/2023,OR666596.1,Automated Ingest from INSDC/NCBI Virus by Loculus,OPEN,https://pathoplexus.org/about/terms-of-use/open-data,,0.999277362,,,OR666596.1,,,RSVB/20200119/BJ/CHN/2020.01.26,0,0
PP_002SDF4.1,B.D.4.1.1,17/02/2020,China,,"Li, F.; Zhu, Y.; Chen, X.","Beijing Children's Hospital, Capital Medical University, Laboratory of Infection and Virology",Homo sapiens,15224,04/11/2023,OR666599.1,Automated Ingest from INSDC/NCBI Virus by Loculus,OPEN,https://pathoplexus.org/about/terms-of-use/open-data,,0.999671528,,,OR666599.1,,,RSVB/20200328/BJ/CHN/2020.02.17,0,0
PP_002SDG2.1,B.D.E.2,17/02/2020,China,,"Li, F.; Zhu, Y.; Chen, X.","Beijing Children's Hospital, Capital Medical University, Laboratory of Infection and Virology",Homo sapiens,15247,04/11/2023,OR666600.1,Automated Ingest from INSDC/NCBI Virus by Loculus,OPEN,https://pathoplexus.org/about/terms-of-use/open-data,,1,,,OR666600.1,,,RSVB/20200329/BJ/CHN/2020.02.17,0,0
PP_002SDHZ.1,B.D.4.1.1,19/02/2020,China,,"Li, F.; Zhu, Y.; Chen, X.","Beijing Children's Hospital, Capital Medical University, Laboratory of Infection and Virology",Homo sapiens,15249,04/11/2023,OR666601.1,Automated Ingest from INSDC/NCBI Virus by Loculus,OPEN,https://pathoplexus.org/about/terms-of-use/open-data,,1,,,OR666601.1,,,RSVB/20200337/BJ/CHN/2020.02.19,0,0
PP_002SDKV.1,B.D.4.1.1,30/10/2020,China,,"Li, F.; Zhu, Y.; Chen, X.","Beijing Children's Hospital, Capital Medical University, Laboratory of Infection and Virology",Homo sapiens,15275,04/11/2023,OR666603.1,Automated Ingest from INSDC/NCBI Virus by Loculus,OPEN,https://pathoplexus.org/about/terms-of-use/open-data,,1,,,OR666603.1,,,RSVB/20200700/BJ/CHN/2020.10.30,0,0
PP_002SDLT.1,B.D.4.1.1,27/11/2020,China,,"Li, F.; Zhu, Y.; Chen, X.","Beijing Children's Hospital, Capital Medical University, Laboratory of Infection and Virology",Homo sapiens,15156,04/11/2023,OR666604.1,Automated Ingest from INSDC/NCBI Virus by Loculus,OPEN,https://pathoplexus.org/about/terms-of-use/open-data,,0.99566417,,,OR666604.1,,,RSVB/20200729/BJ/CHN/2020.11.27,0,0
PP_002SDNP.1,B.D.E.2,01/12/2020,China,,"Li, F.; Zhu, Y.; Chen, X.","Beijing Children's Hospital, Capital Medical University, Laboratory of Infection and Virology",Homo sapiens,15275,04/11/2023,OR666606.1,Automated Ingest from INSDC/NCBI Virus by Loculus,OPEN,https://pathoplexus.org/about/terms-of-use/open-data,,1,,,OR666606.1,,,RSVB/20200739/BJ/CHN/2020.12.01,0,0
PP_002SDQK.1,B.D.4.1.1,01/12/2020,China,,"Li, F.; Zhu, Y.; Chen, X.","Beijing Children's Hospital, Capital Medical University, Laboratory of Infection and Virology",Homo sapiens,15224,04/11/2023,OR666608.1,Automated Ingest from INSDC/NCBI Virus by Loculus,OPEN,https://pathoplexus.org/about/terms-of-use/open-data,,0.999671528,,,OR666608.1,,,RSVB/20200741/BJ/CHN/2020.12.01,0,0
PP_002ST68.1,B.D.1,13/02/2008,Germany,,"Kondgen, S.; Reiche, J.",Robert Koch Institut,Homo sapiens,15051,13/02/2024,OR795209.1,Automated Ingest from INSDC/NCBI Virus by Loculus,OPEN,https://pathoplexus.org/about/terms-of-use/open-data,,0.987320983,,,OR795209.1,,,hRSV/B/Germany/08-01479/2008,0,22
PP_002STCW.1,B.D.4.1.1,28/01/2019,Germany,,"Kondgen, S.; Reiche, J.",Robert Koch Institut,Homo sapiens,15078,13/02/2024,OR795215.1,Automated Ingest from INSDC/NCBI Virus by Loculus,OPEN,https://pathoplexus.org/about/terms-of-use/open-data,,0.990540008,,,OR795215.1,,,hRSV/B/Germany/19-01872/2019,0,0
PP_002STTZ.1,B.D.E.1,17/06/2021,Germany,,"Kondgen, S.; Reiche, J.",Robert Koch Institut,Homo sapiens,15174,13/02/2024,OR795230.1,Automated Ingest from INSDC/NCBI Virus by Loculus,OPEN,https://pathoplexus.org/about/terms-of-use/open-data,,0.996649586,,,OR795230.1,,,hRSV/B/Germany/21-06291/2021,0,0
PP_002STZM.1,B.D.E.1,03/10/2021,Germany,,"Kondgen, S.; Reiche, J.",Robert Koch Institut,Homo sapiens,15257,13/02/2024,OR795236.1,Automated Ingest from INSDC/NCBI Virus by Loculus,OPEN,https://pathoplexus.org/about/terms-of-use/open-data,,0.999343056,,,OR795236.1,,,hRSV/B/Germany/22-00142/2021,0,0
PP_002SU0K.1,B.D.4.1.1,04/10/2021,Germany,,"Kondgen, S.; Reiche, J.",Robert Koch Institut,Homo sapiens,15265,13/02/2024,OR795237.1,Automated Ingest from INSDC/NCBI Virus by Loculus,OPEN,https://pathoplexus.org/about/terms-of-use/open-data,,1,,,OR795237.1,,,hRSV/B/Germany/22-00161/2021,0,0
PP_002SU3D.1,B.D.4.1.1,13/10/2021,Germany,,"Kondgen, S.; Reiche, J.",Robert Koch Institut,Homo sapiens,15211,13/02/2024,OR795240.1,Automated Ingest from INSDC/NCBI Virus by Loculus,OPEN,https://pathoplexus.org/about/terms-of-use/open-data,,0.999277362,,,OR795240.1,,,hRSV/B/Germany/22-00430/2021,0,0
PP_002SU4B.1,B.D.E.1,19/10/2021,Germany,,"Kondgen, S.; Reiche, J.",Robert Koch Institut,Homo sapiens,15270,13/02/2024,OR795241.1,Automated Ingest from INSDC/NCBI Virus by Loculus,OPEN,https://pathoplexus.org/about/terms-of-use/open-data,,1,,,OR795241.1,,,hRSV/B/Germany/22-00578/2021,0,0
PP_002SU59.1,B.D.E.1,18/10/2021,Germany,,"Kondgen, S.; Reiche, J.",Robert Koch Institut,Homo sapiens,15258,13/02/2024,OR795242.1,Automated Ingest from INSDC/NCBI Virus by Loculus,OPEN,https://pathoplexus.org/about/terms-of-use/open-data,,0.999343056,,,OR795242.1,,,hRSV/B/Germany/22-00642/2021,0,0
PP_002SU83.1,B.D.E.1,22/10/2021,Germany,,"Kondgen, S.; Reiche, J.",Robert Koch Institut,Homo sapiens,15253,13/02/2024,OR795245.1,Automated Ingest from INSDC/NCBI Virus by Loculus,OPEN,https://pathoplexus.org/about/terms-of-use/open-data,,0.999343056,,,OR795245.1,,,hRSV/B/Germany/22-00789/2021,0,0
PP_002SUGM.1,B.D.E.1,12/11/2021,Germany,,"Kondgen, S.; Reiche, J.",Robert Koch Institut,Homo sapiens,15218,13/02/2024,OR795253.1,Automated Ingest from INSDC/NCBI Virus by Loculus,OPEN,https://pathoplexus.org/about/terms-of-use/open-data,,0.999343056,,,OR795253.1,,,hRSV/B/Germany/22-01518/2021,0,0
PP_002SUHJ.1,B.D.E.1,15/11/2021,Germany,,"Kondgen, S.; Reiche, J.",Robert Koch Institut,Homo sapiens,15259,13/02/2024,OR795254.1,Automated Ingest from INSDC/NCBI Virus by Loculus,OPEN,https://pathoplexus.org/about/terms-of-use/open-data,,0.99940875,,,OR795254.1,,,hRSV/B/Germany/22-01633/2021,0,0
PP_002SUKE.1,B.D.E.1,15/11/2021,Germany,,"Kondgen, S.; Reiche, J.",Robert Koch Institut,Homo sapiens,15221,13/02/2024,OR795256.1,Automated Ingest from INSDC/NCBI Virus by Loculus,OPEN,https://pathoplexus.org/about/terms-of-use/open-data,,0.999343056,,,OR795256.1,,,hRSV/B/Germany/22-01785/2021,0,0
PP_002SULC.1,B.D.E.1,25/11/2021,Germany,,"Kondgen, S.; Reiche, J.",Robert Koch Institut,Homo sapiens,15259,13/02/2024,OR795257.1,Automated Ingest from INSDC/NCBI Virus by Loculus,OPEN,https://pathoplexus.org/about/terms-of-use/open-data,,0.99940875,,,OR795257.1,,,hRSV/B/Germany/22-01932/2021,0,0
PP_002SUMA.1,B.D.4.1.1,21/11/2021,Germany,,"Kondgen, S.; Reiche, J.",Robert Koch Institut,Homo sapiens,15211,13/02/2024,OR795258.1,Automated Ingest from INSDC/NCBI Virus by Loculus,OPEN,https://pathoplexus.org/about/terms-of-use/open-data,,0.999277362,,,OR795258.1,,,hRSV/B/Germany/22-01996/2021,0,0
PP_002SUTY.1,B.D.E.1,17/10/2022,Germany,,"Kondgen, S.; Reiche, J.",Robert Koch Institut,Homo sapiens,15222,13/02/2024,OR795264.1,Automated Ingest from INSDC/NCBI Virus by Loculus,OPEN,https://pathoplexus.org/about/terms-of-use/open-data,,0.999343056,,,OR795264.1,,,hRSV/B/Germany/23-00307/2022,0,0
PP_002SUZL.1,B.D.E.1,07/11/2022,Germany,,"Kondgen, S.; Reiche, J.",Robert Koch Institut,Homo sapiens,15258,13/02/2024,OR795270.1,Automated Ingest from INSDC/NCBI Virus by Loculus,OPEN,https://pathoplexus.org/about/terms-of-use/open-data,,0.999343056,,,OR795270.1,,,hRSV/B/Germany/23-00758/2022,0,0
PP_002SV66.1,B.D.E.1,16/11/2022,Germany,,"Kondgen, S.; Reiche, J.",Robert Koch Institut,Homo sapiens,15222,13/02/2024,OR795277.1,Automated Ingest from INSDC/NCBI Virus by Loculus,OPEN,https://pathoplexus.org/about/terms-of-use/open-data,,0.999343056,,,OR795277.1,,,hRSV/B/Germany/23-01129/2022,0,0
PP_002SVGL.1,B.D.E.1,25/11/2022,Germany,,"Kondgen, S.; Reiche, J.",Robert Koch Institut,Homo sapiens,15063,13/02/2024,OR795287.1,Automated Ingest from INSDC/NCBI Virus by Loculus,OPEN,https://pathoplexus.org/about/terms-of-use/open-data,,0.989620286,,,OR795287.1,,,hRSV/B/Germany/23-01675/2022,0,0
PP_002SVKD.1,B.D.E.1,02/12/2022,Germany,,"Kondgen, S.; Reiche, J.",Robert Koch Institut,Homo sapiens,15268,13/02/2024,OR795290.1,Automated Ingest from INSDC/NCBI Virus by Loculus,OPEN,https://pathoplexus.org/about/terms-of-use/open-data,,1,,,OR795290.1,,,hRSV/B/Germany/23-02179/2022,0,0
PP_002T3GA.1,B.D.E.1,26/10/2022,USA,,"Lauring, A. S.; Papalambros, L. K.","University Of Michigan, Internal Medicine - Infectious Disease",Homo sapiens,14978,26/12/2023,OR915811.1,Automated Ingest from INSDC/NCBI Virus by Loculus,OPEN,https://pathoplexus.org/about/terms-of-use/open-data,,0.983247931,,,OR915811.1,,,hRSV-B-HCV10916,0,13
PP_002T44Z.1,B.D.E.1,10/09/2021,USA,,"Lauring, A. S.; Papalambros, L. K.","University Of Michigan, Internal Medicine - Infectious Disease",Homo sapiens,15147,26/12/2023,OR915833.1,Automated Ingest from INSDC/NCBI Virus by Loculus,OPEN,https://pathoplexus.org/about/terms-of-use/open-data,,0.994941532,,,OR915833.1,,,hRSV-B-HS9521,0,0
PP_002T4BK.1,B.D.E.1,11/11/2021,USA,,"Lauring, A. S.; Papalambros, L. K.","University Of Michigan, Internal Medicine - Infectious Disease",Homo sapiens,15147,26/12/2023,OR915840.1,Automated Ingest from INSDC/NCBI Virus by Loculus,OPEN,https://pathoplexus.org/about/terms-of-use/open-data,,0.987846538,,,OR915840.1,,,hRSV-B-HS10574,0,108
PP_002T4SN.1,B.D.E.5,09/11/2022,USA,"Oregon,Washington County","Frazar, C. D.; Lee, J.; Ryke, E.; Gamboa, L.; McDermot, E.; Kolar, T.; Han, P. D.; Sibley, T. R.; Reinhart, D.; Grindstaff, S.; Truong, M.; Babu, T. M.; Feldstein, L. R.; Saydah, S.; Briggs-Hagen, M.; Casto, A.; Ehmen, B.; Englund, J. A.; Fortmann, S. P.; Kuntz, J. L.; Lockwood, T.; Midgley, C. M.; Mularski, R. A.; Ogilvie, T.; Reich, S.; Schmidt, M. A.; Smith, N.; Starita, L.; Stone, J.; Vandermeer, M.; Weil, A. A.; Wolf, C. R.; Chu, H. Y.; Naleway, A. L.",The Brotman Baty Institute for Precision Medicine,Homo sapiens,15130,09/01/2024,OR975316.1,Automated Ingest from INSDC/NCBI Virus by Loculus,OPEN,https://pathoplexus.org/about/terms-of-use/open-data,SAMN38840543,0.98653265,,,OR975316.1,,,RSV-B/human/USA/OR-S24238/2022,0,113
PP_002T55W.1,B.D.E.4,17/08/2022,Australia,,"Steinig JOACHIM, E.","VIDRL, Translational Diagnostics, 792 Elizabeth St, Melbourne VIC 3004",Homo sapiens,15073,06/11/2023,OY757627.1,Automated Ingest from INSDC/NCBI Virus by Loculus,OPEN,https://pathoplexus.org/about/terms-of-use/open-data,SAMEA114578722,0.992707923,,,OY757627.1,,,DW-RAT-043,0,0
PP_002T5G8.1,B.D.E.1.2,16/01/2024,Switzerland,BS,,"ETH Zurich, Computational Evolution group, Mattenstrasse 26",Homo sapiens,15206,20/12/2024,OZ211295.1,Automated Ingest from INSDC/NCBI Virus by Loculus,OPEN,https://pathoplexus.org/about/terms-of-use/open-data,SAMEA117552769,0.999605834,,,OZ211295.1,ERR14088407,,Respiratory swabs,0,6
PP_002T5VF.1,B.D.E.1.2,22/10/2023,USA,"Washington,Snohomish County","Frazar, C. D.; Lee, J.; Ryke, E.; Gamboa, L.; McDermot, E.; Kolar, T.; Han, P. D.; Sibley, T. R.; Reinhart, D.; Grindstaff, S.; Truong, M.; Babu, T. M.; Feldstein, L. R.; Saydah, S.; Briggs-Hagen, M.; Casto, A.; Ehmen, B.; Englund, J. A.; Fortmann, S. P.; Kuntz, J. L.; Lockwood, T.; Midgley, C. M.; Mularski, R. A.; Ogilvie, T.; Reich, S.; Schmidt, M. A.; Smith, N.; Starita, L.; Stone, J.; Vandermeer, M.; Weil, A. A.; Wolf, C. R.; Chu, H. Y.; Naleway, A. L.",The Brotman Baty Institute for Precision Medicine,Homo sapiens,15195,23/01/2024,PP084063.1,Automated Ingest from INSDC/NCBI Virus by Loculus,OPEN,https://pathoplexus.org/about/terms-of-use/open-data,SAMN39257617,0.998029168,,,PP084063.1,,,RSV-B/human/USA/WA-S24499/2023,0,0
PP_002T5WD.1,B.D.E.1,31/10/2023,USA,"Washington,King County","Frazar, C. D.; Lee, J.; Ryke, E.; Gamboa, L.; McDermot, E.; Kolar, T.; Han, P. D.; Sibley, T. R.; Reinhart, D.; Grindstaff, S.; Truong, M.; Babu, T. M.; Feldstein, L. R.; Saydah, S.; Briggs-Hagen, M.; Casto, A.; Ehmen, B.; Englund, J. A.; Fortmann, S. P.; Kuntz, J. L.; Lockwood, T.; Midgley, C. M.; Mularski, R. A.; Ogilvie, T.; Reich, S.; Schmidt, M. A.; Smith, N.; Starita, L.; Stone, J.; Vandermeer, M.; Weil, A. A.; Wolf, C. R.; Chu, H. Y.; Naleway, A. L.",The Brotman Baty Institute for Precision Medicine,Homo sapiens,14983,23/01/2024,PP084064.1,Automated Ingest from INSDC/NCBI Virus by Loculus,OPEN,https://pathoplexus.org/about/terms-of-use/open-data,SAMN39257618,0.975693076,,,PP084064.1,,,RSV-B/human/USA/WA-S24500/2023,0,132
PP_002T65V.1,B.D.E.6,12/11/2023,USA,"Washington,King County","Frazar, C. D.; Lee, J.; Ryke, E.; Gamboa, L.; McDermot, E.; Kolar, T.; Han, P. D.; Sibley, T. R.; Reinhart, D.; Grindstaff, S.; Truong, M.; Babu, T. M.; Feldstein, L. R.; Saydah, S.; Briggs-Hagen, M.; Casto, A.; Ehmen, B.; Englund, J. A.; Fortmann, S. P.; Kuntz, J. L.; Lockwood, T.; Midgley, C. M.; Mularski, R. A.; Ogilvie, T.; Reich, S.; Schmidt, M. A.; Smith, N.; Starita, L.; Stone, J.; Vandermeer, M.; Weil, A. A.; Wolf, C. R.; Chu, H. Y.; Naleway, A. L.",The Brotman Baty Institute for Precision Medicine,Homo sapiens,15194,23/01/2024,PP084073.1,Automated Ingest from INSDC/NCBI Virus by Loculus,OPEN,https://pathoplexus.org/about/terms-of-use/open-data,SAMN39257627,0.998029168,,,PP084073.1,,,RSV-B/human/USA/WA-S24509/2023,0,0
PP_002T6CF.1,B.D.E.1,14/11/2023,USA,"Washington,King County","Frazar, C. D.; Lee, J.; Ryke, E.; Gamboa, L.; McDermot, E.; Kolar, T.; Han, P. D.; Sibley, T. R.; Reinhart, D.; Grindstaff, S.; Truong, M.; Babu, T. M.; Feldstein, L. R.; Saydah, S.; Briggs-Hagen, M.; Casto, A.; Ehmen, B.; Englund, J. A.; Fortmann, S. P.; Kuntz, J. L.; Lockwood, T.; Midgley, C. M.; Mularski, R. A.; Ogilvie, T.; Reich, S.; Schmidt, M. A.; Smith, N.; Starita, L.; Stone, J.; Vandermeer, M.; Weil, A. A.; Wolf, C. R.; Chu, H. Y.; Naleway, A. L.",The Brotman Baty Institute for Precision Medicine,Homo sapiens,15202,23/01/2024,PP084080.1,Automated Ingest from INSDC/NCBI Virus by Loculus,OPEN,https://pathoplexus.org/about/terms-of-use/open-data,SAMN39257634,0.996780975,,,PP084080.1,,,RSV-B/human/USA/WA-S24516/2023,0,19
PP_002T6DD.1,B.D.E.1,14/11/2023,USA,"Oregon,Washington County","Frazar, C. D.; Lee, J.; Ryke, E.; Gamboa, L.; McDermot, E.; Kolar, T.; Han, P. D.; Sibley, T. R.; Reinhart, D.; Grindstaff, S.; Truong, M.; Babu, T. M.; Feldstein, L. R.; Saydah, S.; Briggs-Hagen, M.; Casto, A.; Ehmen, B.; Englund, J. A.; Fortmann, S. P.; Kuntz, J. L.; Lockwood, T.; Midgley, C. M.; Mularski, R. A.; Ogilvie, T.; Reich, S.; Schmidt, M. A.; Smith, N.; Starita, L.; Stone, J.; Vandermeer, M.; Weil, A. A.; Wolf, C. R.; Chu, H. Y.; Naleway, A. L.",The Brotman Baty Institute for Precision Medicine,Homo sapiens,15099,23/01/2024,PP084081.1,Automated Ingest from INSDC/NCBI Virus by Loculus,OPEN,https://pathoplexus.org/about/terms-of-use/open-data,SAMN39257635,0.98219682,,,PP084081.1,,,RSV-B/human/USA/OR-S24517/2023,0,150
PP_002TBTD.1,B.D.E.1,14/08/2023,USA,Minnesota,"Kunerth, H. D.; Plumb, M.; Namugenyi, S.; Evans, D.; Wang, X.","Minnesota Department of Health, Public Health Laboratory - Infectious Disease Lab",Homo sapiens,15141,28/01/2024,PP135011.1,Automated Ingest from INSDC/NCBI Virus by Loculus,OPEN,https://pathoplexus.org/about/terms-of-use/open-data,SAMN39196311,0.958809618,,,PP135011.1,SRR27382927,,MN-MDH-RSVB-00015,0,543
PP_002TD9E.1,B.D.E.1,07/10/2023,USA,Minnesota,"Kunerth, H. D.; Plumb, M.; Namugenyi, S.; Evans, D.; Wang, X.","Minnesota Department of Health, Public Health Laboratory - Infectious Disease Lab",Homo sapiens,15139,19/02/2024,PP237806.1,Automated Ingest from INSDC/NCBI Virus by Loculus,OPEN,https://pathoplexus.org/about/terms-of-use/open-data,SAMN39578650,0.976678492,,,PP237806.1,SRR27700130,,MN-MDH-RSVB-00060,0,271
PP_002TDBA.1,B.D.E.1,07/10/2023,USA,Minnesota,"Kunerth, H. D.; Plumb, M.; Namugenyi, S.; Evans, D.; Wang, X.","Minnesota Department of Health, Public Health Laboratory - Infectious Disease Lab",Homo sapiens,15141,19/02/2024,PP237808.1,Automated Ingest from INSDC/NCBI Virus by Loculus,OPEN,https://pathoplexus.org/about/terms-of-use/open-data,SAMN39578652,0.976284325,,,PP237808.1,SRR27700128,,MN-MDH-RSVB-00063,0,277
PP_002TDX3.1,B.D.E.6,26/11/2023,USA,"Washington, King County","Frazar, C. D.; Lee, J.; Ryke, E.; Gamboa, L.; McDermot, E.; Kolar, T.; Han, P. D.; Sibley, T. R.; Reinhart, D.; Grindstaff, S.; Truong, M.; Babu, T. M.; Feldstein, L. R.; Saydah, S.; Briggs-Hagen, M.; Casto, A.; Ehmen, B.; Englund, J. A.; Fortmann, S. P.; Kuntz, J. L.; Lockwood, T.; Midgley, C. M.; Mularski, R. A.; Ogilvie, T.; Opsahl, J.; Reich, S.; Rodriguez-Salas, L.; Schmidt, M. A.; Smith, N.; Starita, L.; Stone, J.; Vandermeer, M.; Weil, A. A.; Wolf, C. R.; Chu, H. Y.; Naleway, A. L.",The Brotman Baty Institute for Precision Medicine,Homo sapiens,15187,26/02/2024,PP342452.1,Automated Ingest from INSDC/NCBI Virus by Loculus,OPEN,https://pathoplexus.org/about/terms-of-use/open-data,SAMN39956772,0.990474313,,,PP342452.1,,,RSV-B/human/USA/WA-S24712/2023,0,108
PP_002TEAB.1,B.D.E.6,03/12/2023,USA,"Washington, King County","Frazar, C. D.; Lee, J.; Ryke, E.; Gamboa, L.; McDermot, E.; Kolar, T.; Han, P. D.; Sibley, T. R.; Reinhart, D.; Grindstaff, S.; Truong, M.; Babu, T. M.; Feldstein, L. R.; Saydah, S.; Briggs-Hagen, M.; Casto, A.; Ehmen, B.; Englund, J. A.; Fortmann, S. P.; Kuntz, J. L.; Lockwood, T.; Midgley, C. M.; Mularski, R. A.; Ogilvie, T.; Opsahl, J.; Reich, S.; Rodriguez-Salas, L.; Schmidt, M. A.; Smith, N.; Starita, L.; Stone, J.; Vandermeer, M.; Weil, A. A.; Wolf, C. R.; Chu, H. Y.; Naleway, A. L.",The Brotman Baty Institute for Precision Medicine,Homo sapiens,15157,26/02/2024,PP342465.1,Automated Ingest from INSDC/NCBI Virus by Loculus,OPEN,https://pathoplexus.org/about/terms-of-use/open-data,SAMN39956785,0.995401393,,,PP342465.1,,,RSV-B/human/USA/WA-S24725/2023,0,3
PP_002TEGZ.1,B.D.E.1,04/12/2023,USA,"Oregon, Multnomah County","Frazar, C. D.; Lee, J.; Ryke, E.; Gamboa, L.; McDermot, E.; Kolar, T.; Han, P. D.; Sibley, T. R.; Reinhart, D.; Grindstaff, S.; Truong, M.; Babu, T. M.; Feldstein, L. R.; Saydah, S.; Briggs-Hagen, M.; Casto, A.; Ehmen, B.; Englund, J. A.; Fortmann, S. P.; Kuntz, J. L.; Lockwood, T.; Midgley, C. M.; Mularski, R. A.; Ogilvie, T.; Opsahl, J.; Reich, S.; Rodriguez-Salas, L.; Schmidt, M. A.; Smith, N.; Starita, L.; Stone, J.; Vandermeer, M.; Weil, A. A.; Wolf, C. R.; Chu, H. Y.; Naleway, A. L.",The Brotman Baty Institute for Precision Medicine,Homo sapiens,15193,26/02/2024,PP342471.1,Automated Ingest from INSDC/NCBI Virus by Loculus,OPEN,https://pathoplexus.org/about/terms-of-use/open-data,SAMN39956791,0.993693339,,,PP342471.1,,,RSV-B/human/USA/OR-S24731/2023,0,64
PP_002TF4N.1,B.D.E.6,14/12/2023,USA,"Washington, King County","Frazar, C. D.; Lee, J.; Ryke, E.; Gamboa, L.; McDermot, E.; Kolar, T.; Han, P. D.; Sibley, T. R.; Reinhart, D.; Grindstaff, S.; Truong, M.; Babu, T. M.; Feldstein, L. R.; Saydah, S.; Briggs-Hagen, M.; Casto, A.; Ehmen, B.; Englund, J. A.; Fortmann, S. P.; Kuntz, J. L.; Lockwood, T.; Midgley, C. M.; Mularski, R. A.; Ogilvie, T.; Opsahl, J.; Reich, S.; Rodriguez-Salas, L.; Schmidt, M. A.; Smith, N.; Starita, L.; Stone, J.; Vandermeer, M.; Weil, A. A.; Wolf, C. R.; Chu, H. Y.; Naleway, A. L.",The Brotman Baty Institute for Precision Medicine,Homo sapiens,15192,26/02/2024,PP342493.1,Automated Ingest from INSDC/NCBI Virus by Loculus,OPEN,https://pathoplexus.org/about/terms-of-use/open-data,SAMN39956813,0.99789778,,,PP342493.1,,,RSV-B/human/USA/WA-S24753/2023,0,0
PP_002TG2R.2,B.D.4.1.1,2018-01,USA,,"Rios Guzman, E.; Simons, L. M.; Dean, T. J.; Agnes, F.; Pawlowski, A.; Alisoltanidehkordi, A.; Nam, H. H.; Ison, M. G.; Ozer, E. A.; Lorenzo-Redondo, R.; Hultquist, J. F.","Northwestern University, Medicine",Homo sapiens,15255,27/02/2024,PP352391.1,Automated Ingest from INSDC/NCBI Virus by Loculus,OPEN,https://pathoplexus.org/about/terms-of-use/open-data,,0.999868611,,,PP352391.1,,,RSV-B/human/USA/IL-NM-RSV039/2018,0,0
PP_002TG5K.2,B.D.4.1,2019-01,USA,,"Rios Guzman, E.; Simons, L. M.; Dean, T. J.; Agnes, F.; Pawlowski, A.; Alisoltanidehkordi, A.; Nam, H. H.; Ison, M. G.; Ozer, E. A.; Lorenzo-Redondo, R.; Hultquist, J. F.","Northwestern University, Medicine",Homo sapiens,15254,27/02/2024,PP352394.1,Automated Ingest from INSDC/NCBI Virus by Loculus,OPEN,https://pathoplexus.org/about/terms-of-use/open-data,,0.999868611,,,PP352394.1,,,RSV-B/human/USA/IL-NM-RSV067/2019,0,0
PP_002TG9B.2,B.D.4.1.1,2018-03,USA,,"Rios Guzman, E.; Simons, L. M.; Dean, T. J.; Agnes, F.; Pawlowski, A.; Alisoltanidehkordi, A.; Nam, H. H.; Ison, M. G.; Ozer, E. A.; Lorenzo-Redondo, R.; Hultquist, J. F.","Northwestern University, Medicine",Homo sapiens,15265,27/02/2024,PP352398.1,Automated Ingest from INSDC/NCBI Virus by Loculus,OPEN,https://pathoplexus.org/about/terms-of-use/open-data,,1,,,PP352398.1,,,RSV-B/human/USA/IL-NM-RSV109/2018,0,0
PP_002TGE1.2,B.D.4.1.1,2018-04,USA,,"Rios Guzman, E.; Simons, L. M.; Dean, T. J.; Agnes, F.; Pawlowski, A.; Alisoltanidehkordi, A.; Nam, H. H.; Ison, M. G.; Ozer, E. A.; Lorenzo-Redondo, R.; Hultquist, J. F.","Northwestern University, Medicine",Homo sapiens,15261,27/02/2024,PP352403.1,Automated Ingest from INSDC/NCBI Virus by Loculus,OPEN,https://pathoplexus.org/about/terms-of-use/open-data,,1,,,PP352403.1,,,RSV-B/human/USA/IL-NM-RSV127/2018,0,0
PP_002TGQE.2,B.D.4.1.1,2019-02,USA,,"Rios Guzman, E.; Simons, L. M.; Dean, T. J.; Agnes, F.; Pawlowski, A.; Alisoltanidehkordi, A.; Nam, H. H.; Ison, M. G.; Ozer, E. A.; Lorenzo-Redondo, R.; Hultquist, J. F.","Northwestern University, Medicine",Homo sapiens,15261,27/02/2024,PP352413.1,Automated Ingest from INSDC/NCBI Virus by Loculus,OPEN,https://pathoplexus.org/about/terms-of-use/open-data,,1,,,PP352413.1,,,RSV-B/human/USA/IL-NM-RSV164/2019,0,0
PP_002TGT8.2,B.D.4.1.1,2018-02,USA,,"Rios Guzman, E.; Simons, L. M.; Dean, T. J.; Agnes, F.; Pawlowski, A.; Alisoltanidehkordi, A.; Nam, H. H.; Ison, M. G.; Ozer, E. A.; Lorenzo-Redondo, R.; Hultquist, J. F.","Northwestern University, Medicine",Homo sapiens,15264,27/02/2024,PP352416.1,Automated Ingest from INSDC/NCBI Virus by Loculus,OPEN,https://pathoplexus.org/about/terms-of-use/open-data,,1,,,PP352416.1,,,RSV-B/human/USA/IL-NM-RSV177/2018,0,0
PP_002TGX0.2,B.D.4.1.1,2020-01,USA,,"Rios Guzman, E.; Simons, L. M.; Dean, T. J.; Agnes, F.; Pawlowski, A.; Alisoltanidehkordi, A.; Nam, H. H.; Ison, M. G.; Ozer, E. A.; Lorenzo-Redondo, R.; Hultquist, J. F.","Northwestern University, Medicine",Homo sapiens,15258,27/02/2024,PP352420.1,Automated Ingest from INSDC/NCBI Virus by Loculus,OPEN,https://pathoplexus.org/about/terms-of-use/open-data,,1,,,PP352420.1,,,RSV-B/human/USA/IL-NM-RSV208/2020,0,0
PP_002THC4.2,B.D.4.1.1,2018-04,USA,,"Rios Guzman, E.; Simons, L. M.; Dean, T. J.; Agnes, F.; Pawlowski, A.; Alisoltanidehkordi, A.; Nam, H. H.; Ison, M. G.; Ozer, E. A.; Lorenzo-Redondo, R.; Hultquist, J. F.","Northwestern University, Medicine",Homo sapiens,15258,27/02/2024,PP352435.1,Automated Ingest from INSDC/NCBI Virus by Loculus,OPEN,https://pathoplexus.org/about/terms-of-use/open-data,,1,,,PP352435.1,,,RSV-B/human/USA/IL-NM-RSV292/2018,0,0
PP_002THT7.2,B.D.E.1,2021-11,USA,,"Rios Guzman, E.; Simons, L. M.; Dean, T. J.; Agnes, F.; Pawlowski, A.; Alisoltanidehkordi, A.; Nam, H. H.; Ison, M. G.; Ozer, E. A.; Lorenzo-Redondo, R.; Hultquist, J. F.","Northwestern University, Medicine",Homo sapiens,15260,27/02/2024,PP352450.1,Automated Ingest from INSDC/NCBI Virus by Loculus,OPEN,https://pathoplexus.org/about/terms-of-use/open-data,,1,,,PP352450.1,,,RSV-B/human/USA/IL-NM-RSV326/2021,0,0
PP_002THW1.2,B.D.E.1,2021-10,USA,,"Rios Guzman, E.; Simons, L. M.; Dean, T. J.; Agnes, F.; Pawlowski, A.; Alisoltanidehkordi, A.; Nam, H. H.; Ison, M. G.; Ozer, E. A.; Lorenzo-Redondo, R.; Hultquist, J. F.","Northwestern University, Medicine",Homo sapiens,15260,27/02/2024,PP352453.1,Automated Ingest from INSDC/NCBI Virus by Loculus,OPEN,https://pathoplexus.org/about/terms-of-use/open-data,,1,,,PP352453.1,,,RSV-B/human/USA/IL-NM-RSV333/2021,0,0
PP_002TJ0T.2,B.D.E.1,2021-11,USA,,"Rios Guzman, E.; Simons, L. M.; Dean, T. J.; Agnes, F.; Pawlowski, A.; Alisoltanidehkordi, A.; Nam, H. H.; Ison, M. G.; Ozer, E. A.; Lorenzo-Redondo, R.; Hultquist, J. F.","Northwestern University, Medicine",Homo sapiens,15255,27/02/2024,PP352457.1,Automated Ingest from INSDC/NCBI Virus by Loculus,OPEN,https://pathoplexus.org/about/terms-of-use/open-data,,1,,,PP352457.1,,,RSV-B/human/USA/IL-NM-RSV341/2021,0,0
PP_002TJ2P.2,B.D.E.1,2021-11,USA,,"Rios Guzman, E.; Simons, L. M.; Dean, T. J.; Agnes, F.; Pawlowski, A.; Alisoltanidehkordi, A.; Nam, H. H.; Ison, M. G.; Ozer, E. A.; Lorenzo-Redondo, R.; Hultquist, J. F.","Northwestern University, Medicine",Homo sapiens,15258,27/02/2024,PP352459.1,Automated Ingest from INSDC/NCBI Virus by Loculus,OPEN,https://pathoplexus.org/about/terms-of-use/open-data,,0.999868611,,,PP352459.1,,,RSV-B/human/USA/IL-NM-RSV345/2021,0,0
PP_002TJ8B.2,B.D.E.1,2021-12,USA,,"Rios Guzman, E.; Simons, L. M.; Dean, T. J.; Agnes, F.; Pawlowski, A.; Alisoltanidehkordi, A.; Nam, H. H.; Ison, M. G.; Ozer, E. A.; Lorenzo-Redondo, R.; Hultquist, J. F.","Northwestern University, Medicine",Homo sapiens,15256,27/02/2024,PP352465.1,Automated Ingest from INSDC/NCBI Virus by Loculus,OPEN,https://pathoplexus.org/about/terms-of-use/open-data,,0.999934306,,,PP352465.1,,,RSV-B/human/USA/IL-NM-RSV356/2021,0,0
PP_002TJB5.2,B.D.E.1,2021-12,USA,,"Rios Guzman, E.; Simons, L. M.; Dean, T. J.; Agnes, F.; Pawlowski, A.; Alisoltanidehkordi, A.; Nam, H. H.; Ison, M. G.; Ozer, E. A.; Lorenzo-Redondo, R.; Hultquist, J. F.","Northwestern University, Medicine",Homo sapiens,15245,27/02/2024,PP352468.1,Automated Ingest from INSDC/NCBI Virus by Loculus,OPEN,https://pathoplexus.org/about/terms-of-use/open-data,,0.96932072,,,PP352468.1,,,RSV-B/human/USA/IL-NM-RSV360/2021,0,460
PP_002TJD1.2,B.D.E.1,2021-12,USA,,"Rios Guzman, E.; Simons, L. M.; Dean, T. J.; Agnes, F.; Pawlowski, A.; Alisoltanidehkordi, A.; Nam, H. H.; Ison, M. G.; Ozer, E. A.; Lorenzo-Redondo, R.; Hultquist, J. F.","Northwestern University, Medicine",Homo sapiens,15254,27/02/2024,PP352470.1,Automated Ingest from INSDC/NCBI Virus by Loculus,OPEN,https://pathoplexus.org/about/terms-of-use/open-data,,1,,,PP352470.1,,,RSV-B/human/USA/IL-NM-RSV366/2021,0,0
PP_002TJJQ.2,B.D.E.1,2021-12,USA,,"Rios Guzman, E.; Simons, L. M.; Dean, T. J.; Agnes, F.; Pawlowski, A.; Alisoltanidehkordi, A.; Nam, H. H.; Ison, M. G.; Ozer, E. A.; Lorenzo-Redondo, R.; Hultquist, J. F.","Northwestern University, Medicine",Homo sapiens,15246,27/02/2024,PP352475.1,Automated Ingest from INSDC/NCBI Virus by Loculus,OPEN,https://pathoplexus.org/about/terms-of-use/open-data,,0.999474445,,,PP352475.1,,,RSV-B/human/USA/IL-NM-RSV375/2021,0,0
PP_002TJW0.2,B.D.E.1,2022-12,USA,,"Rios Guzman, E.; Simons, L. M.; Dean, T. J.; Agnes, F.; Pawlowski, A.; Alisoltanidehkordi, A.; Nam, H. H.; Ison, M. G.; Ozer, E. A.; Lorenzo-Redondo, R.; Hultquist, J. F.","Northwestern University, Medicine",Homo sapiens,15228,27/02/2024,PP352487.1,Automated Ingest from INSDC/NCBI Virus by Loculus,OPEN,https://pathoplexus.org/about/terms-of-use/open-data,,0.995992642,,,PP352487.1,,,RSV-B/human/USA/IL-NM-RSV509/2022,0,29
PP_002TJYW.2,B.D.E.1,2022-10,USA,,"Rios Guzman, E.; Simons, L. M.; Dean, T. J.; Agnes, F.; Pawlowski, A.; Alisoltanidehkordi, A.; Nam, H. H.; Ison, M. G.; Ozer, E. A.; Lorenzo-Redondo, R.; Hultquist, J. F.","Northwestern University, Medicine",Homo sapiens,15113,27/02/2024,PP352489.1,Automated Ingest from INSDC/NCBI Virus by Loculus,OPEN,https://pathoplexus.org/about/terms-of-use/open-data,,0.990540008,,,PP352489.1,,,RSV-B/human/USA/IL-NM-RSV463/2022,0,0
PP_002TKHR.1,B.D.4.1,01/12/2017,Spain,,"Langedijk, A. C.; Lebbink, R. J.; Bont, L. J.; Evers, A.","UMC Utrecht, Paediatric Infectious Diseases",Homo sapiens,15070,09/04/2024,PP376842.1,Automated Ingest from INSDC/NCBI Virus by Loculus,OPEN,https://pathoplexus.org/about/terms-of-use/open-data,,0.990080147,,,PP376842.1,,,340101018,0,0
PP_002TKKM.1,B.D.4.1.1,10/01/2019,Netherlands,,"Langedijk, A. C.; Lebbink, R. J.; Bont, L. J.; Evers, A.","UMC Utrecht, Paediatric Infectious Diseases",Homo sapiens,15223,09/04/2024,PP376844.1,Automated Ingest from INSDC/NCBI Virus by Loculus,OPEN,https://pathoplexus.org/about/terms-of-use/open-data,,0.999211667,,,PP376844.1,,,310102047,0,0
PP_002TKQB.1,B.D.4.1.1,10/02/2019,Canada,,"Langedijk, A. C.; Lebbink, R. J.; Bont, L. J.; Evers, A.","UMC Utrecht, Paediatric Infectious Diseases",Homo sapiens,15224,09/04/2024,PP376849.1,Automated Ingest from INSDC/NCBI Virus by Loculus,OPEN,https://pathoplexus.org/about/terms-of-use/open-data,,0.999211667,,,PP376849.1,,,10102040,0,0
PP_002TKR9.1,B.D.4.1.1,10/02/2020,Spain,,"Langedijk, A. C.; Lebbink, R. J.; Bont, L. J.; Evers, A.","UMC Utrecht, Paediatric Infectious Diseases",Homo sapiens,15222,09/04/2024,PP376850.1,Automated Ingest from INSDC/NCBI Virus by Loculus,OPEN,https://pathoplexus.org/about/terms-of-use/open-data,,0.999211667,,,PP376850.1,,,340103033,0,0
PP_002TKYV.1,B.D.4.1.1,11/12/2019,Netherlands,,"Langedijk, A. C.; Lebbink, R. J.; Bont, L. J.; Evers, A.","UMC Utrecht, Paediatric Infectious Diseases",Homo sapiens,15222,09/04/2024,PP376857.1,Automated Ingest from INSDC/NCBI Virus by Loculus,OPEN,https://pathoplexus.org/about/terms-of-use/open-data,,0.999211667,,,PP376857.1,,,310103041,0,0
PP_002TL2M.1,B.D.4.1.1,11/03/2019,Germany,,"Langedijk, A. C.; Lebbink, R. J.; Bont, L. J.; Evers, A.","UMC Utrecht, Paediatric Infectious Diseases",Homo sapiens,15223,09/04/2024,PP376861.1,Automated Ingest from INSDC/NCBI Virus by Loculus,OPEN,https://pathoplexus.org/about/terms-of-use/open-data,,0.999211667,,,PP376861.1,,,490102033,0,0
PP_002TLZS.1,B.D.4.1.1,14/12/2018,Netherlands,,"Langedijk, A. C.; Lebbink, R. J.; Bont, L. J.; Evers, A.","UMC Utrecht, Paediatric Infectious Diseases",Homo sapiens,15221,09/04/2024,PP376892.1,Automated Ingest from INSDC/NCBI Virus by Loculus,OPEN,https://pathoplexus.org/about/terms-of-use/open-data,,0.999080279,,,PP376892.1,,,310102026,2,0
PP_002TM7A.1,B.D.4.1.1,15/12/2018,Canada,,"Langedijk, A. C.; Lebbink, R. J.; Bont, L. J.; Evers, A.","UMC Utrecht, Paediatric Infectious Diseases",Homo sapiens,15223,09/04/2024,PP376900.1,Automated Ingest from INSDC/NCBI Virus by Loculus,OPEN,https://pathoplexus.org/about/terms-of-use/open-data,,0.999145973,,,PP376900.1,,,10202018,1,0
PP_002TM88.1,B.D.4.1.1,15/03/2019,Finland,,"Langedijk, A. C.; Lebbink, R. J.; Bont, L. J.; Evers, A.","UMC Utrecht, Paediatric Infectious Diseases",Homo sapiens,15222,09/04/2024,PP376901.1,Automated Ingest from INSDC/NCBI Virus by Loculus,OPEN,https://pathoplexus.org/about/terms-of-use/open-data,,0.999211667,,,PP376901.1,,,358102011,0,0
PP_002TMDY.1,B.D.4.1.1,16/01/2018,Finland,,"Langedijk, A. C.; Lebbink, R. J.; Bont, L. J.; Evers, A.","UMC Utrecht, Paediatric Infectious Diseases",Homo sapiens,15221,09/04/2024,PP376906.1,Automated Ingest from INSDC/NCBI Virus by Loculus,OPEN,https://pathoplexus.org/about/terms-of-use/open-data,,0.999211667,,,PP376906.1,,,358101016,0,0
PP_002TMGS.1,B.D.4.1.1,16/10/2018,United Kingdom,,"Langedijk, A. C.; Lebbink, R. J.; Bont, L. J.; Evers, A.","UMC Utrecht, Paediatric Infectious Diseases",Homo sapiens,15222,09/04/2024,PP376909.1,Automated Ingest from INSDC/NCBI Virus by Loculus,OPEN,https://pathoplexus.org/about/terms-of-use/open-data,,0.999211667,,,PP376909.1,,,440102002,0,0
PP_002TMS5.1,B.D.4.1.1,16/07/2018,Japan,,"Langedijk, A. C.; Lebbink, R. J.; Bont, L. J.; Evers, A.","UMC Utrecht, Paediatric Infectious Diseases",Homo sapiens,15222,09/04/2024,PP376919.1,Automated Ingest from INSDC/NCBI Virus by Loculus,OPEN,https://pathoplexus.org/about/terms-of-use/open-data,,0.999211667,,,PP376919.1,,,810102008,0,0
PP_002TMVZ.1,B.D.4.1.1,17/10/2018,United Kingdom,,"Langedijk, A. C.; Lebbink, R. J.; Bont, L. J.; Evers, A.","UMC Utrecht, Paediatric Infectious Diseases",Homo sapiens,15221,09/04/2024,PP376922.1,Automated Ingest from INSDC/NCBI Virus by Loculus,OPEN,https://pathoplexus.org/about/terms-of-use/open-data,,0.999211667,,,PP376922.1,,,440102003,0,0
PP_002TMZR.1,B.D.4.1.1,17/03/2020,Russia,,"Langedijk, A. C.; Lebbink, R. J.; Bont, L. J.; Evers, A.","UMC Utrecht, Paediatric Infectious Diseases",Homo sapiens,15223,09/04/2024,PP376926.1,Automated Ingest from INSDC/NCBI Virus by Loculus,OPEN,https://pathoplexus.org/about/terms-of-use/open-data,,0.999211667,,,PP376926.1,,,70103043,0,0
PP_002TNHN.1,B.D.4.1.1,18/07/2018,Brazil,,"Langedijk, A. C.; Lebbink, R. J.; Bont, L. J.; Evers, A.","UMC Utrecht, Paediatric Infectious Diseases",Homo sapiens,15222,09/04/2024,PP376944.1,Automated Ingest from INSDC/NCBI Virus by Loculus,OPEN,https://pathoplexus.org/about/terms-of-use/open-data,,0.999145973,,,PP376944.1,,,550101041,1,0
PP_002TNU0.1,B.D.4.1.1,02/01/2018,Netherlands,,"Langedijk, A. C.; Lebbink, R. J.; Bont, L. J.; Evers, A.","UMC Utrecht, Paediatric Infectious Diseases",Homo sapiens,15222,09/04/2024,PP376955.1,Automated Ingest from INSDC/NCBI Virus by Loculus,OPEN,https://pathoplexus.org/about/terms-of-use/open-data,,0.999211667,,,PP376955.1,,,310101048,0,0
PP_002TNVY.1,B.D.4.1.1,02/01/2019,Netherlands,,"Langedijk, A. C.; Lebbink, R. J.; Bont, L. J.; Evers, A.","UMC Utrecht, Paediatric Infectious Diseases",Homo sapiens,15221,09/04/2024,PP376956.1,Automated Ingest from INSDC/NCBI Virus by Loculus,OPEN,https://pathoplexus.org/about/terms-of-use/open-data,,0.999211667,,,PP376956.1,,,310102042,0,0
PP_002TNZQ.1,B.D.4.1.1,02/02/2019,Germany,,"Langedijk, A. C.; Lebbink, R. J.; Bont, L. J.; Evers, A.","UMC Utrecht, Paediatric Infectious Diseases",Homo sapiens,15222,09/04/2024,PP376960.1,Automated Ingest from INSDC/NCBI Virus by Loculus,OPEN,https://pathoplexus.org/about/terms-of-use/open-data,,0.999211667,,,PP376960.1,,,490102015,0,0
PP_002TP0N.1,B.D.4.1.1,02/02/2020,Finland,,"Langedijk, A. C.; Lebbink, R. J.; Bont, L. J.; Evers, A.","UMC Utrecht, Paediatric Infectious Diseases",Homo sapiens,15221,09/04/2024,PP376961.1,Automated Ingest from INSDC/NCBI Virus by Loculus,OPEN,https://pathoplexus.org/about/terms-of-use/open-data,,0.999211667,,,PP376961.1,,,358103015,0,0
PP_002TPCY.1,B.D.4.1,20/11/2017,Netherlands,,"Langedijk, A. C.; Lebbink, R. J.; Bont, L. J.; Evers, A.","UMC Utrecht, Paediatric Infectious Diseases",Homo sapiens,15097,09/04/2024,PP376973.1,Automated Ingest from INSDC/NCBI Virus by Loculus,OPEN,https://pathoplexus.org/about/terms-of-use/open-data,,0.991525424,,,PP376973.1,,,310101008,0,0
PP_002TPR5.1,B.D.4.1.1,21/01/2020,Finland,,"Langedijk, A. C.; Lebbink, R. J.; Bont, L. J.; Evers, A.","UMC Utrecht, Paediatric Infectious Diseases",Homo sapiens,15222,09/04/2024,PP376986.1,Automated Ingest from INSDC/NCBI Virus by Loculus,OPEN,https://pathoplexus.org/about/terms-of-use/open-data,,0.999211667,,,PP376986.1,,,358103004,0,0
PP_002TPUZ.1,B.D.4.1.1,21/06/2018,Brazil,,"Langedijk, A. C.; Lebbink, R. J.; Bont, L. J.; Evers, A.","UMC Utrecht, Paediatric Infectious Diseases",Homo sapiens,15223,09/04/2024,PP376989.1,Automated Ingest from INSDC/NCBI Virus by Loculus,OPEN,https://pathoplexus.org/about/terms-of-use/open-data,,0.999145973,,,PP376989.1,,,550101010,1,0
PP_002TPYR.1,B.D.4.1.1,22/11/2019,Netherlands,,"Langedijk, A. C.; Lebbink, R. J.; Bont, L. J.; Evers, A.","UMC Utrecht, Paediatric Infectious Diseases",Homo sapiens,15222,09/04/2024,PP376993.1,Automated Ingest from INSDC/NCBI Virus by Loculus,OPEN,https://pathoplexus.org/about/terms-of-use/open-data,,0.999211667,,,PP376993.1,,,310103053,0,0
PP_002TQ69.1,B.D.4.1.1,22/04/2019,Canada,,"Langedijk, A. C.; Lebbink, R. J.; Bont, L. J.; Evers, A.","UMC Utrecht, Paediatric Infectious Diseases",Homo sapiens,15222,09/04/2024,PP377001.1,Automated Ingest from INSDC/NCBI Virus by Loculus,OPEN,https://pathoplexus.org/about/terms-of-use/open-data,,0.999211667,,,PP377001.1,,,10202050,0,0
PP_002TQCX.1,B.D.4.1.1,23/10/2019,Taiwan,,"Langedijk, A. C.; Lebbink, R. J.; Bont, L. J.; Evers, A.","UMC Utrecht, Paediatric Infectious Diseases",Homo sapiens,15222,09/04/2024,PP377007.1,Automated Ingest from INSDC/NCBI Virus by Loculus,OPEN,https://pathoplexus.org/about/terms-of-use/open-data,,0.999211667,,,PP377007.1,,,886103006,0,0
PP_002TQET.1,B.D.4.1.1,23/03/2020,South Korea,,"Langedijk, A. C.; Lebbink, R. J.; Bont, L. J.; Evers, A.","UMC Utrecht, Paediatric Infectious Diseases",Homo sapiens,15221,09/04/2024,PP377009.1,Automated Ingest from INSDC/NCBI Virus by Loculus,OPEN,https://pathoplexus.org/about/terms-of-use/open-data,,0.999080279,,,PP377009.1,,,820103007,2,0
PP_002TQGP.1,B.D.4.1.1,23/07/2018,Japan,,"Langedijk, A. C.; Lebbink, R. J.; Bont, L. J.; Evers, A.","UMC Utrecht, Paediatric Infectious Diseases",Homo sapiens,15222,09/04/2024,PP377011.1,Automated Ingest from INSDC/NCBI Virus by Loculus,OPEN,https://pathoplexus.org/about/terms-of-use/open-data,,0.999145973,,,PP377011.1,,,810102020,1,0
PP_002TQLE.1,B.D.4.1,24/11/2017,Spain,,"Langedijk, A. C.; Lebbink, R. J.; Bont, L. J.; Evers, A.","UMC Utrecht, Paediatric Infectious Diseases",Homo sapiens,15222,09/04/2024,PP377015.1,Automated Ingest from INSDC/NCBI Virus by Loculus,OPEN,https://pathoplexus.org/about/terms-of-use/open-data,,0.999211667,,,PP377015.1,,,340101008,0,0
PP_002TQMC.1,B.D.4.1.1,24/12/2017,Finland,,"Langedijk, A. C.; Lebbink, R. J.; Bont, L. J.; Evers, A.","UMC Utrecht, Paediatric Infectious Diseases",Homo sapiens,15223,09/04/2024,PP377016.1,Automated Ingest from INSDC/NCBI Virus by Loculus,OPEN,https://pathoplexus.org/about/terms-of-use/open-data,,0.999211667,,,PP377016.1,,,358101005,0,0
PP_002TQT0.1,B.D.4.1.1,24/08/2018,Australia,,"Langedijk, A. C.; Lebbink, R. J.; Bont, L. J.; Evers, A.","UMC Utrecht, Paediatric Infectious Diseases",Homo sapiens,15223,09/04/2024,PP377022.1,Automated Ingest from INSDC/NCBI Virus by Loculus,OPEN,https://pathoplexus.org/about/terms-of-use/open-data,,0.999145973,,,PP377022.1,,,610101030,1,0
PP_002TR5A.1,B.D.4.1.1,25/06/2018,Brazil,,"Langedijk, A. C.; Lebbink, R. J.; Bont, L. J.; Evers, A.","UMC Utrecht, Paediatric Infectious Diseases",Homo sapiens,15222,09/04/2024,PP377034.1,Automated Ingest from INSDC/NCBI Virus by Loculus,OPEN,https://pathoplexus.org/about/terms-of-use/open-data,,0.994481671,,,PP377034.1,,,550101013,72,0
PP_002TR76.1,B.D.4.1.1,25/09/2019,Japan,,"Langedijk, A. C.; Lebbink, R. J.; Bont, L. J.; Evers, A.","UMC Utrecht, Paediatric Infectious Diseases",Homo sapiens,15221,09/04/2024,PP377036.1,Automated Ingest from INSDC/NCBI Virus by Loculus,OPEN,https://pathoplexus.org/about/terms-of-use/open-data,,0.999211667,,,PP377036.1,,,810103018,0,0
PP_002TRCW.1,B.D.4.1.1,26/02/2020,Spain,,"Langedijk, A. C.; Lebbink, R. J.; Bont, L. J.; Evers, A.","UMC Utrecht, Paediatric Infectious Diseases",Homo sapiens,15180,09/04/2024,PP377041.1,Automated Ingest from INSDC/NCBI Virus by Loculus,OPEN,https://pathoplexus.org/about/terms-of-use/open-data,,0.997175141,,,PP377041.1,,,340103036,1,0
PP_002TRLD.1,B.D.4.1.1,27/12/2019,Netherlands,,"Langedijk, A. C.; Lebbink, R. J.; Bont, L. J.; Evers, A.","UMC Utrecht, Paediatric Infectious Diseases",Homo sapiens,15179,09/04/2024,PP377049.1,Automated Ingest from INSDC/NCBI Virus by Loculus,OPEN,https://pathoplexus.org/about/terms-of-use/open-data,,0.997175141,,,PP377049.1,,,310103014,1,0
PP_002TRP7.1,B.D.4.1.1,27/02/2019,Germany,,"Langedijk, A. C.; Lebbink, R. J.; Bont, L. J.; Evers, A.","UMC Utrecht, Paediatric Infectious Diseases",Homo sapiens,15222,09/04/2024,PP377052.1,Automated Ingest from INSDC/NCBI Virus by Loculus,OPEN,https://pathoplexus.org/about/terms-of-use/open-data,,0.999211667,,,PP377052.1,,,490102031,0,0
PP_002TRR3.1,B.D.4.1.1,27/02/2020,Spain,,"Langedijk, A. C.; Lebbink, R. J.; Bont, L. J.; Evers, A.","UMC Utrecht, Paediatric Infectious Diseases",Homo sapiens,15179,09/04/2024,PP377054.1,Automated Ingest from INSDC/NCBI Virus by Loculus,OPEN,https://pathoplexus.org/about/terms-of-use/open-data,,0.997240836,,,PP377054.1,,,340103037,0,0
PP_002TRWT.1,B.D.4.1.1,27/07/2018,Japan,,"Langedijk, A. C.; Lebbink, R. J.; Bont, L. J.; Evers, A.","UMC Utrecht, Paediatric Infectious Diseases",Homo sapiens,15222,09/04/2024,PP377059.1,Automated Ingest from INSDC/NCBI Virus by Loculus,OPEN,https://pathoplexus.org/about/terms-of-use/open-data,,0.999211667,,,PP377059.1,,,810102025,0,0
PP_002TRZM.1,B.D.4.1.1,28/01/2020,Russia,,"Langedijk, A. C.; Lebbink, R. J.; Bont, L. J.; Evers, A.","UMC Utrecht, Paediatric Infectious Diseases",Homo sapiens,15182,09/04/2024,PP377062.1,Automated Ingest from INSDC/NCBI Virus by Loculus,OPEN,https://pathoplexus.org/about/terms-of-use/open-data,,0.997240836,,,PP377062.1,,,70103014,0,0
PP_002TS2F.1,B.D.4.1.1,28/12/2017,Finland,,"Langedijk, A. C.; Lebbink, R. J.; Bont, L. J.; Evers, A.","UMC Utrecht, Paediatric Infectious Diseases",Homo sapiens,15222,09/04/2024,PP377065.1,Automated Ingest from INSDC/NCBI Virus by Loculus,OPEN,https://pathoplexus.org/about/terms-of-use/open-data,,0.999211667,,,PP377065.1,,,358101008,0,0
PP_002TS83.1,B.D.4.1.1,29/03/2019,Canada,,"Langedijk, A. C.; Lebbink, R. J.; Bont, L. J.; Evers, A.","UMC Utrecht, Paediatric Infectious Diseases",Homo sapiens,15222,09/04/2024,PP377071.1,Automated Ingest from INSDC/NCBI Virus by Loculus,OPEN,https://pathoplexus.org/about/terms-of-use/open-data,,0.999211667,,,PP377071.1,,,10102047,0,0
PP_002TSBX.1,B.D.4.1.1,29/06/2018,Brazil,,"Langedijk, A. C.; Lebbink, R. J.; Bont, L. J.; Evers, A.","UMC Utrecht, Paediatric Infectious Diseases",Homo sapiens,15222,09/04/2024,PP377074.1,Automated Ingest from INSDC/NCBI Virus by Loculus,OPEN,https://pathoplexus.org/about/terms-of-use/open-data,,0.999145973,,,PP377074.1,,,550101021,1,0
PP_002TSCV.1,B.D.4.1.1,03/01/2018,Finland,,"Langedijk, A. C.; Lebbink, R. J.; Bont, L. J.; Evers, A.","UMC Utrecht, Paediatric Infectious Diseases",Homo sapiens,15223,09/04/2024,PP377075.1,Automated Ingest from INSDC/NCBI Virus by Loculus,OPEN,https://pathoplexus.org/about/terms-of-use/open-data,,0.999211667,,,PP377075.1,,,358101012,0,0
PP_002TSFP.1,B.D.4.1.1,03/02/2020,Mexico,,"Langedijk, A. C.; Lebbink, R. J.; Bont, L. J.; Evers, A.","UMC Utrecht, Paediatric Infectious Diseases",Homo sapiens,15178,09/04/2024,PP377078.1,Automated Ingest from INSDC/NCBI Virus by Loculus,OPEN,https://pathoplexus.org/about/terms-of-use/open-data,,0.997240836,,,PP377078.1,,,520103012,0,0
PP_002TSKE.1,B.D.4.1.1,03/06/2019,South Africa,,"Langedijk, A. C.; Lebbink, R. J.; Bont, L. J.; Evers, A.","UMC Utrecht, Paediatric Infectious Diseases",Homo sapiens,15223,09/04/2024,PP377082.1,Automated Ingest from INSDC/NCBI Virus by Loculus,OPEN,https://pathoplexus.org/about/terms-of-use/open-data,,0.999211667,,,PP377082.1,,,270102068,0,0
PP_002TSZL.1,B.D.4.1,30/07/2018,Brazil,,"Langedijk, A. C.; Lebbink, R. J.; Bont, L. J.; Evers, A.","UMC Utrecht, Paediatric Infectious Diseases",Homo sapiens,15223,09/04/2024,PP377096.1,Automated Ingest from INSDC/NCBI Virus by Loculus,OPEN,https://pathoplexus.org/about/terms-of-use/open-data,,0.999211667,,,PP377096.1,,,550101049,0,0
PP_002TT74.1,B.D.4.1.1,04/12/2019,France,,"Langedijk, A. C.; Lebbink, R. J.; Bont, L. J.; Evers, A.","UMC Utrecht, Paediatric Infectious Diseases",Homo sapiens,15224,09/04/2024,PP377104.1,Automated Ingest from INSDC/NCBI Virus by Loculus,OPEN,https://pathoplexus.org/about/terms-of-use/open-data,,0.999211667,,,PP377104.1,,,330103029,0,0
PP_002TTN7.1,B.D.4.1.1,05/07/2019,Brazil,,"Langedijk, A. C.; Lebbink, R. J.; Bont, L. J.; Evers, A.","UMC Utrecht, Paediatric Infectious Diseases",Homo sapiens,15226,09/04/2024,PP377119.1,Automated Ingest from INSDC/NCBI Virus by Loculus,OPEN,https://pathoplexus.org/about/terms-of-use/open-data,,0.999211667,,,PP377119.1,,,550102164,0,0
PP_002TTUV.1,B.D.4.1.1,06/03/2020,Finland,,"Langedijk, A. C.; Lebbink, R. J.; Bont, L. J.; Evers, A.","UMC Utrecht, Paediatric Infectious Diseases",Homo sapiens,15223,09/04/2024,PP377125.1,Automated Ingest from INSDC/NCBI Virus by Loculus,OPEN,https://pathoplexus.org/about/terms-of-use/open-data,,0.999211667,,,PP377125.1,,,358103046,0,0
PP_002TU3B.1,B.D.4.1.1,07/03/2019,Germany,,"Langedijk, A. C.; Lebbink, R. J.; Bont, L. J.; Evers, A.","UMC Utrecht, Paediatric Infectious Diseases",Homo sapiens,15223,09/04/2024,PP377134.1,Automated Ingest from INSDC/NCBI Virus by Loculus,OPEN,https://pathoplexus.org/about/terms-of-use/open-data,,0.999014584,,,PP377134.1,,,490102032,3,0
PP_002TUAX.1,B.D.4.1.1,08/12/2017,Netherlands,,"Langedijk, A. C.; Lebbink, R. J.; Bont, L. J.; Evers, A.","UMC Utrecht, Paediatric Infectious Diseases",Homo sapiens,15221,09/04/2024,PP377141.1,Automated Ingest from INSDC/NCBI Virus by Loculus,OPEN,https://pathoplexus.org/about/terms-of-use/open-data,,0.999080279,,,PP377141.1,,,310101013,2,0
PP_002TUWQ.1,B.D.4.1.1,10/02/2018,Finland,,"Langedijk, A. C.; Lebbink, R. J.; Bont, L. J.; Evers, A.","UMC Utrecht, Paediatric Infectious Diseases",Homo sapiens,15222,09/04/2024,PP377161.1,Automated Ingest from INSDC/NCBI Virus by Loculus,OPEN,https://pathoplexus.org/about/terms-of-use/open-data,,0.999211667,,,PP377161.1,,,358101030,0,0
PP_002TUZJ.1,B.D.4.1.1,10/03/2020,Russia,,"Langedijk, A. C.; Lebbink, R. J.; Bont, L. J.; Evers, A.","UMC Utrecht, Paediatric Infectious Diseases",Homo sapiens,15178,09/04/2024,PP377164.1,Automated Ingest from INSDC/NCBI Virus by Loculus,OPEN,https://pathoplexus.org/about/terms-of-use/open-data,,0.997240836,,,PP377164.1,,,70103042,0,0
PP_002TV9Y.1,B.D.4.1.1,11/02/2020,Finland,,"Langedijk, A. C.; Lebbink, R. J.; Bont, L. J.; Evers, A.","UMC Utrecht, Paediatric Infectious Diseases",Homo sapiens,15222,09/04/2024,PP377174.1,Automated Ingest from INSDC/NCBI Virus by Loculus,OPEN,https://pathoplexus.org/about/terms-of-use/open-data,,0.999145973,,,PP377174.1,,,358103027,1,0
PP_002TVAW.1,B.D.4.1.1,11/02/2020,Russia,,"Langedijk, A. C.; Lebbink, R. J.; Bont, L. J.; Evers, A.","UMC Utrecht, Paediatric Infectious Diseases",Homo sapiens,15180,09/04/2024,PP377175.1,Automated Ingest from INSDC/NCBI Virus by Loculus,OPEN,https://pathoplexus.org/about/terms-of-use/open-data,,0.997175141,,,PP377175.1,,,70103021,1,0
PP_002TVDQ.1,B.D.4.1.1,11/05/2019,Australia,,"Langedijk, A. C.; Lebbink, R. J.; Bont, L. J.; Evers, A.","UMC Utrecht, Paediatric Infectious Diseases",Homo sapiens,15222,09/04/2024,PP377178.1,Automated Ingest from INSDC/NCBI Virus by Loculus,OPEN,https://pathoplexus.org/about/terms-of-use/open-data,,0.999211667,,,PP377178.1,,,610102007,0,0
PP_002TVHF.1,B.D.4.1.1,11/08/2018,Australia,,"Langedijk, A. C.; Lebbink, R. J.; Bont, L. J.; Evers, A.","UMC Utrecht, Paediatric Infectious Diseases",Homo sapiens,15222,09/04/2024,PP377182.1,Automated Ingest from INSDC/NCBI Virus by Loculus,OPEN,https://pathoplexus.org/about/terms-of-use/open-data,,0.999211667,,,PP377182.1,,,610101023,0,0
PP_002TVM7.1,B.D.4.1,12/12/2018,Canada,,"Langedijk, A. C.; Lebbink, R. J.; Bont, L. J.; Evers, A.","UMC Utrecht, Paediatric Infectious Diseases",Homo sapiens,15223,09/04/2024,PP377186.1,Automated Ingest from INSDC/NCBI Virus by Loculus,OPEN,https://pathoplexus.org/about/terms-of-use/open-data,,0.999211667,,,PP377186.1,,,10102012,0,0
PP_002TVP3.1,B.D.4.1.1,12/12/2018,Netherlands,,"Langedijk, A. C.; Lebbink, R. J.; Bont, L. J.; Evers, A.","UMC Utrecht, Paediatric Infectious Diseases",Homo sapiens,15223,09/04/2024,PP377188.1,Automated Ingest from INSDC/NCBI Virus by Loculus,OPEN,https://pathoplexus.org/about/terms-of-use/open-data,,0.999014584,,,PP377188.1,,,310102020,3,0
PP_002TVVR.1,B.D.4.1,12/06/2018,South Africa,,"Langedijk, A. C.; Lebbink, R. J.; Bont, L. J.; Evers, A.","UMC Utrecht, Paediatric Infectious Diseases",Homo sapiens,15223,09/04/2024,PP377194.1,Automated Ingest from INSDC/NCBI Virus by Loculus,OPEN,https://pathoplexus.org/about/terms-of-use/open-data,,0.999211667,,,PP377194.1,,,270101088,0,0
PP_002TW0F.1,B.D.4.1.1,13/12/2018,Netherlands,,"Langedijk, A. C.; Lebbink, R. J.; Bont, L. J.; Evers, A.","UMC Utrecht, Paediatric Infectious Diseases",Homo sapiens,15222,09/04/2024,PP377199.1,Automated Ingest from INSDC/NCBI Virus by Loculus,OPEN,https://pathoplexus.org/about/terms-of-use/open-data,,0.999211667,,,PP377199.1,,,310102025,0,0
PP_002TW47.1,B.D.4.1.1,13/02/2020,Mexico,,"Langedijk, A. C.; Lebbink, R. J.; Bont, L. J.; Evers, A.","UMC Utrecht, Paediatric Infectious Diseases",Homo sapiens,15181,09/04/2024,PP377203.1,Automated Ingest from INSDC/NCBI Virus by Loculus,OPEN,https://pathoplexus.org/about/terms-of-use/open-data,,0.997240836,,,PP377203.1,,,520103015,0,0
PP_002TW55.1,B.D.4.1.1,13/08/2018,Brazil,,"Langedijk, A. C.; Lebbink, R. J.; Bont, L. J.; Evers, A.","UMC Utrecht, Paediatric Infectious Diseases",Homo sapiens,15223,09/04/2024,PP377204.1,Automated Ingest from INSDC/NCBI Virus by Loculus,OPEN,https://pathoplexus.org/about/terms-of-use/open-data,,0.999211667,,,PP377204.1,,,550102003,0,0
PP_002TWEM.1,B.D.4.1.1,14/12/2019,Netherlands,,"Langedijk, A. C.; Lebbink, R. J.; Bont, L. J.; Evers, A.","UMC Utrecht, Paediatric Infectious Diseases",Homo sapiens,15185,09/04/2024,PP377213.1,Automated Ingest from INSDC/NCBI Virus by Loculus,OPEN,https://pathoplexus.org/about/terms-of-use/open-data,,0.997175141,,,PP377213.1,,,310103033,1,0
PP_002TWJC.1,B.D.4.1.1,14/04/2019,Canada,,"Langedijk, A. C.; Lebbink, R. J.; Bont, L. J.; Evers, A.","UMC Utrecht, Paediatric Infectious Diseases",Homo sapiens,15223,09/04/2024,PP377217.1,Automated Ingest from INSDC/NCBI Virus by Loculus,OPEN,https://pathoplexus.org/about/terms-of-use/open-data,,0.999211667,,,PP377217.1,,,10202048,0,0
PP_002TWP2.1,B.D.4.1,15/11/2017,Spain,,"Langedijk, A. C.; Lebbink, R. J.; Bont, L. J.; Evers, A.","UMC Utrecht, Paediatric Infectious Diseases",Homo sapiens,15222,09/04/2024,PP377222.1,Automated Ingest from INSDC/NCBI Virus by Loculus,OPEN,https://pathoplexus.org/about/terms-of-use/open-data,,0.999145973,,,PP377222.1,,,340101002,1,0
PP_002TWUS.1,B.D.4.1.1,15/03/2019,South Africa,,"Langedijk, A. C.; Lebbink, R. J.; Bont, L. J.; Evers, A.","UMC Utrecht, Paediatric Infectious Diseases",Homo sapiens,15224,09/04/2024,PP377227.1,Automated Ingest from INSDC/NCBI Virus by Loculus,OPEN,https://pathoplexus.org/about/terms-of-use/open-data,,0.999211667,,,PP377227.1,,,270102018,0,0
PP_002TWYJ.1,B.D.4.1.1,15/07/2019,South Africa,,"Langedijk, A. C.; Lebbink, R. J.; Bont, L. J.; Evers, A.","UMC Utrecht, Paediatric Infectious Diseases",Homo sapiens,15223,09/04/2024,PP377231.1,Automated Ingest from INSDC/NCBI Virus by Loculus,OPEN,https://pathoplexus.org/about/terms-of-use/open-data,,0.999211667,,,PP377231.1,,,270102090,0,0
PP_002TX38.1,B.D.4.1.1,16/12/2018,Canada,,"Langedijk, A. C.; Lebbink, R. J.; Bont, L. J.; Evers, A.","UMC Utrecht, Paediatric Infectious Diseases",Homo sapiens,15222,09/04/2024,PP377236.1,Automated Ingest from INSDC/NCBI Virus by Loculus,OPEN,https://pathoplexus.org/about/terms-of-use/open-data,,0.999211667,,,PP377236.1,,,10102014,0,0
PP_002TX46.1,B.D.4.1.1,16/12/2019,Netherlands,,"Langedijk, A. C.; Lebbink, R. J.; Bont, L. J.; Evers, A.","UMC Utrecht, Paediatric Infectious Diseases",Homo sapiens,15222,09/04/2024,PP377237.1,Automated Ingest from INSDC/NCBI Virus by Loculus,OPEN,https://pathoplexus.org/about/terms-of-use/open-data,,0.999145973,,,PP377237.1,,,310103030,1,0
PP_002TX9W.1,B.D.4.1.1,16/07/2019,Brazil,,"Langedijk, A. C.; Lebbink, R. J.; Bont, L. J.; Evers, A.","UMC Utrecht, Paediatric Infectious Diseases",Homo sapiens,15224,09/04/2024,PP377242.1,Automated Ingest from INSDC/NCBI Virus by Loculus,OPEN,https://pathoplexus.org/about/terms-of-use/open-data,,0.999211667,,,PP377242.1,,,550102170,0,0
PP_002TXCQ.1,B.D.4.1,17/11/2017,Netherlands,,"Langedijk, A. C.; Lebbink, R. J.; Bont, L. J.; Evers, A.","UMC Utrecht, Paediatric Infectious Diseases",Homo sapiens,15227,09/04/2024,PP377245.1,Automated Ingest from INSDC/NCBI Virus by Loculus,OPEN,https://pathoplexus.org/about/terms-of-use/open-data,,0.999211667,,,PP377245.1,,,310101007,0,0
PP_002TXGG.1,B.D.4.1.1,17/03/2020,Russia,,"Langedijk, A. C.; Lebbink, R. J.; Bont, L. J.; Evers, A.","UMC Utrecht, Paediatric Infectious Diseases",Homo sapiens,15179,09/04/2024,PP377249.1,Automated Ingest from INSDC/NCBI Virus by Loculus,OPEN,https://pathoplexus.org/about/terms-of-use/open-data,,0.997240836,,,PP377249.1,,,70103046,0,0
PP_002TXL7.1,B.D.4.1.1,17/05/2018,South Africa,,"Langedijk, A. C.; Lebbink, R. J.; Bont, L. J.; Evers, A.","UMC Utrecht, Paediatric Infectious Diseases",Homo sapiens,15223,09/04/2024,PP377253.1,Automated Ingest from INSDC/NCBI Virus by Loculus,OPEN,https://pathoplexus.org/about/terms-of-use/open-data,,0.999211667,,,PP377253.1,,,270101084,0,0
PP_002TXM5.1,B.D.4.1.1,17/07/2018,South Africa,,"Langedijk, A. C.; Lebbink, R. J.; Bont, L. J.; Evers, A.","UMC Utrecht, Paediatric Infectious Diseases",Homo sapiens,15223,09/04/2024,PP377254.1,Automated Ingest from INSDC/NCBI Virus by Loculus,OPEN,https://pathoplexus.org/about/terms-of-use/open-data,,0.999211667,,,PP377254.1,,,270101096,0,0
PP_002TXSV.1,B.D.4.1.1,17/09/2018,Brazil,,"Langedijk, A. C.; Lebbink, R. J.; Bont, L. J.; Evers, A.","UMC Utrecht, Paediatric Infectious Diseases",Homo sapiens,15223,09/04/2024,PP377259.1,Automated Ingest from INSDC/NCBI Virus by Loculus,OPEN,https://pathoplexus.org/about/terms-of-use/open-data,,0.999145973,,,PP377259.1,,,550102018,1,0
PP_002TXXK.1,B.D.4.1.1,18/10/2019,Japan,,"Langedijk, A. C.; Lebbink, R. J.; Bont, L. J.; Evers, A.","UMC Utrecht, Paediatric Infectious Diseases",Homo sapiens,15221,09/04/2024,PP377264.1,Automated Ingest from INSDC/NCBI Virus by Loculus,OPEN,https://pathoplexus.org/about/terms-of-use/open-data,,0.999211667,,,PP377264.1,,,810103026,0,0
PP_002TYVN.1,B.D.4.1.1,02/03/2020,Russia,,"Langedijk, A. C.; Lebbink, R. J.; Bont, L. J.; Evers, A.","UMC Utrecht, Paediatric Infectious Diseases",Homo sapiens,15181,09/04/2024,PP377296.1,Automated Ingest from INSDC/NCBI Virus by Loculus,OPEN,https://pathoplexus.org/about/terms-of-use/open-data,,0.997240836,,,PP377296.1,,,70103038,0,0
PP_002TYXJ.1,B.D.4.1.1,02/05/2019,Australia,,"Langedijk, A. C.; Lebbink, R. J.; Bont, L. J.; Evers, A.","UMC Utrecht, Paediatric Infectious Diseases",Homo sapiens,15222,09/04/2024,PP377298.1,Automated Ingest from INSDC/NCBI Virus by Loculus,OPEN,https://pathoplexus.org/about/terms-of-use/open-data,,0.998883195,,,PP377298.1,,,610102004,5,0
PP_002TZ28.1,B.D.E.2,20/01/2020,South Korea,,"Langedijk, A. C.; Lebbink, R. J.; Bont, L. J.; Evers, A.","UMC Utrecht, Paediatric Infectious Diseases",Homo sapiens,15222,09/04/2024,PP377303.1,Automated Ingest from INSDC/NCBI Virus by Loculus,OPEN,https://pathoplexus.org/about/terms-of-use/open-data,,0.999211667,,,PP377303.1,,,820103058,0,0
PP_002TZL5.1,B.D.4.1.1,21/12/2018,France,,"Langedijk, A. C.; Lebbink, R. J.; Bont, L. J.; Evers, A.","UMC Utrecht, Paediatric Infectious Diseases",Homo sapiens,15223,09/04/2024,PP377321.1,Automated Ingest from INSDC/NCBI Virus by Loculus,OPEN,https://pathoplexus.org/about/terms-of-use/open-data,,0.999211667,,,PP377321.1,,,330102005,0,0
PP_002TZUP.1,B.D.4.1.1,22/02/2018,Japan,,"Langedijk, A. C.; Lebbink, R. J.; Bont, L. J.; Evers, A.","UMC Utrecht, Paediatric Infectious Diseases",Homo sapiens,15222,09/04/2024,PP377329.1,Automated Ingest from INSDC/NCBI Virus by Loculus,OPEN,https://pathoplexus.org/about/terms-of-use/open-data,,0.999211667,,,PP377329.1,,,810101015,0,0
PP_002U033.1,B.D.4.1.1,23/07/2018,Japan,,"Langedijk, A. C.; Lebbink, R. J.; Bont, L. J.; Evers, A.","UMC Utrecht, Paediatric Infectious Diseases",Homo sapiens,15222,09/04/2024,PP377338.1,Automated Ingest from INSDC/NCBI Virus by Loculus,OPEN,https://pathoplexus.org/about/terms-of-use/open-data,,0.999211667,,,PP377338.1,,,810102018,0,0
PP_002U041.1,B.D.4.1.1,23/07/2018,Japan,,"Langedijk, A. C.; Lebbink, R. J.; Bont, L. J.; Evers, A.","UMC Utrecht, Paediatric Infectious Diseases",Homo sapiens,15222,09/04/2024,PP377339.1,Automated Ingest from INSDC/NCBI Virus by Loculus,OPEN,https://pathoplexus.org/about/terms-of-use/open-data,,0.999211667,,,PP377339.1,,,810102019,0,0
PP_002U08T.1,B.D.4.1.1,24/12/2018,Canada,,"Langedijk, A. C.; Lebbink, R. J.; Bont, L. J.; Evers, A.","UMC Utrecht, Paediatric Infectious Diseases",Homo sapiens,15222,09/04/2024,PP377343.1,Automated Ingest from INSDC/NCBI Virus by Loculus,OPEN,https://pathoplexus.org/about/terms-of-use/open-data,,0.999211667,,,PP377343.1,,,10202020,0,0
PP_002U0EF.1,B.D.4.1.1,25/01/2018,Finland,,"Langedijk, A. C.; Lebbink, R. J.; Bont, L. J.; Evers, A.","UMC Utrecht, Paediatric Infectious Diseases",Homo sapiens,15222,09/04/2024,PP377349.1,Automated Ingest from INSDC/NCBI Virus by Loculus,OPEN,https://pathoplexus.org/about/terms-of-use/open-data,,0.999211667,,,PP377349.1,,,358101021,0,0
PP_002U0PW.1,B.D.4.1.1,25/07/2018,Japan,,"Langedijk, A. C.; Lebbink, R. J.; Bont, L. J.; Evers, A.","UMC Utrecht, Paediatric Infectious Diseases",Homo sapiens,15222,09/04/2024,PP377358.1,Automated Ingest from INSDC/NCBI Virus by Loculus,OPEN,https://pathoplexus.org/about/terms-of-use/open-data,,0.999211667,,,PP377358.1,,,810102022,0,0
PP_002U0VJ.1,B.D.4.1.1,26/12/2019,Spain,,"Langedijk, A. C.; Lebbink, R. J.; Bont, L. J.; Evers, A.","UMC Utrecht, Paediatric Infectious Diseases",Homo sapiens,15222,09/04/2024,PP377364.1,Automated Ingest from INSDC/NCBI Virus by Loculus,OPEN,https://pathoplexus.org/about/terms-of-use/open-data,,0.999211667,,,PP377364.1,,,340103021,0,0
PP_002U1BL.1,B.D.4.1,27/02/2018,Spain,,"Langedijk, A. C.; Lebbink, R. J.; Bont, L. J.; Evers, A.","UMC Utrecht, Paediatric Infectious Diseases",Homo sapiens,15222,09/04/2024,PP377380.1,Automated Ingest from INSDC/NCBI Virus by Loculus,OPEN,https://pathoplexus.org/about/terms-of-use/open-data,,0.999211667,,,PP377380.1,,,340101049,0,0
PP_002U1CJ.1,B.D.4.1.1,27/02/2018,Japan,,"Langedijk, A. C.; Lebbink, R. J.; Bont, L. J.; Evers, A.","UMC Utrecht, Paediatric Infectious Diseases",Homo sapiens,15222,09/04/2024,PP377381.1,Automated Ingest from INSDC/NCBI Virus by Loculus,OPEN,https://pathoplexus.org/about/terms-of-use/open-data,,0.999211667,,,PP377381.1,,,810101019,0,0
PP_002U1K3.1,B.D.4.1.1,28/01/2019,Canada,,"Langedijk, A. C.; Lebbink, R. J.; Bont, L. J.; Evers, A.","UMC Utrecht, Paediatric Infectious Diseases",Homo sapiens,15222,09/04/2024,PP377388.1,Automated Ingest from INSDC/NCBI Virus by Loculus,OPEN,https://pathoplexus.org/about/terms-of-use/open-data,,0.999211667,,,PP377388.1,,,10202035,0,0
PP_002U1UK.1,B.D.4.1.1,29/12/2018,Spain,,"Langedijk, A. C.; Lebbink, R. J.; Bont, L. J.; Evers, A.","UMC Utrecht, Paediatric Infectious Diseases",Homo sapiens,15231,09/04/2024,PP377397.1,Automated Ingest from INSDC/NCBI Virus by Loculus,OPEN,https://pathoplexus.org/about/terms-of-use/open-data,,0.999211667,,,PP377397.1,,,340102013,0,0
PP_002U215.1,B.D.4.1.1,03/05/2018,South Africa,,"Langedijk, A. C.; Lebbink, R. J.; Bont, L. J.; Evers, A.","UMC Utrecht, Paediatric Infectious Diseases",Homo sapiens,15223,09/04/2024,PP377404.1,Automated Ingest from INSDC/NCBI Virus by Loculus,OPEN,https://pathoplexus.org/about/terms-of-use/open-data,,0.999211667,,,PP377404.1,,,270101075,0,0
PP_002U28R.1,B.D.4.1.1,30/01/2020,South Korea,,"Langedijk, A. C.; Lebbink, R. J.; Bont, L. J.; Evers, A.","UMC Utrecht, Paediatric Infectious Diseases",Homo sapiens,15223,09/04/2024,PP377411.1,Automated Ingest from INSDC/NCBI Virus by Loculus,OPEN,https://pathoplexus.org/about/terms-of-use/open-data,,0.999211667,,,PP377411.1,,,820103060,0,0
PP_002U29P.1,B.D.4.1.1,30/10/2018,United Kingdom,,"Langedijk, A. C.; Lebbink, R. J.; Bont, L. J.; Evers, A.","UMC Utrecht, Paediatric Infectious Diseases",Homo sapiens,15222,09/04/2024,PP377412.1,Automated Ingest from INSDC/NCBI Virus by Loculus,OPEN,https://pathoplexus.org/about/terms-of-use/open-data,,0.999211667,,,PP377412.1,,,440102006,0,0
PP_002U2BK.1,B.D.E.2,30/11/2018,Netherlands,,"Langedijk, A. C.; Lebbink, R. J.; Bont, L. J.; Evers, A.","UMC Utrecht, Paediatric Infectious Diseases",Homo sapiens,15223,09/04/2024,PP377414.1,Automated Ingest from INSDC/NCBI Virus by Loculus,OPEN,https://pathoplexus.org/about/terms-of-use/open-data,,0.999211667,,,PP377414.1,,,310102009,0,0
PP_002U2PU.1,B.D.4.1.1,31/07/2018,Japan,,"Langedijk, A. C.; Lebbink, R. J.; Bont, L. J.; Evers, A.","UMC Utrecht, Paediatric Infectious Diseases",Homo sapiens,15222,09/04/2024,PP377426.1,Automated Ingest from INSDC/NCBI Virus by Loculus,OPEN,https://pathoplexus.org/about/terms-of-use/open-data,,0.999211667,,,PP377426.1,,,810102031,0,0
PP_002U2RQ.1,B.D.4.1.1,31/08/2018,Japan,,"Langedijk, A. C.; Lebbink, R. J.; Bont, L. J.; Evers, A.","UMC Utrecht, Paediatric Infectious Diseases",Homo sapiens,15222,09/04/2024,PP377428.1,Automated Ingest from INSDC/NCBI Virus by Loculus,OPEN,https://pathoplexus.org/about/terms-of-use/open-data,,0.999211667,,,PP377428.1,,,810102050,0,0
PP_002U2SN.1,B.D.4.1.1,04/01/2020,Italy,,"Langedijk, A. C.; Lebbink, R. J.; Bont, L. J.; Evers, A.","UMC Utrecht, Paediatric Infectious Diseases",Homo sapiens,15223,09/04/2024,PP377429.1,Automated Ingest from INSDC/NCBI Virus by Loculus,OPEN,https://pathoplexus.org/about/terms-of-use/open-data,,0.999211667,,,PP377429.1,,,390103010,0,0
PP_002U2YA.1,B.D.4.1.1,04/02/2020,Spain,,"Langedijk, A. C.; Lebbink, R. J.; Bont, L. J.; Evers, A.","UMC Utrecht, Paediatric Infectious Diseases",Homo sapiens,15223,09/04/2024,PP377435.1,Automated Ingest from INSDC/NCBI Virus by Loculus,OPEN,https://pathoplexus.org/about/terms-of-use/open-data,,0.999211667,,,PP377435.1,,,340103032,0,0
PP_002U322.1,B.D.4.1.1,04/05/2018,South Africa,,"Langedijk, A. C.; Lebbink, R. J.; Bont, L. J.; Evers, A.","UMC Utrecht, Paediatric Infectious Diseases",Homo sapiens,15223,09/04/2024,PP377439.1,Automated Ingest from INSDC/NCBI Virus by Loculus,OPEN,https://pathoplexus.org/about/terms-of-use/open-data,,0.999211667,,,PP377439.1,,,270101078,0,0
PP_002U38Q.1,B.D.4.1.1,05/01/2019,Canada,,"Langedijk, A. C.; Lebbink, R. J.; Bont, L. J.; Evers, A.","UMC Utrecht, Paediatric Infectious Diseases",Homo sapiens,15223,09/04/2024,PP377445.1,Automated Ingest from INSDC/NCBI Virus by Loculus,OPEN,https://pathoplexus.org/about/terms-of-use/open-data,,0.999145973,,,PP377445.1,,,10202026,1,0
PP_002U3J3.1,B.D.4.1.1,06/01/2020,South Korea,,"Langedijk, A. C.; Lebbink, R. J.; Bont, L. J.; Evers, A.","UMC Utrecht, Paediatric Infectious Diseases",Homo sapiens,15179,09/04/2024,PP377455.1,Automated Ingest from INSDC/NCBI Virus by Loculus,OPEN,https://pathoplexus.org/about/terms-of-use/open-data,,0.997240836,,,PP377455.1,,,820103054,0,0
PP_002U3RP.1,B.D.4.1.1,06/07/2018,Brazil,,"Langedijk, A. C.; Lebbink, R. J.; Bont, L. J.; Evers, A.","UMC Utrecht, Paediatric Infectious Diseases",Homo sapiens,15223,09/04/2024,PP377462.1,Automated Ingest from INSDC/NCBI Virus by Loculus,OPEN,https://pathoplexus.org/about/terms-of-use/open-data,,0.999211667,,,PP377462.1,,,550101032,0,0
PP_002U405.1,B.D.4.1.1,07/03/2019,Finland,,"Langedijk, A. C.; Lebbink, R. J.; Bont, L. J.; Evers, A.","UMC Utrecht, Paediatric Infectious Diseases",Homo sapiens,15222,09/04/2024,PP377471.1,Automated Ingest from INSDC/NCBI Virus by Loculus,OPEN,https://pathoplexus.org/about/terms-of-use/open-data,,0.999211667,,,PP377471.1,,,358102009,0,0
PP_002U413.1,B.D.4.1.1,07/05/2018,South Africa,,"Langedijk, A. C.; Lebbink, R. J.; Bont, L. J.; Evers, A.","UMC Utrecht, Paediatric Infectious Diseases",Homo sapiens,15223,09/04/2024,PP377472.1,Automated Ingest from INSDC/NCBI Virus by Loculus,OPEN,https://pathoplexus.org/about/terms-of-use/open-data,,0.999211667,,,PP377472.1,,,270101079,0,0
PP_002U49M.1,B.D.4.1.1,08/02/2020,Finland,,"Langedijk, A. C.; Lebbink, R. J.; Bont, L. J.; Evers, A.","UMC Utrecht, Paediatric Infectious Diseases",Homo sapiens,15223,09/04/2024,PP377480.1,Automated Ingest from INSDC/NCBI Virus by Loculus,OPEN,https://pathoplexus.org/about/terms-of-use/open-data,,0.999211667,,,PP377480.1,,,358103023,0,0
PP_002U4CF.1,B.D.4.1.1,08/08/2018,Japan,,"Langedijk, A. C.; Lebbink, R. J.; Bont, L. J.; Evers, A.","UMC Utrecht, Paediatric Infectious Diseases",Homo sapiens,15222,09/04/2024,PP377483.1,Automated Ingest from INSDC/NCBI Virus by Loculus,OPEN,https://pathoplexus.org/about/terms-of-use/open-data,,0.999211667,,,PP377483.1,,,810020035,0,0
PP_002U4H4.1,B.D.4.1.1,09/02/2020,Italy,,"Langedijk, A. C.; Lebbink, R. J.; Bont, L. J.; Evers, A.","UMC Utrecht, Paediatric Infectious Diseases",Homo sapiens,15180,09/04/2024,PP377488.1,Automated Ingest from INSDC/NCBI Virus by Loculus,OPEN,https://pathoplexus.org/about/terms-of-use/open-data,,0.997240836,,,PP377488.1,,,390103015,0,0
PP_002U4MW.1,B.D.4.1,20/04/2019,Australia,,"Langedijk, A. C.; Lebbink, R. J.; Bont, L. J.; Evers, A.","UMC Utrecht, Paediatric Infectious Diseases",Homo sapiens,15223,09/04/2024,PP377492.1,Automated Ingest from INSDC/NCBI Virus by Loculus,OPEN,https://pathoplexus.org/about/terms-of-use/open-data,,0.999211667,,,PP377492.1,,,610102001,0,0
PP_002U4VE.1,B.D.4.1.1,06/02/2020,Mexico,,"Langedijk, A. C.; Lebbink, R. J.; Bont, L. J.; Evers, A.","UMC Utrecht, Paediatric Infectious Diseases",Homo sapiens,15177,09/04/2024,PP377500.1,Automated Ingest from INSDC/NCBI Virus by Loculus,OPEN,https://pathoplexus.org/about/terms-of-use/open-data,,0.997175141,,,PP377500.1,,,520103006,1,0
PP_002U4Y8.1,B.D.4.1.1,22/11/2018,Netherlands,,"Langedijk, A. C.; Lebbink, R. J.; Bont, L. J.; Evers, A.","UMC Utrecht, Paediatric Infectious Diseases",Homo sapiens,15223,09/04/2024,PP377503.1,Automated Ingest from INSDC/NCBI Virus by Loculus,OPEN,https://pathoplexus.org/about/terms-of-use/open-data,,0.999211667,,,PP377503.1,,,310102006,0,0
PP_002U53Y.1,B.D.4.1.1,08/06/2018,South Africa,,"Langedijk, A. C.; Lebbink, R. J.; Bont, L. J.; Evers, A.","UMC Utrecht, Paediatric Infectious Diseases",Homo sapiens,15223,09/04/2024,PP377508.1,Automated Ingest from INSDC/NCBI Virus by Loculus,OPEN,https://pathoplexus.org/about/terms-of-use/open-data,,0.999211667,,,PP377508.1,,,270101060,0,0
PP_002U6UE.2,B.D.4.1.1,14/07/2023,Thailand,,"Doung-ngern, P.; Kripattanapong, S.; Rattanatumhi, K.; Supataragul, A.; Thippamom, N.; Khunnawutmanotham, W.; Hirunpatrawong, P.; Wacharapluesadee, S.; Sereewit, J.; Sobolik, E. B.; Roychoudhury, P.; Greninger, A. L.; Putcharoen, O.","King Chulalongkorn Memorial Hospital, Thai Red Cross Emerging Infectious Diseases Clinical Center",Homo sapiens,15142,06/03/2024,PP411978.1,Automated Ingest from INSDC/NCBI Virus by Loculus,OPEN,https://pathoplexus.org/about/terms-of-use/open-data,,0.993430561,,,PP411978.1,,,PEH230734,0,17
PP_002U73W.2,B.D.E.1,13/09/2023,Thailand,,"Doung-ngern, P.; Kripattanapong, S.; Rattanatumhi, K.; Supataragul, A.; Thippamom, N.; Khunnawutmanotham, W.; Hirunpatrawong, P.; Wacharapluesadee, S.; Sereewit, J.; Sobolik, E. B.; Roychoudhury, P.; Greninger, A. L.; Putcharoen, O.","King Chulalongkorn Memorial Hospital, Thai Red Cross Emerging Infectious Diseases Clinical Center",Homo sapiens,15103,06/03/2024,PP411990.1,Automated Ingest from INSDC/NCBI Virus by Loculus,OPEN,https://pathoplexus.org/about/terms-of-use/open-data,,0.988043621,,,PP411990.1,,,PEH231026,0,58
PP_002U7NR.1,B.D.E.1,05/02/2024,USA,"Oregon, Multnomah County","Frazar, C. D.; Lee, J.; Ryke, E.; Gamboa, L.; McDermot, E.; Kolar, T.; Han, P. D.; Sibley, T. R.; Reinhart, D.; Grindstaff, S.; Truong, M.; Babu, T. M.; Feldstein, L. R.; Saydah, S.; Briggs-Hagen, M.; Casto, A.; Ehmen, B.; Englund, J. A.; Fortmann, S. P.; Kuntz, J. L.; Lockwood, T.; Midgley, C. M.; Mularski, R. A.; Ogilvie, T.; Opsahl, J.; Reich, S.; Rodriguez-Salas, L.; Schmidt, M. A.; Smith, N.; Starita, L.; Stone, J.; Vandermeer, M.; Weil, A. A.; Wolf, C. R.; Chu, H. Y.; Naleway, A. L.",The Brotman Baty Institute for Precision Medicine,Homo sapiens,15189,24/03/2024,PP495974.1,Automated Ingest from INSDC/NCBI Virus by Loculus,OPEN,https://pathoplexus.org/about/terms-of-use/open-data,SAMN40477070,0.997832085,,,PP495974.1,,,RSV-B/human/USA/OR-S25051/2024,0,1
PP_002U82X.1,B.D.E.1,26/09/2021,USA,"Washington, King County","Frazar, C. D.; Lee, J.; Ryke, E.; Gamboa, L.; Opsahl, J.; Rodriguez-Salas, L.; McDermot, E.; Stone, J.; Kolar, T.; Han, P. D.; Sibley, T. R.; Truong, M.; Reinhart, D.; Grindstaff, S.; Wolf, C. R.; Boekch, M.; Englund, J. A.; Lutz, B. R.; Waghmare, A.; Viboud, C.; Starita, L. M.; Shendure, J.; Bedford, T.; Chu, H. Y.",The Brotman Baty Institute for Precision Medicine,Homo sapiens,15193,24/03/2024,PP495988.1,Automated Ingest from INSDC/NCBI Virus by Loculus,OPEN,https://pathoplexus.org/about/terms-of-use/open-data,SAMN40477051,0.99789778,,,PP495988.1,,,RSV-B/human/USA/WA-S25032/2021,0,0
PP_002U83V.1,B.D.E.1,10/03/2022,USA,"Washington, King County","Frazar, C. D.; Lee, J.; Ryke, E.; Gamboa, L.; Opsahl, J.; Rodriguez-Salas, L.; McDermot, E.; Stone, J.; Kolar, T.; Han, P. D.; Sibley, T. R.; Truong, M.; Reinhart, D.; Grindstaff, S.; Wolf, C. R.; Boekch, M.; Englund, J. A.; Lutz, B. R.; Waghmare, A.; Viboud, C.; Starita, L. M.; Shendure, J.; Bedford, T.; Chu, H. Y.",The Brotman Baty Institute for Precision Medicine,Homo sapiens,15193,24/03/2024,PP495989.1,Automated Ingest from INSDC/NCBI Virus by Loculus,OPEN,https://pathoplexus.org/about/terms-of-use/open-data,SAMN40477052,0.996715281,,,PP495989.1,,,RSV-B/human/USA/WA-S25033/2022,0,18
PP_002U87M.1,B.D.4.1.1,15/12/2019,USA,"Washington, King County","Frazar, C. D.; Lee, J.; Ryke, E.; Gamboa, L.; Opsahl, J.; Rodriguez-Salas, L.; McDermot, E.; Stone, J.; Kolar, T.; Han, P. D.; Sibley, T. R.; Truong, M.; Reinhart, D.; Grindstaff, S.; Wolf, C. R.; Boekch, M.; Englund, J. A.; Lutz, B. R.; Waghmare, A.; Viboud, C.; Starita, L. M.; Shendure, J.; Bedford, T.; Chu, H. Y.",The Brotman Baty Institute for Precision Medicine,Homo sapiens,15190,24/03/2024,PP495993.1,Automated Ingest from INSDC/NCBI Virus by Loculus,OPEN,https://pathoplexus.org/about/terms-of-use/open-data,SAMN40477073,0.997832085,,,PP495993.1,,,RSV-B/human/USA/WA-S25054/2019,0,1
PP_002U88K.1,B.D.4.1.1,17/12/2019,USA,"Washington, King County","Frazar, C. D.; Lee, J.; Ryke, E.; Gamboa, L.; Opsahl, J.; Rodriguez-Salas, L.; McDermot, E.; Stone, J.; Kolar, T.; Han, P. D.; Sibley, T. R.; Truong, M.; Reinhart, D.; Grindstaff, S.; Wolf, C. R.; Boekch, M.; Englund, J. A.; Lutz, B. R.; Waghmare, A.; Viboud, C.; Starita, L. M.; Shendure, J.; Bedford, T.; Chu, H. Y.",The Brotman Baty Institute for Precision Medicine,Homo sapiens,15190,24/03/2024,PP495994.1,Automated Ingest from INSDC/NCBI Virus by Loculus,OPEN,https://pathoplexus.org/about/terms-of-use/open-data,SAMN40477074,0.997832085,,,PP495994.1,,,RSV-B/human/USA/WA-S25055/2019,0,1
PP_002U89H.1,B.D.4.1.1,18/12/2019,USA,"Washington, King County","Frazar, C. D.; Lee, J.; Ryke, E.; Gamboa, L.; Opsahl, J.; Rodriguez-Salas, L.; McDermot, E.; Stone, J.; Kolar, T.; Han, P. D.; Sibley, T. R.; Truong, M.; Reinhart, D.; Grindstaff, S.; Wolf, C. R.; Boekch, M.; Englund, J. A.; Lutz, B. R.; Waghmare, A.; Viboud, C.; Starita, L. M.; Shendure, J.; Bedford, T.; Chu, H. Y.",The Brotman Baty Institute for Precision Medicine,Homo sapiens,15190,24/03/2024,PP495995.1,Automated Ingest from INSDC/NCBI Virus by Loculus,OPEN,https://pathoplexus.org/about/terms-of-use/open-data,SAMN40477075,0.99789778,,,PP495995.1,,,RSV-B/human/USA/WA-S25056/2019,0,0
PP_002U8E7.1,B.D.4.1.1,28/12/2019,USA,"Washington, Snohomish County","Frazar, C. D.; Lee, J.; Ryke, E.; Gamboa, L.; Opsahl, J.; Rodriguez-Salas, L.; McDermot, E.; Stone, J.; Kolar, T.; Han, P. D.; Sibley, T. R.; Truong, M.; Reinhart, D.; Grindstaff, S.; Wolf, C. R.; Boekch, M.; Englund, J. A.; Lutz, B. R.; Waghmare, A.; Viboud, C.; Starita, L. M.; Shendure, J.; Bedford, T.; Chu, H. Y.",The Brotman Baty Institute for Precision Medicine,Homo sapiens,15189,24/03/2024,PP496000.1,Automated Ingest from INSDC/NCBI Virus by Loculus,OPEN,https://pathoplexus.org/about/terms-of-use/open-data,SAMN40477080,0.99789778,,,PP496000.1,,,RSV-B/human/USA/WA-S25061/2019,0,0
PP_002U8NQ.1,B.D.4.1.1,15/01/2020,USA,"Washington, King County","Frazar, C. D.; Lee, J.; Ryke, E.; Gamboa, L.; Opsahl, J.; Rodriguez-Salas, L.; McDermot, E.; Stone, J.; Kolar, T.; Han, P. D.; Sibley, T. R.; Truong, M.; Reinhart, D.; Grindstaff, S.; Wolf, C. R.; Boekch, M.; Englund, J. A.; Lutz, B. R.; Waghmare, A.; Viboud, C.; Starita, L. M.; Shendure, J.; Bedford, T.; Chu, H. Y.",The Brotman Baty Institute for Precision Medicine,Homo sapiens,15190,24/03/2024,PP496008.1,Automated Ingest from INSDC/NCBI Virus by Loculus,OPEN,https://pathoplexus.org/about/terms-of-use/open-data,SAMN40477088,0.997832085,,,PP496008.1,,,RSV-B/human/USA/WA-S25069/2020,0,1
PP_002U8SG.1,B.D.4.1.1,28/01/2020,USA,"Washington, Snohomish County","Frazar, C. D.; Lee, J.; Ryke, E.; Gamboa, L.; Opsahl, J.; Rodriguez-Salas, L.; McDermot, E.; Stone, J.; Kolar, T.; Han, P. D.; Sibley, T. R.; Truong, M.; Reinhart, D.; Grindstaff, S.; Wolf, C. R.; Boekch, M.; Englund, J. A.; Lutz, B. R.; Waghmare, A.; Viboud, C.; Starita, L. M.; Shendure, J.; Bedford, T.; Chu, H. Y.",The Brotman Baty Institute for Precision Medicine,Homo sapiens,15194,24/03/2024,PP496012.1,Automated Ingest from INSDC/NCBI Virus by Loculus,OPEN,https://pathoplexus.org/about/terms-of-use/open-data,SAMN40477092,0.997832085,,,PP496012.1,,,RSV-B/human/USA/WA-S25073/2020,0,1
PP_002U8VA.1,B.D.4.1.1,06/02/2020,USA,"Washington, King County","Frazar, C. D.; Lee, J.; Ryke, E.; Gamboa, L.; Opsahl, J.; Rodriguez-Salas, L.; McDermot, E.; Stone, J.; Kolar, T.; Han, P. D.; Sibley, T. R.; Truong, M.; Reinhart, D.; Grindstaff, S.; Wolf, C. R.; Boekch, M.; Englund, J. A.; Lutz, B. R.; Waghmare, A.; Viboud, C.; Starita, L. M.; Shendure, J.; Bedford, T.; Chu, H. Y.",The Brotman Baty Institute for Precision Medicine,Homo sapiens,15191,24/03/2024,PP496015.1,Automated Ingest from INSDC/NCBI Virus by Loculus,OPEN,https://pathoplexus.org/about/terms-of-use/open-data,SAMN40477095,0.997832085,,,PP496015.1,,,RSV-B/human/USA/WA-S25076/2020,0,1
PP_002U8W8.1,B.D.4.1.1,11/02/2020,USA,"Washington, Pierce County","Frazar, C. D.; Lee, J.; Ryke, E.; Gamboa, L.; Opsahl, J.; Rodriguez-Salas, L.; McDermot, E.; Stone, J.; Kolar, T.; Han, P. D.; Sibley, T. R.; Truong, M.; Reinhart, D.; Grindstaff, S.; Wolf, C. R.; Boekch, M.; Englund, J. A.; Lutz, B. R.; Waghmare, A.; Viboud, C.; Starita, L. M.; Shendure, J.; Bedford, T.; Chu, H. Y.",The Brotman Baty Institute for Precision Medicine,Homo sapiens,15187,24/03/2024,PP496016.1,Automated Ingest from INSDC/NCBI Virus by Loculus,OPEN,https://pathoplexus.org/about/terms-of-use/open-data,SAMN40477096,0.99789778,,,PP496016.1,,,RSV-B/human/USA/WA-S25077/2020,0,0
PP_002U900.1,B.D.E.1,19/08/2021,USA,"Washington, Snohomish County","Frazar, C. D.; Lee, J.; Ryke, E.; Gamboa, L.; Opsahl, J.; Rodriguez-Salas, L.; McDermot, E.; Stone, J.; Kolar, T.; Han, P. D.; Sibley, T. R.; Truong, M.; Reinhart, D.; Grindstaff, S.; Wolf, C. R.; Boekch, M.; Englund, J. A.; Lutz, B. R.; Waghmare, A.; Viboud, C.; Starita, L. M.; Shendure, J.; Bedford, T.; Chu, H. Y.",The Brotman Baty Institute for Precision Medicine,Homo sapiens,15193,24/03/2024,PP496020.1,Automated Ingest from INSDC/NCBI Virus by Loculus,OPEN,https://pathoplexus.org/about/terms-of-use/open-data,SAMN40477100,0.99789778,,,PP496020.1,,,RSV-B/human/USA/WA-S25081/2021,0,0
PP_002U91Y.1,B.D.E.1,04/09/2021,USA,"Washington, King County","Frazar, C. D.; Lee, J.; Ryke, E.; Gamboa, L.; Opsahl, J.; Rodriguez-Salas, L.; McDermot, E.; Stone, J.; Kolar, T.; Han, P. D.; Sibley, T. R.; Truong, M.; Reinhart, D.; Grindstaff, S.; Wolf, C. R.; Boekch, M.; Englund, J. A.; Lutz, B. R.; Waghmare, A.; Viboud, C.; Starita, L. M.; Shendure, J.; Bedford, T.; Chu, H. Y.",The Brotman Baty Institute for Precision Medicine,Homo sapiens,15193,24/03/2024,PP496021.1,Automated Ingest from INSDC/NCBI Virus by Loculus,OPEN,https://pathoplexus.org/about/terms-of-use/open-data,SAMN40477101,0.996452503,,,PP496021.1,,,RSV-B/human/USA/WA-S25082/2021,0,22
PP_002U94S.1,B.D.E.1,10/09/2021,USA,"Washington, King County","Frazar, C. D.; Lee, J.; Ryke, E.; Gamboa, L.; Opsahl, J.; Rodriguez-Salas, L.; McDermot, E.; Stone, J.; Kolar, T.; Han, P. D.; Sibley, T. R.; Truong, M.; Reinhart, D.; Grindstaff, S.; Wolf, C. R.; Boekch, M.; Englund, J. A.; Lutz, B. R.; Waghmare, A.; Viboud, C.; Starita, L. M.; Shendure, J.; Bedford, T.; Chu, H. Y.",The Brotman Baty Institute for Precision Medicine,Homo sapiens,15194,24/03/2024,PP496024.1,Automated Ingest from INSDC/NCBI Virus by Loculus,OPEN,https://pathoplexus.org/about/terms-of-use/open-data,SAMN40477104,0.99789778,,,PP496024.1,,,RSV-B/human/USA/WA-S25085/2021,0,0
PP_002U97L.1,B.D.E.1,17/10/2021,USA,"Washington, King County","Frazar, C. D.; Lee, J.; Ryke, E.; Gamboa, L.; Opsahl, J.; Rodriguez-Salas, L.; McDermot, E.; Stone, J.; Kolar, T.; Han, P. D.; Sibley, T. R.; Truong, M.; Reinhart, D.; Grindstaff, S.; Wolf, C. R.; Boekch, M.; Englund, J. A.; Lutz, B. R.; Waghmare, A.; Viboud, C.; Starita, L. M.; Shendure, J.; Bedford, T.; Chu, H. Y.",The Brotman Baty Institute for Precision Medicine,Homo sapiens,15192,24/03/2024,PP496027.1,Automated Ingest from INSDC/NCBI Virus by Loculus,OPEN,https://pathoplexus.org/about/terms-of-use/open-data,SAMN40477107,0.996846669,,,PP496027.1,,,RSV-B/human/USA/WA-S25088/2021,0,16
PP_002U9AE.1,B.D.E.1,04/11/2021,USA,"Washington, King County","Frazar, C. D.; Lee, J.; Ryke, E.; Gamboa, L.; Opsahl, J.; Rodriguez-Salas, L.; McDermot, E.; Stone, J.; Kolar, T.; Han, P. D.; Sibley, T. R.; Truong, M.; Reinhart, D.; Grindstaff, S.; Wolf, C. R.; Boekch, M.; Englund, J. A.; Lutz, B. R.; Waghmare, A.; Viboud, C.; Starita, L. M.; Shendure, J.; Bedford, T.; Chu, H. Y.",The Brotman Baty Institute for Precision Medicine,Homo sapiens,15193,24/03/2024,PP496030.1,Automated Ingest from INSDC/NCBI Virus by Loculus,OPEN,https://pathoplexus.org/about/terms-of-use/open-data,SAMN40477110,0.997766391,,,PP496030.1,,,RSV-B/human/USA/WA-S25091/2021,0,2
PP_002U9W7.1,B.D.E.6,22/12/2023,USA,Washington,"Roychoudhury, P.; Xie, X.; Sereewit, J.; Ellis, S.; Greninger, A.","University of Washington, Laboratory Medicine and Pathology",Homo sapiens,15233,31/03/2024,PP530250.1,Automated Ingest from INSDC/NCBI Virus by Loculus,OPEN,https://pathoplexus.org/about/terms-of-use/open-data,,0.999343056,,,PP530250.1,,,WA-UW-45462,0,0
PP_002UA0Z.1,B.D.E.1,08/12/2023,USA,Washington,"Roychoudhury, P.; Xie, X.; Sereewit, J.; Ellis, S.; Greninger, A.","University of Washington, Laboratory Medicine and Pathology",Homo sapiens,15243,31/03/2024,PP530254.1,Automated Ingest from INSDC/NCBI Virus by Loculus,OPEN,https://pathoplexus.org/about/terms-of-use/open-data,,0.99940875,,,PP530254.1,,,WA-UW-29997,0,0
PP_002UAHY.1,B.D.E.1,06/12/2023,USA,Washington,"Roychoudhury, P.; Xie, X.; Sereewit, J.; Ellis, S.; Greninger, A.","University of Washington, Laboratory Medicine and Pathology",Homo sapiens,15227,31/03/2024,PP530281.1,Automated Ingest from INSDC/NCBI Virus by Loculus,OPEN,https://pathoplexus.org/about/terms-of-use/open-data,,0.998686112,,,PP530281.1,,,WA-UW-92915,0,0
PP_002UCNL.1,B.D.E.1,07/12/2023,USA,Minnesota,"Kunerth, H. D.; Plumb, M.; Namugenyi, S.; Evans, D.; Wang, X.","Minnesota Department of Health, Public Health Laboratory - Infectious Disease Lab",Homo sapiens,15141,15/04/2024,PP594791.1,Automated Ingest from INSDC/NCBI Virus by Loculus,OPEN,https://pathoplexus.org/about/terms-of-use/open-data,SAMN40546220,0.958743923,,,PP594791.1,SRR28389329,,MN-MDH-RSVB-00249,0,544
PP_002UDAA.1,B.D.E.1,21/01/2024,USA,,"Lauring, A. S.; Papalambros, L. K.","University Of Michigan, Internal Medicine - Infectious Disease",Homo sapiens,15138,20/04/2024,PP660429.1,Automated Ingest from INSDC/NCBI Virus by Loculus,OPEN,https://pathoplexus.org/about/terms-of-use/open-data,,0.96183156,,,PP660429.1,,,hRSV-B-G43R74H0,0,495
PP_002UFQD.1,B.D.E.1,28/11/2023,USA,,"Lauring, A. S.; Papalambros, L. K.","University Of Michigan, Internal Medicine - Infectious Disease",Homo sapiens,15146,20/04/2024,PP660511.1,Automated Ingest from INSDC/NCBI Virus by Loculus,OPEN,https://pathoplexus.org/about/terms-of-use/open-data,,0.994875838,,,PP660511.1,,,hRSV-B-G43R40B8,0,0
PP_002UHC2.1,B.D.E.1,30/11/2023,USA,Minnesota,"Kunerth, H. D.; Plumb, M.; Namugenyi, S.; Evans, D.; Wang, X.","Minnesota Department of Health, Public Health Laboratory - Infectious Disease Lab",Homo sapiens,15141,22/04/2024,PP668183.1,Automated Ingest from INSDC/NCBI Virus by Loculus,OPEN,https://pathoplexus.org/about/terms-of-use/open-data,SAMN40945447,0.958809618,,,PP668183.1,SRR28689748,,MN-MDH-RSVB-00297,0,543
PP_002UHGU.1,B.D.E.1,05/12/2023,USA,Minnesota,"Kunerth, H. D.; Plumb, M.; Namugenyi, S.; Evans, D.; Wang, X.","Minnesota Department of Health, Public Health Laboratory - Infectious Disease Lab",Homo sapiens,15142,22/04/2024,PP668187.1,Automated Ingest from INSDC/NCBI Virus by Loculus,OPEN,https://pathoplexus.org/about/terms-of-use/open-data,SAMN40945451,0.989094731,,,PP668187.1,SRR28689766,,MN-MDH-RSVB-00301,0,82
PP_002UHKM.1,B.D.E.1.3,30/11/2023,USA,Minnesota,"Kunerth, H. D.; Plumb, M.; Namugenyi, S.; Evans, D.; Wang, X.","Minnesota Department of Health, Public Health Laboratory - Infectious Disease Lab",Homo sapiens,15141,22/04/2024,PP668190.1,Automated Ingest from INSDC/NCBI Virus by Loculus,OPEN,https://pathoplexus.org/about/terms-of-use/open-data,SAMN40945454,0.994481671,,,PP668190.1,SRR28689763,,MN-MDH-RSVB-00304,0,0
PP_002UHV1.1,B.D.E.1,05/12/2023,USA,Minnesota,"Kunerth, H. D.; Plumb, M.; Namugenyi, S.; Evans, D.; Wang, X.","Minnesota Department of Health, Public Health Laboratory - Infectious Disease Lab",Homo sapiens,15141,29/04/2024,PP709403.1,Automated Ingest from INSDC/NCBI Virus by Loculus,OPEN,https://pathoplexus.org/about/terms-of-use/open-data,SAMN40984081,0.976744186,,,PP709403.1,SRR28707018,,MN-MDH-RSVB-00353,0,270
PP_002UJA5.1,B.D.E.1,23/12/2023,USA,Minnesota,"Kunerth, H. D.; Plumb, M.; Namugenyi, S.; Evans, D.; Wang, X.","Minnesota Department of Health, Public Health Laboratory - Infectious Disease Lab",Homo sapiens,15141,29/04/2024,PP709418.1,Automated Ingest from INSDC/NCBI Virus by Loculus,OPEN,https://pathoplexus.org/about/terms-of-use/open-data,SAMN40984077,0.994350282,,,PP709418.1,SRR28707050,,MN-MDH-RSVB-00349,0,2
PP_002UJHQ.1,B.D.E.1,28/12/2023,USA,Minnesota,"Kunerth, H. D.; Plumb, M.; Namugenyi, S.; Evans, D.; Wang, X.","Minnesota Department of Health, Public Health Laboratory - Infectious Disease Lab",Homo sapiens,15141,29/04/2024,PP709425.1,Automated Ingest from INSDC/NCBI Virus by Loculus,OPEN,https://pathoplexus.org/about/terms-of-use/open-data,SAMN40984079,0.989094731,,,PP709425.1,SRR28707028,,MN-MDH-RSVB-00351,0,82
PP_002UK6C.1,B.D.E.1.3,01/01/2024,USA,Minnesota,"Kunerth, H. D.; Plumb, M.; Namugenyi, S.; Evans, D.; Wang, X.","Minnesota Department of Health, Public Health Laboratory - Infectious Disease Lab",Homo sapiens,15143,29/04/2024,PP709468.1,Automated Ingest from INSDC/NCBI Virus by Loculus,OPEN,https://pathoplexus.org/about/terms-of-use/open-data,SAMN40984169,0.958875312,,,PP709468.1,SRR28707086,,MN-MDH-RSVB-00414,0,542
PP_002UKMF.1,B.D.E.1.2,04/01/2024,USA,Minnesota,"Kunerth, H. D.; Plumb, M.; Namugenyi, S.; Evans, D.; Wang, X.","Minnesota Department of Health, Public Health Laboratory - Infectious Disease Lab",Homo sapiens,15141,06/05/2024,PP740746.1,Automated Ingest from INSDC/NCBI Virus by Loculus,OPEN,https://pathoplexus.org/about/terms-of-use/open-data,SAMN41020056,0.958875312,,,PP740746.1,SRR28747010,,MN-MDH-RSVB-00429,0,542
PP_002UKU1.1,B.D.E.1,10/11/2021,USA,"Washington, King County","Frazar, C. D.; Lee, J.; Ryke, E.; Gamboa, L.; Opsahl, J.; Rodriguez-Salas, L.; Mcdermot, E.; Stone, J.; Kolar, T.; Han, P. D.; Sibley, T. R.; Truong, M.; Reinhart, D.; Grindstaff, S.; Wolf, C. R.; Boeckh, M.; Englund, J. A.; Lutz, B. R.; Waghmare, A.; Viboud, C.; Starita, L. M.; Shendure, J.; Bedford, T.; Chu, H. Y.","Seattle Flu Study, The Brotman Baty Institute for Precision Medicine",Homo sapiens,15194,08/05/2024,PP748756.1,Automated Ingest from INSDC/NCBI Virus by Loculus,OPEN,https://pathoplexus.org/about/terms-of-use/open-data,SAMN41031268,0.996058337,,,PP748756.1,,,RSV-B/human/USA/WA-S25236/2021,0,28
PP_002UL0P.1,B.D.4.1.1,06/02/2020,USA,"Washington, King County","Frazar, C. D.; Lee, J.; Ryke, E.; Gamboa, L.; Opsahl, J.; Rodriguez-Salas, L.; Mcdermot, E.; Stone, J.; Kolar, T.; Han, P. D.; Sibley, T. R.; Truong, M.; Reinhart, D.; Grindstaff, S.; Wolf, C. R.; Boeckh, M.; Englund, J. A.; Lutz, B. R.; Waghmare, A.; Viboud, C.; Starita, L. M.; Shendure, J.; Bedford, T.; Chu, H. Y.","Seattle Flu Study, The Brotman Baty Institute for Precision Medicine",Homo sapiens,15120,08/05/2024,PP748762.1,Automated Ingest from INSDC/NCBI Virus by Loculus,OPEN,https://pathoplexus.org/about/terms-of-use/open-data,SAMN41031274,0.97845224,,,PP748762.1,,,RSV-B/human/USA/WA-S25242/2020,0,224
PP_002UL4F.1,B.D.E.1,04/12/2021,USA,"Washington, Snohomish County","Frazar, C. D.; Lee, J.; Ryke, E.; Gamboa, L.; Opsahl, J.; Rodriguez-Salas, L.; Mcdermot, E.; Stone, J.; Kolar, T.; Han, P. D.; Sibley, T. R.; Truong, M.; Reinhart, D.; Grindstaff, S.; Wolf, C. R.; Boeckh, M.; Englund, J. A.; Lutz, B. R.; Waghmare, A.; Viboud, C.; Starita, L. M.; Shendure, J.; Bedford, T.; Chu, H. Y.","Seattle Flu Study, The Brotman Baty Institute for Precision Medicine",Homo sapiens,15193,08/05/2024,PP748766.1,Automated Ingest from INSDC/NCBI Virus by Loculus,OPEN,https://pathoplexus.org/about/terms-of-use/open-data,SAMN41031278,0.995072921,,,PP748766.1,,,RSV-B/human/USA/WA-S25246/2021,0,43
PP_002UL5D.1,B.D.E.1,18/05/2022,USA,"Washington, King County","Frazar, C. D.; Lee, J.; Ryke, E.; Gamboa, L.; Opsahl, J.; Rodriguez-Salas, L.; Mcdermot, E.; Stone, J.; Kolar, T.; Han, P. D.; Sibley, T. R.; Truong, M.; Reinhart, D.; Grindstaff, S.; Wolf, C. R.; Boeckh, M.; Englund, J. A.; Lutz, B. R.; Waghmare, A.; Viboud, C.; Starita, L. M.; Shendure, J.; Bedford, T.; Chu, H. Y.","Seattle Flu Study, The Brotman Baty Institute for Precision Medicine",Homo sapiens,15187,08/05/2024,PP748767.1,Automated Ingest from INSDC/NCBI Virus by Loculus,OPEN,https://pathoplexus.org/about/terms-of-use/open-data,SAMN41031279,0.987255288,,,PP748767.1,,,RSV-B/human/USA/WA-S25247/2022,0,156
PP_002ULA3.1,B.D.4.1.1,20/03/2019,USA,"Washington, King County","Frazar, C. D.; Lee, J.; Ryke, E.; Gamboa, L.; Opsahl, J.; Rodriguez-Salas, L.; Mcdermot, E.; Stone, J.; Kolar, T.; Han, P. D.; Sibley, T. R.; Truong, M.; Reinhart, D.; Grindstaff, S.; Wolf, C. R.; Boeckh, M.; Englund, J. A.; Lutz, B. R.; Waghmare, A.; Viboud, C.; Starita, L. M.; Shendure, J.; Bedford, T.; Chu, H. Y.","Seattle Flu Study, The Brotman Baty Institute for Precision Medicine",Homo sapiens,15189,08/05/2024,PP748772.1,Automated Ingest from INSDC/NCBI Virus by Loculus,OPEN,https://pathoplexus.org/about/terms-of-use/open-data,SAMN41031287,0.997832085,,,PP748772.1,,,RSV-B/human/USA/WA-S25255/2019,0,1
PP_002ULKJ.1,B.D.4.1.1,20/03/2019,USA,"Washington, King County","Frazar, C. D.; Lee, J.; Ryke, E.; Gamboa, L.; Opsahl, J.; Rodriguez-Salas, L.; Mcdermot, E.; Stone, J.; Kolar, T.; Han, P. D.; Sibley, T. R.; Truong, M.; Reinhart, D.; Grindstaff, S.; Wolf, C. R.; Boeckh, M.; Englund, J. A.; Lutz, B. R.; Waghmare, A.; Viboud, C.; Starita, L. M.; Shendure, J.; Bedford, T.; Chu, H. Y.","Seattle Flu Study, The Brotman Baty Institute for Precision Medicine",Homo sapiens,15190,08/05/2024,PP748781.1,Automated Ingest from INSDC/NCBI Virus by Loculus,OPEN,https://pathoplexus.org/about/terms-of-use/open-data,SAMN41031296,0.99789778,,,PP748781.1,,,RSV-B/human/USA/WA-S25264/2019,0,0
PP_002ULNC.1,B.D.4.1.1,25/04/2019,USA,"Washington, King County","Frazar, C. D.; Lee, J.; Ryke, E.; Gamboa, L.; Opsahl, J.; Rodriguez-Salas, L.; Mcdermot, E.; Stone, J.; Kolar, T.; Han, P. D.; Sibley, T. R.; Truong, M.; Reinhart, D.; Grindstaff, S.; Wolf, C. R.; Boeckh, M.; Englund, J. A.; Lutz, B. R.; Waghmare, A.; Viboud, C.; Starita, L. M.; Shendure, J.; Bedford, T.; Chu, H. Y.","Seattle Flu Study, The Brotman Baty Institute for Precision Medicine",Homo sapiens,15117,08/05/2024,PP748784.1,Automated Ingest from INSDC/NCBI Virus by Loculus,OPEN,https://pathoplexus.org/about/terms-of-use/open-data,SAMN41031299,0.993167783,,,PP748784.1,,,RSV-B/human/USA/WA-S25267/2019,0,0
PP_002ULVY.1,B.D.E.2,02/12/2019,USA,"Washington, King County","Frazar, C. D.; Lee, J.; Ryke, E.; Gamboa, L.; Opsahl, J.; Rodriguez-Salas, L.; Mcdermot, E.; Stone, J.; Kolar, T.; Han, P. D.; Sibley, T. R.; Truong, M.; Reinhart, D.; Grindstaff, S.; Wolf, C. R.; Boeckh, M.; Englund, J. A.; Lutz, B. R.; Waghmare, A.; Viboud, C.; Starita, L. M.; Shendure, J.; Bedford, T.; Chu, H. Y.","Seattle Flu Study, The Brotman Baty Institute for Precision Medicine",Homo sapiens,15191,08/05/2024,PP748791.1,Automated Ingest from INSDC/NCBI Virus by Loculus,OPEN,https://pathoplexus.org/about/terms-of-use/open-data,SAMN41031306,0.997832085,,,PP748791.1,,,RSV-B/human/USA/WA-S25274/2019,0,1
PP_002ULZQ.1,B.D.4.1.1,27/12/2019,USA,"Washington, King County","Frazar, C. D.; Lee, J.; Ryke, E.; Gamboa, L.; Opsahl, J.; Rodriguez-Salas, L.; Mcdermot, E.; Stone, J.; Kolar, T.; Han, P. D.; Sibley, T. R.; Truong, M.; Reinhart, D.; Grindstaff, S.; Wolf, C. R.; Boeckh, M.; Englund, J. A.; Lutz, B. R.; Waghmare, A.; Viboud, C.; Starita, L. M.; Shendure, J.; Bedford, T.; Chu, H. Y.","Seattle Flu Study, The Brotman Baty Institute for Precision Medicine",Homo sapiens,15112,08/05/2024,PP748795.1,Automated Ingest from INSDC/NCBI Virus by Loculus,OPEN,https://pathoplexus.org/about/terms-of-use/open-data,SAMN41031310,0.973262383,,,PP748795.1,,,RSV-B/human/USA/WA-S25278/2019,0,297
PP_002UM0N.1,B.D.4.1.1,31/01/2020,USA,"Washington, Snohomish County","Frazar, C. D.; Lee, J.; Ryke, E.; Gamboa, L.; Opsahl, J.; Rodriguez-Salas, L.; Mcdermot, E.; Stone, J.; Kolar, T.; Han, P. D.; Sibley, T. R.; Truong, M.; Reinhart, D.; Grindstaff, S.; Wolf, C. R.; Boeckh, M.; Englund, J. A.; Lutz, B. R.; Waghmare, A.; Viboud, C.; Starita, L. M.; Shendure, J.; Bedford, T.; Chu, H. Y.","Seattle Flu Study, The Brotman Baty Institute for Precision Medicine",Homo sapiens,15194,08/05/2024,PP748796.1,Automated Ingest from INSDC/NCBI Virus by Loculus,OPEN,https://pathoplexus.org/about/terms-of-use/open-data,SAMN41031311,0.997700696,,,PP748796.1,,,RSV-B/human/USA/WA-S25279/2020,0,3
PP_002UM6A.1,B.D.4.1.1,29/02/2020,USA,"Washington, King County","Frazar, C. D.; Lee, J.; Ryke, E.; Gamboa, L.; Opsahl, J.; Rodriguez-Salas, L.; Mcdermot, E.; Stone, J.; Kolar, T.; Han, P. D.; Sibley, T. R.; Truong, M.; Reinhart, D.; Grindstaff, S.; Wolf, C. R.; Boeckh, M.; Englund, J. A.; Lutz, B. R.; Waghmare, A.; Viboud, C.; Starita, L. M.; Shendure, J.; Bedford, T.; Chu, H. Y.","Seattle Flu Study, The Brotman Baty Institute for Precision Medicine",Homo sapiens,15190,08/05/2024,PP748802.1,Automated Ingest from INSDC/NCBI Virus by Loculus,OPEN,https://pathoplexus.org/about/terms-of-use/open-data,SAMN41031317,0.99625542,,,PP748802.1,,,RSV-B/human/USA/WA-S25285/2020,0,25
PP_002UM86.1,B.D.4.1.1,27/03/2020,USA,"Washington, King County","Frazar, C. D.; Lee, J.; Ryke, E.; Gamboa, L.; Opsahl, J.; Rodriguez-Salas, L.; Mcdermot, E.; Stone, J.; Kolar, T.; Han, P. D.; Sibley, T. R.; Truong, M.; Reinhart, D.; Grindstaff, S.; Wolf, C. R.; Boeckh, M.; Englund, J. A.; Lutz, B. R.; Waghmare, A.; Viboud, C.; Starita, L. M.; Shendure, J.; Bedford, T.; Chu, H. Y.","Seattle Flu Study, The Brotman Baty Institute for Precision Medicine",Homo sapiens,15190,08/05/2024,PP748804.1,Automated Ingest from INSDC/NCBI Virus by Loculus,OPEN,https://pathoplexus.org/about/terms-of-use/open-data,SAMN41031319,0.99789778,,,PP748804.1,,,RSV-B/human/USA/WA-S25287/2020,0,0
PP_002UM94.1,B.D.4.1.1,22/02/2020,USA,"Washington, Snohomish County","Frazar, C. D.; Lee, J.; Ryke, E.; Gamboa, L.; Opsahl, J.; Rodriguez-Salas, L.; Mcdermot, E.; Stone, J.; Kolar, T.; Han, P. D.; Sibley, T. R.; Truong, M.; Reinhart, D.; Grindstaff, S.; Wolf, C. R.; Boeckh, M.; Englund, J. A.; Lutz, B. R.; Waghmare, A.; Viboud, C.; Starita, L. M.; Shendure, J.; Bedford, T.; Chu, H. Y.","Seattle Flu Study, The Brotman Baty Institute for Precision Medicine",Homo sapiens,15049,08/05/2024,PP748805.1,Automated Ingest from INSDC/NCBI Virus by Loculus,OPEN,https://pathoplexus.org/about/terms-of-use/open-data,SAMN41031320,0.973722244,,,PP748805.1,,,RSV-B/human/USA/WA-S25288/2020,0,228
PP_002UMHM.1,B.D.E.1,08/07/2021,USA,"Washington, King County","Frazar, C. D.; Lee, J.; Ryke, E.; Gamboa, L.; Opsahl, J.; Rodriguez-Salas, L.; Mcdermot, E.; Stone, J.; Kolar, T.; Han, P. D.; Sibley, T. R.; Truong, M.; Reinhart, D.; Grindstaff, S.; Wolf, C. R.; Boeckh, M.; Englund, J. A.; Lutz, B. R.; Waghmare, A.; Viboud, C.; Starita, L. M.; Shendure, J.; Bedford, T.; Chu, H. Y.","Seattle Flu Study, The Brotman Baty Institute for Precision Medicine",Homo sapiens,15193,08/05/2024,PP748813.1,Automated Ingest from INSDC/NCBI Virus by Loculus,OPEN,https://pathoplexus.org/about/terms-of-use/open-data,SAMN41031328,0.99789778,,,PP748813.1,,,RSV-B/human/USA/WA-S25296/2021,0,0
PP_002UMS3.1,B.D.E.1,26/10/2021,USA,"Washington, King County","Frazar, C. D.; Lee, J.; Ryke, E.; Gamboa, L.; Opsahl, J.; Rodriguez-Salas, L.; Mcdermot, E.; Stone, J.; Kolar, T.; Han, P. D.; Sibley, T. R.; Truong, M.; Reinhart, D.; Grindstaff, S.; Wolf, C. R.; Boeckh, M.; Englund, J. A.; Lutz, B. R.; Waghmare, A.; Viboud, C.; Starita, L. M.; Shendure, J.; Bedford, T.; Chu, H. Y.","Seattle Flu Study, The Brotman Baty Institute for Precision Medicine",Homo sapiens,15192,08/05/2024,PP748822.1,Automated Ingest from INSDC/NCBI Virus by Loculus,OPEN,https://pathoplexus.org/about/terms-of-use/open-data,SAMN41031337,0.99789778,,,PP748822.1,,,RSV-B/human/USA/WA-S25305/2021,0,0
PP_002UMVX.1,B.D.E.1,03/11/2021,USA,"Washington, Snohomish County","Frazar, C. D.; Lee, J.; Ryke, E.; Gamboa, L.; Opsahl, J.; Rodriguez-Salas, L.; Mcdermot, E.; Stone, J.; Kolar, T.; Han, P. D.; Sibley, T. R.; Truong, M.; Reinhart, D.; Grindstaff, S.; Wolf, C. R.; Boeckh, M.; Englund, J. A.; Lutz, B. R.; Waghmare, A.; Viboud, C.; Starita, L. M.; Shendure, J.; Bedford, T.; Chu, H. Y.","Seattle Flu Study, The Brotman Baty Institute for Precision Medicine",Homo sapiens,15193,08/05/2024,PP748825.1,Automated Ingest from INSDC/NCBI Virus by Loculus,OPEN,https://pathoplexus.org/about/terms-of-use/open-data,SAMN41031340,0.99789778,,,PP748825.1,,,RSV-B/human/USA/WA-S25308/2021,0,0
PP_002UN2H.2,B.D.E.1,2022-10,USA,WA,"Sereewit, J.; Nunley, B. E.; Roychoudhury, P.; Greninger, A. L.","University of Washington Dept. Laboratory Medicine and Pathology, Virology Division",Homo sapiens,15140,12/05/2024,PP760386.1,Automated Ingest from INSDC/NCBI Virus by Loculus,OPEN,https://pathoplexus.org/about/terms-of-use/open-data,SAMN32118102,0.994087505,,,PP760386.1,SRR28895547,,RSV/B/USA/WA-UW-8BLN9/2022,0,6
PP_002UNDV.2,B.D.E.1,2022-12,USA,WA,"Sereewit, J.; Nunley, B. E.; Roychoudhury, P.; Greninger, A. L.","University of Washington Dept. Laboratory Medicine and Pathology, Virology Division",Homo sapiens,15140,12/05/2024,PP760410.1,Automated Ingest from INSDC/NCBI Virus by Loculus,OPEN,https://pathoplexus.org/about/terms-of-use/open-data,SAMN41195183,0.994481671,,,PP760410.1,SRR28891423,,RSV/B/USA/WA-UW-68476/2022,0,0
PP_002UNHL.2,B.D.E.1,2022-10,USA,WA,"Sereewit, J.; Nunley, B. E.; Roychoudhury, P.; Greninger, A. L.","University of Washington Dept. Laboratory Medicine and Pathology, Virology Division",Homo sapiens,15140,12/05/2024,PP760418.1,Automated Ingest from INSDC/NCBI Virus by Loculus,OPEN,https://pathoplexus.org/about/terms-of-use/open-data,SAMN32118117,0.994481671,,,PP760418.1,SRR28895540,,RSV/B/USA/WA-UW-M4SWF/2022,0,0
PP_002UNKG.2,B.D.E.1,2022-10,USA,WA,"Sereewit, J.; Nunley, B. E.; Roychoudhury, P.; Greninger, A. L.","University of Washington Dept. Laboratory Medicine and Pathology, Virology Division",Homo sapiens,15160,12/05/2024,PP760421.1,Automated Ingest from INSDC/NCBI Virus by Loculus,OPEN,https://pathoplexus.org/about/terms-of-use/open-data,SAMN32118097,0.995795559,,,PP760421.1,SRR28895539,,RSV/B/USA/WA-UW-RWWYB/2022,0,0
PP_002UNXS.1,B.D.E.1,31/01/2024,USA,Washington,"Roychoudhury, P.; Klein, E. J.; Strelitz, B.; Grioni, H.; Moline, H. L.; Tannis, A.; Ellis, S. E.; Xie, H.; Kong, K.; Sereewit, J.; Greninger, A.; Englund, J. A.","University of Washington, Laboratory Medicine and Pathology",Homo sapiens,15244,14/05/2024,PP770473.1,Automated Ingest from INSDC/NCBI Virus by Loculus,OPEN,https://pathoplexus.org/about/terms-of-use/open-data,,0.999343056,,,PP770473.1,,,WA-SCH-2987814,0,0
PP_002UQ75.1,B.D.E.1,02/02/2024,USA,,"Lauring, A. S.; Papalambros, L. K.","University Of Michigan, Internal Medicine - Infectious Disease",Homo sapiens,15145,18/05/2024,PP781470.1,Automated Ingest from INSDC/NCBI Virus by Loculus,OPEN,https://pathoplexus.org/about/terms-of-use/open-data,,0.994810143,,,PP781470.1,,,hRSV-B-G43R91E7,0,0
PP_002UQWS.2,B.D.4.1.1,2020,South Africa,,"Sondlane, H.; Ogunbayo, A.; Donato, C.; Mogotsi, M.; Esona, M.; Hallbauer, U.; Bester, P.; Goedhals, D.; Nyaga, M.; Nyaga, M. M.; Sondlane, H. T.; Ogunbayo, E. A.; Mogotsi, M. T.; Esona, M. D.","University of the Free State, UFS-NGS",Homo sapiens,15202,10/07/2024,PP784970.1,Automated Ingest from INSDC/NCBI Virus by Loculus,OPEN,https://pathoplexus.org/about/terms-of-use/open-data,,1,,,PP784970.1,,,hRSV/B/ZAF/UFS-NGS-UNIT/SARI-36/2020|2020-12-14,0,0
PP_002UQZL.2,B.D.4.1.1,2020,South Africa,,"Sondlane, H.; Ogunbayo, A.; Donato, C.; Mogotsi, M.; Esona, M.; Hallbauer, U.; Bester, P.; Goedhals, D.; Nyaga, M.; Nyaga, M. M.; Sondlane, H. T.; Ogunbayo, E. A.; Mogotsi, M. T.; Esona, M. D.","University of the Free State, UFS-NGS",Homo sapiens,15202,10/07/2024,PP784973.1,Automated Ingest from INSDC/NCBI Virus by Loculus,OPEN,https://pathoplexus.org/about/terms-of-use/open-data,,0.999934306,,,PP784973.1,,,hRSV/B/ZAF/UFS-NGS-UNIT/SARI-17/2020|2020-21-12,0,1
PP_002UR0J.2,B.D.4.1.1,2020,South Africa,,"Sondlane, H.; Ogunbayo, A.; Donato, C.; Mogotsi, M.; Esona, M.; Hallbauer, U.; Bester, P.; Goedhals, D.; Nyaga, M.; Nyaga, M. M.; Sondlane, H. T.; Ogunbayo, E. A.; Mogotsi, M. T.; Esona, M. D.","University of the Free State, UFS-NGS",Homo sapiens,15202,10/07/2024,PP784974.1,Automated Ingest from INSDC/NCBI Virus by Loculus,OPEN,https://pathoplexus.org/about/terms-of-use/open-data,,0.999934306,,,PP784974.1,,,hRSV/B/ZAF/UFS-NGS-UNIT/SARI-18/2020|2020-12-02,0,1
PP_002UTHF.1,B.D.E.1,20/10/2023,USA,Texas,"Avadhanula, V.; Sahni, L.; Surathu, A.; Cregeen, S. J.; Doddapaneni, H.; Metcalf, G. A.; Tannis, A.; Moline, H.; Boom, J.; Piedra, P.","Baylor College of Medicine, Alkek Center for Metagenomics and Microbiome Research",Homo sapiens,15264,20/05/2024,PP795106.1,Automated Ingest from INSDC/NCBI Virus by Loculus,OPEN,https://pathoplexus.org/about/terms-of-use/open-data,SAMN41376834,1,,,PP795106.1,SRR29003506,,HRSV/B/USA/TX-HOU-215353/2023,0,0
PP_002UTKB.1,B.D.E.1,29/10/2023,USA,Texas,"Avadhanula, V.; Sahni, L.; Surathu, A.; Cregeen, S. J.; Doddapaneni, H.; Metcalf, G. A.; Tannis, A.; Moline, H.; Boom, J.; Piedra, P.","Baylor College of Medicine, Alkek Center for Metagenomics and Microbiome Research",Homo sapiens,15290,20/05/2024,PP795108.1,Automated Ingest from INSDC/NCBI Virus by Loculus,OPEN,https://pathoplexus.org/about/terms-of-use/open-data,SAMN41376838,1,,,PP795108.1,SRR29003500,,HRSV/B/USA/TX-HOU-215483/2023,0,0
PP_002UU0F.1,B.D.E.1,28/11/2023,USA,Texas,"Avadhanula, V.; Sahni, L.; Surathu, A.; Cregeen, S. J.; Doddapaneni, H.; Metcalf, G. A.; Tannis, A.; Moline, H.; Boom, J.; Piedra, P.","Baylor College of Medicine, Alkek Center for Metagenomics and Microbiome Research",Homo sapiens,15283,20/05/2024,PP795123.1,Automated Ingest from INSDC/NCBI Virus by Loculus,OPEN,https://pathoplexus.org/about/terms-of-use/open-data,SAMN41376857,1,,,PP795123.1,SRR29003480,,HRSV/B/USA/TX-HOU-216365/2023,0,0
PP_002UUVQ.1,B.D.E.1,08/12/2023,USA,Minnesota,"Kunerth, H. D.; Plumb, M.; Namugenyi, S.; Evans, D.; Wang, X.","Minnesota Department of Health, Public Health Laboratory - Infectious Disease Lab",Homo sapiens,15140,29/05/2024,PP830425.1,Automated Ingest from INSDC/NCBI Virus by Loculus,OPEN,https://pathoplexus.org/about/terms-of-use/open-data,SAMN41479201,0.959729339,,,PP830425.1,SRR29103094,,MN-MDH-RSVB-00490,0,529
PP_002UV9W.1,B.D.E.1,19/12/2023,USA,Minnesota,"Kunerth, H. D.; Plumb, M.; Namugenyi, S.; Evans, D.; Wang, X.","Minnesota Department of Health, Public Health Laboratory - Infectious Disease Lab",Homo sapiens,15141,29/05/2024,PP830439.1,Automated Ingest from INSDC/NCBI Virus by Loculus,OPEN,https://pathoplexus.org/about/terms-of-use/open-data,SAMN41479215,0.959729339,,,PP830439.1,SRR29103079,,MN-MDH-RSVB-00504,0,529
PP_002UVAU.1,B.D.E.1,16/12/2023,USA,Minnesota,"Kunerth, H. D.; Plumb, M.; Namugenyi, S.; Evans, D.; Wang, X.","Minnesota Department of Health, Public Health Laboratory - Infectious Disease Lab",Homo sapiens,15141,29/05/2024,PP830440.1,Automated Ingest from INSDC/NCBI Virus by Loculus,OPEN,https://pathoplexus.org/about/terms-of-use/open-data,SAMN41479216,0.959729339,,,PP830440.1,SRR29103078,,MN-MDH-RSVB-00505,0,529
PP_002UVK9.1,B.D.E.1,24/12/2023,USA,Minnesota,"Kunerth, H. D.; Plumb, M.; Namugenyi, S.; Evans, D.; Wang, X.","Minnesota Department of Health, Public Health Laboratory - Infectious Disease Lab",Homo sapiens,15141,29/05/2024,PP830449.1,Automated Ingest from INSDC/NCBI Virus by Loculus,OPEN,https://pathoplexus.org/about/terms-of-use/open-data,SAMN41479225,0.959532256,,,PP830449.1,SRR29103068,,MN-MDH-RSVB-00514,0,532
PP_002UVWM.1,B.D.E.1,04/01/2024,USA,Minnesota,"Kunerth, H. D.; Plumb, M.; Namugenyi, S.; Evans, D.; Wang, X.","Minnesota Department of Health, Public Health Laboratory - Infectious Disease Lab",Homo sapiens,15141,05/06/2024,PP847404.1,Automated Ingest from INSDC/NCBI Virus by Loculus,OPEN,https://pathoplexus.org/about/terms-of-use/open-data,SAMN41571203,0.956247536,,,PP847404.1,SRR29205765,,MN-MDH-RSVB-00563,0,582
PP_002UXHB.1,B.D.E.1,26/03/2024,USA,,"Lauring, A. S.; Papalambros, L. K.","University Of Michigan, Internal Medicine - Infectious Disease",Homo sapiens,14944,16/06/2024,PP896760.1,Automated Ingest from INSDC/NCBI Virus by Loculus,OPEN,https://pathoplexus.org/about/terms-of-use/open-data,,0.95480226,,,PP896760.1,,,hRSV-B-G43S16E9,0,410
PP_002UZ50.1,B.D.E.1.2,20/01/2024,USA,Minnesota,"Kunerth, H. D.; Plumb, M.; Namugenyi, S.; Evans, D.; Bohnker, L.; Wang, X.","Minnesota Department of Health, Public Health Laboratory - Infectious Disease Lab",Homo sapiens,15141,19/06/2024,PP910802.1,Automated Ingest from INSDC/NCBI Virus by Loculus,OPEN,https://pathoplexus.org/about/terms-of-use/open-data,SAMN41805707,0.95959795,,,PP910802.1,SRR29379203,,MN-MDH-RSVB-00642,0,531
PP_002UZ9S.1,B.D.E.1,25/01/2024,USA,Minnesota,"Kunerth, H. D.; Plumb, M.; Namugenyi, S.; Evans, D.; Bohnker, L.; Wang, X.","Minnesota Department of Health, Public Health Laboratory - Infectious Disease Lab",Homo sapiens,15141,19/06/2024,PP910806.1,Automated Ingest from INSDC/NCBI Virus by Loculus,OPEN,https://pathoplexus.org/about/terms-of-use/open-data,SAMN41805711,0.95959795,,,PP910806.1,SRR29379198,,MN-MDH-RSVB-00646,0,531
PP_002UZGC.1,B.D.E.1,29/01/2024,USA,Minnesota,"Kunerth, H. D.; Plumb, M.; Namugenyi, S.; Evans, D.; Bohnker, L.; Wang, X.","Minnesota Department of Health, Public Health Laboratory - Infectious Disease Lab",Homo sapiens,15141,19/06/2024,PP910813.1,Automated Ingest from INSDC/NCBI Virus by Loculus,OPEN,https://pathoplexus.org/about/terms-of-use/open-data,SAMN41805718,0.959466562,,,PP910813.1,SRR29379191,,MN-MDH-RSVB-00653,0,533
PP_002UZQV.1,B.D.E.1.3,12/02/2024,USA,Minnesota,"Kunerth, H. D.; Plumb, M.; Namugenyi, S.; Evans, D.; Bohnker, L.; Wang, X.","Minnesota Department of Health, Public Health Laboratory - Infectious Disease Lab",Homo sapiens,15141,19/06/2024,PP910821.1,Automated Ingest from INSDC/NCBI Virus by Loculus,OPEN,https://pathoplexus.org/about/terms-of-use/open-data,SAMN41805726,0.977138352,,,PP910821.1,SRR29379182,,MN-MDH-RSVB-00661,0,264
PP_002V0ED.1,B.D.E.1,11/03/2024,USA,Minnesota,"Kunerth, H. D.; Plumb, M.; Namugenyi, S.; Evans, D.; Bohnker, L.; Wang, X.","Minnesota Department of Health, Public Health Laboratory - Infectious Disease Lab",Homo sapiens,15144,26/06/2024,PP934494.1,Automated Ingest from INSDC/NCBI Virus by Loculus,OPEN,https://pathoplexus.org/about/terms-of-use/open-data,SAMN41877369,0.977138352,,,PP934494.1,SRR29436662,,MN-MDH-RSVB-00712,0,264
PP_002V1H5.1,B.D.E.1,10/02/2024,USA,Minnesota,"Kunerth, H. D.; Plumb, M.; Namugenyi, S.; Evans, D.; Bohnker, L.; Wang, X.","Minnesota Department of Health, Public Health Laboratory - Infectious Disease Lab",Homo sapiens,15143,03/07/2024,PP957800.1,Automated Ingest from INSDC/NCBI Virus by Loculus,OPEN,https://pathoplexus.org/about/terms-of-use/open-data,SAMN42036985,0.959400867,,,PP957800.1,SRR29541232,,MN-MDH-RSVB-00787,0,534
PP_002V6PN.1,B.D.E.1.2,16/01/2024,USA,Washington,"Roychoudhury, P.; Xie, X.; Sereewit, J.; Ellis, S.; Greninger, A.","University of Washington, Laboratory Medicine and Pathology",Homo sapiens,15052,03/07/2024,PP959042.1,Automated Ingest from INSDC/NCBI Virus by Loculus,OPEN,https://pathoplexus.org/about/terms-of-use/open-data,,0.981211405,,,PP959042.1,,,WA-UW-46520,0,118
PP_002V6Y4.1,B.D.E.1,13/12/2022,Ireland,,"Carr, M.; Dean, J.; Hare, D.; OByrne, E.; De Gascun, C. F.; Rice, A.; Gonzalez, G.","University College Dublin, National Virus Reference Laboratory",Homo sapiens,15232,06/08/2024,PP970066.1,Automated Ingest from INSDC/NCBI Virus by Loculus,OPEN,https://pathoplexus.org/about/terms-of-use/open-data,,0.998686112,,,PP970066.1,,,B18321122,0,0
PP_002V74S.1,B.D.E.1,05/12/2022,Ireland,,"Carr, M.; Dean, J.; Hare, D.; OByrne, E.; De Gascun, C. F.; Rice, A.; Gonzalez, G.","University College Dublin, National Virus Reference Laboratory",Homo sapiens,15231,06/08/2024,PP970072.1,Automated Ingest from INSDC/NCBI Virus by Loculus,OPEN,https://pathoplexus.org/about/terms-of-use/open-data,,0.998686112,,,PP970072.1,,,B18321128,0,0
PP_002V7D8.1,B.D.E.1,19/10/2022,Ireland,,"Carr, M.; Dean, J.; Hare, D.; OByrne, E.; De Gascun, C. F.; Rice, A.; Gonzalez, G.","University College Dublin, National Virus Reference Laboratory",Homo sapiens,15230,06/08/2024,PP970081.1,Automated Ingest from INSDC/NCBI Virus by Loculus,OPEN,https://pathoplexus.org/about/terms-of-use/open-data,,0.998686112,,,PP970081.1,,,B18321137,0,0
PP_002V7G2.1,B.D.E.1,22/11/2022,Ireland,,"Carr, M.; Dean, J.; Hare, D.; OByrne, E.; De Gascun, C. F.; Rice, A.; Gonzalez, G.","University College Dublin, National Virus Reference Laboratory",Homo sapiens,15230,06/08/2024,PP970084.1,Automated Ingest from INSDC/NCBI Virus by Loculus,OPEN,https://pathoplexus.org/about/terms-of-use/open-data,,0.998751807,,,PP970084.1,,,B18321140,0,0
PP_002V7SF.1,B.D.E.1,19/12/2022,Ireland,,"Carr, M.; Dean, J.; Hare, D.; OByrne, E.; De Gascun, C. F.; Rice, A.; Gonzalez, G.","University College Dublin, National Virus Reference Laboratory",Homo sapiens,15230,06/08/2024,PP970094.1,Automated Ingest from INSDC/NCBI Virus by Loculus,OPEN,https://pathoplexus.org/about/terms-of-use/open-data,,0.998686112,,,PP970094.1,,,B18321150,0,0
PP_002V84R.1,B.D.E.1,29/11/2022,Ireland,,"Carr, M.; Dean, J.; Hare, D.; OByrne, E.; De Gascun, C. F.; Rice, A.; Gonzalez, G.","University College Dublin, National Virus Reference Laboratory",Homo sapiens,15230,06/08/2024,PP970106.1,Automated Ingest from INSDC/NCBI Virus by Loculus,OPEN,https://pathoplexus.org/about/terms-of-use/open-data,,0.998686112,,,PP970106.1,,,B18321105,0,0
PP_002V8E5.1,B.D.E.1,14/11/2022,Ireland,,"Carr, M.; Dean, J.; Hare, D.; OByrne, E.; De Gascun, C. F.; Rice, A.; Gonzalez, G.","University College Dublin, National Virus Reference Laboratory",Homo sapiens,15230,06/08/2024,PP970116.1,Automated Ingest from INSDC/NCBI Virus by Loculus,OPEN,https://pathoplexus.org/about/terms-of-use/open-data,,0.998686112,,,PP970116.1,,,B18321115,0,0
PP_002V8MQ.1,B.D.4.1.1,01/11/2023,Ireland,,"Carr, M.; Dean, J.; Hare, D.; OByrne, E.; De Gascun, C. F.; Rice, A.; Gonzalez, G.","University College Dublin, National Virus Reference Laboratory",Homo sapiens,14777,06/08/2024,PP970123.1,Automated Ingest from INSDC/NCBI Virus by Loculus,OPEN,https://pathoplexus.org/about/terms-of-use/open-data,,0.970568913,,,PP970123.1,,,B19160821,0,0
PP_002V95N.1,B.D.E.1,24/09/2022,Ireland,,"Carr, M.; Dean, J.; Hare, D.; OByrne, E.; De Gascun, C. F.; Rice, A.; Gonzalez, G.","University College Dublin, National Virus Reference Laboratory",Homo sapiens,15246,06/08/2024,PP970141.1,Automated Ingest from INSDC/NCBI Virus by Loculus,OPEN,https://pathoplexus.org/about/terms-of-use/open-data,,1,,,PP970141.1,,,B18321030,0,0
PP_002V97J.1,B.D.E.1,30/09/2022,Ireland,,"Carr, M.; Dean, J.; Hare, D.; OByrne, E.; De Gascun, C. F.; Rice, A.; Gonzalez, G.","University College Dublin, National Virus Reference Laboratory",Homo sapiens,15233,06/08/2024,PP970143.1,Automated Ingest from INSDC/NCBI Virus by Loculus,OPEN,https://pathoplexus.org/about/terms-of-use/open-data,,0.998686112,,,PP970143.1,,,B18321032,0,0
PP_002V9KT.1,B.D.E.1,01/11/2022,Ireland,,"Carr, M.; Dean, J.; Hare, D.; OByrne, E.; De Gascun, C. F.; Rice, A.; Gonzalez, G.","University College Dublin, National Virus Reference Laboratory",Homo sapiens,15201,06/08/2024,PP970155.1,Automated Ingest from INSDC/NCBI Virus by Loculus,OPEN,https://pathoplexus.org/about/terms-of-use/open-data,,0.998686112,,,PP970155.1,,,B18321066,0,0
PP_002V9TB.1,B.D.E.1,05/11/2022,Ireland,,"Carr, M.; Dean, J.; Hare, D.; OByrne, E.; De Gascun, C. F.; Rice, A.; Gonzalez, G.","University College Dublin, National Virus Reference Laboratory",Homo sapiens,15230,06/08/2024,PP970163.1,Automated Ingest from INSDC/NCBI Virus by Loculus,OPEN,https://pathoplexus.org/about/terms-of-use/open-data,,0.998686112,,,PP970163.1,,,B18321074,0,0
PP_002VAHW.1,B.D.E.1,29/01/2024,USA,Minnesota,"Kunerth, H. D.; Plumb, M.; Namugenyi, S.; Evans, D.; Bohnker, L.; Wang, X.","Minnesota Department of Health, Public Health Laboratory - Infectious Disease Lab",Homo sapiens,15137,08/07/2024,PP973794.1,Automated Ingest from INSDC/NCBI Virus by Loculus,OPEN,https://pathoplexus.org/about/terms-of-use/open-data,SAMN42162082,0.959203784,,,PP973794.1,SRR29646431,,MN-MDH-RSVB-00859,0,537
PP_002VB1U.1,B.D.E.6,15/02/2024,USA,Minnesota,"Kunerth, H. D.; Plumb, M.; Namugenyi, S.; Evans, D.; Bohnker, L.; Wang, X.","Minnesota Department of Health, Public Health Laboratory - Infectious Disease Lab",Homo sapiens,15137,08/07/2024,PP973812.1,Automated Ingest from INSDC/NCBI Virus by Loculus,OPEN,https://pathoplexus.org/about/terms-of-use/open-data,SAMN42162100,0.960254894,,,PP973812.1,SRR29646411,,MN-MDH-RSVB-00877,0,521
PP_002VB9C.1,B.D.E.1,19/02/2024,USA,Minnesota,"Kunerth, H. D.; Plumb, M.; Namugenyi, S.; Evans, D.; Bohnker, L.; Wang, X.","Minnesota Department of Health, Public Health Laboratory - Infectious Disease Lab",Homo sapiens,15141,08/07/2024,PP973820.1,Automated Ingest from INSDC/NCBI Virus by Loculus,OPEN,https://pathoplexus.org/about/terms-of-use/open-data,SAMN42162108,0.959729339,,,PP973820.1,SRR29646402,,MN-MDH-RSVB-00885,0,529
PP_002VF3L.1,B.D.4.1,16/12/2015,China,Beijing,"Wei, X.; Wang, L.; Li, M.; Qi, J.; Kang, L.; Hu, G.; Gong, C.; Wang, C.; Wang, Y.; Huang, F.; Gao, G. F.","Beijing Center for Disease Prevention and Control, Immunological Prevention",Homo sapiens,15150,09/11/2024,PP974175.1,Automated Ingest from INSDC/NCBI Virus by Loculus,OPEN,https://pathoplexus.org/about/terms-of-use/open-data,,0.994941532,,,PP974175.1,,,2016-R0160,1,4
PP_002VFB4.1,B.D.E.2,01/01/2020,China,Beijing,"Wei, X.; Wang, L.; Li, M.; Qi, J.; Kang, L.; Hu, G.; Gong, C.; Wang, C.; Wang, Y.; Huang, F.; Gao, G. F.","Beijing Center for Disease Prevention and Control, Immunological Prevention",Homo sapiens,15183,09/11/2024,PP974183.1,Automated Ingest from INSDC/NCBI Virus by Loculus,OPEN,https://pathoplexus.org/about/terms-of-use/open-data,,0.99730653,,,PP974183.1,,,2019-R0897,2,0
PP_002VFJP.1,B.D.4.1.1,16/12/2020,China,Beijing,"Wei, X.; Wang, L.; Li, M.; Qi, J.; Kang, L.; Hu, G.; Gong, C.; Wang, C.; Wang, Y.; Huang, F.; Gao, G. F.","Beijing Center for Disease Prevention and Control, Immunological Prevention",Homo sapiens,15149,09/11/2024,PP974190.1,Automated Ingest from INSDC/NCBI Virus by Loculus,OPEN,https://pathoplexus.org/about/terms-of-use/open-data,,0.995072921,,,PP974190.1,,,2020-R1040,1,1
PP_002VFKM.1,B.D.E.2,28/12/2020,China,Beijing,"Wei, X.; Wang, L.; Li, M.; Qi, J.; Kang, L.; Hu, G.; Gong, C.; Wang, C.; Wang, Y.; Huang, F.; Gao, G. F.","Beijing Center for Disease Prevention and Control, Immunological Prevention",Homo sapiens,15160,09/11/2024,PP974191.1,Automated Ingest from INSDC/NCBI Virus by Loculus,OPEN,https://pathoplexus.org/about/terms-of-use/open-data,,0.995795559,,,PP974191.1,,,2020DC1603,2,0
PP_002VGC1.1,B.D.E.1,08/01/2024,China,Beijing,"Wei, X.; Wang, L.; Li, M.; Qi, J.; Kang, L.; Hu, G.; Gong, C.; Wang, C.; Wang, Y.; Huang, F.; Gao, G. F.","Beijing Center for Disease Prevention and Control, Immunological Prevention",Homo sapiens,15146,09/11/2024,PP974218.1,Automated Ingest from INSDC/NCBI Virus by Loculus,OPEN,https://pathoplexus.org/about/terms-of-use/open-data,,0.995072921,,,PP974218.1,,,2024-09R0024,1,0
PP_002VGGT.1,B.D.E.1,18/02/2024,USA,Minnesota,"Kunerth, H. D.; Plumb, M.; Namugenyi, S.; Evans, D.; Bohnker, L.; Wang, X.","Minnesota Department of Health, Public Health Laboratory - Infectious Disease Lab",Homo sapiens,15140,10/07/2024,PP978541.1,Automated Ingest from INSDC/NCBI Virus by Loculus,OPEN,https://pathoplexus.org/about/terms-of-use/open-data,SAMN42232797,0.97575877,,,PP978541.1,SRR29680348,,MN-MDH-RSVB-00930,0,285
PP_002VH7A.1,B.D.E.1,27/02/2024,USA,Minnesota,"Kunerth, H. D.; Plumb, M.; Namugenyi, S.; Evans, D.; Bohnker, L.; Wang, X.","Minnesota Department of Health, Public Health Laboratory - Infectious Disease Lab",Homo sapiens,15140,10/07/2024,PP978566.1,Automated Ingest from INSDC/NCBI Virus by Loculus,OPEN,https://pathoplexus.org/about/terms-of-use/open-data,SAMN42232822,0.977335436,,,PP978566.1,SRR29680321,,MN-MDH-RSVB-00955,0,261
PP_002VHKK.1,B.D.E.1.2,08/03/2024,USA,Minnesota,"Kunerth, H. D.; Plumb, M.; Namugenyi, S.; Evans, D.; Bohnker, L.; Wang, X.","Minnesota Department of Health, Public Health Laboratory - Infectious Disease Lab",Homo sapiens,15141,10/07/2024,PP978578.1,Automated Ingest from INSDC/NCBI Virus by Loculus,OPEN,https://pathoplexus.org/about/terms-of-use/open-data,SAMN42232834,0.977072658,,,PP978578.1,SRR29680307,,MN-MDH-RSVB-00967,0,265
PP_002VJ2K.1,B.D.E.1,17/09/2023,USA,"Oregon,Multnomah County","Frazar, C. D.; Lee, J.; Ryke, E.; Gamboa, L.; Stone, J.; McDermot, E.; Kolar, T.; Han, P. D.; Sibley, T. R.; Reinhart, D.; Grindstaff, S.; Truong, M.; Babu, T. M.; Feldstein, L. R.; Saydah, S.; Briggs-Hagen, M.; Casto, A.; Ehmen, B.; Englund, J. A.; Fortmann, S. P.; Kuntz, J. L.; Lockwood, T.; Midgley, C. M.; Mularski, R. A.; Ogilvie, T.; Opsahl, J.; Reich, S.; Rodriguez-Salas, L.; Schmidt, M. A.; Smith, N.; Starita, L.; Vandermeer, M.; Weil, A. A.; Wolf, C. R.; Chu, H. Y.; Naleway, A. L.","Seattle Flu Study, The Brotman Baty Institute for Precision Medicine",Homo sapiens,15208,20/07/2024,PQ008890.1,Automated Ingest from INSDC/NCBI Virus by Loculus,OPEN,https://pathoplexus.org/about/terms-of-use/open-data,SAMN42436086,0.999145973,,,PQ008890.1,,,RSV-B/human/USA/OR-S25520/2023,0,0
PP_002VJR6.1,B.D.E.5,16/11/2023,USA,,"Lauring, A. S.; Bendall, E. E.","University of Michigan, Department of Microbiology",Homo sapiens,14943,31/07/2024,PQ083698.1,Automated Ingest from INSDC/NCBI Virus by Loculus,OPEN,https://pathoplexus.org/about/terms-of-use/open-data,,0.9203784,,,PQ083698.1,,,hRSV-B-HS18599,0,932
PP_002VLJJ.1,B.D.E.1,30/04/2024,USA,,"Lauring, A. S.; Bendall, E. E.","University of Michigan, Department of Microbiology",Homo sapiens,14940,31/07/2024,PQ083759.1,Automated Ingest from INSDC/NCBI Virus by Loculus,OPEN,https://pathoplexus.org/about/terms-of-use/open-data,,0.972802523,,,PQ083759.1,,,hRSV-B-G43S34I3,0,134
PP_002VLNA.1,B.D.E.1,11/02/2024,USA,,"Lauring, A. S.; Bendall, E. E.","University of Michigan, Department of Microbiology",Homo sapiens,15146,31/07/2024,PQ083763.1,Automated Ingest from INSDC/NCBI Virus by Loculus,OPEN,https://pathoplexus.org/about/terms-of-use/open-data,,0.988503482,,,PQ083763.1,,,hRSV-B-HCV40660,0,97
PP_002VLP8.1,B.D.4.1.1,04/01/2024,USA,,"Lauring, A. S.; Bendall, E. E.","University of Michigan, Department of Microbiology",Homo sapiens,15123,31/07/2024,PQ083764.1,Automated Ingest from INSDC/NCBI Virus by Loculus,OPEN,https://pathoplexus.org/about/terms-of-use/open-data,,0.989554592,,,PQ083764.1,,,hRSV-B-HCV37499,0,58
PP_002VM76.1,B.D.4.1.1,20/04/2024,USA,,"Lauring, A. S.; Bendall, E. E.","University of Michigan, Department of Microbiology",Homo sapiens,15144,31/07/2024,PQ083782.1,Automated Ingest from INSDC/NCBI Virus by Loculus,OPEN,https://pathoplexus.org/about/terms-of-use/open-data,,0.958152674,,,PQ083782.1,,,hRSV-B-G43S32H1,0,559
PP_002VN0K.1,B.D.E.1.2,08/02/2024,USA,California,"Rothstein, A. P.; Qiu, X.; Collins, S.; Muir, G.; Simas, A.; Sum, A.; Lu, B.; Cosca, B.; Girinathan, B.; Leeson, P.; Phillipson, C. W.; Plocik, A.; Simen, B.","Ginkgo Bioworks, Ginkgo Biosecurity",Homo sapiens,15192,07/08/2024,PQ117672.1,Automated Ingest from INSDC/NCBI Virus by Loculus,OPEN,https://pathoplexus.org/about/terms-of-use/open-data,,0.99789778,,,PQ117672.1,,,H20-356-4570,0,0
PP_002VN3D.1,B.D.E.1,19/03/2024,USA,Virginia,"Rothstein, A. P.; Qiu, X.; Collins, S.; Muir, G.; Simas, A.; Sum, A.; Lu, B.; Cosca, B.; Girinathan, B.; Leeson, P.; Phillipson, C. W.; Plocik, A.; Simen, B.","Ginkgo Bioworks, Ginkgo Biosecurity",Homo sapiens,15192,07/08/2024,PQ117675.1,Automated Ingest from INSDC/NCBI Virus by Loculus,OPEN,https://pathoplexus.org/about/terms-of-use/open-data,,0.99789778,,,PQ117675.1,,,H20-342-6008,0,0
PP_002VN75.1,B.D.E.1,02/02/2024,USA,California,"Rothstein, A. P.; Qiu, X.; Collins, S.; Muir, G.; Simas, A.; Sum, A.; Lu, B.; Cosca, B.; Girinathan, B.; Leeson, P.; Phillipson, C. W.; Plocik, A.; Simen, B.","Ginkgo Bioworks, Ginkgo Biosecurity",Homo sapiens,15178,07/08/2024,PQ117679.1,Automated Ingest from INSDC/NCBI Virus by Loculus,OPEN,https://pathoplexus.org/about/terms-of-use/open-data,,0.997240836,,,PQ117679.1,,,H20-359-0291,0,0
PP_002VNUW.1,B.D.4.1,06/03/2015,USA,Texas,"Avadhanula, V.; Piedra, P.","Baylor College of Medicine, Alkek Center for Metagenomics and Microbiome Research",Homo sapiens,15304,25/09/2024,PQ308737.1,Automated Ingest from INSDC/NCBI Virus by Loculus,OPEN,https://pathoplexus.org/about/terms-of-use/open-data,,1,,,PQ308737.1,,,HRSV/B/USA/TX-HOU-813046/2015,0,0
PP_002VNWS.1,B.D.E.1,23/07/2021,USA,Texas,"Avadhanula, V.; Piedra, P.","Baylor College of Medicine, Alkek Center for Metagenomics and Microbiome Research",Homo sapiens,15269,25/09/2024,PQ308739.1,Automated Ingest from INSDC/NCBI Virus by Loculus,OPEN,https://pathoplexus.org/about/terms-of-use/open-data,,1,,,PQ308739.1,,,HRSV/B/USA/TX-HOU-IP0187A/2021,0,0
PP_002VNXQ.1,B.D.4.1.1,17/01/2020,United Kingdom,Scotland,"Maloney, D. M.; Fernandes, G.; Jasim, S.; Dewar, R.; Templeton, K. E.","University of Edinburgh, Institute of Ecology and Evolution",Homo sapiens,15138,25/09/2024,PQ348897.1,Automated Ingest from INSDC/NCBI Virus by Loculus,OPEN,https://pathoplexus.org/about/terms-of-use/open-data,,0.990934174,,,PQ348897.1,,,RSVLO320,0,54
PP_002VP58.1,B.D.4.1.1,14/10/2021,United Kingdom,Scotland,"Maloney, D. M.; Fernandes, G.; Jasim, S.; Dewar, R.; Templeton, K. E.","University of Edinburgh, Institute of Ecology and Evolution",Homo sapiens,15138,25/09/2024,PQ348905.1,Automated Ingest from INSDC/NCBI Virus by Loculus,OPEN,https://pathoplexus.org/about/terms-of-use/open-data,,0.974576271,,,PQ348905.1,,,RSVLO535,0,303
PP_002VP90.1,B.D.E.1,13/09/2021,United Kingdom,Scotland,"Maloney, D. M.; Fernandes, G.; Jasim, S.; Dewar, R.; Templeton, K. E.","University of Edinburgh, Institute of Ecology and Evolution",Homo sapiens,15140,25/09/2024,PQ348909.1,Automated Ingest from INSDC/NCBI Virus by Loculus,OPEN,https://pathoplexus.org/about/terms-of-use/open-data,,0.994415977,,,PQ348909.1,,,NIN-442,1,0
PP_002VPAY.1,B.D.4.1.1,08/09/2021,United Kingdom,Scotland,"Maloney, D. M.; Fernandes, G.; Jasim, S.; Dewar, R.; Templeton, K. E.","University of Edinburgh, Institute of Ecology and Evolution",Homo sapiens,15139,25/09/2024,PQ348910.1,Automated Ingest from INSDC/NCBI Virus by Loculus,OPEN,https://pathoplexus.org/about/terms-of-use/open-data,,0.994218894,,,PQ348910.1,,,NIN-449,4,0
PP_002VPEQ.1,B.D.4.1.1,30/07/2022,United Kingdom,Scotland,"Maloney, D. M.; Fernandes, G.; Jasim, S.; Dewar, R.; Templeton, K. E.","University of Edinburgh, Institute of Ecology and Evolution",Homo sapiens,15138,25/09/2024,PQ348914.1,Automated Ingest from INSDC/NCBI Virus by Loculus,OPEN,https://pathoplexus.org/about/terms-of-use/open-data,,0.994415977,,,PQ348914.1,,,NIN-468,1,0
PP_002VQ0H.1,B.D.4.1.1,24/09/2022,United Kingdom,Scotland,"Maloney, D. M.; Fernandes, G.; Jasim, S.; Dewar, R.; Templeton, K. E.","University of Edinburgh, Institute of Ecology and Evolution",Homo sapiens,15138,25/09/2024,PQ348934.1,Automated Ingest from INSDC/NCBI Virus by Loculus,OPEN,https://pathoplexus.org/about/terms-of-use/open-data,,0.994350282,,,PQ348934.1,,,NIN-511,2,0
PP_002VQFM.1,B.D.E.1,19/12/2022,United Kingdom,Scotland,"Maloney, D. M.; Fernandes, G.; Jasim, S.; Dewar, R.; Templeton, K. E.","University of Edinburgh, Institute of Ecology and Evolution",Homo sapiens,15140,25/09/2024,PQ348949.1,Automated Ingest from INSDC/NCBI Virus by Loculus,OPEN,https://pathoplexus.org/about/terms-of-use/open-data,,0.994153199,,,PQ348949.1,,,RSVLO1059,5,0
PP_002VQLA.1,B.D.E.1,24/12/2022,United Kingdom,Scotland,"Maloney, D. M.; Fernandes, G.; Jasim, S.; Dewar, R.; Templeton, K. E.","University of Edinburgh, Institute of Ecology and Evolution",Homo sapiens,15136,25/09/2024,PQ348954.1,Automated Ingest from INSDC/NCBI Virus by Loculus,OPEN,https://pathoplexus.org/about/terms-of-use/open-data,,0.981014321,,,PQ348954.1,,,RSVLO1083,2,203
PP_002VQN6.1,B.D.E.1,31/12/2022,United Kingdom,Scotland,"Maloney, D. M.; Fernandes, G.; Jasim, S.; Dewar, R.; Templeton, K. E.","University of Edinburgh, Institute of Ecology and Evolution",Homo sapiens,15140,25/09/2024,PQ348956.1,Automated Ingest from INSDC/NCBI Virus by Loculus,OPEN,https://pathoplexus.org/about/terms-of-use/open-data,,0.973787939,,,PQ348956.1,,,RSVLO1117,1,314
PP_002VR80.1,B.D.4.1.1,23/12/2019,United Kingdom,Scotland,"Maloney, D. M.; Fernandes, G.; Jasim, S.; Dewar, R.; Templeton, K. E.","University of Edinburgh, Institute of Ecology and Evolution",Homo sapiens,15138,25/09/2024,PQ349043.1,Automated Ingest from INSDC/NCBI Virus by Loculus,OPEN,https://pathoplexus.org/about/terms-of-use/open-data,,0.96288267,,,PQ349043.1,,,RSVLO195,0,481
PP_002VRGJ.1,B.D.4.1.1,08/01/2020,United Kingdom,Scotland,"Maloney, D. M.; Fernandes, G.; Jasim, S.; Dewar, R.; Templeton, K. E.","University of Edinburgh, Institute of Ecology and Evolution",Homo sapiens,15138,25/09/2024,PQ349051.1,Automated Ingest from INSDC/NCBI Virus by Loculus,OPEN,https://pathoplexus.org/about/terms-of-use/open-data,,0.963539614,,,PQ349051.1,,,RSVLO298,0,471
PP_002VRSX.1,B.D.E.1,23/09/2021,United Kingdom,Scotland,"Maloney, D. M.; Fernandes, G.; Jasim, S.; Dewar, R.; Templeton, K. E.","University of Edinburgh, Institute of Ecology and Evolution",Homo sapiens,15137,25/09/2024,PQ349061.1,Automated Ingest from INSDC/NCBI Virus by Loculus,OPEN,https://pathoplexus.org/about/terms-of-use/open-data,,0.972408356,,,PQ349061.1,,,RSVLO477,0,336
PP_002VSHE.1,B.D.4.1.1,2022,Belgium,,"Delputte, P.; Stobbelaar, K.","University of Antwerp, Laboratory of Microbiology, Parasitology and Hygiene (LMPH), Department of Biomedical Sciences",Homo sapiens,15121,13/10/2024,PQ376593.1,Automated Ingest from INSDC/NCBI Virus by Loculus,OPEN,https://pathoplexus.org/about/terms-of-use/open-data,,0.993364867,,,PQ376593.1,,,HRSV/B/BEL/RVRA002/2022,0,0
PP_002VSUS.1,B.D.E.5,16/12/2023,USA,Washington,"Roychoudhury, P.; Xie, X.; Sereewit, J.; Ellis, S.; Greninger, A.","University of Washington, Laboratory Medicine and Pathology",Homo sapiens,15241,06/10/2024,PQ390733.1,Automated Ingest from INSDC/NCBI Virus by Loculus,OPEN,https://pathoplexus.org/about/terms-of-use/open-data,,0.999211667,,,PQ390733.1,,,WA-UW-53889,1,10
PP_002VVRV.1,B.D,2004,USA,,"Cai, A.; Aeschbacher, T.; Manhas, S.","Gilead Sciences, Clinical Virology",Homo sapiens,15283,13/10/2024,PQ416567.1,Automated Ingest from INSDC/NCBI Virus by Loculus,OPEN,https://pathoplexus.org/about/terms-of-use/open-data,,0.999737222,,,PQ416567.1,,,HRSV/B/Texas.USA/79233/2004,4,0
PP_002VVST.1,B,1993,USA,,"Cai, A.; Aeschbacher, T.; Manhas, S.","Gilead Sciences, Clinical Virology",Homo sapiens,15222,13/10/2024,PQ416568.1,Automated Ingest from INSDC/NCBI Virus by Loculus,OPEN,https://pathoplexus.org/about/terms-of-use/open-data,,1,,,PQ416568.1,,,HRSV/B/Texas.USA/61501/1993,0,0
PP_002VVTR.1,B,1993,USA,,"Cai, A.; Aeschbacher, T.; Manhas, S.","Gilead Sciences, Clinical Virology",Homo sapiens,15202,13/10/2024,PQ416569.1,Automated Ingest from INSDC/NCBI Virus by Loculus,OPEN,https://pathoplexus.org/about/terms-of-use/open-data,,0.999802917,,,PQ416569.1,,,HRSV/B/Texas.USA/60823/1993,3,0
PP_002VVUP.1,B,1993,USA,,"Cai, A.; Aeschbacher, T.; Manhas, S.","Gilead Sciences, Clinical Virology",Homo sapiens,15207,13/10/2024,PQ416570.1,Automated Ingest from INSDC/NCBI Virus by Loculus,OPEN,https://pathoplexus.org/about/terms-of-use/open-data,,0.999605834,,,PQ416570.1,,,HRSV/B/Texas.USA/60687/1993,6,0
PP_002VVYF.1,B.D.E.1.1,11/06/2024,Argentina,,"Acuna, D.; Palau, M. J.; Vera, A.; Vescina, C. M.; Trevino, N. P.; Eguiguren, M. P.; Fernandez Gago, G.; Alancay, A.; Nadalich, V.; Angeletti, A.; Cordero, A.; Irazoqui, M.; Viegas, M.","Conicet (National Council for Scientific and Technical Research), Exacts Sciences School, National University of la Plata, Argentina",Homo sapiens,15211,28/10/2024,PQ492094.2,Automated Ingest from INSDC/NCBI Virus by Loculus,OPEN,https://pathoplexus.org/about/terms-of-use/open-data,,0.999277362,,,PQ492094.2,,,RSVB/Argentina/PAIS-HSML/23/2024-06-11,0,0
PP_002VVZD.1,B.D.E.1.1,15/07/2024,Argentina,,"Acuna, D.; Palau, M. J.; Vera, A.; Vescina, C. M.; Trevino, N. P.; Eguiguren, M. P.; Fernandez Gago, G.; Alancay, A.; Nadalich, V.; Angeletti, A.; Cordero, A.; Irazoqui, M.; Viegas, M.","Conicet (National Council for Scientific and Technical Research), Exacts Sciences School, National University of la Plata, Argentina",Homo sapiens,15214,28/10/2024,PQ492095.2,Automated Ingest from INSDC/NCBI Virus by Loculus,OPEN,https://pathoplexus.org/about/terms-of-use/open-data,,0.99940875,,,PQ492095.2,,,RSVB/Argentina/PAIS-HSML/37/2024-07-15,0,1
PP_002VW0B.1,B.D.E.1.1,13/06/2024,Argentina,,"Acuna, D.; Palau, M. J.; Vera, A.; Vescina, C. M.; Trevino, N. P.; Eguiguren, M. P.; Fernandez Gago, G.; Alancay, A.; Nadalich, V.; Angeletti, A.; Cordero, A.; Irazoqui, M.; Viegas, M.","Conicet (National Council for Scientific and Technical Research), Exacts Sciences School, National University of la Plata, Argentina",Homo sapiens,15218,28/10/2024,PQ492096.2,Automated Ingest from INSDC/NCBI Virus by Loculus,OPEN,https://pathoplexus.org/about/terms-of-use/open-data,,0.998817501,,,PQ492096.2,,,RSVB/Argentina/PAIS-HSML/24/2024-06-13,0,14
PP_002VW19.1,B.D.E.1.1,10/07/2024,Argentina,,"Acuna, D.; Palau, M. J.; Vera, A.; Vescina, C. M.; Trevino, N. P.; Eguiguren, M. P.; Fernandez Gago, G.; Alancay, A.; Nadalich, V.; Angeletti, A.; Cordero, A.; Irazoqui, M.; Viegas, M.","Conicet (National Council for Scientific and Technical Research), Exacts Sciences School, National University of la Plata, Argentina",Homo sapiens,15213,28/10/2024,PQ492097.2,Automated Ingest from INSDC/NCBI Virus by Loculus,OPEN,https://pathoplexus.org/about/terms-of-use/open-data,,0.99940875,,,PQ492097.2,,,RSVB/Argentina/PAIS-GONNET/9/2024-07-10,0,0
PP_002VW27.1,B.D.E.1.1,18/06/2024,Argentina,,"Acuna, D.; Palau, M. J.; Vera, A.; Vescina, C. M.; Trevino, N. P.; Eguiguren, M. P.; Fernandez Gago, G.; Alancay, A.; Nadalich, V.; Angeletti, A.; Cordero, A.; Irazoqui, M.; Viegas, M.","Conicet (National Council for Scientific and Technical Research), Exacts Sciences School, National University of la Plata, Argentina",Homo sapiens,15218,28/10/2024,PQ492098.2,Automated Ingest from INSDC/NCBI Virus by Loculus,OPEN,https://pathoplexus.org/about/terms-of-use/open-data,,0.999737222,,,PQ492098.2,,,RSVB/Argentina/PAIS-GONNET/2/2024-06-18,0,0
PP_002VWEH.1,B.D.E.1.1,25/06/2024,Argentina,,"Acuna, D.; Palau, M. J.; Vera, A.; Vescina, C. M.; Trevino, N. P.; Eguiguren, M. P.; Fernandez Gago, G.; Alancay, A.; Nadalich, V.; Angeletti, A.; Cordero, A.; Irazoqui, M.; Viegas, M.","Conicet (National Council for Scientific and Technical Research), Exacts Sciences School, National University of la Plata, Argentina",Homo sapiens,15215,28/10/2024,PQ492110.2,Automated Ingest from INSDC/NCBI Virus by Loculus,OPEN,https://pathoplexus.org/about/terms-of-use/open-data,,0.999540139,,,PQ492110.2,,,RSVB/Argentina/PAIS-HSML/29/2024-06-25,0,0
PP_002VWGD.1,B.D.E.1.1,08/07/2024,Argentina,,"Acuna, D.; Palau, M. J.; Vera, A.; Vescina, C. M.; Trevino, N. P.; Eguiguren, M. P.; Fernandez Gago, G.; Alancay, A.; Nadalich, V.; Angeletti, A.; Cordero, A.; Irazoqui, M.; Viegas, M.","Conicet (National Council for Scientific and Technical Research), Exacts Sciences School, National University of la Plata, Argentina",Homo sapiens,15222,28/10/2024,PQ492112.2,Automated Ingest from INSDC/NCBI Virus by Loculus,OPEN,https://pathoplexus.org/about/terms-of-use/open-data,,1,,,PQ492112.2,,,RSVB/Argentina/PAIS-HSML/35/2024-07-08,0,0
PP_002VWHA.1,B.D.E.1.1,2024-07,Argentina,,"Acuna, D.; Palau, M. J.; Vera, A.; Vescina, C. M.; Trevino, N. P.; Eguiguren, M. P.; Fernandez Gago, G.; Alancay, A.; Nadalich, V.; Angeletti, A.; Cordero, A.; Irazoqui, M.; Viegas, M.","Conicet (National Council for Scientific and Technical Research), Exacts Sciences School, National University of la Plata, Argentina",Homo sapiens,15222,28/10/2024,PQ492113.2,Automated Ingest from INSDC/NCBI Virus by Loculus,OPEN,https://pathoplexus.org/about/terms-of-use/open-data,,1,,,PQ492113.2,,,RSVB/Argentina/PAIS-HSML/49/2024-07,0,0
PP_002VX42.1,B.D.E.1.1,21/06/2024,Argentina,,"Acuna, D.; Palau, M. J.; Vera, A.; Vescina, C. M.; Trevino, N. P.; Eguiguren, M. P.; Fernandez Gago, G.; Alancay, A.; Nadalich, V.; Angeletti, A.; Cordero, A.; Irazoqui, M.; Viegas, M.","Conicet (National Council for Scientific and Technical Research), Exacts Sciences School, National University of la Plata, Argentina",Homo sapiens,15222,28/10/2024,PQ492134.2,Automated Ingest from INSDC/NCBI Virus by Loculus,OPEN,https://pathoplexus.org/about/terms-of-use/open-data,,0.999934306,,,PQ492134.2,,,RSVB/Argentina/PAIS-ALM/43/2024_06_21,0,1
PP_002VX50.1,B.D.E.1.1,22/06/2024,Argentina,,"Acuna, D.; Palau, M. J.; Vera, A.; Vescina, C. M.; Trevino, N. P.; Eguiguren, M. P.; Fernandez Gago, G.; Alancay, A.; Nadalich, V.; Angeletti, A.; Cordero, A.; Irazoqui, M.; Viegas, M.","Conicet (National Council for Scientific and Technical Research), Exacts Sciences School, National University of la Plata, Argentina",Homo sapiens,15222,28/10/2024,PQ492135.2,Automated Ingest from INSDC/NCBI Virus by Loculus,OPEN,https://pathoplexus.org/about/terms-of-use/open-data,,1,,,PQ492135.2,,,RSVB/Argentina/PAIS-ALM/44/2024_06_22,0,0
PP_002VXH9.1,B.D,2009,United Kingdom,,"Aeschbacher, T.; Cai, A.; Manhas, S.; Zamora, J. L. R.","Gilead Sciences, Clinical Virology",Homo sapiens,15250,19/11/2024,PQ591397.1,Automated Ingest from INSDC/NCBI Virus by Loculus,OPEN,https://pathoplexus.org/about/terms-of-use/open-data,,1,,,PQ591397.1,,,HRSV/B/GBR/NU0609/2009,0,0
PP_002VXJ7.1,B,1997,United Kingdom,,"Aeschbacher, T.; Cai, A.; Manhas, S.; Zamora, J. L. R.","Gilead Sciences, Clinical Virology",Homo sapiens,15195,19/11/2024,PQ591398.1,Automated Ingest from INSDC/NCBI Virus by Loculus,OPEN,https://pathoplexus.org/about/terms-of-use/open-data,,0.999934306,,,PQ591398.1,,,HRSV/B/GBR/NU613/1997,1,0
PP_002VXK5.1,B.3,1996,United Kingdom,,"Aeschbacher, T.; Cai, A.; Manhas, S.; Zamora, J. L. R.","Gilead Sciences, Clinical Virology",Homo sapiens,15220,19/11/2024,PQ591399.1,Automated Ingest from INSDC/NCBI Virus by Loculus,OPEN,https://pathoplexus.org/about/terms-of-use/open-data,,0.999080279,,,PQ591399.1,,,HRSV/B/GBR/NU1705/1996,14,0
PP_002VZ24.1,B.D.E.1,30/07/2024,Argentina,"Buenos Aires, La Plata","Acuna, D.; Irazoqui, M.; Palau, M. J.; Vera, A.; Vescina, C. M.; Trevino, N. P.; Eguiguren, M. P.; Fernandez Gago, G.; Alancay, A.; Nadalich, V.; Angeletti, A.; Cordero, A.; Viegas, M.","CONICET (National Council for Scientific and Technical Research), Exacts Sciences School, National University of la Plata",Homo sapiens,15222,25/11/2024,PQ600482.2,Automated Ingest from INSDC/NCBI Virus by Loculus,OPEN,https://pathoplexus.org/about/terms-of-use/open-data,,0.999934306,,,PQ600482.2,,,HRSV/B/Argentina/PAIS-HSML/55/2024-07-30,0,1
PP_002VZ5Y.1,B.D.4.1.1,05/07/2018,Panama,,"Franco, D.; Goya, S.; Martinez, A.; Moreno, B.; Valdespino, E.; Gaitan, M.; Gonzalez, C.; Moreno, A.; Capitan-Barrios, Z.; Carrera, J. P.; Lopez-Verges, S.; Pascale, J. M.; Das, S. R.; Arbiza, J.; Delfraro, A.; Abrego, L.","Gorgas Memorial Institute of Health Studies, Department of Research in Virology and Biotechnology",Homo sapiens,15212,25/11/2024,PQ618083.1,Automated Ingest from INSDC/NCBI Virus by Loculus,OPEN,https://pathoplexus.org/about/terms-of-use/open-data,,0.999277362,,,PQ618083.1,,,hRSV/B/Panama/ICGES-200/2018,0,0
PP_002VZNX.1,B.D.4.1.1,21/02/2020,Panama,,"Franco, D.; Goya, S.; Martinez, A.; Moreno, B.; Valdespino, E.; Gaitan, M.; Gonzalez, C.; Moreno, A.; Capitan-Barrios, Z.; Carrera, J. P.; Lopez-Verges, S.; Pascale, J. M.; Das, S. R.; Arbiza, J.; Delfraro, A.; Abrego, L.","Gorgas Memorial Institute of Health Studies, Department of Research in Virology and Biotechnology",Homo sapiens,15212,25/11/2024,PQ618100.1,Automated Ingest from INSDC/NCBI Virus by Loculus,OPEN,https://pathoplexus.org/about/terms-of-use/open-data,,0.999277362,,,PQ618100.1,,,hRSV/B/Panama/ICGES-146/2020,0,0
PP_002VZPV.1,B.D.E.1,17/12/2021,Panama,,"Franco, D.; Goya, S.; Martinez, A.; Moreno, B.; Valdespino, E.; Gaitan, M.; Gonzalez, C.; Moreno, A.; Capitan-Barrios, Z.; Carrera, J. P.; Lopez-Verges, S.; Pascale, J. M.; Das, S. R.; Arbiza, J.; Delfraro, A.; Abrego, L.","Gorgas Memorial Institute of Health Studies, Department of Research in Virology and Biotechnology",Homo sapiens,15214,25/11/2024,PQ618101.1,Automated Ingest from INSDC/NCBI Virus by Loculus,OPEN,https://pathoplexus.org/about/terms-of-use/open-data,,0.999277362,,,PQ618101.1,,,hRSV/B/Panama/ICGES-05/2021,0,0
PP_002W07R.1,B.D.E.1.2,18/07/2024,Panama,,"Franco, D.; Goya, S.; Martinez, A.; Moreno, B.; Valdespino, E.; Gaitan, M.; Gonzalez, C.; Moreno, A.; Capitan-Barrios, Z.; Carrera, J. P.; Lopez-Verges, S.; Pascale, J. M.; Das, S. R.; Arbiza, J.; Delfraro, A.; Abrego, L.","Gorgas Memorial Institute of Health Studies, Department of Research in Virology and Biotechnology",Homo sapiens,15216,25/11/2024,PQ618119.1,Automated Ingest from INSDC/NCBI Virus by Loculus,OPEN,https://pathoplexus.org/about/terms-of-use/open-data,,0.999277362,,,PQ618119.1,,,hRSV/B/Panama/ICGES-381/2024,0,0
PP_002W0AK.1,B.D.E.1,08/10/2021,Panama,,"Franco, D.; Goya, S.; Martinez, A.; Moreno, B.; Valdespino, E.; Gaitan, M.; Gonzalez, C.; Moreno, A.; Capitan-Barrios, Z.; Carrera, J. P.; Lopez-Verges, S.; Pascale, J. M.; Das, S. R.; Arbiza, J.; Delfraro, A.; Abrego, L.","Gorgas Memorial Institute of Health Studies, Department of Research in Virology and Biotechnology",Homo sapiens,15216,25/11/2024,PQ618122.1,Automated Ingest from INSDC/NCBI Virus by Loculus,OPEN,https://pathoplexus.org/about/terms-of-use/open-data,,0.999277362,,,PQ618122.1,,,hRSV/B/Panama/ICGES-04/2021,0,0
PP_002W0BH.1,B.D.E.1,10/10/2022,USA,"Washington,King County","Frazar, C. D.; Lee, J.; Ryke, E.; Gamboa, L.; Opsahl, J.; Rodriguez-Salas, L.; McDermot, E.; Stone, J.; Kolar, T.; Han, P. D.; Sibley, T. R.; Truong, M.; Reinhart, D.; Grindstaff, S.; Wolf, C. R.; Boeckh, M.; Englund, J. A.; Lutz, B. R.; Waghmare, A.; Viboud, C.; Starita, L. M.; Shendure, J.; Bedford, T.; Chu, H. Y.","Seattle Flu Study, The Brotman Baty Institute for Precision Medicine",Homo sapiens,15192,01/12/2024,PQ638733.1,Automated Ingest from INSDC/NCBI Virus by Loculus,OPEN,https://pathoplexus.org/about/terms-of-use/open-data,SAMN44705282,0.99520431,,,PQ638733.1,,,RSV-B/human/USA/WA-S25781/2022,0,41
PP_002W0H4.1,B.D.E.1,11/10/2022,USA,"Washington,King County","Frazar, C. D.; Lee, J.; Ryke, E.; Gamboa, L.; Opsahl, J.; Rodriguez-Salas, L.; McDermot, E.; Stone, J.; Kolar, T.; Han, P. D.; Sibley, T. R.; Truong, M.; Reinhart, D.; Grindstaff, S.; Wolf, C. R.; Boeckh, M.; Englund, J. A.; Lutz, B. R.; Waghmare, A.; Viboud, C.; Starita, L. M.; Shendure, J.; Bedford, T.; Chu, H. Y.","Seattle Flu Study, The Brotman Baty Institute for Precision Medicine",Homo sapiens,15163,01/12/2024,PQ638739.1,Automated Ingest from INSDC/NCBI Virus by Loculus,OPEN,https://pathoplexus.org/about/terms-of-use/open-data,SAMN44705288,0.969780581,,,PQ638739.1,,,RSV-B/human/USA/WA-S25787/2022,0,399
PP_002W0MW.1,B.D.E.1,07/10/2022,USA,Washington,"Frazar, C. D.; Lee, J.; Ryke, E.; Gamboa, L.; Opsahl, J.; Rodriguez-Salas, L.; McDermot, E.; Stone, J.; Kolar, T.; Han, P. D.; Sibley, T. R.; Truong, M.; Reinhart, D.; Grindstaff, S.; Wolf, C. R.; Boeckh, M.; Englund, J. A.; Lutz, B. R.; Waghmare, A.; Viboud, C.; Starita, L. M.; Shendure, J.; Bedford, T.; Chu, H. Y.","Seattle Flu Study, The Brotman Baty Institute for Precision Medicine",Homo sapiens,15192,01/12/2024,PQ638743.1,Automated Ingest from INSDC/NCBI Virus by Loculus,OPEN,https://pathoplexus.org/about/terms-of-use/open-data,SAMN44705292,0.99789778,,,PQ638743.1,,,RSV-B/human/USA/WA-S25791/2022,0,0
PP_002W0UG.1,B.D.E.1,28/10/2023,USA,Washington,"Frazar, C. D.; Lee, J.; Ryke, E.; Gamboa, L.; Opsahl, J.; Rodriguez-Salas, L.; McDermot, E.; Stone, J.; Kolar, T.; Han, P. D.; Sibley, T. R.; Truong, M.; Reinhart, D.; Grindstaff, S.; Wolf, C. R.; Boeckh, M.; Englund, J. A.; Lutz, B. R.; Waghmare, A.; Viboud, C.; Starita, L. M.; Shendure, J.; Bedford, T.; Chu, H. Y.","Seattle Flu Study, The Brotman Baty Institute for Precision Medicine",Homo sapiens,15193,01/12/2024,PQ638750.1,Automated Ingest from INSDC/NCBI Virus by Loculus,OPEN,https://pathoplexus.org/about/terms-of-use/open-data,SAMN44705299,0.99789778,,,PQ638750.1,,,RSV-B/human/USA/WA-S25798/2023,0,0
PP_002W0VE.1,B.D.E.1.2,29/10/2023,USA,Washington,"Frazar, C. D.; Lee, J.; Ryke, E.; Gamboa, L.; Opsahl, J.; Rodriguez-Salas, L.; McDermot, E.; Stone, J.; Kolar, T.; Han, P. D.; Sibley, T. R.; Truong, M.; Reinhart, D.; Grindstaff, S.; Wolf, C. R.; Boeckh, M.; Englund, J. A.; Lutz, B. R.; Waghmare, A.; Viboud, C.; Starita, L. M.; Shendure, J.; Bedford, T.; Chu, H. Y.","Seattle Flu Study, The Brotman Baty Institute for Precision Medicine",Homo sapiens,15193,01/12/2024,PQ638751.1,Automated Ingest from INSDC/NCBI Virus by Loculus,OPEN,https://pathoplexus.org/about/terms-of-use/open-data,SAMN44705300,0.99789778,,,PQ638751.1,,,RSV-B/human/USA/WA-S25799/2023,0,0
PP_002W0XA.1,B.D.E.5,18/05/2023,USA,Washington,"Frazar, C. D.; Lee, J.; Ryke, E.; Gamboa, L.; Opsahl, J.; Rodriguez-Salas, L.; McDermot, E.; Stone, J.; Kolar, T.; Han, P. D.; Sibley, T. R.; Truong, M.; Reinhart, D.; Grindstaff, S.; Wolf, C. R.; Boeckh, M.; Englund, J. A.; Lutz, B. R.; Waghmare, A.; Viboud, C.; Starita, L. M.; Shendure, J.; Bedford, T.; Chu, H. Y.","Seattle Flu Study, The Brotman Baty Institute for Precision Medicine",Homo sapiens,15190,01/12/2024,PQ638753.1,Automated Ingest from INSDC/NCBI Virus by Loculus,OPEN,https://pathoplexus.org/about/terms-of-use/open-data,SAMN44705302,0.996846669,,,PQ638753.1,,,RSV-B/human/USA/WA-S25801/2023,0,16
PP_002W1AJ.1,B.D.E.1,14/09/2021,USA,"Washington,King County","Frazar, C. D.; Lee, J.; Ryke, E.; Gamboa, L.; Opsahl, J.; Rodriguez-Salas, L.; McDermot, E.; Stone, J.; Kolar, T.; Han, P. D.; Sibley, T. R.; Truong, M.; Reinhart, D.; Grindstaff, S.; Wolf, C. R.; Boeckh, M.; Englund, J. A.; Lutz, B. R.; Waghmare, A.; Viboud, C.; Starita, L. M.; Shendure, J.; Bedford, T.; Chu, H. Y.","Seattle Flu Study, The Brotman Baty Institute for Precision Medicine",Homo sapiens,15192,01/12/2024,PQ638766.1,Automated Ingest from INSDC/NCBI Virus by Loculus,OPEN,https://pathoplexus.org/about/terms-of-use/open-data,SAMN44705315,0.993167783,,,PQ638766.1,,,RSV-B/human/USA/WA-S25814/2021,0,72
PP_002W1F8.1,B.D.E.1,11/10/2021,USA,"Washington,King County","Frazar, C. D.; Lee, J.; Ryke, E.; Gamboa, L.; Opsahl, J.; Rodriguez-Salas, L.; McDermot, E.; Stone, J.; Kolar, T.; Han, P. D.; Sibley, T. R.; Truong, M.; Reinhart, D.; Grindstaff, S.; Wolf, C. R.; Boeckh, M.; Englund, J. A.; Lutz, B. R.; Waghmare, A.; Viboud, C.; Starita, L. M.; Shendure, J.; Bedford, T.; Chu, H. Y.","Seattle Flu Study, The Brotman Baty Institute for Precision Medicine",Homo sapiens,15193,01/12/2024,PQ638771.1,Automated Ingest from INSDC/NCBI Virus by Loculus,OPEN,https://pathoplexus.org/about/terms-of-use/open-data,SAMN44705320,0.996649586,,,PQ638771.1,,,RSV-B/human/USA/WA-S25819/2021,0,19
PP_002W1LX.1,B.D.E.1,05/01/2023,USA,"Washington,King County","Frazar, C. D.; Lee, J.; Ryke, E.; Gamboa, L.; Opsahl, J.; Rodriguez-Salas, L.; McDermot, E.; Stone, J.; Kolar, T.; Han, P. D.; Sibley, T. R.; Truong, M.; Reinhart, D.; Grindstaff, S.; Wolf, C. R.; Boeckh, M.; Englund, J. A.; Lutz, B. R.; Waghmare, A.; Viboud, C.; Starita, L. M.; Shendure, J.; Bedford, T.; Chu, H. Y.","Seattle Flu Study, The Brotman Baty Institute for Precision Medicine",Homo sapiens,15193,01/12/2024,PQ638776.1,Automated Ingest from INSDC/NCBI Virus by Loculus,OPEN,https://pathoplexus.org/about/terms-of-use/open-data,SAMN44705325,0.996189725,,,PQ638776.1,,,RSV-B/human/USA/WA-S25824/2023,0,26
PP_002W1Y7.1,B.D.E.5,23/11/2023,USA,Washington,"Frazar, C. D.; Lee, J.; Ryke, E.; Gamboa, L.; Opsahl, J.; Rodriguez-Salas, L.; McDermot, E.; Stone, J.; Kolar, T.; Han, P. D.; Sibley, T. R.; Truong, M.; Reinhart, D.; Grindstaff, S.; Wolf, C. R.; Boeckh, M.; Englund, J. A.; Lutz, B. R.; Waghmare, A.; Viboud, C.; Starita, L. M.; Shendure, J.; Bedford, T.; Chu, H. Y.","Seattle Flu Study, The Brotman Baty Institute for Precision Medicine",Homo sapiens,15190,01/12/2024,PQ638804.1,Automated Ingest from INSDC/NCBI Virus by Loculus,OPEN,https://pathoplexus.org/about/terms-of-use/open-data,SAMN45019998,0.988503482,,,PQ638804.1,,,RSV-B/human/USA/WA-S26039/2023,0,143
PP_002W1Z5.1,B.D.E.1,17/11/2023,USA,Washington,"Frazar, C. D.; Lee, J.; Ryke, E.; Gamboa, L.; Opsahl, J.; Rodriguez-Salas, L.; McDermot, E.; Stone, J.; Kolar, T.; Han, P. D.; Sibley, T. R.; Truong, M.; Reinhart, D.; Grindstaff, S.; Wolf, C. R.; Boeckh, M.; Englund, J. A.; Lutz, B. R.; Waghmare, A.; Viboud, C.; Starita, L. M.; Shendure, J.; Bedford, T.; Chu, H. Y.","Seattle Flu Study, The Brotman Baty Institute for Precision Medicine",Homo sapiens,15193,01/12/2024,PQ638805.1,Automated Ingest from INSDC/NCBI Virus by Loculus,OPEN,https://pathoplexus.org/about/terms-of-use/open-data,SAMN45019999,0.985415845,,,PQ638805.1,,,RSV-B/human/USA/WA-S26040/2023,0,190
PP_002W22Z.1,B.D.E.1,11/11/2023,USA,Washington,"Frazar, C. D.; Lee, J.; Ryke, E.; Gamboa, L.; Opsahl, J.; Rodriguez-Salas, L.; McDermot, E.; Stone, J.; Kolar, T.; Han, P. D.; Sibley, T. R.; Truong, M.; Reinhart, D.; Grindstaff, S.; Wolf, C. R.; Boeckh, M.; Englund, J. A.; Lutz, B. R.; Waghmare, A.; Viboud, C.; Starita, L. M.; Shendure, J.; Bedford, T.; Chu, H. Y.","Seattle Flu Study, The Brotman Baty Institute for Precision Medicine",Homo sapiens,15193,01/12/2024,PQ638808.1,Automated Ingest from INSDC/NCBI Virus by Loculus,OPEN,https://pathoplexus.org/about/terms-of-use/open-data,SAMN45020002,0.997043752,,,PQ638808.1,,,RSV-B/human/USA/WA-S26043/2023,0,13
PP_002W2G5.1,B.D.E.5,08/11/2023,USA,Washington,"Frazar, C. D.; Lee, J.; Ryke, E.; Gamboa, L.; Opsahl, J.; Rodriguez-Salas, L.; McDermot, E.; Stone, J.; Kolar, T.; Han, P. D.; Sibley, T. R.; Truong, M.; Reinhart, D.; Grindstaff, S.; Wolf, C. R.; Boeckh, M.; Englund, J. A.; Lutz, B. R.; Waghmare, A.; Viboud, C.; Starita, L. M.; Shendure, J.; Bedford, T.; Chu, H. Y.","Seattle Flu Study, The Brotman Baty Institute for Precision Medicine",Homo sapiens,15190,01/12/2024,PQ638822.1,Automated Ingest from INSDC/NCBI Virus by Loculus,OPEN,https://pathoplexus.org/about/terms-of-use/open-data,SAMN45020016,0.99789778,,,PQ638822.1,,,RSV-B/human/USA/WA-S26057/2023,0,0
PP_002W2RL.1,B.D.4.1.3,26/11/2023,France,,"Fourati, S.; Rameix Welti, M.-A.","Hospital Henri Mondor - APHP, Department of Virology",Homo sapiens,15258,18/12/2024,PQ737361.1,Automated Ingest from INSDC/NCBI Virus by Loculus,OPEN,https://pathoplexus.org/about/terms-of-use/open-data,,0.999868611,,,PQ737361.1,,,004-0006,0,2
PP_002W32Y.1,B.D.E.1,15/02/2024,USA,Minnesota,"Kunerth, H. D.; Plumb, M.; Namugenyi, S.; Evans, D.; Bohnkers-Voels, L.; Wang, X.","Minnesota Department of Health, Public Health Laboratory - Infectious Disease Lab",Homo sapiens,15137,18/12/2024,PQ762553.1,Automated Ingest from INSDC/NCBI Virus by Loculus,OPEN,https://pathoplexus.org/about/terms-of-use/open-data,SAMN45827626,0.977204047,,,PQ762553.1,SRR31710238,,MN-MDH-RSVB-01033,0,263
PP_002W3DA.1,B.D.E.1.2,16/03/2024,USA,Minnesota,"Kunerth, H. D.; Plumb, M.; Namugenyi, S.; Evans, D.; Bohnkers-Voels, L.; Wang, X.","Minnesota Department of Health, Public Health Laboratory - Infectious Disease Lab",Homo sapiens,15141,18/12/2024,PQ762564.1,Automated Ingest from INSDC/NCBI Virus by Loculus,OPEN,https://pathoplexus.org/about/terms-of-use/open-data,SAMN45827637,0.977204047,,,PQ762564.1,SRR31710288,,MN-MDH-RSVB-01044,0,263
PP_002W3G4.1,B.D.E.1,24/04/2024,USA,Minnesota,"Kunerth, H. D.; Plumb, M.; Namugenyi, S.; Evans, D.; Bohnkers-Voels, L.; Wang, X.","Minnesota Department of Health, Public Health Laboratory - Infectious Disease Lab",Homo sapiens,15136,18/12/2024,PQ762567.1,Automated Ingest from INSDC/NCBI Virus by Loculus,OPEN,https://pathoplexus.org/about/terms-of-use/open-data,SAMN45827640,0.976875575,,,PQ762567.1,SRR31710284,,MN-MDH-RSVB-01047,0,268
PP_002W3NR.1,B.D.E.1,28/04/2024,USA,Minnesota,"Kunerth, H. D.; Plumb, M.; Namugenyi, S.; Evans, D.; Bohnkers-Voels, L.; Wang, X.","Minnesota Department of Health, Public Health Laboratory - Infectious Disease Lab",Homo sapiens,15141,18/12/2024,PQ762573.1,Automated Ingest from INSDC/NCBI Virus by Loculus,OPEN,https://pathoplexus.org/about/terms-of-use/open-data,SAMN45827646,0.977335436,,,PQ762573.1,SRR31710278,,MN-MDH-RSVB-01053,0,261
PP_002W48K.1,B.D.E.5,27/10/2023,France,,"Fourati, S.; Rameix Welti, M.-A.","Hospital Henri Mondor - APHP, Department of Virology",Homo sapiens,15153,18/12/2024,PQ762686.1,Automated Ingest from INSDC/NCBI Virus by Loculus,OPEN,https://pathoplexus.org/about/terms-of-use/open-data,,0.993824727,,,PQ762686.1,,,009-0025,0,25
PP_002W4G3.1,B.D.E.1,11/12/2023,France,,"Fourati, S.; Rameix Welti, M.-A.","Hospital Henri Mondor - APHP, Department of Virology",Homo sapiens,15151,18/12/2024,PQ762703.1,Automated Ingest from INSDC/NCBI Virus by Loculus,OPEN,https://pathoplexus.org/about/terms-of-use/open-data,,0.995138615,,,PQ762703.1,,,010-0015,0,0
PP_002W4SG.1,B.D.E.1,09/11/2023,France,,"Fourati, S.; Rameix Welti, M.-A.","Hospital Henri Mondor - APHP, Department of Virology",Homo sapiens,14924,18/12/2024,PQ762750.1,Automated Ingest from INSDC/NCBI Virus by Loculus,OPEN,https://pathoplexus.org/about/terms-of-use/open-data,,0.976612797,,,PQ762750.1,,,011-0036,0,60
PP_002W4W8.1,B.D.E.1,14/12/2023,France,,"Fourati, S.; Rameix Welti, M.-A.","Hospital Henri Mondor - APHP, Department of Virology",Homo sapiens,15147,18/12/2024,PQ762766.1,Automated Ingest from INSDC/NCBI Virus by Loculus,OPEN,https://pathoplexus.org/about/terms-of-use/open-data,,0.994481671,,,PQ762766.1,,,012-0001,0,6
PP_002W51Y.1,B.D.E.1.2,02/12/2023,France,,"Fourati, S.; Rameix Welti, M.-A.","Hospital Henri Mondor - APHP, Department of Virology",Homo sapiens,15113,18/12/2024,PQ762782.1,Automated Ingest from INSDC/NCBI Virus by Loculus,OPEN,https://pathoplexus.org/about/terms-of-use/open-data,,0.992050979,,,PQ762782.1,,,013-0016,7,2
PP_002W53U.1,B.D.E.1.8,04/12/2023,France,,"Fourati, S.; Rameix Welti, M.-A.","Hospital Henri Mondor - APHP, Department of Virology",Homo sapiens,15111,18/12/2024,PQ762786.1,Automated Ingest from INSDC/NCBI Virus by Loculus,OPEN,https://pathoplexus.org/about/terms-of-use/open-data,,0.980882933,,,PQ762786.1,,,013-0031,7,172
PP_002W5TD.1,B.D.4.1.3,26/11/2023,France,,"Fourati, S.; Rameix Welti, M.-A.","Hospital Henri Mondor - APHP, Department of Virology",Homo sapiens,15164,18/12/2024,PQ763028.1,Automated Ingest from INSDC/NCBI Virus by Loculus,OPEN,https://pathoplexus.org/about/terms-of-use/open-data,,0.988240704,,,PQ763028.1,,,040-0057,0,109
PP_002W6UA.1,B.D.E.1.8,20/11/2024,USA,Minnesota,"Kunerth, H. D.; Plumb, M.; Namugenyi, S.; Evans, D.; Bohnkers-Voels, L.; Strain, A.","Minnesota Department of Health, Public Health Laboratory - Infectious Disease Lab",Homo sapiens,15139,28/12/2024,PQ798755.1,Automated Ingest from INSDC/NCBI Virus by Loculus,OPEN,https://pathoplexus.org/about/terms-of-use/open-data,SAMN45910249,0.98653265,,,PQ798755.1,SRR31780950,,MN-MDH-RSVB-01195,2,119
PP_002W7C8.1,B.D.E.1.6,16/11/2024,USA,Minnesota,"Kunerth, H. D.; Plumb, M.; Namugenyi, S.; Evans, D.; Bohnkers-Voels, L.; Strain, A.","Minnesota Department of Health, Public Health Laboratory - Infectious Disease Lab",Homo sapiens,15140,28/12/2024,PQ798773.1,Automated Ingest from INSDC/NCBI Virus by Loculus,OPEN,https://pathoplexus.org/about/terms-of-use/open-data,SAMN45910231,0.96932072,,,PQ798773.1,SRR31781001,,MN-MDH-RSVB-01177,4,379
PP_002W7D6.1,B.D.E.1.5,16/11/2024,USA,Minnesota,"Kunerth, H. D.; Plumb, M.; Namugenyi, S.; Evans, D.; Bohnkers-Voels, L.; Strain, A.","Minnesota Department of Health, Public Health Laboratory - Infectious Disease Lab",Homo sapiens,15140,28/12/2024,PQ798774.1,Automated Ingest from INSDC/NCBI Virus by Loculus,OPEN,https://pathoplexus.org/about/terms-of-use/open-data,SAMN45910230,0.978846407,,,PQ798774.1,SRR31781002,,MN-MDH-RSVB-01176,3,235
PP_002W7RF.1,B.D.E.1,11/11/2024,USA,Minnesota,"Kunerth, H. D.; Plumb, M.; Namugenyi, S.; Evans, D.; Bohnkers-Voels, L.; Strain, A.","Minnesota Department of Health, Public Health Laboratory - Infectious Disease Lab",Homo sapiens,15136,28/12/2024,PQ798786.1,Automated Ingest from INSDC/NCBI Virus by Loculus,OPEN,https://pathoplexus.org/about/terms-of-use/open-data,SAMN45910218,0.98653265,,,PQ798786.1,SRR31780864,,MN-MDH-RSVB-01164,3,118
PP_002W7ZZ.1,B.D.E.1.5,08/11/2024,USA,Minnesota,"Kunerth, H. D.; Plumb, M.; Namugenyi, S.; Evans, D.; Bohnkers-Voels, L.; Strain, A.","Minnesota Department of Health, Public Health Laboratory - Infectious Disease Lab",Homo sapiens,15140,28/12/2024,PQ798794.1,Automated Ingest from INSDC/NCBI Virus by Loculus,OPEN,https://pathoplexus.org/about/terms-of-use/open-data,SAMN45910210,0.986598345,,,PQ798794.1,SRR31780872,,MN-MDH-RSVB-01156,2,118
PP_002W81V.1,B.D.E.1,05/11/2024,USA,Minnesota,"Kunerth, H. D.; Plumb, M.; Namugenyi, S.; Evans, D.; Bohnkers-Voels, L.; Strain, A.","Minnesota Department of Health, Public Health Laboratory - Infectious Disease Lab",Homo sapiens,14898,28/12/2024,PQ798796.1,Automated Ingest from INSDC/NCBI Virus by Loculus,OPEN,https://pathoplexus.org/about/terms-of-use/open-data,SAMN45910208,0.971094469,,,PQ798796.1,SRR31780875,,MN-MDH-RSVB-01154,0,118
PP_002W8GZ.1,B.D.E.1.6,27/09/2024,USA,Minnesota,"Kunerth, H. D.; Plumb, M.; Namugenyi, S.; Evans, D.; Bohnkers-Voels, L.; Strain, A.","Minnesota Department of Health, Public Health Laboratory - Infectious Disease Lab",Homo sapiens,15140,28/12/2024,PQ798811.1,Automated Ingest from INSDC/NCBI Virus by Loculus,OPEN,https://pathoplexus.org/about/terms-of-use/open-data,SAMN45910193,0.969583498,,,PQ798811.1,SRR31780891,,MN-MDH-RSVB-01139,0,379
PP_002W91U.1,B.D.E.1,07/02/2024,USA,,"Cameron, A.; Connelly, S.; Stocklosa, T.; Hardy, D. J.","University of Rochester Medical Center, Pathology and Laboratory Medicine",Homo sapiens,15219,07/01/2025,PQ814693.1,Automated Ingest from INSDC/NCBI Virus by Loculus,OPEN,https://pathoplexus.org/about/terms-of-use/open-data,,0.998291946,,,PQ814693.1,,,hRSV/B/USA/NY-URMC-O2R1A006-1/2024,0,4
PP_002W9MM.1,B.D.E.1.7,10/02/2024,USA,,"Cameron, A.; Connelly, S.; Stocklosa, T.; Hardy, D. J.","University of Rochester Medical Center, Pathology and Laboratory Medicine",Homo sapiens,15219,07/01/2025,PQ814713.1,Automated Ingest from INSDC/NCBI Virus by Loculus,OPEN,https://pathoplexus.org/about/terms-of-use/open-data,,0.998489029,,,PQ814713.1,,,hRSV/B/USA/NY-URMC-O2RZA001-1/2024,0,1
PP_002W9NK.1,B.D.E.1.7,12/02/2024,USA,,"Cameron, A.; Connelly, S.; Stocklosa, T.; Hardy, D. J.","University of Rochester Medical Center, Pathology and Laboratory Medicine",Homo sapiens,15219,07/01/2025,PQ814714.1,Automated Ingest from INSDC/NCBI Virus by Loculus,OPEN,https://pathoplexus.org/about/terms-of-use/open-data,,0.998226251,,,PQ814714.1,,,hRSV/B/USA/NY-URMC-O2RZA002-1/2024,0,5
PP_002W9QF.1,B.D.E.1,12/02/2024,USA,,"Cameron, A.; Connelly, S.; Stocklosa, T.; Hardy, D. J.","University of Rochester Medical Center, Pathology and Laboratory Medicine",Homo sapiens,15222,07/01/2025,PQ814716.1,Automated Ingest from INSDC/NCBI Virus by Loculus,OPEN,https://pathoplexus.org/about/terms-of-use/open-data,,0.998489029,,,PQ814716.1,,,hRSV/B/USA/NY-URMC-O2RZA004-1/2024,0,1
PP_002WBC4.1,B.D.E.1.8,02/09/2024,USA,Minnesota,"Kunerth, H.; Plumb, M.; Namugenyi, S.; Evans, D.; Bohnkers-Voels, L.; Strain, A.","Minnesota Department of Health, Public Health Laboratory - Infectious Disease Lab",Homo sapiens,15139,15/01/2025,PQ849395.1,Automated Ingest from INSDC/NCBI Virus by Loculus,OPEN,https://pathoplexus.org/about/terms-of-use/open-data,SAMN46135157,0.94133491,,,PQ849395.1,SRR31914771,,MN-MDH-RSVB-01256,2,807
PP_002WBHT.1,B.D.E.1.6,06/11/2024,USA,Minnesota,"Kunerth, H.; Plumb, M.; Namugenyi, S.; Evans, D.; Bohnkers-Voels, L.; Strain, A.","Minnesota Department of Health, Public Health Laboratory - Infectious Disease Lab",Homo sapiens,15140,15/01/2025,PQ849400.1,Automated Ingest from INSDC/NCBI Virus by Loculus,OPEN,https://pathoplexus.org/about/terms-of-use/open-data,SAMN46135162,0.935028249,,,PQ849400.1,SRR31914761,,MN-MDH-RSVB-01261,1,904
PP_002WBXZ.1,B.D.E.7,29/11/2024,USA,Minnesota,"Kunerth, H.; Plumb, M.; Namugenyi, S.; Evans, D.; Bohnkers-Voels, L.; Strain, A.","Minnesota Department of Health, Public Health Laboratory - Infectious Disease Lab",Homo sapiens,15141,15/01/2025,PQ849414.1,Automated Ingest from INSDC/NCBI Virus by Loculus,OPEN,https://pathoplexus.org/about/terms-of-use/open-data,SAMN46135176,0.969123637,,,PQ849414.1,SRR31914746,,MN-MDH-RSVB-01275,0,386
PP_002WC4K.1,B.D.E.1.5,29/11/2024,USA,Minnesota,"Kunerth, H.; Plumb, M.; Namugenyi, S.; Evans, D.; Bohnkers-Voels, L.; Strain, A.","Minnesota Department of Health, Public Health Laboratory - Infectious Disease Lab",Homo sapiens,15140,15/01/2025,PQ849421.1,Automated Ingest from INSDC/NCBI Virus by Loculus,OPEN,https://pathoplexus.org/about/terms-of-use/open-data,SAMN46135183,0.968992248,,,PQ849421.1,SRR31914730,,MN-MDH-RSVB-01282,1,387
PP_002WC5H.1,B.D.E.1.5,03/12/2024,USA,Minnesota,"Kunerth, H.; Plumb, M.; Namugenyi, S.; Evans, D.; Bohnkers-Voels, L.; Strain, A.","Minnesota Department of Health, Public Health Laboratory - Infectious Disease Lab",Homo sapiens,15140,15/01/2025,PQ849422.1,Automated Ingest from INSDC/NCBI Virus by Loculus,OPEN,https://pathoplexus.org/about/terms-of-use/open-data,SAMN46135184,0.969057942,,,PQ849422.1,SRR31914731,,MN-MDH-RSVB-01283,1,386
PP_002WCB5.1,B.D.E.1.5,05/12/2024,USA,Minnesota,"Kunerth, H.; Plumb, M.; Namugenyi, S.; Evans, D.; Bohnkers-Voels, L.; Strain, A.","Minnesota Department of Health, Public Health Laboratory - Infectious Disease Lab",Homo sapiens,15140,15/01/2025,PQ849428.1,Automated Ingest from INSDC/NCBI Virus by Loculus,OPEN,https://pathoplexus.org/about/terms-of-use/open-data,SAMN46135190,0.969057942,,,PQ849428.1,SRR31914737,,MN-MDH-RSVB-01289,1,386
PP_002WDFW.1,B.D.E.1.5,15/12/2024,USA,Minnesota,"Kunerth, H. D.; Plumb, M.; Evans, D.; Bohnkers-Voels, L.; Strain, A.","Minnesota Department of Health, Public Health Laboratory - Infectious Disease Lab",Homo sapiens,15140,20/01/2025,PQ870943.1,Automated Ingest from INSDC/NCBI Virus by Loculus,OPEN,https://pathoplexus.org/about/terms-of-use/open-data,SAMN46232527,0.97201419,,,PQ870943.1,SRR31980229,,MN-MDH-RSVB-01367,2,340
PP_002WDKM.1,B.D.E.1.6,18/12/2024,USA,Minnesota,"Kunerth, H. D.; Plumb, M.; Evans, D.; Bohnkers-Voels, L.; Strain, A.","Minnesota Department of Health, Public Health Laboratory - Infectious Disease Lab",Homo sapiens,15140,20/01/2025,PQ870947.1,Automated Ingest from INSDC/NCBI Virus by Loculus,OPEN,https://pathoplexus.org/about/terms-of-use/open-data,SAMN46232531,0.952634345,,,PQ870947.1,SRR31980225,,MN-MDH-RSVB-01371,0,637
PP_002WEJN.1,B.D.E.1.6,12/12/2024,USA,Minnesota,"Kunerth, H. D.; Plumb, M.; Evans, D.; Bohnkers-Voels, L.; Strain, A.","Minnesota Department of Health, Public Health Laboratory - Infectious Disease Lab",Homo sapiens,15140,20/01/2025,PQ870980.1,Automated Ingest from INSDC/NCBI Virus by Loculus,OPEN,https://pathoplexus.org/about/terms-of-use/open-data,SAMN46232564,0.963211142,,,PQ870980.1,SRR31980316,,MN-MDH-RSVB-01404,2,474
PP_002WF5E.1,B.D.E.1,07/02/2024,France,,"Caillault, A.; Fourati, S.","Hospital Henri Mondor - APHP, Department of Virology",Homo sapiens,15152,28/01/2025,PQ899940.1,Automated Ingest from INSDC/NCBI Virus by Loculus,OPEN,https://pathoplexus.org/about/terms-of-use/open-data,,0.995335698,,,PQ899940.1,,,2402V070058,0,0
PP_002WFDY.1,B.D.E.1.2,13/11/2023,France,,"Caillault, A.; Fourati, S.","Hospital Henri Mondor - APHP, Department of Virology",Homo sapiens,15159,28/01/2025,PQ899948.1,Automated Ingest from INSDC/NCBI Virus by Loculus,OPEN,https://pathoplexus.org/about/terms-of-use/open-data,,0.989423203,,,PQ899948.1,,,2311V130092,1,95
PP_002WFKK.1,B.D.E.1,20/12/2023,France,,"Caillault, A.; Fourati, S.","Hospital Henri Mondor - APHP, Department of Virology",Homo sapiens,15160,28/01/2025,PQ899954.1,Automated Ingest from INSDC/NCBI Virus by Loculus,OPEN,https://pathoplexus.org/about/terms-of-use/open-data,,0.995729865,,,PQ899954.1,,,2312V200103,0,0
PP_002WFT3.1,B.D.E.1,03/01/2024,France,,"Caillault, A.; Fourati, S.","Hospital Henri Mondor - APHP, Department of Virology",Homo sapiens,15144,28/01/2025,PQ899962.1,Automated Ingest from INSDC/NCBI Virus by Loculus,OPEN,https://pathoplexus.org/about/terms-of-use/open-data,,0.994744449,,,PQ899962.1,,,2401V040059,0,0
PP_002WFWX.1,B.D.E.1,08/01/2024,France,,"Caillault, A.; Fourati, S.","Hospital Henri Mondor - APHP, Department of Virology",Homo sapiens,15154,28/01/2025,PQ899965.1,Automated Ingest from INSDC/NCBI Virus by Loculus,OPEN,https://pathoplexus.org/about/terms-of-use/open-data,,0.995401393,,,PQ899965.1,,,2401V090081,0,0
PP_002WGNC.1,B.D.E.1.5,27/12/2024,USA,Minnesota,"Kunerth, H. D.; Plumb, M.; Evans, D.; Bohnkers-Voels, L.; Strain, A.","Minnesota Department of Health, Public Health Laboratory - Infectious Disease Lab",Homo sapiens,14869,09/02/2025,PV016982.1,Automated Ingest from INSDC/NCBI Virus by Loculus,OPEN,https://pathoplexus.org/about/terms-of-use/open-data,SAMN46403561,0.959992117,,,PV016982.1,SRR32113313,,MN-MDH-RSVB-01465,0,254
PP_002WGU0.1,B.D.E.1.1,28/12/2024,USA,Minnesota,"Kunerth, H. D.; Plumb, M.; Evans, D.; Bohnkers-Voels, L.; Strain, A.","Minnesota Department of Health, Public Health Laboratory - Infectious Disease Lab",Homo sapiens,15137,09/02/2025,PV016988.1,Automated Ingest from INSDC/NCBI Virus by Loculus,OPEN,https://pathoplexus.org/about/terms-of-use/open-data,SAMN46403567,0.901852582,,,PV016988.1,SRR32113307,,MN-MDH-RSVB-01471,0,1410
PP_002WH0N.1,B.D.E.1.5,19/12/2024,USA,Minnesota,"Kunerth, H. D.; Plumb, M.; Evans, D.; Bohnkers-Voels, L.; Strain, A.","Minnesota Department of Health, Public Health Laboratory - Infectious Disease Lab",Homo sapiens,14869,09/02/2025,PV016994.1,Automated Ingest from INSDC/NCBI Virus by Loculus,OPEN,https://pathoplexus.org/about/terms-of-use/open-data,SAMN46403573,0.96498489,,,PV016994.1,SRR32113300,,MN-MDH-RSVB-01477,0,178
PP_002WH2J.1,B.D.E.1.4,19/12/2024,USA,Minnesota,"Kunerth, H. D.; Plumb, M.; Evans, D.; Bohnkers-Voels, L.; Strain, A.","Minnesota Department of Health, Public Health Laboratory - Infectious Disease Lab",Homo sapiens,15140,09/02/2025,PV016996.1,Automated Ingest from INSDC/NCBI Virus by Loculus,OPEN,https://pathoplexus.org/about/terms-of-use/open-data,SAMN46403575,0.95105768,,,PV016996.1,SRR32113298,,MN-MDH-RSVB-01479,0,661
PP_002WH6A.1,B.D.E.1.8,20/12/2024,USA,Minnesota,"Kunerth, H. D.; Plumb, M.; Evans, D.; Bohnkers-Voels, L.; Strain, A.","Minnesota Department of Health, Public Health Laboratory - Infectious Disease Lab",Homo sapiens,15139,09/02/2025,PV017000.1,Automated Ingest from INSDC/NCBI Virus by Loculus,OPEN,https://pathoplexus.org/about/terms-of-use/open-data,SAMN46403579,0.952174484,,,PV017000.1,SRR32113337,,MN-MDH-RSVB-01483,0,644
PP_002WHDW.1,B.D.E.1,2022-12,USA,North Carolina,"Godbole, S. V.; Bohl, J. A.","VRC, VRC/NIAID/NIH",Homo sapiens,15242,09/02/2025,PV035735.1,Automated Ingest from INSDC/NCBI Virus by Loculus,OPEN,https://pathoplexus.org/about/terms-of-use/open-data,,0.999934306,,,PV035735.1,,,582762201_RNA_S90,0,1
PP_002WJ1K.1,B.D.E.1,07/01/2025,USA,Minnesota,"Kunerth, H. D.; Plumb, M.; Namugenyi, S.; Evans, D.; Bohnkers-Voels, L.; Strain, A.","Minnesota Department of Health, Public Health Laboratory - Infectious Disease Lab",Homo sapiens,15146,15/02/2025,PV081054.1,Automated Ingest from INSDC/NCBI Virus by Loculus,OPEN,https://pathoplexus.org/about/terms-of-use/open-data,SAMN46713945,0.986664039,,,PV081054.1,SRR32261107,,MN-MDH-RSVB-01624,1,118
PP_002WJ3F.1,B.D.E.1.5,07/01/2025,USA,Minnesota,"Kunerth, H. D.; Plumb, M.; Namugenyi, S.; Evans, D.; Bohnkers-Voels, L.; Strain, A.","Minnesota Department of Health, Public Health Laboratory - Infectious Disease Lab",Homo sapiens,15140,15/02/2025,PV081056.1,Automated Ingest from INSDC/NCBI Virus by Loculus,OPEN,https://pathoplexus.org/about/terms-of-use/open-data,SAMN46713947,0.986598345,,,PV081056.1,SRR32261105,,MN-MDH-RSVB-01626,1,119
PP_002WJFR.1,B.D.E.1.8,04/01/2025,USA,Minnesota,"Kunerth, H. D.; Plumb, M.; Namugenyi, S.; Evans, D.; Bohnkers-Voels, L.; Strain, A.","Minnesota Department of Health, Public Health Laboratory - Infectious Disease Lab",Homo sapiens,15139,15/02/2025,PV081068.1,Automated Ingest from INSDC/NCBI Virus by Loculus,OPEN,https://pathoplexus.org/about/terms-of-use/open-data,SAMN46713959,0.969714886,,,PV081068.1,SRR32261092,,MN-MDH-RSVB-01639,1,376
PP_002WJT0.1,B.D.E.1.8,09/01/2025,USA,Minnesota,"Kunerth, H. D.; Plumb, M.; Namugenyi, S.; Evans, D.; Bohnkers-Voels, L.; Strain, A.","Minnesota Department of Health, Public Health Laboratory - Infectious Disease Lab",Homo sapiens,15139,15/02/2025,PV081080.1,Automated Ingest from INSDC/NCBI Virus by Loculus,OPEN,https://pathoplexus.org/about/terms-of-use/open-data,SAMN46713971,0.952897123,,,PV081080.1,SRR32261143,,MN-MDH-RSVB-01651,0,633
PP_002WKA0.1,B.D.E.1.2,11/01/2025,USA,Minnesota,"Kunerth, H. D.; Plumb, M.; Namugenyi, S.; Evans, D.; Bohnkers-Voels, L.; Strain, A.","Minnesota Department of Health, Public Health Laboratory - Infectious Disease Lab",Homo sapiens,15140,15/02/2025,PV081097.1,Automated Ingest from INSDC/NCBI Virus by Loculus,OPEN,https://pathoplexus.org/about/terms-of-use/open-data,SAMN46713988,0.986664039,,,PV081097.1,SRR32261124,,MN-MDH-RSVB-01668,1,118
PP_002WKLD.1,B.D.E.1.5,14/01/2025,USA,Minnesota,"Kunerth, H. D.; Plumb, M.; Namugenyi, S.; Evans, D.; Bohnkers-Voels, L.; Strain, A.","Minnesota Department of Health, Public Health Laboratory - Infectious Disease Lab",Homo sapiens,15140,15/02/2025,PV081107.1,Automated Ingest from INSDC/NCBI Virus by Loculus,OPEN,https://pathoplexus.org/about/terms-of-use/open-data,SAMN46713998,0.969057942,,,PV081107.1,SRR32261029,,MN-MDH-RSVB-01678,1,386
PP_002WKP7.1,B.D.E.1.6,10/01/2025,USA,Minnesota,"Kunerth, H. D.; Plumb, M.; Namugenyi, S.; Evans, D.; Bohnkers-Voels, L.; Strain, A.","Minnesota Department of Health, Public Health Laboratory - Infectious Disease Lab",Homo sapiens,15140,15/02/2025,PV081110.1,Automated Ingest from INSDC/NCBI Virus by Loculus,OPEN,https://pathoplexus.org/about/terms-of-use/open-data,SAMN46714001,0.969780581,,,PV081110.1,SRR32261026,,MN-MDH-RSVB-01681,1,375
PP_002WKR3.1,B.D.E.1.1,11/01/2025,USA,Minnesota,"Kunerth, H. D.; Plumb, M.; Namugenyi, S.; Evans, D.; Bohnkers-Voels, L.; Strain, A.","Minnesota Department of Health, Public Health Laboratory - Infectious Disease Lab",Homo sapiens,15138,15/02/2025,PV081112.1,Automated Ingest from INSDC/NCBI Virus by Loculus,OPEN,https://pathoplexus.org/about/terms-of-use/open-data,SAMN46714003,0.986401261,,,PV081112.1,SRR32261023,,MN-MDH-RSVB-01683,4,119
PP_002WKS1.1,B.D.E.1.5,11/01/2025,USA,Minnesota,"Kunerth, H. D.; Plumb, M.; Namugenyi, S.; Evans, D.; Bohnkers-Voels, L.; Strain, A.","Minnesota Department of Health, Public Health Laboratory - Infectious Disease Lab",Homo sapiens,15140,15/02/2025,PV081113.1,Automated Ingest from INSDC/NCBI Virus by Loculus,OPEN,https://pathoplexus.org/about/terms-of-use/open-data,SAMN46714004,0.968992248,,,PV081113.1,SRR32261022,,MN-MDH-RSVB-01684,1,387
PP_002WLJG.1,B.D.E.1.5,17/01/2025,USA,Minnesota,"Kunerth, H. D.; Plumb, M.; Namugenyi, S.; Evans, D.; Bohnkers-Voels, L.; Strain, A.","Minnesota Department of Health, Public Health Laboratory - Infectious Disease Lab",Homo sapiens,14869,26/02/2025,PV116261.1,Automated Ingest from INSDC/NCBI Virus by Loculus,OPEN,https://pathoplexus.org/about/terms-of-use/open-data,SAMN46819646,0.951254763,,,PV116261.1,SRR32335393,,MN-MDH-RSVB-01739,1,386
PP_002WLQ4.1,B.D.E.1.4,17/01/2025,USA,Minnesota,"Kunerth, H. D.; Plumb, M.; Namugenyi, S.; Evans, D.; Bohnkers-Voels, L.; Strain, A.","Minnesota Department of Health, Public Health Laboratory - Infectious Disease Lab",Homo sapiens,15140,26/02/2025,PV116267.1,Automated Ingest from INSDC/NCBI Virus by Loculus,OPEN,https://pathoplexus.org/about/terms-of-use/open-data,SAMN46819652,0.968992248,,,PV116267.1,SRR32335386,,MN-MDH-RSVB-01745,1,387
PP_002WLTY.1,B.D.E.1.6,22/01/2025,USA,Minnesota,"Kunerth, H. D.; Plumb, M.; Namugenyi, S.; Evans, D.; Bohnkers-Voels, L.; Strain, A.","Minnesota Department of Health, Public Health Laboratory - Infectious Disease Lab",Homo sapiens,15140,26/02/2025,PV116270.1,Automated Ingest from INSDC/NCBI Virus by Loculus,OPEN,https://pathoplexus.org/about/terms-of-use/open-data,SAMN46819655,0.951780318,,,PV116270.1,SRR32335383,,MN-MDH-RSVB-01748,3,647
PP_002WLUW.1,B.D.E.1.4,21/01/2025,USA,Minnesota,"Kunerth, H. D.; Plumb, M.; Namugenyi, S.; Evans, D.; Bohnkers-Voels, L.; Strain, A.","Minnesota Department of Health, Public Health Laboratory - Infectious Disease Lab",Homo sapiens,15140,26/02/2025,PV116271.1,Automated Ingest from INSDC/NCBI Virus by Loculus,OPEN,https://pathoplexus.org/about/terms-of-use/open-data,SAMN46819656,0.969057942,,,PV116271.1,SRR32335382,,MN-MDH-RSVB-01749,1,386
PP_002WLXQ.1,B.D.E.1,23/01/2025,USA,Minnesota,"Kunerth, H. D.; Plumb, M.; Namugenyi, S.; Evans, D.; Bohnkers-Voels, L.; Strain, A.","Minnesota Department of Health, Public Health Laboratory - Infectious Disease Lab",Homo sapiens,14898,26/02/2025,PV116274.1,Automated Ingest from INSDC/NCBI Virus by Loculus,OPEN,https://pathoplexus.org/about/terms-of-use/open-data,SAMN46819659,0.970897385,,,PV116274.1,SRR32335379,,MN-MDH-RSVB-01752,3,118
PP_002WMEQ.1,B.D.E.1.5,18/01/2025,USA,Minnesota,"Kunerth, H. D.; Plumb, M.; Namugenyi, S.; Evans, D.; Bohnkers-Voels, L.; Strain, A.","Minnesota Department of Health, Public Health Laboratory - Infectious Disease Lab",Homo sapiens,15140,26/02/2025,PV116291.1,Automated Ingest from INSDC/NCBI Virus by Loculus,OPEN,https://pathoplexus.org/about/terms-of-use/open-data,SAMN46819676,0.969057942,,,PV116291.1,SRR32335360,,MN-MDH-RSVB-01769,0,387
PP_002WMN7.1,B.D.E.1.7,08/12/2024,USA,Massachusetts,"Paull, J.; Messer, K.; Adams, G.; Nabatanzi, D.; Dobbins, S.; Tomkins-Tinch, C.; Mboowa, G.; Luebbert, L.; Worby, C.; Wewior, N.; Samani, P.; DeRuff, K.; Blumenstiel, B.; Moreno, G.; Earl, A.; Gnirke, A.; MacInnis, B.; Sabeti, P.; Lemieux, J.; Park, D.","Broad Institute of MIT and Harvard, Infectious Disease and Microbiome Program",Homo sapiens,15229,04/03/2025,PV178203.1,Automated Ingest from INSDC/NCBI Virus by Loculus,OPEN,https://pathoplexus.org/about/terms-of-use/open-data,SAMN46281946,0.99894889,,,PV178203.1,SRR32472772,,RSV-B/human/USA/MA-Broad_MGH-22676/2024,1,0
PP_002WMP5.1,B.D.E.1.7,23/11/2024,USA,Massachusetts,"Paull, J.; Messer, K.; Adams, G.; Nabatanzi, D.; Dobbins, S.; Tomkins-Tinch, C.; Mboowa, G.; Luebbert, L.; Worby, C.; Wewior, N.; Samani, P.; DeRuff, K.; Blumenstiel, B.; Moreno, G.; Earl, A.; Gnirke, A.; MacInnis, B.; Sabeti, P.; Lemieux, J.; Park, D.","Broad Institute of MIT and Harvard, Infectious Disease and Microbiome Program",Homo sapiens,15229,04/03/2025,PV178225.1,Automated Ingest from INSDC/NCBI Virus by Loculus,OPEN,https://pathoplexus.org/about/terms-of-use/open-data,SAMN46281854,0.998817501,,,PV178225.1,SRR32472823,,RSV-B/human/USA/MA-Broad_MGH-22584/2024,2,0
PP_002WN57.1,B.D.E.1,16/01/2024,USA,Massachusetts,"Paull, J.; Messer, K.; Adams, G.; Nabatanzi, D.; Dobbins, S.; Tomkins-Tinch, C.; Mboowa, G.; Luebbert, L.; Worby, C.; Wewior, N.; Samani, P.; DeRuff, K.; Blumenstiel, B.; Moreno, G.; Earl, A.; Gnirke, A.; MacInnis, B.; Sabeti, P.; Lemieux, J.; Park, D.","Broad Institute of MIT and Harvard, Infectious Disease and Microbiome Program",Homo sapiens,15274,04/03/2025,PV178308.1,Automated Ingest from INSDC/NCBI Virus by Loculus,OPEN,https://pathoplexus.org/about/terms-of-use/open-data,SAMN40760563,1,,,PV178308.1,,,RSV-B/human/USA/MA-Broad_BWH-17382/2024,0,0
PP_002WN81.1,B.D.E.1,02/12/2023,USA,Massachusetts,"Paull, J.; Messer, K.; Adams, G.; Nabatanzi, D.; Dobbins, S.; Tomkins-Tinch, C.; Mboowa, G.; Luebbert, L.; Worby, C.; Wewior, N.; Samani, P.; DeRuff, K.; Blumenstiel, B.; Moreno, G.; Earl, A.; Gnirke, A.; MacInnis, B.; Sabeti, P.; Lemieux, J.; Park, D.","Broad Institute of MIT and Harvard, Infectious Disease and Microbiome Program",Homo sapiens,15278,04/03/2025,PV178327.1,Automated Ingest from INSDC/NCBI Virus by Loculus,OPEN,https://pathoplexus.org/about/terms-of-use/open-data,SAMN39322162,1,,,PV178327.1,SRR28460201,,RSV-B/human/USA/MA-Broad_MGH-16308/2023,0,0
PP_002WN9Z.1,B.D.E.1.7,30/10/2024,USA,Massachusetts,"Paull, J.; Messer, K.; Adams, G.; Nabatanzi, D.; Dobbins, S.; Tomkins-Tinch, C.; Mboowa, G.; Luebbert, L.; Worby, C.; Wewior, N.; Samani, P.; DeRuff, K.; Blumenstiel, B.; Moreno, G.; Earl, A.; Gnirke, A.; MacInnis, B.; Sabeti, P.; Lemieux, J.; Park, D.","Broad Institute of MIT and Harvard, Infectious Disease and Microbiome Program",Homo sapiens,15223,04/03/2025,PV178331.1,Automated Ingest from INSDC/NCBI Virus by Loculus,OPEN,https://pathoplexus.org/about/terms-of-use/open-data,SAMN46122213,0.999605834,,,PV178331.1,SRR31926550,,RSV-B/human/USA/MA-Broad_MGH-21806/2024,0,0
PP_002WNEP.1,B.D.E.1,06/12/2023,USA,Massachusetts,"Paull, J.; Messer, K.; Adams, G.; Nabatanzi, D.; Dobbins, S.; Tomkins-Tinch, C.; Mboowa, G.; Luebbert, L.; Worby, C.; Wewior, N.; Samani, P.; DeRuff, K.; Blumenstiel, B.; Moreno, G.; Earl, A.; Gnirke, A.; MacInnis, B.; Sabeti, P.; Lemieux, J.; Park, D.","Broad Institute of MIT and Harvard, Infectious Disease and Microbiome Program",Homo sapiens,15173,04/03/2025,PV178353.1,Automated Ingest from INSDC/NCBI Virus by Loculus,OPEN,https://pathoplexus.org/about/terms-of-use/open-data,SAMN39619210,0.990342925,,,PV178353.1,SRR28460792,,RSV-B/human/USA/MA-Broad_MGH-16385/2023,1,93
PP_002WNSY.1,B.D.E.1,08/02/2024,USA,Massachusetts,"Paull, J.; Messer, K.; Adams, G.; Nabatanzi, D.; Dobbins, S.; Tomkins-Tinch, C.; Mboowa, G.; Luebbert, L.; Worby, C.; Wewior, N.; Samani, P.; DeRuff, K.; Blumenstiel, B.; Moreno, G.; Earl, A.; Gnirke, A.; MacInnis, B.; Sabeti, P.; Lemieux, J.; Park, D.","Broad Institute of MIT and Harvard, Infectious Disease and Microbiome Program",Homo sapiens,15208,04/03/2025,PV178379.1,Automated Ingest from INSDC/NCBI Virus by Loculus,OPEN,https://pathoplexus.org/about/terms-of-use/open-data,SAMN42232904,0.99191959,,,PV178379.1,,,RSV-B/human/USA/MA-Broad_BWH-20923/2024,0,104
PP_002WPJD.1,B.D.E.1,24/11/2023,USA,Massachusetts,"Paull, J.; Messer, K.; Adams, G.; Nabatanzi, D.; Dobbins, S.; Tomkins-Tinch, C.; Mboowa, G.; Luebbert, L.; Worby, C.; Wewior, N.; Samani, P.; DeRuff, K.; Blumenstiel, B.; Moreno, G.; Earl, A.; Gnirke, A.; MacInnis, B.; Sabeti, P.; Lemieux, J.; Park, D.","Broad Institute of MIT and Harvard, Infectious Disease and Microbiome Program",Homo sapiens,15196,04/03/2025,PV178465.1,Automated Ingest from INSDC/NCBI Virus by Loculus,OPEN,https://pathoplexus.org/about/terms-of-use/open-data,SAMN39322082,0.998029168,,,PV178465.1,SRR28460187,,RSV-B/human/USA/MA-Broad_MGH-16206/2023,1,0
PP_002WPL9.1,B.D.E.1.7,28/10/2024,USA,Massachusetts,"Paull, J.; Messer, K.; Adams, G.; Nabatanzi, D.; Dobbins, S.; Tomkins-Tinch, C.; Mboowa, G.; Luebbert, L.; Worby, C.; Wewior, N.; Samani, P.; DeRuff, K.; Blumenstiel, B.; Moreno, G.; Earl, A.; Gnirke, A.; MacInnis, B.; Sabeti, P.; Lemieux, J.; Park, D.","Broad Institute of MIT and Harvard, Infectious Disease and Microbiome Program",Homo sapiens,15281,04/03/2025,PV178477.1,Automated Ingest from INSDC/NCBI Virus by Loculus,OPEN,https://pathoplexus.org/about/terms-of-use/open-data,SAMN46122203,1,,,PV178477.1,SRR31926561,,RSV-B/human/USA/MA-Broad_MGH-21796/2024,0,0
PP_002WPQ1.1,B.D.E.1,31/12/2023,USA,Massachusetts,"Paull, J.; Messer, K.; Adams, G.; Nabatanzi, D.; Dobbins, S.; Tomkins-Tinch, C.; Mboowa, G.; Luebbert, L.; Worby, C.; Wewior, N.; Samani, P.; DeRuff, K.; Blumenstiel, B.; Moreno, G.; Earl, A.; Gnirke, A.; MacInnis, B.; Sabeti, P.; Lemieux, J.; Park, D.","Broad Institute of MIT and Harvard, Infectious Disease and Microbiome Program",Homo sapiens,15279,04/03/2025,PV178492.1,Automated Ingest from INSDC/NCBI Virus by Loculus,OPEN,https://pathoplexus.org/about/terms-of-use/open-data,SAMN40760581,1,,,PV178492.1,,,RSV-B/human/USA/MA-Broad_BWH-17826/2023,0,0
PP_002WPYK.1,B.D.E.1,30/12/2023,USA,Massachusetts,"Paull, J.; Messer, K.; Adams, G.; Nabatanzi, D.; Dobbins, S.; Tomkins-Tinch, C.; Mboowa, G.; Luebbert, L.; Worby, C.; Wewior, N.; Samani, P.; DeRuff, K.; Blumenstiel, B.; Moreno, G.; Earl, A.; Gnirke, A.; MacInnis, B.; Sabeti, P.; Lemieux, J.; Park, D.","Broad Institute of MIT and Harvard, Infectious Disease and Microbiome Program",Homo sapiens,15279,04/03/2025,PV178523.1,Automated Ingest from INSDC/NCBI Virus by Loculus,OPEN,https://pathoplexus.org/about/terms-of-use/open-data,SAMN40760584,1,,,PV178523.1,,,RSV-B/human/USA/MA-Broad_BWH-17848/2023,0,0
PP_002WQ2B.1,B.D.E.1,21/09/2023,USA,Massachusetts,"Paull, J.; Messer, K.; Adams, G.; Nabatanzi, D.; Dobbins, S.; Tomkins-Tinch, C.; Mboowa, G.; Luebbert, L.; Worby, C.; Wewior, N.; Samani, P.; DeRuff, K.; Blumenstiel, B.; Moreno, G.; Earl, A.; Gnirke, A.; MacInnis, B.; Sabeti, P.; Lemieux, J.; Park, D.","Broad Institute of MIT and Harvard, Infectious Disease and Microbiome Program",Homo sapiens,15121,04/03/2025,PV178536.1,Automated Ingest from INSDC/NCBI Virus by Loculus,OPEN,https://pathoplexus.org/about/terms-of-use/open-data,SAMN40079403,0.993233478,,,PV178536.1,SRR28460614,,RSV-B/human/USA/MA-Broad_BWH-19955/2023,0,0
PP_002WQAV.1,B.D.E.1,06/12/2023,USA,Massachusetts,"Paull, J.; Messer, K.; Adams, G.; Nabatanzi, D.; Dobbins, S.; Tomkins-Tinch, C.; Mboowa, G.; Luebbert, L.; Worby, C.; Wewior, N.; Samani, P.; DeRuff, K.; Blumenstiel, B.; Moreno, G.; Earl, A.; Gnirke, A.; MacInnis, B.; Sabeti, P.; Lemieux, J.; Park, D.","Broad Institute of MIT and Harvard, Infectious Disease and Microbiome Program",Homo sapiens,15266,04/03/2025,PV178578.1,Automated Ingest from INSDC/NCBI Virus by Loculus,OPEN,https://pathoplexus.org/about/terms-of-use/open-data,SAMN39619217,1,,,PV178578.1,SRR28460745,,RSV-B/human/USA/MA-Broad_MGH-16392/2023,0,0
PP_002WQBT.1,B.D.E.1,12/12/2023,USA,Massachusetts,"Paull, J.; Messer, K.; Adams, G.; Nabatanzi, D.; Dobbins, S.; Tomkins-Tinch, C.; Mboowa, G.; Luebbert, L.; Worby, C.; Wewior, N.; Samani, P.; DeRuff, K.; Blumenstiel, B.; Moreno, G.; Earl, A.; Gnirke, A.; MacInnis, B.; Sabeti, P.; Lemieux, J.; Park, D.","Broad Institute of MIT and Harvard, Infectious Disease and Microbiome Program",Homo sapiens,15227,04/03/2025,PV178581.1,Automated Ingest from INSDC/NCBI Virus by Loculus,OPEN,https://pathoplexus.org/about/terms-of-use/open-data,SAMN39619289,0.99894889,,,PV178581.1,SRR28460856,,RSV-B/human/USA/MA-Broad_MGH-16486/2023,0,0
PP_002WQCR.1,B.D.E.1,16/01/2024,USA,Massachusetts,"Paull, J.; Messer, K.; Adams, G.; Nabatanzi, D.; Dobbins, S.; Tomkins-Tinch, C.; Mboowa, G.; Luebbert, L.; Worby, C.; Wewior, N.; Samani, P.; DeRuff, K.; Blumenstiel, B.; Moreno, G.; Earl, A.; Gnirke, A.; MacInnis, B.; Sabeti, P.; Lemieux, J.; Park, D.","Broad Institute of MIT and Harvard, Infectious Disease and Microbiome Program",Homo sapiens,15278,04/03/2025,PV178584.1,Automated Ingest from INSDC/NCBI Virus by Loculus,OPEN,https://pathoplexus.org/about/terms-of-use/open-data,SAMN40760564,1,,,PV178584.1,,,RSV-B/human/USA/MA-Broad_BWH-17383/2024,0,0
PP_002WQL8.1,B.D.E.1,01/11/2023,USA,Massachusetts,"Paull, J.; Messer, K.; Adams, G.; Nabatanzi, D.; Dobbins, S.; Tomkins-Tinch, C.; Mboowa, G.; Luebbert, L.; Worby, C.; Wewior, N.; Samani, P.; DeRuff, K.; Blumenstiel, B.; Moreno, G.; Earl, A.; Gnirke, A.; MacInnis, B.; Sabeti, P.; Lemieux, J.; Park, D.","Broad Institute of MIT and Harvard, Infectious Disease and Microbiome Program",Homo sapiens,15280,04/03/2025,PV178605.1,Automated Ingest from INSDC/NCBI Virus by Loculus,OPEN,https://pathoplexus.org/about/terms-of-use/open-data,SAMN39069988,1,,,PV178605.1,SRR28460383,,RSV-B/human/USA/MA-Broad_MGH-16052/2023,0,0
PP_002WQZG.1,B.D.E.1,02/11/2023,USA,Massachusetts,"Paull, J.; Messer, K.; Adams, G.; Nabatanzi, D.; Dobbins, S.; Tomkins-Tinch, C.; Mboowa, G.; Luebbert, L.; Worby, C.; Wewior, N.; Samani, P.; DeRuff, K.; Blumenstiel, B.; Moreno, G.; Earl, A.; Gnirke, A.; MacInnis, B.; Sabeti, P.; Lemieux, J.; Park, D.","Broad Institute of MIT and Harvard, Infectious Disease and Microbiome Program",Homo sapiens,15247,04/03/2025,PV178638.1,Automated Ingest from INSDC/NCBI Virus by Loculus,OPEN,https://pathoplexus.org/about/terms-of-use/open-data,SAMN39070014,1,,,PV178638.1,SRR28460443,,RSV-B/human/USA/MA-Broad_MGH-16078/2023,0,0
PP_002WR1C.1,B.D.E.1,07/12/2023,USA,Massachusetts,"Paull, J.; Messer, K.; Adams, G.; Nabatanzi, D.; Dobbins, S.; Tomkins-Tinch, C.; Mboowa, G.; Luebbert, L.; Worby, C.; Wewior, N.; Samani, P.; DeRuff, K.; Blumenstiel, B.; Moreno, G.; Earl, A.; Gnirke, A.; MacInnis, B.; Sabeti, P.; Lemieux, J.; Park, D.","Broad Institute of MIT and Harvard, Infectious Disease and Microbiome Program",Homo sapiens,15273,04/03/2025,PV178640.1,Automated Ingest from INSDC/NCBI Virus by Loculus,OPEN,https://pathoplexus.org/about/terms-of-use/open-data,SAMN39619228,1,,,PV178640.1,SRR28460733,,RSV-B/human/USA/MA-Broad_MGH-16403/2023,0,0
PP_002WR38.1,B.D.E.1.7,18/01/2024,USA,Massachusetts,"Paull, J.; Messer, K.; Adams, G.; Nabatanzi, D.; Dobbins, S.; Tomkins-Tinch, C.; Mboowa, G.; Luebbert, L.; Worby, C.; Wewior, N.; Samani, P.; DeRuff, K.; Blumenstiel, B.; Moreno, G.; Earl, A.; Gnirke, A.; MacInnis, B.; Sabeti, P.; Lemieux, J.; Park, D.","Broad Institute of MIT and Harvard, Infectious Disease and Microbiome Program",Homo sapiens,15252,04/03/2025,PV178643.1,Automated Ingest from INSDC/NCBI Virus by Loculus,OPEN,https://pathoplexus.org/about/terms-of-use/open-data,SAMN40760559,0.999605834,,,PV178643.1,,,RSV-B/human/USA/MA-Broad_BWH-17279/2024,6,0
PP_002WRJB.1,B.D.E.1.5,15/01/2025,USA,Minnesota,"Kunerth, H. D.; Plumb, M.; Namugenyi, S.; Evans, D.; Bohnkers-Voels, L.; Strain, A.","Minnesota Department of Health, Public Health Laboratory - Infectious Disease Lab",Homo sapiens,15140,10/03/2025,PV211706.1,Automated Ingest from INSDC/NCBI Virus by Loculus,OPEN,https://pathoplexus.org/about/terms-of-use/open-data,SAMN47201253,0.986664039,,,PV211706.1,SRR32557073,,MN-MDH-RSVB-01991,1,118
PP_002WRUR.1,B.D.E.1.4,26/01/2025,USA,Minnesota,"Kunerth, H. D.; Plumb, M.; Namugenyi, S.; Evans, D.; Bohnkers-Voels, L.; Strain, A.","Minnesota Department of Health, Public Health Laboratory - Infectious Disease Lab",Homo sapiens,15140,10/03/2025,PV211716.1,Automated Ingest from INSDC/NCBI Virus by Loculus,OPEN,https://pathoplexus.org/about/terms-of-use/open-data,SAMN47201263,0.985547234,,,PV211716.1,SRR32557062,,MN-MDH-RSVB-02001,0,136
PP_002WRYH.1,B.D.E.1,24/01/2025,USA,Minnesota,"Kunerth, H. D.; Plumb, M.; Namugenyi, S.; Evans, D.; Bohnkers-Voels, L.; Strain, A.","Minnesota Department of Health, Public Health Laboratory - Infectious Disease Lab",Homo sapiens,15141,10/03/2025,PV211720.1,Automated Ingest from INSDC/NCBI Virus by Loculus,OPEN,https://pathoplexus.org/about/terms-of-use/open-data,SAMN47201267,0.986729733,,,PV211720.1,SRR32557058,,MN-MDH-RSVB-02005,0,118
PP_002WS8X.1,B.D.E.1.4,25/01/2025,USA,Minnesota,"Kunerth, H. D.; Plumb, M.; Namugenyi, S.; Evans, D.; Bohnkers-Voels, L.; Strain, A.","Minnesota Department of Health, Public Health Laboratory - Infectious Disease Lab",Homo sapiens,15140,10/03/2025,PV211730.1,Automated Ingest from INSDC/NCBI Virus by Loculus,OPEN,https://pathoplexus.org/about/terms-of-use/open-data,SAMN47201277,0.969057942,,,PV211730.1,SRR32557047,,MN-MDH-RSVB-02015,1,386
PP_002WSGF.1,B.D.E.1,28/01/2025,USA,Minnesota,"Kunerth, H. D.; Plumb, M.; Namugenyi, S.; Evans, D.; Bohnkers-Voels, L.; Strain, A.","Minnesota Department of Health, Public Health Laboratory - Infectious Disease Lab",Homo sapiens,15141,10/03/2025,PV211738.1,Automated Ingest from INSDC/NCBI Virus by Loculus,OPEN,https://pathoplexus.org/about/terms-of-use/open-data,SAMN47201285,0.969123637,,,PV211738.1,SRR32557038,,MN-MDH-RSVB-02023,0,386
PP_002WTFG.1,B.D.E.1.5,29/01/2025,USA,Minnesota,"Kunerth, H. D.; Plumb, M.; Namugenyi, S.; Evans, D.; Bohnkers-Voels, L.; Strain, A.","Minnesota Department of Health, Public Health Laboratory - Infectious Disease Lab",Homo sapiens,15140,10/03/2025,PV211771.1,Automated Ingest from INSDC/NCBI Virus by Loculus,OPEN,https://pathoplexus.org/about/terms-of-use/open-data,SAMN47201318,0.951583235,,,PV211771.1,SRR32556995,,MN-MDH-RSVB-02057,0,653
PP_002WTRV.1,B.D.E.1.5,29/01/2025,USA,Minnesota,"Kunerth, H. D.; Plumb, M.; Namugenyi, S.; Evans, D.; Bohnkers-Voels, L.; Strain, A.","Minnesota Department of Health, Public Health Laboratory - Infectious Disease Lab",Homo sapiens,15140,10/03/2025,PV211781.1,Automated Ingest from INSDC/NCBI Virus by Loculus,OPEN,https://pathoplexus.org/about/terms-of-use/open-data,SAMN47201328,0.969057942,,,PV211781.1,SRR32556984,,MN-MDH-RSVB-02067,0,387
PP_002WU6Z.1,B.D.E.1.8,03/02/2025,USA,Minnesota,"Kunerth, H. D.; Plumb, M.; Namugenyi, S.; Evans, D.; Bohnkers-Voels, L.; Strain, A.","Minnesota Department of Health, Public Health Laboratory - Infectious Disease Lab",Homo sapiens,15139,10/03/2025,PV211796.1,Automated Ingest from INSDC/NCBI Virus by Loculus,OPEN,https://pathoplexus.org/about/terms-of-use/open-data,SAMN47201343,0.952174484,,,PV211796.1,SRR32557197,,MN-MDH-RSVB-02082,0,644
PP_002WUBP.1,B.D.E.1.4,02/02/2025,USA,Minnesota,"Kunerth, H. D.; Plumb, M.; Namugenyi, S.; Evans, D.; Bohnkers-Voels, L.; Strain, A.","Minnesota Department of Health, Public Health Laboratory - Infectious Disease Lab",Homo sapiens,15140,10/03/2025,PV211801.1,Automated Ingest from INSDC/NCBI Virus by Loculus,OPEN,https://pathoplexus.org/about/terms-of-use/open-data,SAMN47201348,0.955393509,,,PV211801.1,SRR32557192,,MN-MDH-RSVB-02087,2,593
PP_002WUCM.1,B.D.E.1.4,30/01/2025,USA,Minnesota,"Kunerth, H. D.; Plumb, M.; Namugenyi, S.; Evans, D.; Bohnkers-Voels, L.; Strain, A.","Minnesota Department of Health, Public Health Laboratory - Infectious Disease Lab",Homo sapiens,15140,10/03/2025,PV211802.1,Automated Ingest from INSDC/NCBI Virus by Loculus,OPEN,https://pathoplexus.org/about/terms-of-use/open-data,SAMN47201349,0.986664039,,,PV211802.1,SRR32557190,,MN-MDH-RSVB-02088,1,118
PP_002WUUN.1,B.D.E.1.8,01/02/2025,USA,Minnesota,"Kunerth, H. D.; Plumb, M.; Namugenyi, S.; Evans, D.; Bohnkers-Voels, L.; Strain, A.","Minnesota Department of Health, Public Health Laboratory - Infectious Disease Lab",Homo sapiens,15139,10/03/2025,PV211818.1,Automated Ingest from INSDC/NCBI Virus by Loculus,OPEN,https://pathoplexus.org/about/terms-of-use/open-data,SAMN47201365,0.969649192,,,PV211818.1,SRR32557173,,MN-MDH-RSVB-02104,2,376
PP_002WV6Y.1,B.D.E.1.6,30/01/2025,USA,Minnesota,"Kunerth, H. D.; Plumb, M.; Namugenyi, S.; Evans, D.; Bohnkers-Voels, L.; Strain, A.","Minnesota Department of Health, Public Health Laboratory - Infectious Disease Lab",Homo sapiens,15140,10/03/2025,PV211830.1,Automated Ingest from INSDC/NCBI Virus by Loculus,OPEN,https://pathoplexus.org/about/terms-of-use/open-data,SAMN47201377,0.950597819,,,PV211830.1,SRR32557160,,MN-MDH-RSVB-02116,1,667
PP_002WVDJ.1,B.D.E.1.5,04/02/2025,USA,Minnesota,"Kunerth, H. D.; Plumb, M.; Namugenyi, S.; Evans, D.; Bohnkers-Voels, L.; Strain, A.","Minnesota Department of Health, Public Health Laboratory - Infectious Disease Lab",Homo sapiens,15140,10/03/2025,PV211837.1,Automated Ingest from INSDC/NCBI Virus by Loculus,OPEN,https://pathoplexus.org/about/terms-of-use/open-data,SAMN47201384,0.986664039,,,PV211837.1,SRR32557152,,MN-MDH-RSVB-02123,0,119
PP_002WWBM.1,B.D.E.1.5,09/02/2025,USA,Minnesota,"Kunerth, H. D.; Plumb, M.; Namugenyi, S.; Evans, D.; Bohnkers-Voels, L.; Strain, A.","Minnesota Department of Health, Public Health Laboratory - Infectious Disease Lab",Homo sapiens,15140,10/03/2025,PV211869.1,Automated Ingest from INSDC/NCBI Virus by Loculus,OPEN,https://pathoplexus.org/about/terms-of-use/open-data,SAMN47201416,0.969057942,,,PV211869.1,SRR32556950,,MN-MDH-RSVB-02156,0,387
PP_002WWFD.1,B.D.E.7,08/02/2025,USA,Minnesota,"Kunerth, H. D.; Plumb, M.; Namugenyi, S.; Evans, D.; Bohnkers-Voels, L.; Strain, A.","Minnesota Department of Health, Public Health Laboratory - Infectious Disease Lab",Homo sapiens,15142,10/03/2025,PV211873.1,Automated Ingest from INSDC/NCBI Virus by Loculus,OPEN,https://pathoplexus.org/about/terms-of-use/open-data,SAMN47201420,0.951583235,,,PV211873.1,SRR32556945,,MN-MDH-RSVB-02160,0,653
PP_002WWZA.1,B.D.E.1.4,09/02/2025,USA,Minnesota,"Kunerth, H. D.; Plumb, M.; Namugenyi, S.; Evans, D.; Bohnkers-Voels, L.; Strain, A.","Minnesota Department of Health, Public Health Laboratory - Infectious Disease Lab",Homo sapiens,15140,16/03/2025,PV246714.1,Automated Ingest from INSDC/NCBI Virus by Loculus,OPEN,https://pathoplexus.org/about/terms-of-use/open-data,SAMN47265079,0.95151754,,,PV246714.1,SRR32610738,,MN-MDH-RSVB-02246,0,654
PP_002WX08.1,B.D.E.1,12/02/2025,USA,Minnesota,"Kunerth, H. D.; Plumb, M.; Namugenyi, S.; Evans, D.; Bohnkers-Voels, L.; Strain, A.","Minnesota Department of Health, Public Health Laboratory - Infectious Disease Lab",Homo sapiens,15140,16/03/2025,PV246715.1,Automated Ingest from INSDC/NCBI Virus by Loculus,OPEN,https://pathoplexus.org/about/terms-of-use/open-data,SAMN47265080,0.986664039,,,PV246715.1,SRR32610737,,MN-MDH-RSVB-02247,1,118
PP_002WXAN.1,B.D.E.1.5,11/02/2025,USA,Minnesota,"Kunerth, H. D.; Plumb, M.; Namugenyi, S.; Evans, D.; Bohnkers-Voels, L.; Strain, A.","Minnesota Department of Health, Public Health Laboratory - Infectious Disease Lab",Homo sapiens,15140,16/03/2025,PV246725.1,Automated Ingest from INSDC/NCBI Virus by Loculus,OPEN,https://pathoplexus.org/about/terms-of-use/open-data,SAMN47265090,0.951583235,,,PV246725.1,SRR32610726,,MN-MDH-RSVB-02257,0,653
PP_002WXGA.1,B.D.E.7,16/02/2025,USA,Minnesota,"Kunerth, H. D.; Plumb, M.; Namugenyi, S.; Evans, D.; Bohnkers-Voels, L.; Strain, A.","Minnesota Department of Health, Public Health Laboratory - Infectious Disease Lab",Homo sapiens,15141,16/03/2025,PV246731.1,Automated Ingest from INSDC/NCBI Virus by Loculus,OPEN,https://pathoplexus.org/about/terms-of-use/open-data,SAMN47265096,0.933582972,,,PV246731.1,SRR32610655,,MN-MDH-RSVB-02263,0,927
PP_002WY4Z.1,B.D.E.7,31/12/2024,USA,Massachusetts,"Paull, J.; Messer, K.; Adams, G.; Nabatanzi, D.; Dobbins, S.; Tomkins-Tinch, C.; Mboowa, G.; Luebbert, L.; Worby, C.; Wewior, N.; Samani, P.; DeRuff, K.; Blumenstiel, B.; Moreno, G.; Earl, A.; Gnirke, A.; MacInnis, B.; Sabeti, P.; Lemieux, J.; Park, D.","Broad Institute of MIT and Harvard, Infectious Disease and Microbiome Program",Homo sapiens,15054,11/03/2025,PV260417.1,Automated Ingest from INSDC/NCBI Virus by Loculus,OPEN,https://pathoplexus.org/about/terms-of-use/open-data,SAMN47202841,0.968335304,,,PV260417.1,SRR32579612,,RSV-B/human/USA/MA-Broad_MGH-23006/2024,1,314
PP_002WYMY.1,B.D.E.1,25/11/2023,USA,Massachusetts,"Paull, J.; Messer, K.; Adams, G.; Nabatanzi, D.; Dobbins, S.; Tomkins-Tinch, C.; Mboowa, G.; Luebbert, L.; Worby, C.; Wewior, N.; Samani, P.; DeRuff, K.; Blumenstiel, B.; Moreno, G.; Earl, A.; Gnirke, A.; MacInnis, B.; Sabeti, P.; Lemieux, J.; Park, D.","Broad Institute of MIT and Harvard, Infectious Disease and Microbiome Program",Homo sapiens,15017,11/03/2025,PV260454.1,Automated Ingest from INSDC/NCBI Virus by Loculus,OPEN,https://pathoplexus.org/about/terms-of-use/open-data,SAMN39070070,0.953488372,,,PV260454.1,SRR28460501,,RSV-B/human/USA/MA-Broad_MGH-16134/2023,0,505
PP_002X0KY.1,B.D.4.1,12/09/2016,China,,"Yu, Y.; Yu, X.; Cao, F.; Zheng, X.; Ao, L.; Cheng, S.; Qiu, X.; Zhou, Y.; Li, J.","Hangzhou Center for Disease Control and Prevention (Hangzhou Health Supervision Institution), Department of Microbiology Laboratory",Homo sapiens,15221,02/04/2025,PV367346.1,Automated Ingest from INSDC/NCBI Virus by Loculus,OPEN,https://pathoplexus.org/about/terms-of-use/open-data,,1,,,PV367346.1,,,B-16S193,0,0
PP_002X0LW.1,B.D.4.1,22/08/2016,China,,"Yu, Y.; Yu, X.; Cao, F.; Zheng, X.; Ao, L.; Cheng, S.; Qiu, X.; Zhou, Y.; Li, J.","Hangzhou Center for Disease Control and Prevention (Hangzhou Health Supervision Institution), Department of Microbiology Laboratory",Homo sapiens,15221,02/04/2025,PV367347.1,Automated Ingest from INSDC/NCBI Virus by Loculus,OPEN,https://pathoplexus.org/about/terms-of-use/open-data,,1,,,PV367347.1,,,B-16S180,0,0
PP_002X0NS.1,B.D.4.1,12/09/2016,China,,"Yu, Y.; Yu, X.; Cao, F.; Zheng, X.; Ao, L.; Cheng, S.; Qiu, X.; Zhou, Y.; Li, J.","Hangzhou Center for Disease Control and Prevention (Hangzhou Health Supervision Institution), Department of Microbiology Laboratory",Homo sapiens,15222,02/04/2025,PV367349.1,Automated Ingest from INSDC/NCBI Virus by Loculus,OPEN,https://pathoplexus.org/about/terms-of-use/open-data,,1,,,PV367349.1,,,B-16S186,0,0
PP_002X0RL.1,B.D.4.1,10/10/2016,China,,"Yu, Y.; Yu, X.; Cao, F.; Zheng, X.; Ao, L.; Cheng, S.; Qiu, X.; Zhou, Y.; Li, J.","Hangzhou Center for Disease Control and Prevention (Hangzhou Health Supervision Institution), Department of Microbiology Laboratory",Homo sapiens,15222,02/04/2025,PV367352.1,Automated Ingest from INSDC/NCBI Virus by Loculus,OPEN,https://pathoplexus.org/about/terms-of-use/open-data,,1,,,PV367352.1,,,B-16S212,0,0
PP_002X0VC.1,B.D.4.1.1,21/03/2017,China,,"Yu, Y.; Yu, X.; Cao, F.; Zheng, X.; Ao, L.; Cheng, S.; Qiu, X.; Zhou, Y.; Li, J.","Hangzhou Center for Disease Control and Prevention (Hangzhou Health Supervision Institution), Department of Microbiology Laboratory",Homo sapiens,15221,02/04/2025,PV367356.1,Automated Ingest from INSDC/NCBI Virus by Loculus,OPEN,https://pathoplexus.org/about/terms-of-use/open-data,,1,,,PV367356.1,,,B-17S044,0,0
PP_002X110.1,B.D.4.1,03/01/2017,China,,"Yu, Y.; Yu, X.; Cao, F.; Zheng, X.; Ao, L.; Cheng, S.; Qiu, X.; Zhou, Y.; Li, J.","Hangzhou Center for Disease Control and Prevention (Hangzhou Health Supervision Institution), Department of Microbiology Laboratory",Homo sapiens,15222,02/04/2025,PV367362.1,Automated Ingest from INSDC/NCBI Virus by Loculus,OPEN,https://pathoplexus.org/about/terms-of-use/open-data,,1,,,PV367362.1,,,B-17S008,0,0
PP_002X1AG.1,B.D.E.2,13/01/2020,China,,"Yu, Y.; Yu, X.; Cao, F.; Zheng, X.; Ao, L.; Cheng, S.; Qiu, X.; Zhou, Y.; Li, J.","Hangzhou Center for Disease Control and Prevention (Hangzhou Health Supervision Institution), Department of Microbiology Laboratory",Homo sapiens,15221,02/04/2025,PV367371.1,Automated Ingest from INSDC/NCBI Virus by Loculus,OPEN,https://pathoplexus.org/about/terms-of-use/open-data,,1,,,PV367371.1,,,B-20S006,0,0
PP_002X1BE.1,B.D.4.1.1,20/01/2020,China,,"Yu, Y.; Yu, X.; Cao, F.; Zheng, X.; Ao, L.; Cheng, S.; Qiu, X.; Zhou, Y.; Li, J.","Hangzhou Center for Disease Control and Prevention (Hangzhou Health Supervision Institution), Department of Microbiology Laboratory",Homo sapiens,15221,02/04/2025,PV367372.1,Automated Ingest from INSDC/NCBI Virus by Loculus,OPEN,https://pathoplexus.org/about/terms-of-use/open-data,,1,,,PV367372.1,,,B-20S012,0,0
PP_002X1DA.1,B.D.E.2,21/10/2020,China,,"Yu, Y.; Yu, X.; Cao, F.; Zheng, X.; Ao, L.; Cheng, S.; Qiu, X.; Zhou, Y.; Li, J.","Hangzhou Center for Disease Control and Prevention (Hangzhou Health Supervision Institution), Department of Microbiology Laboratory",Homo sapiens,15220,02/04/2025,PV367374.1,Automated Ingest from INSDC/NCBI Virus by Loculus,OPEN,https://pathoplexus.org/about/terms-of-use/open-data,,1,,,PV367374.1,,,B-20S074,0,0
PP_002X1RK.1,B.D.E.2,06/01/2021,China,,"Yu, Y.; Yu, X.; Cao, F.; Zheng, X.; Ao, L.; Cheng, S.; Qiu, X.; Zhou, Y.; Li, J.","Hangzhou Center for Disease Control and Prevention (Hangzhou Health Supervision Institution), Department of Microbiology Laboratory",Homo sapiens,15220,02/04/2025,PV367386.1,Automated Ingest from INSDC/NCBI Virus by Loculus,OPEN,https://pathoplexus.org/about/terms-of-use/open-data,,1,,,PV367386.1,,,B-21S002,0,0
PP_002X22X.1,B.D.4.1.1,2019-01,USA,"Pittsburgh, PA","Rangachar Srinivasa, V.; Griffith, M.; Sundermann, A. J.; Mills, E.; Raabe, N. J.; Shutt, K. A.; Phan, T.; Wang-Erickson, A.; Marsh, J.; Snyder, G. M.; Van Tyne, D.; Pless, L.; Harrison, L. H.; Griffith, M. P.; Waggle, K.","University of Pittsburgh, Department of Medicine",Homo sapiens,15270,02/04/2025,PV388300.1,Automated Ingest from INSDC/NCBI Virus by Loculus,OPEN,https://pathoplexus.org/about/terms-of-use/open-data,,0.999934306,,,PV388300.1,,,RSV00007,1,0
PP_002X2E7.1,B.D.4.1.1,2019-01,USA,"Pittsburgh, PA","Rangachar Srinivasa, V.; Griffith, M.; Sundermann, A. J.; Mills, E.; Raabe, N. J.; Shutt, K. A.; Phan, T.; Wang-Erickson, A.; Marsh, J.; Snyder, G. M.; Van Tyne, D.; Pless, L.; Harrison, L. H.; Griffith, M. P.; Waggle, K.","University of Pittsburgh, Department of Medicine",Homo sapiens,15209,02/04/2025,PV388314.1,Automated Ingest from INSDC/NCBI Virus by Loculus,OPEN,https://pathoplexus.org/about/terms-of-use/open-data,,0.997766391,,,PV388314.1,,,RSV00040,0,0
PP_002X2JY.1,B.D.4.1.1,2019-02,USA,"Pittsburgh, PA","Rangachar Srinivasa, V.; Griffith, M.; Sundermann, A. J.; Mills, E.; Raabe, N. J.; Shutt, K. A.; Phan, T.; Wang-Erickson, A.; Marsh, J.; Snyder, G. M.; Van Tyne, D.; Pless, L.; Harrison, L. H.; Griffith, M. P.; Waggle, K.","University of Pittsburgh, Department of Medicine",Homo sapiens,15211,02/04/2025,PV388321.1,Automated Ingest from INSDC/NCBI Virus by Loculus,OPEN,https://pathoplexus.org/about/terms-of-use/open-data,,0.999277362,,,PV388321.1,,,RSV00006,4,0
PP_002X2LU.1,B.D.4.1.1,2019-01,USA,"Pittsburgh, PA","Rangachar Srinivasa, V.; Griffith, M.; Sundermann, A. J.; Mills, E.; Raabe, N. J.; Shutt, K. A.; Phan, T.; Wang-Erickson, A.; Marsh, J.; Snyder, G. M.; Van Tyne, D.; Pless, L.; Harrison, L. H.; Griffith, M. P.; Waggle, K.","University of Pittsburgh, Department of Medicine",Homo sapiens,15259,02/04/2025,PV388323.1,Automated Ingest from INSDC/NCBI Virus by Loculus,OPEN,https://pathoplexus.org/about/terms-of-use/open-data,,0.999934306,,,PV388323.1,,,RSV00017,1,0
PP_002X43T.1,B.D.E.1,08/12/2024,USA,,"Lauring, A. S.; Papalambros, L. K.","University Of Michigan, Internal Medicine - Infectious Disease",Homo sapiens,15151,02/04/2025,PV404586.1,Automated Ingest from INSDC/NCBI Virus by Loculus,OPEN,https://pathoplexus.org/about/terms-of-use/open-data,,0.966430167,,,PV404586.1,,,hRSV-B-RB7321536115,0,434
PP_002X5TB.1,B.D.E.1,30/12/2024,USA,,"Lauring, A. S.; Papalambros, L. K.","University Of Michigan, Internal Medicine - Infectious Disease",Homo sapiens,14940,02/04/2025,PV404665.1,Automated Ingest from INSDC/NCBI Virus by Loculus,OPEN,https://pathoplexus.org/about/terms-of-use/open-data,,0.952174484,,,PV404665.1,,,hRSV-B-G25X89X3,0,448
PP_002X7KR.1,B.D.E.1.5,04/03/2025,USA,Minnesota,"Kunerth, H. D.; Plumb, M.; Namugenyi, S.; Evans, D.; Bohnkers-Voels, L.; Strain, A.","Minnesota Department of Health, Public Health Laboratory - Infectious Disease Lab",Homo sapiens,15140,08/04/2025,PV423174.1,Automated Ingest from INSDC/NCBI Virus by Loculus,OPEN,https://pathoplexus.org/about/terms-of-use/open-data,SAMN47641836,0.986729733,,,PV423174.1,SRR32925617,,MN-MDH-RSVB-02465,0,118
PP_002X86H.1,B.D.E.1.5,01/03/2025,USA,Minnesota,"Kunerth, H. D.; Plumb, M.; Namugenyi, S.; Evans, D.; Bohnkers-Voels, L.; Strain, A.","Minnesota Department of Health, Public Health Laboratory - Infectious Disease Lab",Homo sapiens,15140,08/04/2025,PV423195.1,Automated Ingest from INSDC/NCBI Virus by Loculus,OPEN,https://pathoplexus.org/about/terms-of-use/open-data,SAMN47641857,0.951123374,,,PV423195.1,SRR32925731,,MN-MDH-RSVB-02486,0,660
PP_002X8A9.1,B.D.E.1.5,02/03/2025,USA,Minnesota,"Kunerth, H. D.; Plumb, M.; Namugenyi, S.; Evans, D.; Bohnkers-Voels, L.; Strain, A.","Minnesota Department of Health, Public Health Laboratory - Infectious Disease Lab",Homo sapiens,15140,08/04/2025,PV423199.1,Automated Ingest from INSDC/NCBI Virus by Loculus,OPEN,https://pathoplexus.org/about/terms-of-use/open-data,SAMN47641861,0.969123637,,,PV423199.1,SRR32925727,,MN-MDH-RSVB-02490,0,386
PP_002X8KQ.1,B.D.E.1.4,05/03/2025,USA,Minnesota,"Kunerth, H. D.; Plumb, M.; Namugenyi, S.; Evans, D.; Bohnkers-Voels, L.; Strain, A.","Minnesota Department of Health, Public Health Laboratory - Infectious Disease Lab",Homo sapiens,15140,08/04/2025,PV423208.1,Automated Ingest from INSDC/NCBI Virus by Loculus,OPEN,https://pathoplexus.org/about/terms-of-use/open-data,SAMN47641870,0.986664039,,,PV423208.1,SRR32925717,,MN-MDH-RSVB-02499,0,119
PP_002X8ML.1,B.D.E.1.4,07/03/2025,USA,Minnesota,"Kunerth, H. D.; Plumb, M.; Namugenyi, S.; Evans, D.; Bohnkers-Voels, L.; Strain, A.","Minnesota Department of Health, Public Health Laboratory - Infectious Disease Lab",Homo sapiens,15140,08/04/2025,PV423210.1,Automated Ingest from INSDC/NCBI Virus by Loculus,OPEN,https://pathoplexus.org/about/terms-of-use/open-data,SAMN47641872,0.969123637,,,PV423210.1,SRR32925682,,MN-MDH-RSVB-02501,0,386
PP_002X9KP.1,B.D.E.7,25/02/2025,USA,Minnesota,"Kunerth, H. D.; Plumb, M.; Namugenyi, S.; Evans, D.; Bohnkers-Voels, L.; Strain, A.","Minnesota Department of Health, Public Health Laboratory - Infectious Disease Lab",Homo sapiens,15141,23/04/2025,PV535475.1,Automated Ingest from INSDC/NCBI Virus by Loculus,OPEN,https://pathoplexus.org/about/terms-of-use/open-data,SAMN48015302,0.950991985,,,PV535475.1,SRR33162402,,MN-MDH-RSVB-02607,0,662
PP_002X9S9.1,B.D.E.1,24/02/2025,USA,Minnesota,"Kunerth, H. D.; Plumb, M.; Namugenyi, S.; Evans, D.; Bohnkers-Voels, L.; Strain, A.","Minnesota Department of Health, Public Health Laboratory - Infectious Disease Lab",Homo sapiens,14898,23/04/2025,PV535482.1,Automated Ingest from INSDC/NCBI Virus by Loculus,OPEN,https://pathoplexus.org/about/terms-of-use/open-data,SAMN48015309,0.971028774,,,PV535482.1,SRR33162437,,MN-MDH-RSVB-02614,0,119
PP_002X9ZV.1,B.D.E.1.5,24/02/2025,USA,Minnesota,"Kunerth, H. D.; Plumb, M.; Namugenyi, S.; Evans, D.; Bohnkers-Voels, L.; Strain, A.","Minnesota Department of Health, Public Health Laboratory - Infectious Disease Lab",Homo sapiens,15140,23/04/2025,PV535489.1,Automated Ingest from INSDC/NCBI Virus by Loculus,OPEN,https://pathoplexus.org/about/terms-of-use/open-data,SAMN48015316,0.969123637,,,PV535489.1,SRR33162429,,MN-MDH-RSVB-02621,0,386
PP_002XA0T.1,B.D.E.1.4,19/02/2025,USA,Minnesota,"Kunerth, H. D.; Plumb, M.; Namugenyi, S.; Evans, D.; Bohnkers-Voels, L.; Strain, A.","Minnesota Department of Health, Public Health Laboratory - Infectious Disease Lab",Homo sapiens,15140,23/04/2025,PV535490.1,Automated Ingest from INSDC/NCBI Virus by Loculus,OPEN,https://pathoplexus.org/about/terms-of-use/open-data,SAMN48015317,0.969123637,,,PV535490.1,SRR33162428,,MN-MDH-RSVB-02622,0,386
PP_002XAXY.1,B.D.E.1.2,16/11/2024,USA,Massachusetts,"Paull, J.; Messer, K.; Adams, G.; Nabatanzi, D.; Dobbins, S.; Tomkins-Tinch, C.; Mboowa, G.; Luebbert, L.; Worby, C.; Wewior, N.; Samani, P.; DeRuff, K.; Blumenstiel, B.; Moreno, G.; Earl, A.; Gnirke, A.; MacInnis, B.; Sabeti, P.; Lemieux, J.; Park, D.","Broad Institute of MIT and Harvard, Infectious Disease and Microbiome Program",Homo sapiens,15284,23/04/2025,PV539274.1,Automated Ingest from INSDC/NCBI Virus by Loculus,OPEN,https://pathoplexus.org/about/terms-of-use/open-data,SAMN47996073,1,,,PV539274.1,SRR33191615,,RSV-B/human/USA/MA-Broad_BWH-23365/2024,0,0
PP_002XBGU.1,B.D.E.1.4,25/03/2025,USA,Minnesota,"Kunerth, H. D.; Plumb, M.; Namugenyi, S.; Evans, D.; Bohnkers-Voels, L.; Strain, A.","Minnesota Department of Health, Public Health Laboratory - Infectious Disease Lab",Homo sapiens,15140,27/04/2025,PV546168.1,Automated Ingest from INSDC/NCBI Virus by Loculus,OPEN,https://pathoplexus.org/about/terms-of-use/open-data,SAMN48059279,0.968926554,,,PV546168.1,SRR33217132,,MN-MDH-RSVB-02832,2,387
PP_002XBKM.1,B.D.E.1.5,27/03/2025,USA,Minnesota,"Kunerth, H. D.; Plumb, M.; Namugenyi, S.; Evans, D.; Bohnkers-Voels, L.; Strain, A.","Minnesota Department of Health, Public Health Laboratory - Infectious Disease Lab",Homo sapiens,15140,27/04/2025,PV546171.1,Automated Ingest from INSDC/NCBI Virus by Loculus,OPEN,https://pathoplexus.org/about/terms-of-use/open-data,SAMN48059282,0.969057942,,,PV546171.1,SRR33217129,,MN-MDH-RSVB-02835,1,386
PP_002XBPD.1,B.D.E.1.5,27/03/2025,USA,Minnesota,"Kunerth, H. D.; Plumb, M.; Namugenyi, S.; Evans, D.; Bohnkers-Voels, L.; Strain, A.","Minnesota Department of Health, Public Health Laboratory - Infectious Disease Lab",Homo sapiens,14869,27/04/2025,PV546175.1,Automated Ingest from INSDC/NCBI Virus by Loculus,OPEN,https://pathoplexus.org/about/terms-of-use/open-data,SAMN48059286,0.959795034,,,PV546175.1,SRR33217125,,MN-MDH-RSVB-02839,0,257
PP_002XBT5.1,B.D.E.1,26/03/2025,USA,Minnesota,"Kunerth, H. D.; Plumb, M.; Namugenyi, S.; Evans, D.; Bohnkers-Voels, L.; Strain, A.","Minnesota Department of Health, Public Health Laboratory - Infectious Disease Lab",Homo sapiens,15141,27/04/2025,PV546179.1,Automated Ingest from INSDC/NCBI Virus by Loculus,OPEN,https://pathoplexus.org/about/terms-of-use/open-data,SAMN48059290,0.969452109,,,PV546179.1,SRR33217280,,MN-MDH-RSVB-02843,2,379
PP_002XBU3.1,B.D.E.1.8,25/03/2025,USA,Minnesota,"Kunerth, H. D.; Plumb, M.; Namugenyi, S.; Evans, D.; Bohnkers-Voels, L.; Strain, A.","Minnesota Department of Health, Public Health Laboratory - Infectious Disease Lab",Homo sapiens,15139,27/04/2025,PV546180.1,Automated Ingest from INSDC/NCBI Virus by Loculus,OPEN,https://pathoplexus.org/about/terms-of-use/open-data,SAMN48059291,0.956641703,,,PV546180.1,SRR33217279,,MN-MDH-RSVB-02844,0,576
PP_002XCA5.1,B.D.E.1.5,23/03/2025,USA,Minnesota,"Kunerth, H. D.; Plumb, M.; Namugenyi, S.; Evans, D.; Bohnkers-Voels, L.; Strain, A.","Minnesota Department of Health, Public Health Laboratory - Infectious Disease Lab",Homo sapiens,15140,27/04/2025,PV546196.1,Automated Ingest from INSDC/NCBI Virus by Loculus,OPEN,https://pathoplexus.org/about/terms-of-use/open-data,SAMN48059307,0.969057942,,,PV546196.1,SRR33217261,,MN-MDH-RSVB-02860,0,387
PP_002XCLJ.1,B.D.E.1,22/03/2025,USA,Minnesota,"Kunerth, H. D.; Plumb, M.; Namugenyi, S.; Evans, D.; Bohnkers-Voels, L.; Strain, A.","Minnesota Department of Health, Public Health Laboratory - Infectious Disease Lab",Homo sapiens,15140,27/04/2025,PV546206.1,Automated Ingest from INSDC/NCBI Virus by Loculus,OPEN,https://pathoplexus.org/about/terms-of-use/open-data,SAMN48059317,0.95105768,,,PV546206.1,SRR33217122,,MN-MDH-RSVB-02870,0,661
PP_002XCNE.1,B.D.E.1.5,21/03/2025,USA,Minnesota,"Kunerth, H. D.; Plumb, M.; Namugenyi, S.; Evans, D.; Bohnkers-Voels, L.; Strain, A.","Minnesota Department of Health, Public Health Laboratory - Infectious Disease Lab",Homo sapiens,15140,27/04/2025,PV546208.1,Automated Ingest from INSDC/NCBI Virus by Loculus,OPEN,https://pathoplexus.org/about/terms-of-use/open-data,SAMN48059319,0.968992248,,,PV546208.1,SRR33217119,,MN-MDH-RSVB-02872,1,387
PP_002XD3J.1,B.D.E.1,14/03/2025,USA,Minnesota,"Kunerth, H. D.; Plumb, M.; Namugenyi, S.; Evans, D.; Bohnkers-Voels, L.; Strain, A.","Minnesota Department of Health, Public Health Laboratory - Infectious Disease Lab",Homo sapiens,15140,27/04/2025,PV546223.1,Automated Ingest from INSDC/NCBI Virus by Loculus,OPEN,https://pathoplexus.org/about/terms-of-use/open-data,SAMN48059334,0.968729471,,,PV546223.1,SRR33217103,,MN-MDH-RSVB-02887,0,392
PP_002XD96.1,B.D.E.1.5,07/03/2025,USA,Minnesota,"Kunerth, H. D.; Plumb, M.; Namugenyi, S.; Evans, D.; Bohnkers-Voels, L.; Strain, A.","Minnesota Department of Health, Public Health Laboratory - Infectious Disease Lab",Homo sapiens,15140,27/04/2025,PV546229.1,Automated Ingest from INSDC/NCBI Virus by Loculus,OPEN,https://pathoplexus.org/about/terms-of-use/open-data,SAMN48059340,0.95210879,,,PV546229.1,SRR33217096,,MN-MDH-RSVB-02893,0,645
PP_002XDEW.1,B.D.E.1.5,10/03/2025,USA,Minnesota,"Kunerth, H. D.; Plumb, M.; Namugenyi, S.; Evans, D.; Bohnkers-Voels, L.; Strain, A.","Minnesota Department of Health, Public Health Laboratory - Infectious Disease Lab",Homo sapiens,15140,27/04/2025,PV546234.1,Automated Ingest from INSDC/NCBI Virus by Loculus,OPEN,https://pathoplexus.org/about/terms-of-use/open-data,SAMN48059345,0.952240179,,,PV546234.1,SRR33217251,,MN-MDH-RSVB-02898,0,643
PP_002XDVZ.1,B.D.E.1,14/12/2024,USA,Washington,"Roychoudhury, P.; Xie, X.; Kim, H. G.; Ellis, S.; Greninger, A.","University of Washington, Laboratory Medicine and Pathology",Homo sapiens,15164,07/05/2025,PV584132.1,Automated Ingest from INSDC/NCBI Virus by Loculus,OPEN,https://pathoplexus.org/about/terms-of-use/open-data,,0.988634871,,,PV584132.1,,,WA-UW-22279,0,112
PP_002XHXR.1,B.D.E.1,2023-11,Switzerland,Basel-Stadt,"Gosert, Rainer; Leuzinger, Karoline; Kuznetsov, Alexander; Neher, Richard","Clinical Virology, Laboratory Medicine, University Hospital Basel, Basel, Switzerland; Clinical Virology, Laboratory Medicine, University Hospital Basel, Basel, Switzerland, Transplantation and Clinical Virology, Department of Biomedicine, University of Basel, Basel, Switzerland; Biozentrum, University of Basel, Basel, Switzerland; Biozentrum, University of Basel, Basel, Switzerland",Homo sapiens,15202,26/05/2025,FNHCWTEFPZ,"Clinical Virology, Basel",OPEN,https://pathoplexus.org/about/terms-of-use/open-data,SAMEA118594533,0.998686112,,Basel,OZ278137.1,,FALSE,,0,2
PP_002XRRV.1,B.D.E.1.8,08/04/2025,USA,Minnesota,"Kunerth, H. D.; Plumb, M.; Namugenyi, S.; Evans, D.; Bohnkers-Voels, L.; Strain, A.","Minnesota Department of Health, Public Health Laboratory - Infectious Disease Lab",Homo sapiens,15139,21/05/2025,PV629273.1,Automated Ingest from INSDC/NCBI Virus by Loculus,OPEN,https://pathoplexus.org/about/terms-of-use/open-data,SAMN48396711,0.986598345,,,PV629273.1,SRR33474392,,MN-MDH-RSVB-03013,2,118
PP_002XRST.1,B.D.E.1,08/04/2025,USA,Minnesota,"Kunerth, H. D.; Plumb, M.; Namugenyi, S.; Evans, D.; Bohnkers-Voels, L.; Strain, A.","Minnesota Department of Health, Public Health Laboratory - Infectious Disease Lab",Homo sapiens,15143,21/05/2025,PV629274.1,Automated Ingest from INSDC/NCBI Virus by Loculus,OPEN,https://pathoplexus.org/about/terms-of-use/open-data,SAMN48396712,0.964196558,,,PV629274.1,SRR33474433,,MN-MDH-RSVB-03014,0,461
PP_002XRWK.1,B.D.E.1.4,05/04/2025,USA,Minnesota,"Kunerth, H. D.; Plumb, M.; Namugenyi, S.; Evans, D.; Bohnkers-Voels, L.; Strain, A.","Minnesota Department of Health, Public Health Laboratory - Infectious Disease Lab",Homo sapiens,15140,21/05/2025,PV629278.1,Automated Ingest from INSDC/NCBI Virus by Loculus,OPEN,https://pathoplexus.org/about/terms-of-use/open-data,SAMN48396716,0.95105768,,,PV629278.1,SRR33474429,,MN-MDH-RSVB-03018,0,661
PP_002XRYF.1,B.D.E.1.4,31/03/2025,USA,Minnesota,"Kunerth, H. D.; Plumb, M.; Namugenyi, S.; Evans, D.; Bohnkers-Voels, L.; Strain, A.","Minnesota Department of Health, Public Health Laboratory - Infectious Disease Lab",Homo sapiens,15140,21/05/2025,PV629280.1,Automated Ingest from INSDC/NCBI Virus by Loculus,OPEN,https://pathoplexus.org/about/terms-of-use/open-data,SAMN48396718,0.981408488,,,PV629280.1,SRR33474427,,MN-MDH-RSVB-03020,0,199
PP_002XRZD.1,B.D.E.1,29/03/2025,USA,Minnesota,"Kunerth, H. D.; Plumb, M.; Namugenyi, S.; Evans, D.; Bohnkers-Voels, L.; Strain, A.","Minnesota Department of Health, Public Health Laboratory - Infectious Disease Lab",Homo sapiens,15139,21/05/2025,PV629281.1,Automated Ingest from INSDC/NCBI Virus by Loculus,OPEN,https://pathoplexus.org/about/terms-of-use/open-data,SAMN48396719,0.98653265,,,PV629281.1,SRR33474426,,MN-MDH-RSVB-03021,2,119
PP_002XSGD.1,B.D.E.1.5,28/03/2025,USA,Minnesota,"Kunerth, H. D.; Plumb, M.; Namugenyi, S.; Evans, D.; Bohnkers-Voels, L.; Strain, A.","Minnesota Department of Health, Public Health Laboratory - Infectious Disease Lab",Homo sapiens,15140,21/05/2025,PV629298.1,Automated Ingest from INSDC/NCBI Virus by Loculus,OPEN,https://pathoplexus.org/about/terms-of-use/open-data,SAMN48396736,0.969057942,,,PV629298.1,SRR33474407,,MN-MDH-RSVB-03038,1,386
PP_002XSN0.1,B.D.E.1.5,20/03/2025,USA,Minnesota,"Kunerth, H. D.; Plumb, M.; Namugenyi, S.; Evans, D.; Bohnkers-Voels, L.; Strain, A.","Minnesota Department of Health, Public Health Laboratory - Infectious Disease Lab",Homo sapiens,14869,21/05/2025,PV629304.1,Automated Ingest from INSDC/NCBI Virus by Loculus,OPEN,https://pathoplexus.org/about/terms-of-use/open-data,SAMN48396742,0.950926291,,,PV629304.1,SRR33474391,,MN-MDH-RSVB-03044,0,392
PP_002XSTQ.1,B.D.E.1.5,17/03/2025,USA,Minnesota,"Kunerth, H. D.; Plumb, M.; Namugenyi, S.; Evans, D.; Bohnkers-Voels, L.; Strain, A.","Minnesota Department of Health, Public Health Laboratory - Infectious Disease Lab",Homo sapiens,14869,21/05/2025,PV629309.1,Automated Ingest from INSDC/NCBI Virus by Loculus,OPEN,https://pathoplexus.org/about/terms-of-use/open-data,SAMN48396747,0.950926291,,,PV629309.1,SRR33474386,,MN-MDH-RSVB-03049,0,392
PP_002XT0A.1,B.D.E.1,09/04/2025,USA,Minnesota,"Kunerth, H. D.; Plumb, M.; Namugenyi, S.; Evans, D.; Bohnkers-Voels, L.; Strain, A.","Minnesota Department of Health, Public Health Laboratory - Infectious Disease Lab",Homo sapiens,15140,21/05/2025,PV640341.1,Automated Ingest from INSDC/NCBI Virus by Loculus,OPEN,https://pathoplexus.org/about/terms-of-use/open-data,SAMN48454312,0.986664039,,,PV640341.1,SRR33542958,,MN-MDH-RSVB-03087,0,119
PP_002XT18.1,B.D.E.1,10/04/2025,USA,Minnesota,"Kunerth, H. D.; Plumb, M.; Namugenyi, S.; Evans, D.; Bohnkers-Voels, L.; Strain, A.","Minnesota Department of Health, Public Health Laboratory - Infectious Disease Lab",Homo sapiens,15140,21/05/2025,PV640342.1,Automated Ingest from INSDC/NCBI Virus by Loculus,OPEN,https://pathoplexus.org/about/terms-of-use/open-data,SAMN48454313,0.986664039,,,PV640342.1,SRR33542957,,MN-MDH-RSVB-03088,1,118
PP_002XT50.1,B.D.E.1.5,12/04/2025,USA,Minnesota,"Kunerth, H. D.; Plumb, M.; Namugenyi, S.; Evans, D.; Bohnkers-Voels, L.; Strain, A.","Minnesota Department of Health, Public Health Laboratory - Infectious Disease Lab",Homo sapiens,15143,21/05/2025,PV640346.1,Automated Ingest from INSDC/NCBI Virus by Loculus,OPEN,https://pathoplexus.org/about/terms-of-use/open-data,SAMN48454317,0.971554329,,,PV640346.1,SRR33542953,,MN-MDH-RSVB-03092,1,348
PP_002XT8U.1,B.D.E.1.8,09/04/2025,USA,Minnesota,"Kunerth, H. D.; Plumb, M.; Namugenyi, S.; Evans, D.; Bohnkers-Voels, L.; Strain, A.","Minnesota Department of Health, Public Health Laboratory - Infectious Disease Lab",Homo sapiens,15140,21/05/2025,PV640349.1,Automated Ingest from INSDC/NCBI Virus by Loculus,OPEN,https://pathoplexus.org/about/terms-of-use/open-data,SAMN48454320,0.986598345,,,PV640349.1,SRR33542949,,MN-MDH-RSVB-03095,1,119
PP_002XTTP.1,B.D.E.1.2,16/04/2025,USA,Minnesota,"Kunerth, H. D.; Plumb, M.; Namugenyi, S.; Evans, D.; Bohnkers-Voels, L.; Strain, A.","Minnesota Department of Health, Public Health Laboratory - Infectious Disease Lab",Homo sapiens,15140,21/05/2025,PV640368.1,Automated Ingest from INSDC/NCBI Virus by Loculus,OPEN,https://pathoplexus.org/about/terms-of-use/open-data,SAMN48454339,0.986664039,,,PV640368.1,SRR33542929,,MN-MDH-RSVB-03114,0,119
PP_002XU33.1,B.D.E.1.5,28/04/2025,USA,Minnesota,"Kunerth, H. D.; Plumb, M.; Namugenyi, S.; Evans, D.; Bohnkers-Voels, L.; Strain, A.","Minnesota Department of Health, Public Health Laboratory - Infectious Disease Lab",Homo sapiens,15140,21/05/2025,PV640378.1,Automated Ingest from INSDC/NCBI Virus by Loculus,OPEN,https://pathoplexus.org/about/terms-of-use/open-data,SAMN48454349,0.951123374,,,PV640378.1,SRR33542918,,MN-MDH-RSVB-03124,0,660
PP_002XXFA.1,B.D.E.1,12/11/2024,Ireland,,"Carr, Michael; Bennett, Charlene; Banka, Weronika; Fahey, Laura; Rice, Alan; Dean, Jonathan; Hare, Daniel; De Gascun, Cillian F.","National Virus Reference Laboratory, University College Dublin, Dublin, Ireland",Homo sapiens,15207,28/05/2025,hRSV/B/Ireland/un-NVRL-GIRL00082769/2024,NVRL Ireland,OPEN,https://pathoplexus.org/about/terms-of-use/open-data,SAMEA118424703,0.998751807,,,OZ262326.1,,,,0,0
PP_002XXXB.1,B.D.E.1,23/12/2024,Ireland,,"Carr, Michael; Bennett, Charlene; Banka, Weronika; Fahey, Laura; Rice, Alan; Dean, Jonathan; Hare, Daniel; De Gascun, Cillian F.","National Virus Reference Laboratory, University College Dublin, Dublin, Ireland",Homo sapiens,15205,28/05/2025,hRSV/B/Ireland/un-NVRL-GIRL00000197/2025,NVRL Ireland,OPEN,https://pathoplexus.org/about/terms-of-use/open-data,SAMEA118424719,0.998751807,,,OZ262338.1,,,,0,0
PP_002XZ7Q.1,B.D.E.6,30/01/2025,Ireland,,"Carr, Michael; Bennett, Charlene; Banka, Weronika; Fahey, Laura; Rice, Alan; Dean, Jonathan; Hare, Daniel; De Gascun, Cillian F.","National Virus Reference Laboratory, University College Dublin, Dublin, Ireland",Homo sapiens,15201,28/05/2025,hRSV/B/Ireland/un-NVRL-GIRL00011095/2025,NVRL Ireland,OPEN,https://pathoplexus.org/about/terms-of-use/open-data,SAMEA118424762,0.998751807,,,OZ262368.1,,,,0,0
PP_002XZBG.1,B.D.E.1,05/02/2025,Ireland,,"Carr, Michael; Bennett, Charlene; Banka, Weronika; Fahey, Laura; Rice, Alan; Dean, Jonathan; Hare, Daniel; De Gascun, Cillian F.","National Virus Reference Laboratory, University College Dublin, Dublin, Ireland",Homo sapiens,15207,28/05/2025,hRSV/B/Ireland/un-NVRL-GIRL00014044/2025,NVRL Ireland,OPEN,https://pathoplexus.org/about/terms-of-use/open-data,SAMEA118424766,0.998751807,,,OZ262152.1,,,,0,0
PP_002XZMV.1,B.D.E.7,10/03/2025,Ireland,,"Carr, Michael; Bennett, Charlene; Banka, Weronika; Fahey, Laura; Rice, Alan; Dean, Jonathan; Hare, Daniel; De Gascun, Cillian F.","National Virus Reference Laboratory, University College Dublin, Dublin, Ireland",Homo sapiens,15185,28/05/2025,hRSV/B/Ireland/un-NVRL-GIRL00022165/2025,NVRL Ireland,OPEN,https://pathoplexus.org/about/terms-of-use/open-data,SAMEA118424776,0.897976613,,,OZ262309.1,,,,0,1513
PP_002XZZ5.1,B.D.E.1,12/03/2025,Ireland,,"Carr, Michael; Bennett, Charlene; Banka, Weronika; Fahey, Laura; Rice, Alan; Dean, Jonathan; Hare, Daniel; De Gascun, Cillian F.","National Virus Reference Laboratory, University College Dublin, Dublin, Ireland",Homo sapiens,15205,28/05/2025,hRSV/B/Ireland/un-NVRL-GIRL00022794/2025,NVRL Ireland,OPEN,https://pathoplexus.org/about/terms-of-use/open-data,SAMEA118424788,0.994875838,,,OZ262359.1,,,,0,59
PP_002Y01Z.1,B.D.E.1,26/12/2024,Ireland,,"Carr, Michael; Bennett, Charlene; Banka, Weronika; Fahey, Laura; Rice, Alan; Dean, Jonathan; Hare, Daniel; De Gascun, Cillian F.","National Virus Reference Laboratory, University College Dublin, Dublin, Ireland",Homo sapiens,15208,28/05/2025,hRSV/B/Ireland/un-NVRL-GIRL00023296/2024,NVRL Ireland,OPEN,https://pathoplexus.org/about/terms-of-use/open-data,SAMEA118424790,0.998751807,,,OZ262369.1,,,,0,0
PP_002Y02X.1,B.D.E.1,09/01/2025,Ireland,,"Carr, Michael; Bennett, Charlene; Banka, Weronika; Fahey, Laura; Rice, Alan; Dean, Jonathan; Hare, Daniel; De Gascun, Cillian F.","National Virus Reference Laboratory, University College Dublin, Dublin, Ireland",Homo sapiens,15205,28/05/2025,hRSV/B/Ireland/un-NVRL-GIRL00023301/2025,NVRL Ireland,OPEN,https://pathoplexus.org/about/terms-of-use/open-data,SAMEA118424791,0.998751807,,,OZ262355.1,,,,0,0
PP_002Y05R.1,B.D.E.1.1,13/01/2025,Ireland,,"Carr, Michael; Bennett, Charlene; Banka, Weronika; Fahey, Laura; Rice, Alan; Dean, Jonathan; Hare, Daniel; De Gascun, Cillian F.","National Virus Reference Laboratory, University College Dublin, Dublin, Ireland",Homo sapiens,15204,28/05/2025,hRSV/B/Ireland/un-NVRL-GIRL00023343/2025,NVRL Ireland,OPEN,https://pathoplexus.org/about/terms-of-use/open-data,SAMEA118424794,0.998751807,,,OZ262361.1,,,,0,0
PP_002YA4H.1,B.D.E.5,06/11/2023,USA,Washington,"Roychoudhury, P.; Xie, X.; Kim, H. G.; Ellis, S.; Greninger, A.","University of Washington, Laboratory Medicine and Pathology",Homo sapiens,15138,07/06/2025,PV702366.1,Automated Ingest from INSDC/NCBI Virus by Loculus,OPEN,https://pathoplexus.org/about/terms-of-use/open-data,,0.96393378,,,PV702366.1,,,WA-UW-55443,0,465
PP_0030X1Y.2,B.D.E.1,13/12/2022,Spain,Catalonia,"Pinana, Maria; Andres, Cristina; Gonzalez Sanchez, Alejandra; Prats, Ignasi; Garcia Comunas, Karen; Piquer, Maria; Dima, Elena; Martin, Maria Carmen; Pumarola, Tomas; Anton, Andres",Hospital Universitari Vall d'Hebron - Vall d'Hebron Institut de Recerca,,15218,30/06/2025,hRSV/B/Spain/CT-HTVC-052502/2022,"Respiratory Virus Unit, Hospital Universitari Vall d'Hebron, Barcelona, Spain",OPEN,https://pathoplexus.org/about/terms-of-use/open-data,SAMEA118626319,0.998686112,,,OZ279336.1,,,,0,0
PP_0030X6N.2,B.D.E.1,24/01/2023,Spain,Catalonia,"Pinana, Maria; Andres, Cristina; Gonzalez Sanchez, Alejandra; Prats, Ignasi; Garcia Comunas, Karen; Piquer, Maria; Dima, Elena; Martin, Maria Carmen; Pumarola, Tomas; Anton, Andres",Hospital Universitari Vall d'Hebron - Vall d'Hebron Institut de Recerca,,15205,30/06/2025,hRSV/B/Spain/CT-HTVC-054247/2023,"Respiratory Virus Unit, Hospital Universitari Vall d'Hebron, Barcelona, Spain",OPEN,https://pathoplexus.org/about/terms-of-use/open-data,SAMEA118626324,0.998751807,,,OZ279764.1,,,,0,0
PP_0030X8J.2,B.D.E.1,28/02/2023,Spain,Catalonia,"Pinana, Maria; Andres, Cristina; Gonzalez Sanchez, Alejandra; Prats, Ignasi; Garcia Comunas, Karen; Piquer, Maria; Dima, Elena; Martin, Maria Carmen; Pumarola, Tomas; Anton, Andres",Hospital Universitari Vall d'Hebron - Vall d'Hebron Institut de Recerca,,15204,30/06/2025,hRSV/B/Spain/CT-HTVC-055674/2023,"Respiratory Virus Unit, Hospital Universitari Vall d'Hebron, Barcelona, Spain",OPEN,https://pathoplexus.org/about/terms-of-use/open-data,SAMEA118626326,0.998686112,,,OZ279775.1,,,,0,0
PP_0030XD8.2,B.D.E.1,22/12/2022,Spain,Catalonia,"Pinana, Maria; Andres, Cristina; Gonzalez Sanchez, Alejandra; Prats, Ignasi; Garcia Comunas, Karen; Piquer, Maria; Dima, Elena; Martin, Maria Carmen; Pumarola, Tomas; Anton, Andres",Hospital Universitari Vall d'Hebron - Vall d'Hebron Institut de Recerca,,15222,30/06/2025,hRSV/B/Spain/CT-HTVC-252170/2022,"Respiratory Virus Unit, Hospital Universitari Vall d'Hebron, Barcelona, Spain",OPEN,https://pathoplexus.org/about/terms-of-use/open-data,SAMEA118626331,0.99894889,,,OZ279753.1,,,,0,0
PP_0030XLT.2,B.D.E.1,10/11/2022,Spain,Catalonia,"Pinana, Maria; Andres, Cristina; Gonzalez Sanchez, Alejandra; Prats, Ignasi; Garcia Comunas, Karen; Piquer, Maria; Dima, Elena; Martin, Maria Carmen; Pumarola, Tomas; Anton, Andres",Hospital Universitari Vall d'Hebron - Vall d'Hebron Institut de Recerca,,15203,30/06/2025,hRSV/B/Spain/CT-HUAV-259248/2022,"Respiratory Virus Unit, Hospital Universitari Vall d'Hebron, Barcelona, Spain",OPEN,https://pathoplexus.org/about/terms-of-use/open-data,SAMEA118626338,0.998620418,,,OZ279499.1,,,,0,0
PP_0030XSF.2,B.D.E.1,01/12/2022,Spain,Catalonia,"Pinana, Maria; Andres, Cristina; Gonzalez Sanchez, Alejandra; Prats, Ignasi; Garcia Comunas, Karen; Piquer, Maria; Dima, Elena; Martin, Maria Carmen; Pumarola, Tomas; Anton, Andres",Hospital Universitari Vall d'Hebron - Vall d'Hebron Institut de Recerca,,15193,30/06/2025,hRSV/B/Spain/CT-HUAV-261195/2022,"Respiratory Virus Unit, Hospital Universitari Vall d'Hebron, Barcelona, Spain",OPEN,https://pathoplexus.org/about/terms-of-use/open-data,SAMEA118626344,0.997832085,,,OZ279516.1,,,,0,1
PP_0030Y1X.2,B.D.E.1,22/12/2022,Spain,Catalonia,"Pinana, Maria; Andres, Cristina; Gonzalez Sanchez, Alejandra; Prats, Ignasi; Garcia Comunas, Karen; Piquer, Maria; Dima, Elena; Martin, Maria Carmen; Pumarola, Tomas; Anton, Andres",Hospital Universitari Vall d'Hebron - Vall d'Hebron Institut de Recerca,,15205,30/06/2025,hRSV/B/Spain/CT-HUAV-262834/2022,"Respiratory Virus Unit, Hospital Universitari Vall d'Hebron, Barcelona, Spain",OPEN,https://pathoplexus.org/about/terms-of-use/open-data,SAMEA118626353,0.998620418,,,OZ280440.1,,,,0,1
PP_0030Y4R.2,B.D.E.1,22/12/2022,Spain,Catalonia,"Pinana, Maria; Andres, Cristina; Gonzalez Sanchez, Alejandra; Prats, Ignasi; Garcia Comunas, Karen; Piquer, Maria; Dima, Elena; Martin, Maria Carmen; Pumarola, Tomas; Anton, Andres",Hospital Universitari Vall d'Hebron - Vall d'Hebron Institut de Recerca,,15206,30/06/2025,hRSV/B/Spain/CT-HUAV-262857/2022,"Respiratory Virus Unit, Hospital Universitari Vall d'Hebron, Barcelona, Spain",OPEN,https://pathoplexus.org/about/terms-of-use/open-data,SAMEA118626356,0.998817501,,,OZ280454.1,,,,0,0
PP_0030ZZZ.2,B.D.E.1.8,19/12/2024,Spain,Catalonia,"Pinana, Maria; Andres, Cristina; Gonzalez Sanchez, Alejandra; Prats, Ignasi; Garcia Comunas, Karen; Piquer, Maria; Dima, Elena; Martin, Maria Carmen; Pumarola, Tomas; Anton, Andres",Hospital Universitari Vall d'Hebron - Vall d'Hebron Institut de Recerca,,15193,30/06/2025,hRSV/B/Spain/CT-HUAV-314962/2024,"Respiratory Virus Unit, Hospital Universitari Vall d'Hebron, Barcelona, Spain",OPEN,https://pathoplexus.org/about/terms-of-use/open-data,SAMEA118626419,0.997766391,,,OZ279980.1,,,,0,1
PP_003109B.2,B.D.E.1.7,28/01/2025,Spain,Catalonia,"Andres, Cristina; Gonzalez Sanchez, Alejandra; Prats, Ignasi; Garcia Comunas, Karen; Dima, Elena; Martin, Maria Carmen; Pumarola, Tomas; Anton, Andres",Hospital Universitari Vall d'Hebron - Vall d'Hebron Institut de Recerca,,15203,30/06/2025,hRSV/B/Spain/CT-HUAV317339/2025,"Respiratory Virus Unit, Hospital Universitari Vall d'Hebron, Barcelona, Spain",OPEN,https://pathoplexus.org/about/terms-of-use/open-data,SAMEA118626429,0.998620418,,,OZ279912.1,,,,0,0
PP_00310B7.2,B.D.E.7,04/02/2025,Spain,Catalonia,"Andres, Cristina; Gonzalez Sanchez, Alejandra; Prats, Ignasi; Garcia Comunas, Karen; Dima, Elena; Martin, Maria Carmen; Pumarola, Tomas; Anton, Andres",Hospital Universitari Vall d'Hebron - Vall d'Hebron Institut de Recerca,,15196,30/06/2025,hRSV/B/Spain/CT-HUAV317902/2025,"Respiratory Virus Unit, Hospital Universitari Vall d'Hebron, Barcelona, Spain",OPEN,https://pathoplexus.org/about/terms-of-use/open-data,SAMEA118626431,0.998094863,,,OZ279845.1,,,,0,0
PP_00310V4.2,B.D.E.1,01/12/2022,Spain,Catalonia,"Pinana, Maria; Andres, Cristina; Gonzalez Sanchez, Alejandra; Prats, Ignasi; Garcia Comunas, Karen; Piquer, Maria; Dima, Elena; Martin, Maria Carmen; Pumarola, Tomas; Anton, Andres",Hospital Universitari Vall d'Hebron - Vall d'Hebron Institut de Recerca,,15191,30/06/2025,hRSV/B/Spain/CT-HUB-261148/2022,"Respiratory Virus Unit, Hospital Universitari Vall d'Hebron, Barcelona, Spain",OPEN,https://pathoplexus.org/about/terms-of-use/open-data,SAMEA118626449,0.997700696,,,OZ279863.1,,,,0,1
PP_00310X0.2,B.D.E.1,19/12/2022,Spain,Catalonia,"Pinana, Maria; Andres, Cristina; Gonzalez Sanchez, Alejandra; Prats, Ignasi; Garcia Comunas, Karen; Piquer, Maria; Dima, Elena; Martin, Maria Carmen; Pumarola, Tomas; Anton, Andres",Hospital Universitari Vall d'Hebron - Vall d'Hebron Institut de Recerca,,15207,30/06/2025,hRSV/B/Spain/CT-HUB-262288/2022,"Respiratory Virus Unit, Hospital Universitari Vall d'Hebron, Barcelona, Spain",OPEN,https://pathoplexus.org/about/terms-of-use/open-data,SAMEA118626451,0.998883195,,,OZ279826.1,,,,0,0
PP_003110U.2,B.D.E.1,05/01/2023,Spain,Catalonia,"Pinana, Maria; Andres, Cristina; Gonzalez Sanchez, Alejandra; Prats, Ignasi; Garcia Comunas, Karen; Piquer, Maria; Dima, Elena; Martin, Maria Carmen; Pumarola, Tomas; Anton, Andres",Hospital Universitari Vall d'Hebron - Vall d'Hebron Institut de Recerca,,15204,30/06/2025,hRSV/B/Spain/CT-HUB-263807/2023,"Respiratory Virus Unit, Hospital Universitari Vall d'Hebron, Barcelona, Spain",OPEN,https://pathoplexus.org/about/terms-of-use/open-data,SAMEA118626454,0.998686112,,,OZ279827.1,,,,0,0
PP_00311NH.2,B.D.E.1,23/12/2022,Spain,Catalonia,"Pinana, Maria; Andres, Cristina; Gonzalez Sanchez, Alejandra; Prats, Ignasi; Garcia Comunas, Karen; Piquer, Maria; Dima, Elena; Martin, Maria Carmen; Pumarola, Tomas; Anton, Andres",Hospital Universitari Vall d'Hebron - Vall d'Hebron Institut de Recerca,,15201,30/06/2025,hRSV/B/Spain/CT-HUGTIP-262909/2022,"Respiratory Virus Unit, Hospital Universitari Vall d'Hebron, Barcelona, Spain",OPEN,https://pathoplexus.org/about/terms-of-use/open-data,SAMEA118626476,0.998489029,,,OZ280026.1,,,,0,0
PP_00311U5.2,B.D.E.1,19/01/2023,Spain,Catalonia,"Pinana, Maria; Andres, Cristina; Gonzalez Sanchez, Alejandra; Prats, Ignasi; Garcia Comunas, Karen; Piquer, Maria; Dima, Elena; Martin, Maria Carmen; Pumarola, Tomas; Anton, Andres",Hospital Universitari Vall d'Hebron - Vall d'Hebron Institut de Recerca,,15207,30/06/2025,hRSV/B/Spain/CT-HUGTIP-265033/2023,"Respiratory Virus Unit, Hospital Universitari Vall d'Hebron, Barcelona, Spain",OPEN,https://pathoplexus.org/about/terms-of-use/open-data,SAMEA118626492,0.99894889,,,OZ280378.1,,,,0,0
PP_003123M.2,B.D.E.1,22/12/2023,Spain,Catalonia,"Pinana, Maria; Andres, Cristina; Gonzalez Sanchez, Alejandra; Prats, Ignasi; Garcia Comunas, Karen; Piquer, Maria; Dima, Elena; Martin, Maria Carmen; Pumarola, Tomas; Anton, Andres",Hospital Universitari Vall d'Hebron - Vall d'Hebron Institut de Recerca,,15207,30/06/2025,hRSV/B/Spain/CT-HUGTIP-289694/2023,"Respiratory Virus Unit, Hospital Universitari Vall d'Hebron, Barcelona, Spain",OPEN,https://pathoplexus.org/about/terms-of-use/open-data,SAMEA118626501,0.998883195,,,OZ280008.1,,,,0,0
PP_00312B5.2,B.D.E.1,29/02/2024,Spain,Catalonia,"Pinana, Maria; Andres, Cristina; Gonzalez Sanchez, Alejandra; Prats, Ignasi; Garcia Comunas, Karen; Piquer, Maria; Dima, Elena; Martin, Maria Carmen; Pumarola, Tomas; Anton, Andres",Hospital Universitari Vall d'Hebron - Vall d'Hebron Institut de Recerca,,15203,30/06/2025,hRSV/B/Spain/CT-HUGTIP-294407/2024,"Respiratory Virus Unit, Hospital Universitari Vall d'Hebron, Barcelona, Spain",OPEN,https://pathoplexus.org/about/terms-of-use/open-data,SAMEA118626509,0.99789778,,,OZ280036.1,,,,0,9
PP_00312D1.2,B.D.E.1,29/02/2024,Spain,Catalonia,"Pinana, Maria; Andres, Cristina; Gonzalez Sanchez, Alejandra; Prats, Ignasi; Garcia Comunas, Karen; Piquer, Maria; Dima, Elena; Martin, Maria Carmen; Pumarola, Tomas; Anton, Andres",Hospital Universitari Vall d'Hebron - Vall d'Hebron Institut de Recerca,,15206,30/06/2025,hRSV/B/Spain/CT-HUGTIP-294409/2024,"Respiratory Virus Unit, Hospital Universitari Vall d'Hebron, Barcelona, Spain",OPEN,https://pathoplexus.org/about/terms-of-use/open-data,SAMEA118626511,0.998817501,,,OZ280355.1,,,,0,0
PP_00312RA.2,B.D.E.1.7,20/12/2024,Spain,Catalonia,"Pinana, Maria; Andres, Cristina; Gonzalez Sanchez, Alejandra; Prats, Ignasi; Garcia Comunas, Karen; Piquer, Maria; Dima, Elena; Martin, Maria Carmen; Pumarola, Tomas; Anton, Andres",Hospital Universitari Vall d'Hebron - Vall d'Hebron Institut de Recerca,,15182,30/06/2025,hRSV/B/Spain/CT-HUGTiP-315040/2024,"Respiratory Virus Unit, Hospital Universitari Vall d'Hebron, Barcelona, Spain",OPEN,https://pathoplexus.org/about/terms-of-use/open-data,SAMEA118626523,0.997109447,,,OZ280244.1,,,,0,1
PP_00312T6.2,B.D.E.1,03/01/2025,Spain,Catalonia,"Andres, Cristina; Gonzalez Sanchez, Alejandra; Prats, Ignasi; Garcia Comunas, Karen; Dima, Elena; Martin, Maria Carmen; Pumarola, Tomas; Anton, Andres",Hospital Universitari Vall d'Hebron - Vall d'Hebron Institut de Recerca,,15194,30/06/2025,hRSV/B/Spain/CT-HUGTiP315641/2024,"Respiratory Virus Unit, Hospital Universitari Vall d'Hebron, Barcelona, Spain",OPEN,https://pathoplexus.org/about/terms-of-use/open-data,SAMEA118626525,0.997832085,,,OZ280248.1,,,,0,2
PP_00312U4.2,B.D.E.1.8,03/01/2025,Spain,Catalonia,"Andres, Cristina; Gonzalez Sanchez, Alejandra; Prats, Ignasi; Garcia Comunas, Karen; Dima, Elena; Martin, Maria Carmen; Pumarola, Tomas; Anton, Andres",Hospital Universitari Vall d'Hebron - Vall d'Hebron Institut de Recerca,,15203,30/06/2025,hRSV/B/Spain/CT-HUGTiP315647/2024,"Respiratory Virus Unit, Hospital Universitari Vall d'Hebron, Barcelona, Spain",OPEN,https://pathoplexus.org/about/terms-of-use/open-data,SAMEA118626526,0.998554723,,,OZ279967.1,,,,0,0
PP_003137C.2,B.D.E.1,08/05/2025,Spain,Catalonia,"Andres, Cristina; Gonzalez Sanchez, Alejandra; Prats, Ignasi; Garcia Comunas, Karen; Dima, Elena; Martin, Maria Carmen; Pumarola, Tomas; Anton, Andres",Hospital Universitari Vall d'Hebron - Vall d'Hebron Institut de Recerca,,15155,30/06/2025,hRSV/B/Spain/CT-HUGTiP324659/2025,"Respiratory Virus Unit, Hospital Universitari Vall d'Hebron, Barcelona, Spain",OPEN,https://pathoplexus.org/about/terms-of-use/open-data,SAMEA118626539,0.99520431,,,OZ280321.1,,,,0,1
PP_00313FW.2,B.D.E.1.2,25/03/2025,Spain,Catalonia,"Andres, Cristina; Gonzalez Sanchez, Alejandra; Prats, Ignasi; Garcia Comunas, Karen; Dima, Elena; Martin, Maria Carmen; Pumarola, Tomas; Anton, Andres",Hospital Universitari Vall d'Hebron - Vall d'Hebron Institut de Recerca,,15202,30/06/2025,hRSV/B/Spain/CT-HUJO003012/2025,"Respiratory Virus Unit, Hospital Universitari Vall d'Hebron, Barcelona, Spain",OPEN,https://pathoplexus.org/about/terms-of-use/open-data,SAMEA118626547,0.998554723,,,OZ280435.1,,,,0,0
PP_00313HR.2,B.D.E.1,10/11/2022,Spain,Catalonia,"Pinana, Maria; Andres, Cristina; Gonzalez Sanchez, Alejandra; Prats, Ignasi; Garcia Comunas, Karen; Piquer, Maria; Dima, Elena; Martin, Maria Carmen; Pumarola, Tomas; Anton, Andres",Hospital Universitari Vall d'Hebron - Vall d'Hebron Institut de Recerca,,15204,30/06/2025,hRSV/B/Spain/CT-HUJO-027824/2022,"Respiratory Virus Unit, Hospital Universitari Vall d'Hebron, Barcelona, Spain",OPEN,https://pathoplexus.org/about/terms-of-use/open-data,SAMEA118626549,0.998686112,,,OZ280431.1,,,,0,0
PP_00313T5.2,B.D.E.1.1,31/10/2024,Spain,Catalonia,"Pinana, Maria; Andres, Cristina; Gonzalez Sanchez, Alejandra; Prats, Ignasi; Garcia Comunas, Karen; Piquer, Maria; Dima, Elena; Martin, Maria Carmen; Pumarola, Tomas; Anton, Andres",Hospital Universitari Vall d'Hebron - Vall d'Hebron Institut de Recerca,,15199,30/06/2025,hRSV/B/Spain/CT-HUJO-048261/2024,"Respiratory Virus Unit, Hospital Universitari Vall d'Hebron, Barcelona, Spain",OPEN,https://pathoplexus.org/about/terms-of-use/open-data,SAMEA118626559,0.998489029,,,OZ280392.1,,,,0,0
PP_003144H.2,B.D.E.1,01/12/2022,Spain,Catalonia,"Pinana, Maria; Andres, Cristina; Gonzalez Sanchez, Alejandra; Prats, Ignasi; Garcia Comunas, Karen; Piquer, Maria; Dima, Elena; Martin, Maria Carmen; Pumarola, Tomas; Anton, Andres",Hospital Universitari Vall d'Hebron - Vall d'Hebron Institut de Recerca,,15212,30/06/2025,hRSV/B/Spain/CT-HUJO-133154/2022,"Respiratory Virus Unit, Hospital Universitari Vall d'Hebron, Barcelona, Spain",OPEN,https://pathoplexus.org/about/terms-of-use/open-data,SAMEA118626570,0.999014584,,,OZ279816.1,,,,0,0
PP_00314LJ.2,B.D.4.1.1,04/01/2024,Spain,Catalonia,"Pinana, Maria; Andres, Cristina; Gonzalez Sanchez, Alejandra; Prats, Ignasi; Garcia Comunas, Karen; Piquer, Maria; Dima, Elena; Martin, Maria Carmen; Pumarola, Tomas; Anton, Andres",Hospital Universitari Vall d'Hebron - Vall d'Hebron Institut de Recerca,,15188,30/06/2025,hRSV/B/Spain/CT-HUJO-722202/2024,"Respiratory Virus Unit, Hospital Universitari Vall d'Hebron, Barcelona, Spain",OPEN,https://pathoplexus.org/about/terms-of-use/open-data,SAMEA118626586,0.997766391,,,OZ279862.1,,,,0,0
PP_00315GS.2,B.D.4.1.1,09/12/2022,Spain,Catalonia,"Pinana, Maria; Andres, Cristina; Gonzalez Sanchez, Alejandra; Prats, Ignasi; Garcia Comunas, Karen; Piquer, Maria; Dima, Elena; Martin, Maria Carmen; Pumarola, Tomas; Anton, Andres",Hospital Universitari Vall d'Hebron - Vall d'Hebron Institut de Recerca,,15205,30/06/2025,hRSV/B/Spain/CT-HUJT-261499/2022,"Respiratory Virus Unit, Hospital Universitari Vall d'Hebron, Barcelona, Spain",OPEN,https://pathoplexus.org/about/terms-of-use/open-data,SAMEA118626616,0.998817501,,,OZ279924.1,,,,0,0
PP_003162K.2,B.D.E.1,21/11/2023,Spain,Catalonia,"Pinana, Maria; Andres, Cristina; Gonzalez Sanchez, Alejandra; Prats, Ignasi; Garcia Comunas, Karen; Piquer, Maria; Dima, Elena; Martin, Maria Carmen; Pumarola, Tomas; Anton, Andres",Hospital Universitari Vall d'Hebron - Vall d'Hebron Institut de Recerca,,15201,30/06/2025,hRSV/B/Spain/CT-HUJT-287718/2023,"Respiratory Virus Unit, Hospital Universitari Vall d'Hebron, Barcelona, Spain",OPEN,https://pathoplexus.org/about/terms-of-use/open-data,SAMEA118626626,0.998423335,,,OZ279917.1,,,,0,1
PP_003164F.2,B.D.4.1.1,12/12/2023,Spain,Catalonia,"Pinana, Maria; Andres, Cristina; Gonzalez Sanchez, Alejandra; Prats, Ignasi; Garcia Comunas, Karen; Piquer, Maria; Dima, Elena; Martin, Maria Carmen; Pumarola, Tomas; Anton, Andres",Hospital Universitari Vall d'Hebron - Vall d'Hebron Institut de Recerca,,15194,30/06/2025,hRSV/B/Spain/CT-HUJT-288798/2023,"Respiratory Virus Unit, Hospital Universitari Vall d'Hebron, Barcelona, Spain",OPEN,https://pathoplexus.org/about/terms-of-use/open-data,SAMEA118626628,0.997766391,,,OZ279932.1,,,,0,1
PP_0031687.2,B.D.E.1,06/02/2024,Spain,Catalonia,"Pinana, Maria; Andres, Cristina; Gonzalez Sanchez, Alejandra; Prats, Ignasi; Garcia Comunas, Karen; Piquer, Maria; Dima, Elena; Martin, Maria Carmen; Pumarola, Tomas; Anton, Andres",Hospital Universitari Vall d'Hebron - Vall d'Hebron Institut de Recerca,,15204,30/06/2025,hRSV/B/Spain/CT-HUJT-292375/2024,"Respiratory Virus Unit, Hospital Universitari Vall d'Hebron, Barcelona, Spain",OPEN,https://pathoplexus.org/about/terms-of-use/open-data,SAMEA118626632,0.998686112,,,OZ279974.1,,,,0,0
PP_00316B1.2,B.D.E.1,13/02/2024,Spain,Catalonia,"Pinana, Maria; Andres, Cristina; Gonzalez Sanchez, Alejandra; Prats, Ignasi; Garcia Comunas, Karen; Piquer, Maria; Dima, Elena; Martin, Maria Carmen; Pumarola, Tomas; Anton, Andres",Hospital Universitari Vall d'Hebron - Vall d'Hebron Institut de Recerca,,15204,30/06/2025,hRSV/B/Spain/CT-HUJT-292986/2024,"Respiratory Virus Unit, Hospital Universitari Vall d'Hebron, Barcelona, Spain",OPEN,https://pathoplexus.org/about/terms-of-use/open-data,SAMEA118626635,0.998686112,,,OZ279936.1,,,,0,0
PP_00316GR.2,B.D.E.1.8,14/11/2024,Spain,Catalonia,"Pinana, Maria; Andres, Cristina; Gonzalez Sanchez, Alejandra; Prats, Ignasi; Garcia Comunas, Karen; Piquer, Maria; Dima, Elena; Martin, Maria Carmen; Pumarola, Tomas; Anton, Andres",Hospital Universitari Vall d'Hebron - Vall d'Hebron Institut de Recerca,,15193,30/06/2025,hRSV/B/Spain/CT-HUJT-312387/2024,"Respiratory Virus Unit, Hospital Universitari Vall d'Hebron, Barcelona, Spain",OPEN,https://pathoplexus.org/about/terms-of-use/open-data,SAMEA118626640,0.997766391,,,OZ280063.1,,,,0,1
PP_00316S4.2,B.D.E.1,31/12/2024,Spain,Catalonia,"Pinana, Maria; Andres, Cristina; Gonzalez Sanchez, Alejandra; Prats, Ignasi; Garcia Comunas, Karen; Piquer, Maria; Dima, Elena; Martin, Maria Carmen; Pumarola, Tomas; Anton, Andres",Hospital Universitari Vall d'Hebron - Vall d'Hebron Institut de Recerca,,15200,30/06/2025,hRSV/B/Spain/CT-HUJT-315456/2024,"Respiratory Virus Unit, Hospital Universitari Vall d'Hebron, Barcelona, Spain",OPEN,https://pathoplexus.org/about/terms-of-use/open-data,SAMEA118626645,0.998423335,,,OZ280066.1,,,,0,0
PP_00317CY.2,B.D.E.1.8,08/04/2025,Spain,Catalonia,"Andres, Cristina; Gonzalez Sanchez, Alejandra; Prats, Ignasi; Garcia Comunas, Karen; Dima, Elena; Martin, Maria Carmen; Pumarola, Tomas; Anton, Andres",Hospital Universitari Vall d'Hebron - Vall d'Hebron Institut de Recerca,,15196,30/06/2025,hRSV/B/Spain/CT-HUJT322565/2025,"Respiratory Virus Unit, Hospital Universitari Vall d'Hebron, Barcelona, Spain",OPEN,https://pathoplexus.org/about/terms-of-use/open-data,SAMEA118626665,0.998094863,,,OZ280083.1,,,,0,0
PP_00317T1.2,B.D.E.1,22/01/2023,Spain,Catalonia,"Pinana, Maria; Andres, Cristina; Gonzalez Sanchez, Alejandra; Prats, Ignasi; Garcia Comunas, Karen; Piquer, Maria; Dima, Elena; Martin, Maria Carmen; Pumarola, Tomas; Anton, Andres",Hospital Universitari Vall d'Hebron - Vall d'Hebron Institut de Recerca,,15210,30/06/2025,hRSV/B/Spain/CT-HUVH-004378/2023,"Respiratory Virus Unit, Hospital Universitari Vall d'Hebron, Barcelona, Spain",OPEN,https://pathoplexus.org/about/terms-of-use/open-data,SAMEA118626020,0.999080279,,,OZ280429.1,,,,0,0
PP_00317UZ.2,B.D.4,13/04/2014,Spain,Catalonia,"Pinana, Maria; Andres, Cristina; Gonzalez Sanchez, Alejandra; Prats, Ignasi; Garcia Comunas, Karen; Piquer, Maria; Dima, Elena; Martin, Maria Carmen; Pumarola, Tomas; Anton, Andres",Hospital Universitari Vall d'Hebron - Vall d'Hebron Institut de Recerca,,15199,30/06/2025,hRSV/B/Spain/CT-HUVH-006517/2014,"Respiratory Virus Unit, Hospital Universitari Vall d'Hebron, Barcelona, Spain",OPEN,https://pathoplexus.org/about/terms-of-use/open-data,SAMEA118626021,0.998489029,,,OZ280421.1,,,,0,0
PP_00317VX.2,B.D.E.1,25/01/2023,Spain,Catalonia,"Pinana, Maria; Andres, Cristina; Gonzalez Sanchez, Alejandra; Prats, Ignasi; Garcia Comunas, Karen; Piquer, Maria; Dima, Elena; Martin, Maria Carmen; Pumarola, Tomas; Anton, Andres",Hospital Universitari Vall d'Hebron - Vall d'Hebron Institut de Recerca,,15191,30/06/2025,hRSV/B/Spain/CT-HUVH-006553/2023,"Respiratory Virus Unit, Hospital Universitari Vall d'Hebron, Barcelona, Spain",OPEN,https://pathoplexus.org/about/terms-of-use/open-data,SAMEA118626022,0.997832085,,,OZ280427.1,,,,0,0
PP_0031877.2,B.D.4,09/05/2014,Spain,Catalonia,"Pinana, Maria; Andres, Cristina; Gonzalez Sanchez, Alejandra; Prats, Ignasi; Garcia Comunas, Karen; Piquer, Maria; Dima, Elena; Martin, Maria Carmen; Pumarola, Tomas; Anton, Andres",Hospital Universitari Vall d'Hebron - Vall d'Hebron Institut de Recerca,,15189,30/06/2025,hRSV/B/Spain/CT-HUVH-015113/2014,"Respiratory Virus Unit, Hospital Universitari Vall d'Hebron, Barcelona, Spain",OPEN,https://pathoplexus.org/about/terms-of-use/open-data,SAMEA118626034,0.997832085,,,OZ280364.1,,,,0,0
PP_00318CX.2,B.D.E.1,13/02/2023,Spain,Catalonia,"Pinana, Maria; Andres, Cristina; Gonzalez Sanchez, Alejandra; Prats, Ignasi; Garcia Comunas, Karen; Piquer, Maria; Dima, Elena; Martin, Maria Carmen; Pumarola, Tomas; Anton, Andres",Hospital Universitari Vall d'Hebron - Vall d'Hebron Institut de Recerca,,15198,30/06/2025,hRSV/B/Spain/CT-HUVH-020017/2023,"Respiratory Virus Unit, Hospital Universitari Vall d'Hebron, Barcelona, Spain",OPEN,https://pathoplexus.org/about/terms-of-use/open-data,SAMEA118626039,0.998291946,,,OZ280352.1,,,,0,0
PP_00318LE.2,B.D.E.1,23/02/2023,Spain,Catalonia,"Pinana, Maria; Andres, Cristina; Gonzalez Sanchez, Alejandra; Prats, Ignasi; Garcia Comunas, Karen; Piquer, Maria; Dima, Elena; Martin, Maria Carmen; Pumarola, Tomas; Anton, Andres",Hospital Universitari Vall d'Hebron - Vall d'Hebron Institut de Recerca,,15207,30/06/2025,hRSV/B/Spain/CT-HUVH-028045/2023,"Respiratory Virus Unit, Hospital Universitari Vall d'Hebron, Barcelona, Spain",OPEN,https://pathoplexus.org/about/terms-of-use/open-data,SAMEA118626047,0.998883195,,,OZ280012.1,,,,0,0
PP_00318MC.2,B.D.E.1,22/11/2022,Spain,Catalonia,"Pinana, Maria; Andres, Cristina; Gonzalez Sanchez, Alejandra; Prats, Ignasi; Garcia Comunas, Karen; Piquer, Maria; Dima, Elena; Martin, Maria Carmen; Pumarola, Tomas; Anton, Andres",Hospital Universitari Vall d'Hebron - Vall d'Hebron Institut de Recerca,,15205,30/06/2025,hRSV/B/Spain/CT-HUVH-029929/2022,"Respiratory Virus Unit, Hospital Universitari Vall d'Hebron, Barcelona, Spain",OPEN,https://pathoplexus.org/about/terms-of-use/open-data,SAMEA118626048,0.998620418,,,OZ279990.1,,,,0,1
PP_00318P8.2,B.D.E.1,29/11/2022,Spain,Catalonia,"Pinana, Maria; Andres, Cristina; Gonzalez Sanchez, Alejandra; Prats, Ignasi; Garcia Comunas, Karen; Piquer, Maria; Dima, Elena; Martin, Maria Carmen; Pumarola, Tomas; Anton, Andres",Hospital Universitari Vall d'Hebron - Vall d'Hebron Institut de Recerca,,15219,30/06/2025,hRSV/B/Spain/CT-HUVH-030259/2022,"Respiratory Virus Unit, Hospital Universitari Vall d'Hebron, Barcelona, Spain",OPEN,https://pathoplexus.org/about/terms-of-use/open-data,SAMEA118626050,0.999277362,,,OZ279531.1,,,,0,0
PP_00319CW.2,B.D.E.1,08/01/2025,Spain,Catalonia,"Andres, Cristina; Gonzalez Sanchez, Alejandra; Prats, Ignasi; Garcia Comunas, Karen; Dima, Elena; Martin, Maria Carmen; Pumarola, Tomas; Anton, Andres",Hospital Universitari Vall d'Hebron - Vall d'Hebron Institut de Recerca,,15203,30/06/2025,hRSV/B/Spain/CT-HUVH060159/2025,"Respiratory Virus Unit, Hospital Universitari Vall d'Hebron, Barcelona, Spain",OPEN,https://pathoplexus.org/about/terms-of-use/open-data,SAMEA118626073,0.998620418,,,OZ279220.1,,,,0,0
PP_00319HK.2,B.D.4,26/10/2014,Spain,Catalonia,"Pinana, Maria; Andres, Cristina; Gonzalez Sanchez, Alejandra; Prats, Ignasi; Garcia Comunas, Karen; Piquer, Maria; Dima, Elena; Martin, Maria Carmen; Pumarola, Tomas; Anton, Andres",Hospital Universitari Vall d'Hebron - Vall d'Hebron Institut de Recerca,,15195,30/06/2025,hRSV/B/Spain/CT-HUVH-104567/2014,"Respiratory Virus Unit, Hospital Universitari Vall d'Hebron, Barcelona, Spain",OPEN,https://pathoplexus.org/about/terms-of-use/open-data,SAMEA118626078,0.998226251,,,OZ279224.1,,,,0,0
PP_00319KF.2,B.D.4.1,02/01/2015,Spain,Catalonia,"Pinana, Maria; Andres, Cristina; Gonzalez Sanchez, Alejandra; Prats, Ignasi; Garcia Comunas, Karen; Piquer, Maria; Dima, Elena; Martin, Maria Carmen; Pumarola, Tomas; Anton, Andres",Hospital Universitari Vall d'Hebron - Vall d'Hebron Institut de Recerca,,15191,30/06/2025,hRSV/B/Spain/CT-HUVH-108987/2015,"Respiratory Virus Unit, Hospital Universitari Vall d'Hebron, Barcelona, Spain",OPEN,https://pathoplexus.org/about/terms-of-use/open-data,SAMEA118626080,0.997963474,,,OZ279250.1,,,,0,0
PP_00319Q5.2,B.D.4,05/12/2014,Spain,Catalonia,"Pinana, Maria; Andres, Cristina; Gonzalez Sanchez, Alejandra; Prats, Ignasi; Garcia Comunas, Karen; Piquer, Maria; Dima, Elena; Martin, Maria Carmen; Pumarola, Tomas; Anton, Andres",Hospital Universitari Vall d'Hebron - Vall d'Hebron Institut de Recerca,,15195,30/06/2025,hRSV/B/Spain/CT-HUVH-126730/2014,"Respiratory Virus Unit, Hospital Universitari Vall d'Hebron, Barcelona, Spain",OPEN,https://pathoplexus.org/about/terms-of-use/open-data,SAMEA118626085,0.994021811,,,OZ279264.1,,,,0,64
PP_00319R3.2,B.D,16/12/2014,Spain,Catalonia,"Pinana, Maria; Andres, Cristina; Gonzalez Sanchez, Alejandra; Prats, Ignasi; Garcia Comunas, Karen; Piquer, Maria; Dima, Elena; Martin, Maria Carmen; Pumarola, Tomas; Anton, Andres",Hospital Universitari Vall d'Hebron - Vall d'Hebron Institut de Recerca,,15185,30/06/2025,hRSV/B/Spain/CT-HUVH-132025/2014,"Respiratory Virus Unit, Hospital Universitari Vall d'Hebron, Barcelona, Spain",OPEN,https://pathoplexus.org/about/terms-of-use/open-data,SAMEA118626086,0.998029168,,,OZ279261.1,,,,0,0
PP_00319XR.2,B.D,31/12/2014,Spain,Catalonia,"Pinana, Maria; Andres, Cristina; Gonzalez Sanchez, Alejandra; Prats, Ignasi; Garcia Comunas, Karen; Piquer, Maria; Dima, Elena; Martin, Maria Carmen; Pumarola, Tomas; Anton, Andres",Hospital Universitari Vall d'Hebron - Vall d'Hebron Institut de Recerca,,15185,30/06/2025,hRSV/B/Spain/CT-HUVH-140683/2014,"Respiratory Virus Unit, Hospital Universitari Vall d'Hebron, Barcelona, Spain",OPEN,https://pathoplexus.org/about/terms-of-use/open-data,SAMEA118626092,0.997503613,,,OZ279453.1,,,,0,0
PP_00319ZM.2,B.D,01/01/2015,Spain,Catalonia,"Pinana, Maria; Andres, Cristina; Gonzalez Sanchez, Alejandra; Prats, Ignasi; Garcia Comunas, Karen; Piquer, Maria; Dima, Elena; Martin, Maria Carmen; Pumarola, Tomas; Anton, Andres",Hospital Universitari Vall d'Hebron - Vall d'Hebron Institut de Recerca,,15189,30/06/2025,hRSV/B/Spain/CT-HUVH-141260/2015,"Respiratory Virus Unit, Hospital Universitari Vall d'Hebron, Barcelona, Spain",OPEN,https://pathoplexus.org/about/terms-of-use/open-data,SAMEA118626094,0.998291946,,,OZ279466.1,,,,0,0
PP_0031A0K.2,B.D.4.1,02/01/2015,Spain,Catalonia,"Pinana, Maria; Andres, Cristina; Gonzalez Sanchez, Alejandra; Prats, Ignasi; Garcia Comunas, Karen; Piquer, Maria; Dima, Elena; Martin, Maria Carmen; Pumarola, Tomas; Anton, Andres",Hospital Universitari Vall d'Hebron - Vall d'Hebron Institut de Recerca,,15195,30/06/2025,hRSV/B/Spain/CT-HUVH-141989/2015,"Respiratory Virus Unit, Hospital Universitari Vall d'Hebron, Barcelona, Spain",OPEN,https://pathoplexus.org/about/terms-of-use/open-data,SAMEA118626095,0.998226251,,,OZ279390.1,,,,0,0
PP_0031A4B.2,B.D.4.1.1,03/12/2019,Spain,Catalonia,"Pinana, Maria; Andres, Cristina; Gonzalez Sanchez, Alejandra; Prats, Ignasi; Garcia Comunas, Karen; Piquer, Maria; Dima, Elena; Martin, Maria Carmen; Pumarola, Tomas; Anton, Andres",Hospital Universitari Vall d'Hebron - Vall d'Hebron Institut de Recerca,,15182,30/06/2025,hRSV/B/Spain/CT-HUVH-146720/2019,"Respiratory Virus Unit, Hospital Universitari Vall d'Hebron, Barcelona, Spain",OPEN,https://pathoplexus.org/about/terms-of-use/open-data,SAMEA118626099,0.997437919,,,OZ279033.1,,,,0,0
PP_0031A67.2,B.D,12/01/2015,Spain,Catalonia,"Pinana, Maria; Andres, Cristina; Gonzalez Sanchez, Alejandra; Prats, Ignasi; Garcia Comunas, Karen; Piquer, Maria; Dima, Elena; Martin, Maria Carmen; Pumarola, Tomas; Anton, Andres",Hospital Universitari Vall d'Hebron - Vall d'Hebron Institut de Recerca,,15189,30/06/2025,hRSV/B/Spain/CT-HUVH-147207/2015,"Respiratory Virus Unit, Hospital Universitari Vall d'Hebron, Barcelona, Spain",OPEN,https://pathoplexus.org/about/terms-of-use/open-data,SAMEA118626101,0.998291946,,,OZ279045.1,,,,0,0
PP_0031ABX.2,B.D,26/11/2013,Spain,Catalonia,"Pinana, Maria; Andres, Cristina; Gonzalez Sanchez, Alejandra; Prats, Ignasi; Garcia Comunas, Karen; Piquer, Maria; Dima, Elena; Martin, Maria Carmen; Pumarola, Tomas; Anton, Andres",Hospital Universitari Vall d'Hebron - Vall d'Hebron Institut de Recerca,,15162,30/06/2025,hRSV/B/Spain/CT-HUVH-175346/2013,"Respiratory Virus Unit, Hospital Universitari Vall d'Hebron, Barcelona, Spain",OPEN,https://pathoplexus.org/about/terms-of-use/open-data,SAMEA118626106,0.996518197,,,OZ279481.1,,,,0,0
PP_0031AER.2,B.D,10/12/2013,Spain,Catalonia,"Pinana, Maria; Andres, Cristina; Gonzalez Sanchez, Alejandra; Prats, Ignasi; Garcia Comunas, Karen; Piquer, Maria; Dima, Elena; Martin, Maria Carmen; Pumarola, Tomas; Anton, Andres",Hospital Universitari Vall d'Hebron - Vall d'Hebron Institut de Recerca,,15155,30/06/2025,hRSV/B/Spain/CT-HUVH-182496/2013,"Respiratory Virus Unit, Hospital Universitari Vall d'Hebron, Barcelona, Spain",OPEN,https://pathoplexus.org/about/terms-of-use/open-data,SAMEA118626109,0.995138615,,,OZ279436.1,,,,0,7
PP_0031AFP.2,B.D.4,13/03/2015,Spain,Catalonia,"Pinana, Maria; Andres, Cristina; Gonzalez Sanchez, Alejandra; Prats, Ignasi; Garcia Comunas, Karen; Piquer, Maria; Dima, Elena; Martin, Maria Carmen; Pumarola, Tomas; Anton, Andres",Hospital Universitari Vall d'Hebron - Vall d'Hebron Institut de Recerca,,15195,30/06/2025,hRSV/B/Spain/CT-HUVH-183032/2015,"Respiratory Virus Unit, Hospital Universitari Vall d'Hebron, Barcelona, Spain",OPEN,https://pathoplexus.org/about/terms-of-use/open-data,SAMEA118626110,0.998226251,,,OZ279441.1,,,,0,0
PP_0031AGM.2,B.D.E.6,17/10/2023,Spain,Catalonia,"Pinana, Maria; Andres, Cristina; Gonzalez Sanchez, Alejandra; Prats, Ignasi; Garcia Comunas, Karen; Piquer, Maria; Dima, Elena; Martin, Maria Carmen; Pumarola, Tomas; Anton, Andres",Hospital Universitari Vall d'Hebron - Vall d'Hebron Institut de Recerca,,15200,30/06/2025,hRSV/B/Spain/CT-HUVH-185319/2023,"Respiratory Virus Unit, Hospital Universitari Vall d'Hebron, Barcelona, Spain",OPEN,https://pathoplexus.org/about/terms-of-use/open-data,SAMEA118626111,0.998489029,,,OZ279443.1,,,,0,2
PP_0031AN8.2,B.D.4.1.1,29/10/2023,Spain,Catalonia,"Pinana, Maria; Andres, Cristina; Gonzalez Sanchez, Alejandra; Prats, Ignasi; Garcia Comunas, Karen; Piquer, Maria; Dima, Elena; Martin, Maria Carmen; Pumarola, Tomas; Anton, Andres",Hospital Universitari Vall d'Hebron - Vall d'Hebron Institut de Recerca,,15185,30/06/2025,hRSV/B/Spain/CT-HUVH-193139/2023,"Respiratory Virus Unit, Hospital Universitari Vall d'Hebron, Barcelona, Spain",OPEN,https://pathoplexus.org/about/terms-of-use/open-data,SAMEA118626117,0.997569308,,,OZ279449.1,,,,0,0
PP_0031AS0.2,B.D.4.1.1,02/11/2023,Spain,Catalonia,"Pinana, Maria; Andres, Cristina; Gonzalez Sanchez, Alejandra; Prats, Ignasi; Garcia Comunas, Karen; Piquer, Maria; Dima, Elena; Martin, Maria Carmen; Pumarola, Tomas; Anton, Andres",Hospital Universitari Vall d'Hebron - Vall d'Hebron Institut de Recerca,,15201,30/06/2025,hRSV/B/Spain/CT-HUVH-196025/2023,"Respiratory Virus Unit, Hospital Universitari Vall d'Hebron, Barcelona, Spain",OPEN,https://pathoplexus.org/about/terms-of-use/open-data,SAMEA118626121,0.998489029,,,OZ279455.1,,,,0,0
PP_0031BAY.2,B.D.E.1.2,16/02/2024,Spain,Catalonia,"Pinana, Maria; Andres, Cristina; Gonzalez Sanchez, Alejandra; Prats, Ignasi; Garcia Comunas, Karen; Piquer, Maria; Dima, Elena; Martin, Maria Carmen; Pumarola, Tomas; Anton, Andres",Hospital Universitari Vall d'Hebron - Vall d'Hebron Institut de Recerca,,15205,30/06/2025,hRSV/B/Spain/CT-HUVH-293874/2024,"Respiratory Virus Unit, Hospital Universitari Vall d'Hebron, Barcelona, Spain",OPEN,https://pathoplexus.org/about/terms-of-use/open-data,SAMEA118626139,0.998751807,,,OZ278953.1,,,,0,0
PP_0031BHH.2,B.D.E.1,01/12/2022,Spain,Catalonia,"Pinana, Maria; Andres, Cristina; Gonzalez Sanchez, Alejandra; Prats, Ignasi; Garcia Comunas, Karen; Piquer, Maria; Dima, Elena; Martin, Maria Carmen; Pumarola, Tomas; Anton, Andres",Hospital Universitari Vall d'Hebron - Vall d'Hebron Institut de Recerca,,15209,30/06/2025,hRSV/B/Spain/CT-HUVH-305909/2022,"Respiratory Virus Unit, Hospital Universitari Vall d'Hebron, Barcelona, Spain",OPEN,https://pathoplexus.org/about/terms-of-use/open-data,SAMEA118626146,0.999014584,,,OZ279057.1,,,,0,0
PP_0031BYM.2,B.D.E.1,11/12/2024,Spain,Catalonia,"Pinana, Maria; Andres, Cristina; Gonzalez Sanchez, Alejandra; Prats, Ignasi; Garcia Comunas, Karen; Piquer, Maria; Dima, Elena; Martin, Maria Carmen; Pumarola, Tomas; Anton, Andres",Hospital Universitari Vall d'Hebron - Vall d'Hebron Institut de Recerca,,15203,30/06/2025,hRSV/B/Spain/CT-HUVH314918/2024,"Respiratory Virus Unit, Hospital Universitari Vall d'Hebron, Barcelona, Spain",OPEN,https://pathoplexus.org/about/terms-of-use/open-data,SAMEA118626161,0.998620418,,,OZ279378.1,,,,0,0
PP_0031C0H.2,B.D.E.1,17/12/2024,Spain,Catalonia,"Pinana, Maria; Andres, Cristina; Gonzalez Sanchez, Alejandra; Prats, Ignasi; Garcia Comunas, Karen; Piquer, Maria; Dima, Elena; Martin, Maria Carmen; Pumarola, Tomas; Anton, Andres",Hospital Universitari Vall d'Hebron - Vall d'Hebron Institut de Recerca,,15203,30/06/2025,hRSV/B/Spain/CT-HUVH315006/2024,"Respiratory Virus Unit, Hospital Universitari Vall d'Hebron, Barcelona, Spain",OPEN,https://pathoplexus.org/about/terms-of-use/open-data,SAMEA118626163,0.998620418,,,OZ279351.1,,,,0,0
PP_0031C9Z.2,B.D.4.1,03/12/2015,Spain,Catalonia,"Pinana, Maria; Andres, Cristina; Gonzalez Sanchez, Alejandra; Prats, Ignasi; Garcia Comunas, Karen; Piquer, Maria; Dima, Elena; Martin, Maria Carmen; Pumarola, Tomas; Anton, Andres",Hospital Universitari Vall d'Hebron - Vall d'Hebron Institut de Recerca,,15195,30/06/2025,hRSV/B/Spain/CT-HUVH-322163/2015,"Respiratory Virus Unit, Hospital Universitari Vall d'Hebron, Barcelona, Spain",OPEN,https://pathoplexus.org/about/terms-of-use/open-data,SAMEA118626172,0.998226251,,,OZ279364.1,,,,0,0
PP_0031CAX.2,B.D.4.1,13/12/2015,Spain,Catalonia,"Pinana, Maria; Andres, Cristina; Gonzalez Sanchez, Alejandra; Prats, Ignasi; Garcia Comunas, Karen; Piquer, Maria; Dima, Elena; Martin, Maria Carmen; Pumarola, Tomas; Anton, Andres",Hospital Universitari Vall d'Hebron - Vall d'Hebron Institut de Recerca,,15197,30/06/2025,hRSV/B/Spain/CT-HUVH-327802/2015,"Respiratory Virus Unit, Hospital Universitari Vall d'Hebron, Barcelona, Spain",OPEN,https://pathoplexus.org/about/terms-of-use/open-data,SAMEA118626173,0.998291946,,,OZ279356.1,,,,0,0
PP_0031CBV.2,B.D.4.1,15/12/2015,Spain,Catalonia,"Pinana, Maria; Andres, Cristina; Gonzalez Sanchez, Alejandra; Prats, Ignasi; Garcia Comunas, Karen; Piquer, Maria; Dima, Elena; Martin, Maria Carmen; Pumarola, Tomas; Anton, Andres",Hospital Universitari Vall d'Hebron - Vall d'Hebron Institut de Recerca,,15195,30/06/2025,hRSV/B/Spain/CT-HUVH-329267/2015,"Respiratory Virus Unit, Hospital Universitari Vall d'Hebron, Barcelona, Spain",OPEN,https://pathoplexus.org/about/terms-of-use/open-data,SAMEA118626174,0.998226251,,,OZ279376.1,,,,0,0
PP_0031CCT.2,B.D.1.1,16/12/2015,Spain,Catalonia,"Pinana, Maria; Andres, Cristina; Gonzalez Sanchez, Alejandra; Prats, Ignasi; Garcia Comunas, Karen; Piquer, Maria; Dima, Elena; Martin, Maria Carmen; Pumarola, Tomas; Anton, Andres",Hospital Universitari Vall d'Hebron - Vall d'Hebron Institut de Recerca,,15195,30/06/2025,hRSV/B/Spain/CT-HUVH-329442/2015,"Respiratory Virus Unit, Hospital Universitari Vall d'Hebron, Barcelona, Spain",OPEN,https://pathoplexus.org/about/terms-of-use/open-data,SAMEA118626175,0.998226251,,,OZ279360.1,,,,0,0
PP_0031CEP.2,B.D.4.1,31/12/2015,Spain,Catalonia,"Pinana, Maria; Andres, Cristina; Gonzalez Sanchez, Alejandra; Prats, Ignasi; Garcia Comunas, Karen; Piquer, Maria; Dima, Elena; Martin, Maria Carmen; Pumarola, Tomas; Anton, Andres",Hospital Universitari Vall d'Hebron - Vall d'Hebron Institut de Recerca,,15195,30/06/2025,hRSV/B/Spain/CT-HUVH-337938/2015,"Respiratory Virus Unit, Hospital Universitari Vall d'Hebron, Barcelona, Spain",OPEN,https://pathoplexus.org/about/terms-of-use/open-data,SAMEA118626177,0.998226251,,,OZ279346.1,,,,0,0
PP_0031CHG.2,B.D.E.7,06/08/2024,Spain,Catalonia,"Pinana, Maria; Andres, Cristina; Gonzalez Sanchez, Alejandra; Prats, Ignasi; Garcia Comunas, Karen; Piquer, Maria; Dima, Elena; Martin, Maria Carmen; Pumarola, Tomas; Anton, Andres",Hospital Universitari Vall d'Hebron - Vall d'Hebron Institut de Recerca,,15198,30/06/2025,hRSV/B/Spain/CT-HUVH-379108/2024,"Respiratory Virus Unit, Hospital Universitari Vall d'Hebron, Barcelona, Spain",OPEN,https://pathoplexus.org/about/terms-of-use/open-data,SAMEA118626180,0.998094863,,,OZ279417.1,,,,0,1
PP_0031CJE.2,B.D.E.1,15/11/2022,Spain,Catalonia,"Pinana, Maria; Andres, Cristina; Gonzalez Sanchez, Alejandra; Prats, Ignasi; Garcia Comunas, Karen; Piquer, Maria; Dima, Elena; Martin, Maria Carmen; Pumarola, Tomas; Anton, Andres",Hospital Universitari Vall d'Hebron - Vall d'Hebron Institut de Recerca,,15204,30/06/2025,hRSV/B/Spain/CT-HUVH-392700/2022,"Respiratory Virus Unit, Hospital Universitari Vall d'Hebron, Barcelona, Spain",OPEN,https://pathoplexus.org/about/terms-of-use/open-data,SAMEA118626181,0.998554723,,,OZ279418.1,,,,0,1
PP_0031CQ2.2,B.D.E.1,13/10/2024,Spain,Catalonia,"Pinana, Maria; Andres, Cristina; Gonzalez Sanchez, Alejandra; Prats, Ignasi; Garcia Comunas, Karen; Piquer, Maria; Dima, Elena; Martin, Maria Carmen; Pumarola, Tomas; Anton, Andres",Hospital Universitari Vall d'Hebron - Vall d'Hebron Institut de Recerca,,15200,30/06/2025,hRSV/B/Spain/CT-HUVH-445373/2024,"Respiratory Virus Unit, Hospital Universitari Vall d'Hebron, Barcelona, Spain",OPEN,https://pathoplexus.org/about/terms-of-use/open-data,SAMEA118626187,0.998423335,,,OZ279054.1,,,,0,0
PP_0031D72.2,B.D.4.1.1,21/11/2024,Spain,Catalonia,"Pinana, Maria; Andres, Cristina; Gonzalez Sanchez, Alejandra; Prats, Ignasi; Garcia Comunas, Karen; Piquer, Maria; Dima, Elena; Martin, Maria Carmen; Pumarola, Tomas; Anton, Andres",Hospital Universitari Vall d'Hebron - Vall d'Hebron Institut de Recerca,,15195,30/06/2025,hRSV/B/Spain/CT-HUVH-472214/2024,"Respiratory Virus Unit, Hospital Universitari Vall d'Hebron, Barcelona, Spain",OPEN,https://pathoplexus.org/about/terms-of-use/open-data,SAMEA118626204,0.998094863,,,OZ279325.1,,,,0,1
PP_0031DQ1.2,B.D.E.1.8,07/12/2024,Spain,Catalonia,"Pinana, Maria; Andres, Cristina; Gonzalez Sanchez, Alejandra; Prats, Ignasi; Garcia Comunas, Karen; Piquer, Maria; Dima, Elena; Martin, Maria Carmen; Pumarola, Tomas; Anton, Andres",Hospital Universitari Vall d'Hebron - Vall d'Hebron Institut de Recerca,,15203,30/06/2025,hRSV/B/Spain/CT-HUVH-483512/2024,"Respiratory Virus Unit, Hospital Universitari Vall d'Hebron, Barcelona, Spain",OPEN,https://pathoplexus.org/about/terms-of-use/open-data,SAMEA118626221,0.998554723,,,OZ278983.1,,,,0,0
PP_0031EBT.2,B.D.E.1.8,02/01/2025,Spain,Catalonia,"Andres, Cristina; Gonzalez Sanchez, Alejandra; Prats, Ignasi; Garcia Comunas, Karen; Dima, Elena; Martin, Maria Carmen; Pumarola, Tomas; Anton, Andres",Hospital Universitari Vall d'Hebron - Vall d'Hebron Institut de Recerca,,15198,30/06/2025,hRSV/B/Spain/CT-HUVH-501888/2025,"Respiratory Virus Unit, Hospital Universitari Vall d'Hebron, Barcelona, Spain",OPEN,https://pathoplexus.org/about/terms-of-use/open-data,SAMEA118626242,0.998226251,,,OZ279280.1,,,,0,0
PP_0031EFK.2,B.D.E.1.1,07/01/2025,Spain,Catalonia,"Andres, Cristina; Gonzalez Sanchez, Alejandra; Prats, Ignasi; Garcia Comunas, Karen; Dima, Elena; Martin, Maria Carmen; Pumarola, Tomas; Anton, Andres",Hospital Universitari Vall d'Hebron - Vall d'Hebron Institut de Recerca,,15202,30/06/2025,hRSV/B/Spain/CT-HUVH505940/2025,"Respiratory Virus Unit, Hospital Universitari Vall d'Hebron, Barcelona, Spain",OPEN,https://pathoplexus.org/about/terms-of-use/open-data,SAMEA118626246,0.998686112,,,OZ278976.1,,,,0,0
PP_0031EL8.2,B.D.E.1,22/11/2022,Spain,Catalonia,"Pinana, Maria; Andres, Cristina; Gonzalez Sanchez, Alejandra; Prats, Ignasi; Garcia Comunas, Karen; Piquer, Maria; Dima, Elena; Martin, Maria Carmen; Pumarola, Tomas; Anton, Andres",Hospital Universitari Vall d'Hebron - Vall d'Hebron Institut de Recerca,,15194,30/06/2025,hRSV/B/Spain/CT-HUVH-512864/2022,"Respiratory Virus Unit, Hospital Universitari Vall d'Hebron, Barcelona, Spain",OPEN,https://pathoplexus.org/about/terms-of-use/open-data,SAMEA118626251,0.99789778,,,OZ279388.1,,,,0,1
PP_0031ETU.2,B.D.E.1,18/04/2021,Spain,Catalonia,"Pinana, Maria; Andres, Cristina; Gonzalez Sanchez, Alejandra; Prats, Ignasi; Garcia Comunas, Karen; Piquer, Maria; Dima, Elena; Martin, Maria Carmen; Pumarola, Tomas; Anton, Andres",Hospital Universitari Vall d'Hebron - Vall d'Hebron Institut de Recerca,,15187,30/06/2025,hRSV/B/Spain/CT-HUVH-515988/2021,"Respiratory Virus Unit, Hospital Universitari Vall d'Hebron, Barcelona, Spain",OPEN,https://pathoplexus.org/about/terms-of-use/open-data,SAMEA118626258,0.997437919,,,OZ279001.1,,,,0,1
PP_0031EXL.2,B.D.E.1,05/12/2023,Spain,Catalonia,"Pinana, Maria; Andres, Cristina; Gonzalez Sanchez, Alejandra; Prats, Ignasi; Garcia Comunas, Karen; Piquer, Maria; Dima, Elena; Martin, Maria Carmen; Pumarola, Tomas; Anton, Andres",Hospital Universitari Vall d'Hebron - Vall d'Hebron Institut de Recerca,,15206,30/06/2025,hRSV/B/Spain/CT-HUVH-516882/2023,"Respiratory Virus Unit, Hospital Universitari Vall d'Hebron, Barcelona, Spain",OPEN,https://pathoplexus.org/about/terms-of-use/open-data,SAMEA118626262,0.998817501,,,OZ279285.1,,,,0,0
PP_0031FDN.2,B.D.4.1,29/11/2016,Spain,Catalonia,"Pinana, Maria; Andres, Cristina; Gonzalez Sanchez, Alejandra; Prats, Ignasi; Garcia Comunas, Karen; Piquer, Maria; Dima, Elena; Martin, Maria Carmen; Pumarola, Tomas; Anton, Andres",Hospital Universitari Vall d'Hebron - Vall d'Hebron Institut de Recerca,,15195,30/06/2025,hRSV/B/Spain/CT-HUVH-524098/2016,"Respiratory Virus Unit, Hospital Universitari Vall d'Hebron, Barcelona, Spain",OPEN,https://pathoplexus.org/about/terms-of-use/open-data,SAMEA118626278,0.998226251,,,OZ279077.1,,,,0,0
PP_0031FFJ.2,B.D.4.1,01/12/2016,Spain,Catalonia,"Pinana, Maria; Andres, Cristina; Gonzalez Sanchez, Alejandra; Prats, Ignasi; Garcia Comunas, Karen; Piquer, Maria; Dima, Elena; Martin, Maria Carmen; Pumarola, Tomas; Anton, Andres",Hospital Universitari Vall d'Hebron - Vall d'Hebron Institut de Recerca,,15195,30/06/2025,hRSV/B/Spain/CT-HUVH-525681/2016,"Respiratory Virus Unit, Hospital Universitari Vall d'Hebron, Barcelona, Spain",OPEN,https://pathoplexus.org/about/terms-of-use/open-data,SAMEA118626280,0.998226251,,,OZ279301.1,,,,0,0
PP_0031FJB.2,B.D.E.1,03/02/2025,Spain,Catalonia,"Andres, Cristina; Gonzalez Sanchez, Alejandra; Prats, Ignasi; Garcia Comunas, Karen; Dima, Elena; Martin, Maria Carmen; Pumarola, Tomas; Anton, Andres",Hospital Universitari Vall d'Hebron - Vall d'Hebron Institut de Recerca,,15201,30/06/2025,hRSV/B/Spain/CT-HUVH527473/2025,"Respiratory Virus Unit, Hospital Universitari Vall d'Hebron, Barcelona, Spain",OPEN,https://pathoplexus.org/about/terms-of-use/open-data,SAMEA118626283,0.99835764,,,OZ279523.1,,,,0,1
PP_0031FL7.2,B.D.4.1,05/12/2016,Spain,Catalonia,"Pinana, Maria; Andres, Cristina; Gonzalez Sanchez, Alejandra; Prats, Ignasi; Garcia Comunas, Karen; Piquer, Maria; Dima, Elena; Martin, Maria Carmen; Pumarola, Tomas; Anton, Andres",Hospital Universitari Vall d'Hebron - Vall d'Hebron Institut de Recerca,,15199,30/06/2025,hRSV/B/Spain/CT-HUVH-527969/2016,"Respiratory Virus Unit, Hospital Universitari Vall d'Hebron, Barcelona, Spain",OPEN,https://pathoplexus.org/about/terms-of-use/open-data,SAMEA118626285,0.998489029,,,OZ279508.1,,,,0,0
PP_0031FN3.2,B.D.4.1,07/12/2016,Spain,Catalonia,"Pinana, Maria; Andres, Cristina; Gonzalez Sanchez, Alejandra; Prats, Ignasi; Garcia Comunas, Karen; Piquer, Maria; Dima, Elena; Martin, Maria Carmen; Pumarola, Tomas; Anton, Andres",Hospital Universitari Vall d'Hebron - Vall d'Hebron Institut de Recerca,,15204,30/06/2025,hRSV/B/Spain/CT-HUVH-528882/2016,"Respiratory Virus Unit, Hospital Universitari Vall d'Hebron, Barcelona, Spain",OPEN,https://pathoplexus.org/about/terms-of-use/open-data,SAMEA118626287,0.998226251,,,OZ279509.1,,,,0,0
PP_0031FVP.2,B.D.E.1,10/02/2025,Spain,Catalonia,"Andres, Cristina; Gonzalez Sanchez, Alejandra; Prats, Ignasi; Garcia Comunas, Karen; Dima, Elena; Martin, Maria Carmen; Pumarola, Tomas; Anton, Andres",Hospital Universitari Vall d'Hebron - Vall d'Hebron Institut de Recerca,,15195,30/06/2025,hRSV/B/Spain/CT-HUVH533336/2025,"Respiratory Virus Unit, Hospital Universitari Vall d'Hebron, Barcelona, Spain",OPEN,https://pathoplexus.org/about/terms-of-use/open-data,SAMEA118626294,0.997832085,,,OZ279344.1,,,,0,1
PP_0031FXK.2,B.D.E.1,13/05/2021,Spain,Catalonia,"Pinana, Maria; Andres, Cristina; Gonzalez Sanchez, Alejandra; Prats, Ignasi; Garcia Comunas, Karen; Piquer, Maria; Dima, Elena; Martin, Maria Carmen; Pumarola, Tomas; Anton, Andres",Hospital Universitari Vall d'Hebron - Vall d'Hebron Institut de Recerca,,15187,30/06/2025,hRSV/B/Spain/CT-HUVH-536121/2021,"Respiratory Virus Unit, Hospital Universitari Vall d'Hebron, Barcelona, Spain",OPEN,https://pathoplexus.org/about/terms-of-use/open-data,SAMEA118626296,0.997437919,,,OZ279368.1,,,,0,1
PP_0031FZF.2,B.D.4.1,24/12/2016,Spain,Catalonia,"Pinana, Maria; Andres, Cristina; Gonzalez Sanchez, Alejandra; Prats, Ignasi; Garcia Comunas, Karen; Piquer, Maria; Dima, Elena; Martin, Maria Carmen; Pumarola, Tomas; Anton, Andres",Hospital Universitari Vall d'Hebron - Vall d'Hebron Institut de Recerca,,15195,30/06/2025,hRSV/B/Spain/CT-HUVH-539643/2016,"Respiratory Virus Unit, Hospital Universitari Vall d'Hebron, Barcelona, Spain",OPEN,https://pathoplexus.org/about/terms-of-use/open-data,SAMEA118626298,0.998226251,,,OZ279367.1,,,,0,0
PP_0031G29.2,B.D.E.1,22/05/2021,Spain,Catalonia,"Pinana, Maria; Andres, Cristina; Gonzalez Sanchez, Alejandra; Prats, Ignasi; Garcia Comunas, Karen; Piquer, Maria; Dima, Elena; Martin, Maria Carmen; Pumarola, Tomas; Anton, Andres",Hospital Universitari Vall d'Hebron - Vall d'Hebron Institut de Recerca,,15197,30/06/2025,hRSV/B/Spain/CT-HUVH-542958/2021,"Respiratory Virus Unit, Hospital Universitari Vall d'Hebron, Barcelona, Spain",OPEN,https://pathoplexus.org/about/terms-of-use/open-data,SAMEA118626301,0.998226251,,,OZ279366.1,,,,0,0
PP_0031G53.2,B.D.4.1,02/01/2017,Spain,Catalonia,"Pinana, Maria; Andres, Cristina; Gonzalez Sanchez, Alejandra; Prats, Ignasi; Garcia Comunas, Karen; Piquer, Maria; Dima, Elena; Martin, Maria Carmen; Pumarola, Tomas; Anton, Andres",Hospital Universitari Vall d'Hebron - Vall d'Hebron Institut de Recerca,,15194,30/06/2025,hRSV/B/Spain/CT-HUVH-546143/2017,"Respiratory Virus Unit, Hospital Universitari Vall d'Hebron, Barcelona, Spain",OPEN,https://pathoplexus.org/about/terms-of-use/open-data,SAMEA118626304,0.998226251,,,OZ279340.1,,,,0,0
PP_0031GBR.2,B.D.E.1,11/06/2021,Spain,Catalonia,"Pinana, Maria; Andres, Cristina; Gonzalez Sanchez, Alejandra; Prats, Ignasi; Garcia Comunas, Karen; Piquer, Maria; Dima, Elena; Martin, Maria Carmen; Pumarola, Tomas; Anton, Andres",Hospital Universitari Vall d'Hebron - Vall d'Hebron Institut de Recerca,,15197,30/06/2025,hRSV/B/Spain/CT-HUVH-557867/2021,"Respiratory Virus Unit, Hospital Universitari Vall d'Hebron, Barcelona, Spain",OPEN,https://pathoplexus.org/about/terms-of-use/open-data,SAMEA118626310,0.998226251,,,OZ279068.1,,,,0,0
PP_0031GFH.2,B.D.E.2,24/11/2017,Spain,Catalonia,"Pinana, Maria; Andres, Cristina; Gonzalez Sanchez, Alejandra; Prats, Ignasi; Garcia Comunas, Karen; Piquer, Maria; Dima, Elena; Martin, Maria Carmen; Pumarola, Tomas; Anton, Andres",Hospital Universitari Vall d'Hebron - Vall d'Hebron Institut de Recerca,,15194,30/06/2025,hRSV/B/Spain/CT-HUVH-562336/2017,"Respiratory Virus Unit, Hospital Universitari Vall d'Hebron, Barcelona, Spain",OPEN,https://pathoplexus.org/about/terms-of-use/open-data,SAMEA118626314,0.998226251,,,OZ279295.1,,,,0,0
PP_0031GHC.2,B.D.E.1,18/06/2021,Spain,Catalonia,"Pinana, Maria; Andres, Cristina; Gonzalez Sanchez, Alejandra; Prats, Ignasi; Garcia Comunas, Karen; Piquer, Maria; Dima, Elena; Martin, Maria Carmen; Pumarola, Tomas; Anton, Andres",Hospital Universitari Vall d'Hebron - Vall d'Hebron Institut de Recerca,,15197,30/06/2025,hRSV/B/Spain/CT-HUVH-563452/2021,"Respiratory Virus Unit, Hospital Universitari Vall d'Hebron, Barcelona, Spain",OPEN,https://pathoplexus.org/about/terms-of-use/open-data,SAMEA118626316,0.998226251,,,OZ279306.1,,,,0,0
PP_0031GK8.2,B.D.E.1,28/06/2021,Spain,Catalonia,"Pinana, Maria; Andres, Cristina; Gonzalez Sanchez, Alejandra; Prats, Ignasi; Garcia Comunas, Karen; Piquer, Maria; Dima, Elena; Martin, Maria Carmen; Pumarola, Tomas; Anton, Andres",Hospital Universitari Vall d'Hebron - Vall d'Hebron Institut de Recerca,,15170,30/06/2025,hRSV/B/Spain/CT-HUVH-569492/2021,"Respiratory Virus Unit, Hospital Universitari Vall d'Hebron, Barcelona, Spain",OPEN,https://pathoplexus.org/about/terms-of-use/open-data,SAMEA118626679,0.995861253,,,OZ280117.1,,,,0,8
PP_0031GL6.2,B.D,29/03/2014,Spain,Catalonia,"Pinana, Maria; Andres, Cristina; Gonzalez Sanchez, Alejandra; Prats, Ignasi; Garcia Comunas, Karen; Piquer, Maria; Dima, Elena; Martin, Maria Carmen; Pumarola, Tomas; Anton, Andres",Hospital Universitari Vall d'Hebron - Vall d'Hebron Institut de Recerca,,15185,30/06/2025,hRSV/B/Spain/CT-HUVH-57825/2014,"Respiratory Virus Unit, Hospital Universitari Vall d'Hebron, Barcelona, Spain",OPEN,https://pathoplexus.org/about/terms-of-use/open-data,SAMEA118626680,0.997437919,,,OZ280112.1,,,,0,1
PP_0031H1A.2,B.D.E.1,02/10/2021,Spain,Catalonia,"Pinana, Maria; Andres, Cristina; Gonzalez Sanchez, Alejandra; Prats, Ignasi; Garcia Comunas, Karen; Piquer, Maria; Dima, Elena; Martin, Maria Carmen; Pumarola, Tomas; Anton, Andres",Hospital Universitari Vall d'Hebron - Vall d'Hebron Institut de Recerca,,15197,30/06/2025,hRSV/B/Spain/CT-HUVH-639688/2021,"Respiratory Virus Unit, Hospital Universitari Vall d'Hebron, Barcelona, Spain",OPEN,https://pathoplexus.org/about/terms-of-use/open-data,SAMEA118625913,0.998226251,,,OZ279556.1,,,,0,0
PP_0031H9U.2,B.D.E.1,07/11/2021,Spain,Catalonia,"Pinana, Maria; Andres, Cristina; Gonzalez Sanchez, Alejandra; Prats, Ignasi; Garcia Comunas, Karen; Piquer, Maria; Dima, Elena; Martin, Maria Carmen; Pumarola, Tomas; Anton, Andres",Hospital Universitari Vall d'Hebron - Vall d'Hebron Institut de Recerca,,15197,30/06/2025,hRSV/B/Spain/CT-HUVH-667073/2021,"Respiratory Virus Unit, Hospital Universitari Vall d'Hebron, Barcelona, Spain",OPEN,https://pathoplexus.org/about/terms-of-use/open-data,SAMEA118625921,0.998226251,,,OZ279803.1,,,,0,0
PP_0031HGE.2,B.D.E.1,06/12/2021,Spain,Catalonia,"Pinana, Maria; Andres, Cristina; Gonzalez Sanchez, Alejandra; Prats, Ignasi; Garcia Comunas, Karen; Piquer, Maria; Dima, Elena; Martin, Maria Carmen; Pumarola, Tomas; Anton, Andres",Hospital Universitari Vall d'Hebron - Vall d'Hebron Institut de Recerca,,15198,30/06/2025,hRSV/B/Spain/CT-HUVH-691229/2021,"Respiratory Virus Unit, Hospital Universitari Vall d'Hebron, Barcelona, Spain",OPEN,https://pathoplexus.org/about/terms-of-use/open-data,SAMEA118625928,0.998160557,,,OZ279789.1,,,,0,1
PP_0031HHB.2,B.D.E.1,07/12/2021,Spain,Catalonia,"Pinana, Maria; Andres, Cristina; Gonzalez Sanchez, Alejandra; Prats, Ignasi; Garcia Comunas, Karen; Piquer, Maria; Dima, Elena; Martin, Maria Carmen; Pumarola, Tomas; Anton, Andres",Hospital Universitari Vall d'Hebron - Vall d'Hebron Institut de Recerca,,15197,30/06/2025,hRSV/B/Spain/CT-HUVH-691290/2021,"Respiratory Virus Unit, Hospital Universitari Vall d'Hebron, Barcelona, Spain",OPEN,https://pathoplexus.org/about/terms-of-use/open-data,SAMEA118625929,0.998226251,,,OZ279758.1,,,,0,0
PP_0031HJ9.2,B.D.E.1,11/12/2021,Spain,Catalonia,"Pinana, Maria; Andres, Cristina; Gonzalez Sanchez, Alejandra; Prats, Ignasi; Garcia Comunas, Karen; Piquer, Maria; Dima, Elena; Martin, Maria Carmen; Pumarola, Tomas; Anton, Andres",Hospital Universitari Vall d'Hebron - Vall d'Hebron Institut de Recerca,,15197,30/06/2025,hRSV/B/Spain/CT-HUVH-695633/2021,"Respiratory Virus Unit, Hospital Universitari Vall d'Hebron, Barcelona, Spain",OPEN,https://pathoplexus.org/about/terms-of-use/open-data,SAMEA118625930,0.998226251,,,OZ279754.1,,,,0,0
PP_0031HTR.2,B.D.4.1.1,28/11/2017,Spain,Catalonia,"Pinana, Maria; Andres, Cristina; Gonzalez Sanchez, Alejandra; Prats, Ignasi; Garcia Comunas, Karen; Piquer, Maria; Dima, Elena; Martin, Maria Carmen; Pumarola, Tomas; Anton, Andres",Hospital Universitari Vall d'Hebron - Vall d'Hebron Institut de Recerca,,15194,30/06/2025,hRSV/B/Spain/CT-HUVH-728173/2017,"Respiratory Virus Unit, Hospital Universitari Vall d'Hebron, Barcelona, Spain",OPEN,https://pathoplexus.org/about/terms-of-use/open-data,SAMEA118625939,0.998226251,,,OZ279397.1,,,,0,0
PP_0031HWK.2,B.D.4.1,09/12/2017,Spain,Catalonia,"Pinana, Maria; Andres, Cristina; Gonzalez Sanchez, Alejandra; Prats, Ignasi; Garcia Comunas, Karen; Piquer, Maria; Dima, Elena; Martin, Maria Carmen; Pumarola, Tomas; Anton, Andres",Hospital Universitari Vall d'Hebron - Vall d'Hebron Institut de Recerca,,15200,30/06/2025,hRSV/B/Spain/CT-HUVH-734384/2017,"Respiratory Virus Unit, Hospital Universitari Vall d'Hebron, Barcelona, Spain",OPEN,https://pathoplexus.org/about/terms-of-use/open-data,SAMEA118625821,0.998423335,,,OZ279631.1,,,,0,0
PP_0031HYF.2,B.D.4.1,11/12/2017,Spain,Catalonia,"Pinana, Maria; Andres, Cristina; Gonzalez Sanchez, Alejandra; Prats, Ignasi; Garcia Comunas, Karen; Piquer, Maria; Dima, Elena; Martin, Maria Carmen; Pumarola, Tomas; Anton, Andres",Hospital Universitari Vall d'Hebron - Vall d'Hebron Institut de Recerca,,15195,30/06/2025,hRSV/B/Spain/CT-HUVH-735742/2017,"Respiratory Virus Unit, Hospital Universitari Vall d'Hebron, Barcelona, Spain",OPEN,https://pathoplexus.org/about/terms-of-use/open-data,SAMEA118625823,0.998226251,,,OZ279607.1,,,,0,0
PP_0031J7X.2,B.D.4.1.1,22/01/2018,Spain,Catalonia,"Pinana, Maria; Andres, Cristina; Gonzalez Sanchez, Alejandra; Prats, Ignasi; Garcia Comunas, Karen; Piquer, Maria; Dima, Elena; Martin, Maria Carmen; Pumarola, Tomas; Anton, Andres",Hospital Universitari Vall d'Hebron - Vall d'Hebron Institut de Recerca,,15196,30/06/2025,hRSV/B/Spain/CT-HUVH-763465/2018,"Respiratory Virus Unit, Hospital Universitari Vall d'Hebron, Barcelona, Spain",OPEN,https://pathoplexus.org/about/terms-of-use/open-data,SAMEA118625832,0.99835764,,,OZ279637.1,,,,0,0
PP_0031J9T.2,B.D.E.1,29/11/2022,Spain,Catalonia,"Pinana, Maria; Andres, Cristina; Gonzalez Sanchez, Alejandra; Prats, Ignasi; Garcia Comunas, Karen; Piquer, Maria; Dima, Elena; Martin, Maria Carmen; Pumarola, Tomas; Anton, Andres",Hospital Universitari Vall d'Hebron - Vall d'Hebron Institut de Recerca,,15191,30/06/2025,hRSV/B/Spain/CT-HUVH-765492/2022,"Respiratory Virus Unit, Hospital Universitari Vall d'Hebron, Barcelona, Spain",OPEN,https://pathoplexus.org/about/terms-of-use/open-data,SAMEA118625834,0.997832085,,,OZ279600.1,,,,0,0
PP_0031JBP.2,B.D.4.1.1,09/02/2018,Spain,Catalonia,"Pinana, Maria; Andres, Cristina; Gonzalez Sanchez, Alejandra; Prats, Ignasi; Garcia Comunas, Karen; Piquer, Maria; Dima, Elena; Martin, Maria Carmen; Pumarola, Tomas; Anton, Andres",Hospital Universitari Vall d'Hebron - Vall d'Hebron Institut de Recerca,,15194,30/06/2025,hRSV/B/Spain/CT-HUVH-774946/2018,"Respiratory Virus Unit, Hospital Universitari Vall d'Hebron, Barcelona, Spain",OPEN,https://pathoplexus.org/about/terms-of-use/open-data,SAMEA118625836,0.998226251,,,OZ279591.1,,,,0,0
PP_0031JHA.2,B.D.E.1,04/11/2022,Spain,Catalonia,"Pinana, Maria; Andres, Cristina; Gonzalez Sanchez, Alejandra; Prats, Ignasi; Garcia Comunas, Karen; Piquer, Maria; Dima, Elena; Martin, Maria Carmen; Pumarola, Tomas; Anton, Andres",Hospital Universitari Vall d'Hebron - Vall d'Hebron Institut de Recerca,,15205,30/06/2025,hRSV/B/Spain/CT-HUVH-823581/2022,"Respiratory Virus Unit, Hospital Universitari Vall d'Hebron, Barcelona, Spain",OPEN,https://pathoplexus.org/about/terms-of-use/open-data,SAMEA118625842,0.998620418,,,OZ279587.1,,,,0,1
PP_0031JPY.2,B.D.E.1,07/11/2023,Spain,Catalonia,"Pinana, Maria; Andres, Cristina; Gonzalez Sanchez, Alejandra; Prats, Ignasi; Garcia Comunas, Karen; Piquer, Maria; Dima, Elena; Martin, Maria Carmen; Pumarola, Tomas; Anton, Andres",Hospital Universitari Vall d'Hebron - Vall d'Hebron Institut de Recerca,,15203,30/06/2025,hRSV/B/Spain/CT-HUVH-826289/2023,"Respiratory Virus Unit, Hospital Universitari Vall d'Hebron, Barcelona, Spain",OPEN,https://pathoplexus.org/about/terms-of-use/open-data,SAMEA118625848,0.998489029,,,OZ279606.1,,,,0,1
PP_0031JZC.2,B.D.E.1,04/02/2025,Spain,Catalonia,"Andres, Cristina; Gonzalez Sanchez, Alejandra; Prats, Ignasi; Garcia Comunas, Karen; Dima, Elena; Martin, Maria Carmen; Pumarola, Tomas; Anton, Andres",Hospital Universitari Vall d'Hebron - Vall d'Hebron Institut de Recerca,,15202,30/06/2025,hRSV/B/Spain/CT-HUVH893512/2025,"Respiratory Virus Unit, Hospital Universitari Vall d'Hebron, Barcelona, Spain",OPEN,https://pathoplexus.org/about/terms-of-use/open-data,SAMEA118625868,0.998554723,,,OZ279628.1,,,,0,0
PP_0031K7W.2,B.D.E.1,21/10/2022,Spain,Catalonia,"Pinana, Maria; Andres, Cristina; Gonzalez Sanchez, Alejandra; Prats, Ignasi; Garcia Comunas, Karen; Piquer, Maria; Dima, Elena; Martin, Maria Carmen; Pumarola, Tomas; Anton, Andres",Hospital Universitari Vall d'Hebron - Vall d'Hebron Institut de Recerca,,15205,30/06/2025,hRSV/B/Spain/CT-HUVH-936162/2022,"Respiratory Virus Unit, Hospital Universitari Vall d'Hebron, Barcelona, Spain",OPEN,https://pathoplexus.org/about/terms-of-use/open-data,SAMEA118625876,0.998620418,,,OZ279615.1,,,,0,1
PP_0031KFE.2,B.D.E.1,31/10/2022,Spain,Catalonia,"Pinana, Maria; Andres, Cristina; Gonzalez Sanchez, Alejandra; Prats, Ignasi; Garcia Comunas, Karen; Piquer, Maria; Dima, Elena; Martin, Maria Carmen; Pumarola, Tomas; Anton, Andres",Hospital Universitari Vall d'Hebron - Vall d'Hebron Institut de Recerca,,15201,30/06/2025,hRSV/B/Spain/CT-HUVH-943041/2022,"Respiratory Virus Unit, Hospital Universitari Vall d'Hebron, Barcelona, Spain",OPEN,https://pathoplexus.org/about/terms-of-use/open-data,SAMEA118625884,0.998489029,,,OZ279646.1,,,,0,0
PP_0031KNZ.2,B.D.E.1,07/11/2022,Spain,Catalonia,"Pinana, Maria; Andres, Cristina; Gonzalez Sanchez, Alejandra; Prats, Ignasi; Garcia Comunas, Karen; Piquer, Maria; Dima, Elena; Martin, Maria Carmen; Pumarola, Tomas; Anton, Andres",Hospital Universitari Vall d'Hebron - Vall d'Hebron Institut de Recerca,,15204,30/06/2025,hRSV/B/Spain/CT-HUVH-947868/2022,"Respiratory Virus Unit, Hospital Universitari Vall d'Hebron, Barcelona, Spain",OPEN,https://pathoplexus.org/about/terms-of-use/open-data,SAMEA118625891,0.998686112,,,OZ279683.1,,,,0,0
PP_0031KSR.2,B.D.E.1,09/11/2022,Spain,Catalonia,"Pinana, Maria; Andres, Cristina; Gonzalez Sanchez, Alejandra; Prats, Ignasi; Garcia Comunas, Karen; Piquer, Maria; Dima, Elena; Martin, Maria Carmen; Pumarola, Tomas; Anton, Andres",Hospital Universitari Vall d'Hebron - Vall d'Hebron Institut de Recerca,,15205,30/06/2025,hRSV/B/Spain/CT-HUVH-949404/2022,"Respiratory Virus Unit, Hospital Universitari Vall d'Hebron, Barcelona, Spain",OPEN,https://pathoplexus.org/about/terms-of-use/open-data,SAMEA118625895,0.998751807,,,OZ279667.1,,,,0,0
PP_0031KWH.2,B.D.E.1,12/11/2022,Spain,Catalonia,"Pinana, Maria; Andres, Cristina; Gonzalez Sanchez, Alejandra; Prats, Ignasi; Garcia Comunas, Karen; Piquer, Maria; Dima, Elena; Martin, Maria Carmen; Pumarola, Tomas; Anton, Andres",Hospital Universitari Vall d'Hebron - Vall d'Hebron Institut de Recerca,,15202,30/06/2025,hRSV/B/Spain/CT-HUVH-951402/2022,"Respiratory Virus Unit, Hospital Universitari Vall d'Hebron, Barcelona, Spain",OPEN,https://pathoplexus.org/about/terms-of-use/open-data,SAMEA118625899,0.998554723,,,OZ279687.1,,,,0,0
PP_0031L41.2,B.D.E.1,21/11/2022,Spain,Catalonia,"Pinana, Maria; Andres, Cristina; Gonzalez Sanchez, Alejandra; Prats, Ignasi; Garcia Comunas, Karen; Piquer, Maria; Dima, Elena; Martin, Maria Carmen; Pumarola, Tomas; Anton, Andres",Hospital Universitari Vall d'Hebron - Vall d'Hebron Institut de Recerca,,15192,30/06/2025,hRSV/B/Spain/CT-HUVH-957600/2022,"Respiratory Virus Unit, Hospital Universitari Vall d'Hebron, Barcelona, Spain",OPEN,https://pathoplexus.org/about/terms-of-use/open-data,SAMEA118625977,0.997766391,,,OZ279676.1,,,,0,1
PP_0031L7V.2,B.D.E.1,23/11/2022,Spain,Catalonia,"Pinana, Maria; Andres, Cristina; Gonzalez Sanchez, Alejandra; Prats, Ignasi; Garcia Comunas, Karen; Piquer, Maria; Dima, Elena; Martin, Maria Carmen; Pumarola, Tomas; Anton, Andres",Hospital Universitari Vall d'Hebron - Vall d'Hebron Institut de Recerca,,15205,30/06/2025,hRSV/B/Spain/CT-HUVH-959334/2022,"Respiratory Virus Unit, Hospital Universitari Vall d'Hebron, Barcelona, Spain",OPEN,https://pathoplexus.org/about/terms-of-use/open-data,SAMEA118625980,0.998554723,,,OZ279671.1,,,,0,1
PP_0031LGB.2,B.D.E.1,07/12/2022,Spain,Catalonia,"Pinana, Maria; Andres, Cristina; Gonzalez Sanchez, Alejandra; Prats, Ignasi; Garcia Comunas, Karen; Piquer, Maria; Dima, Elena; Martin, Maria Carmen; Pumarola, Tomas; Anton, Andres",Hospital Universitari Vall d'Hebron - Vall d'Hebron Institut de Recerca,,15208,30/06/2025,hRSV/B/Spain/CT-HUVH-969185/2022,"Respiratory Virus Unit, Hospital Universitari Vall d'Hebron, Barcelona, Spain",OPEN,https://pathoplexus.org/about/terms-of-use/open-data,SAMEA118625989,0.99894889,,,OZ279694.1,,,,0,0
PP_0031LM0.2,B.D.E.1,12/12/2022,Spain,Catalonia,"Pinana, Maria; Andres, Cristina; Gonzalez Sanchez, Alejandra; Prats, Ignasi; Garcia Comunas, Karen; Piquer, Maria; Dima, Elena; Martin, Maria Carmen; Pumarola, Tomas; Anton, Andres",Hospital Universitari Vall d'Hebron - Vall d'Hebron Institut de Recerca,,15207,30/06/2025,hRSV/B/Spain/CT-HUVH-973656/2022,"Respiratory Virus Unit, Hospital Universitari Vall d'Hebron, Barcelona, Spain",OPEN,https://pathoplexus.org/about/terms-of-use/open-data,SAMEA118625994,0.998883195,,,OZ279719.1,,,,0,0
PP_0031LZA.2,B.D.E.1,22/12/2022,Spain,Catalonia,"Pinana, Maria; Andres, Cristina; Gonzalez Sanchez, Alejandra; Prats, Ignasi; Garcia Comunas, Karen; Piquer, Maria; Dima, Elena; Martin, Maria Carmen; Pumarola, Tomas; Anton, Andres",Hospital Universitari Vall d'Hebron - Vall d'Hebron Institut de Recerca,,15198,30/06/2025,hRSV/B/Spain/CT-HUVH-981440/2022,"Respiratory Virus Unit, Hospital Universitari Vall d'Hebron, Barcelona, Spain",OPEN,https://pathoplexus.org/about/terms-of-use/open-data,SAMEA118626006,0.998291946,,,OZ279727.1,,,,0,0
PP_0031M24.2,B.D.E.1,26/12/2022,Spain,Catalonia,"Pinana, Maria; Andres, Cristina; Gonzalez Sanchez, Alejandra; Prats, Ignasi; Garcia Comunas, Karen; Piquer, Maria; Dima, Elena; Martin, Maria Carmen; Pumarola, Tomas; Anton, Andres",Hospital Universitari Vall d'Hebron - Vall d'Hebron Institut de Recerca,,15203,30/06/2025,hRSV/B/Spain/CT-HUVH-984557/2022,"Respiratory Virus Unit, Hospital Universitari Vall d'Hebron, Barcelona, Spain",OPEN,https://pathoplexus.org/about/terms-of-use/open-data,SAMEA118626009,0.998620418,,,OZ279714.1,,,,0,0
PP_0031M7U.2,B.D.E.1,29/12/2022,Spain,Catalonia,"Pinana, Maria; Andres, Cristina; Gonzalez Sanchez, Alejandra; Prats, Ignasi; Garcia Comunas, Karen; Piquer, Maria; Dima, Elena; Martin, Maria Carmen; Pumarola, Tomas; Anton, Andres",Hospital Universitari Vall d'Hebron - Vall d'Hebron Institut de Recerca,,15197,30/06/2025,hRSV/B/Spain/CT-HUVH-986705/2022,"Respiratory Virus Unit, Hospital Universitari Vall d'Hebron, Barcelona, Spain",OPEN,https://pathoplexus.org/about/terms-of-use/open-data,SAMEA118626014,0.998291946,,,OZ279726.1,,,,0,0