accessionVersion;lineage;sampleCollectionDate;geoLocCountry;geoLocAdmin1;authors;authorAffiliations;hostNameScientific;length;earliestReleaseDate;accession;submissionId;groupName;dataUseTerms;dataUseTermsUrl;biosampleAccession;completeness;geoLocAdmin2;geoLocCity;insdcAccessionFull;insdcRawReadsAccession;isLabHost;specimenCollectorSampleId;totalAmbiguousNucs;totalUnknownNucs
PP_0018BG8.2;A.3;1999-12;Netherlands;;"Widjojoatmodjo, M. N.; Boes, J.; van Bers, M.; van Remmerden, Y.; Roholl, P. J.; Luytjes, W.; Roholl, P. J. M.";Netherlands Vaccine Institute, Vaccine Research;Homo sapiens;15223;2010-07-13;PP_0018BG8;FJ948820.1;Automated Ingest from INSDC/NCBI Virus by Loculus;OPEN;https://pathoplexus.org/about/terms-of-use/open-data;;1.0;;;FJ948820.1;;;98-25147-X;0;0
PP_001947X.2;A.3.1;2007;USA;Milwaukee, WI;"Rebuffo-Scheer, C.; Bose, M. E.; He, J.; Khaja, S.; Ulatowski, M.; Beck, E. T.; Fan, J.; Kumar, S.; Nelson, M. I.; Henrickson, K. J.";Medical College of Wisconsin, Pediatrics - Infectious Diseases;Homo sapiens;15145;2011-10-23;PP_001947X;JF920046.1;Automated Ingest from INSDC/NCBI Virus by Loculus;OPEN;https://pathoplexus.org/about/terms-of-use/open-data;;0.9988834154351396;;;JF920046.1;;;A/WI/629-2/07;6;0
PP_001948V.2;A.3.1;2008-01-17;USA;Milwaukee, WI;"Rebuffo-Scheer, C.; Bose, M. E.; He, J.; Khaja, S.; Ulatowski, M.; Beck, E. T.; Fan, J.; Kumar, S.; Nelson, M. I.; Henrickson, K. J.";Medical College of Wisconsin, Pediatrics - Infectious Diseases;Homo sapiens;15121;2011-10-23;PP_001948V;JF920047.1;Automated Ingest from INSDC/NCBI Virus by Loculus;OPEN;https://pathoplexus.org/about/terms-of-use/open-data;;0.9977668308702792;;;JF920047.1;;;A/WI/629-23/08;0;0
PP_001949T.2;A.3.1;2007;USA;Milwaukee, WI;"Rebuffo-Scheer, C.; Bose, M. E.; He, J.; Khaja, S.; Ulatowski, M.; Beck, E. T.; Fan, J.; Kumar, S.; Nelson, M. I.; Henrickson, K. J.";Medical College of Wisconsin, Pediatrics - Infectious Diseases;Homo sapiens;15145;2011-10-23;PP_001949T;JF920048.1;Automated Ingest from INSDC/NCBI Virus by Loculus;OPEN;https://pathoplexus.org/about/terms-of-use/open-data;;0.9992118226600986;;;JF920048.1;;;A/WI/629-9-2/07;1;0
PP_00194AR.2;A.3.1;2007-12-28;USA;Milwaukee, WI;"Rebuffo-Scheer, C.; Bose, M. E.; He, J.; Khaja, S.; Ulatowski, M.; Beck, E. T.; Fan, J.; Kumar, S.; Nelson, M. I.; Henrickson, K. J.";Medical College of Wisconsin, Pediatrics - Infectious Diseases;Homo sapiens;15145;2011-10-23;PP_00194AR;JF920049.1;Automated Ingest from INSDC/NCBI Virus by Loculus;OPEN;https://pathoplexus.org/about/terms-of-use/open-data;;0.9992118226600986;;;JF920049.1;;;A/WI/629-22/07;1;0
PP_00194CM.2;A.3.1;2007-12-22;USA;Milwaukee, WI;"Rebuffo-Scheer, C.; Bose, M. E.; He, J.; Khaja, S.; Ulatowski, M.; Beck, E. T.; Fan, J.; Kumar, S.; Nelson, M. I.; Henrickson, K. J.";Medical College of Wisconsin, Pediatrics - Infectious Diseases;Homo sapiens;15119;2011-10-23;PP_00194CM;JF920051.1;Automated Ingest from INSDC/NCBI Virus by Loculus;OPEN;https://pathoplexus.org/about/terms-of-use/open-data;;0.9974384236453202;;;JF920051.1;;;A/WI/629-21/07;2;0
PP_00194GD.2;A.3.1;2010-01-25;USA;Milwaukee, WI;"Rebuffo-Scheer, C.; Bose, M. E.; He, J.; Khaja, S.; Ulatowski, M.; Beck, E. T.; Fan, J.; Kumar, S.; Nelson, M. I.; Henrickson, K. J.";Medical College of Wisconsin, Pediatrics - Infectious Diseases;Homo sapiens;15140;2011-10-23;PP_00194GD;JF920055.1;Automated Ingest from INSDC/NCBI Virus by Loculus;OPEN;https://pathoplexus.org/about/terms-of-use/open-data;;0.9852873563218391;;;JF920055.1;;;A/WI/629-Q0198/10;3;210
PP_00194J8.2;A.3;1998-03-21;USA;Milwaukee, WI;"Rebuffo-Scheer, C.; Bose, M. E.; He, J.; Khaja, S.; Ulatowski, M.; Beck, E. T.; Fan, J.; Kumar, S.; Nelson, M. I.; Henrickson, K. J.";Medical College of Wisconsin, Pediatrics - Infectious Diseases;Homo sapiens;15149;2011-10-23;PP_00194J8;JF920057.1;Automated Ingest from INSDC/NCBI Virus by Loculus;OPEN;https://pathoplexus.org/about/terms-of-use/open-data;;0.999080459770115;;;JF920057.1;;;A/WI/629-4239/98;0;0
PP_00194PY.2;A.3;1998-01-06;USA;Milwaukee, WI;"Rebuffo-Scheer, C.; Bose, M. E.; He, J.; Khaja, S.; Ulatowski, M.; Beck, E. T.; Fan, J.; Kumar, S.; Nelson, M. I.; Henrickson, K. J.";Medical College of Wisconsin, Pediatrics - Infectious Diseases;Homo sapiens;15150;2011-10-23;PP_00194PY;JF920062.1;Automated Ingest from INSDC/NCBI Virus by Loculus;OPEN;https://pathoplexus.org/about/terms-of-use/open-data;;0.9977668308702792;;;JF920062.1;;;A/WI/629-3248/98;0;23
PP_00194QW.2;A.3;1998-02-18;USA;Milwaukee, WI;"Rebuffo-Scheer, C.; Bose, M. E.; He, J.; Khaja, S.; Ulatowski, M.; Beck, E. T.; Fan, J.; Kumar, S.; Nelson, M. I.; Henrickson, K. J.";Medical College of Wisconsin, Pediatrics - Infectious Diseases;Homo sapiens;15096;2011-10-23;PP_00194QW;JF920063.1;Automated Ingest from INSDC/NCBI Virus by Loculus;OPEN;https://pathoplexus.org/about/terms-of-use/open-data;;0.9525779967159278;;;JF920063.1;;;A/WI/629-3868/98;0;657
PP_00194SS.2;A.3;1998-01-09;USA;Milwaukee, WI;"Rebuffo-Scheer, C.; Bose, M. E.; He, J.; Khaja, S.; Ulatowski, M.; Beck, E. T.; Fan, J.; Kumar, S.; Nelson, M. I.; Henrickson, K. J.";Medical College of Wisconsin, Pediatrics - Infectious Diseases;Homo sapiens;15151;2011-10-23;PP_00194SS;JF920065.1;Automated Ingest from INSDC/NCBI Virus by Loculus;OPEN;https://pathoplexus.org/about/terms-of-use/open-data;;0.9992118226600986;;;JF920065.1;;;A/WI/629-4071/98;1;0
PP_00194TQ.2;A.3;1998-01-27;USA;Milwaukee, WI;"Rebuffo-Scheer, C.; Bose, M. E.; He, J.; Khaja, S.; Ulatowski, M.; Beck, E. T.; Fan, J.; Kumar, S.; Nelson, M. I.; Henrickson, K. J.";Medical College of Wisconsin, Pediatrics - Infectious Diseases;Homo sapiens;15117;2011-10-23;PP_00194TQ;JF920066.1;Automated Ingest from INSDC/NCBI Virus by Loculus;OPEN;https://pathoplexus.org/about/terms-of-use/open-data;;0.9725451559934318;;;JF920066.1;;;A/WI/629-4111/98;6;370
PP_0019D02.2;A.3;2001-01-03;Netherlands;;"Tan, L.; Lemey, P.; Houspie, L.; C Viveen, M.; Jansen, N. J.; van Loon, A. M.; Wiertz, E.; van Bleek, G. M.; Martin, D. P.; Coenjaerts, F. E.; Viveen, M.; Coenjaerts, F. E. J.";University Medical Center Utrecht, Medical Microbiology;Homo sapiens;15207;2012-11-01;PP_0019D02;JQ901447.1;Automated Ingest from INSDC/NCBI Virus by Loculus;OPEN;https://pathoplexus.org/about/terms-of-use/open-data;;0.9999343185550083;;;JQ901447.1;;;01-000312;1;0
PP_0019D10.2;A.2.1.1;2001-01-07;Netherlands;;"Tan, L.; Lemey, P.; Houspie, L.; C Viveen, M.; Jansen, N. J.; van Loon, A. M.; Wiertz, E.; van Bleek, G. M.; Martin, D. P.; Coenjaerts, F. E.; Viveen, M.; Coenjaerts, F. E. J.";University Medical Center Utrecht, Medical Microbiology;Homo sapiens;15213;2012-11-01;PP_0019D10;JQ901448.1;Automated Ingest from INSDC/NCBI Virus by Loculus;OPEN;https://pathoplexus.org/about/terms-of-use/open-data;;1.0;;;JQ901448.1;;;01-000583;0;0
PP_0019D2Y.1;A.2.1.1;2001-01-10;Netherlands;;"Tan, L.; Lemey, P.; Houspie, L.; C Viveen, M.; Jansen, N. J.; van Loon, A. M.; Wiertz, E.; van Bleek, G. M.; Martin, D. P.; Coenjaerts, F. E.; Viveen, M.; Coenjaerts, F. E. J.";University Medical Center Utrecht, Medical Microbiology;Homo sapiens;15213;2012-11-01;PP_0019D2Y;JQ901449.1;Automated Ingest from INSDC/NCBI Virus by Loculus;OPEN;https://pathoplexus.org/about/terms-of-use/open-data;;0.9999343185550083;;;JQ901449.1;;;01-000868;1;0
PP_0019D3W.1;A.2.1.1;2001-01-24;Netherlands;;"Tan, L.; Lemey, P.; Houspie, L.; C Viveen, M.; Jansen, N. J.; van Loon, A. M.; Wiertz, E.; van Bleek, G. M.; Martin, D. P.; Coenjaerts, F. E.; Viveen, M.; Coenjaerts, F. E. J.";University Medical Center Utrecht, Medical Microbiology;Homo sapiens;15220;2012-11-01;PP_0019D3W;JQ901450.1;Automated Ingest from INSDC/NCBI Virus by Loculus;OPEN;https://pathoplexus.org/about/terms-of-use/open-data;;1.0;;;JQ901450.1;;;01-002215;0;0
PP_0019D4U.1;A.2.1;2001-01-24;Netherlands;;"Tan, L.; Lemey, P.; Houspie, L.; C Viveen, M.; Jansen, N. J.; van Loon, A. M.; Wiertz, E.; van Bleek, G. M.; Martin, D. P.; Coenjaerts, F. E.; Viveen, M.; Coenjaerts, F.";University Medical Center Utrecht, Medical Microbiology;Homo sapiens;15212;2012-11-01;PP_0019D4U;JQ901451.1;Automated Ingest from INSDC/NCBI Virus by Loculus;OPEN;https://pathoplexus.org/about/terms-of-use/open-data;;1.0;;;JQ901451.1;;;01-002279;0;0
PP_0019D5S.1;A.3;2001-12-22;Netherlands;;"Tan, L.; Lemey, P.; Houspie, L.; C Viveen, M.; Jansen, N. J.; van Loon, A. M.; Wiertz, E.; van Bleek, G. M.; Martin, D. P.; Coenjaerts, F. E.; Viveen, M.; Coenjaerts, F.";University Medical Center Utrecht, Medical Microbiology;Homo sapiens;15216;2012-11-01;PP_0019D5S;JQ901452.1;Automated Ingest from INSDC/NCBI Virus by Loculus;OPEN;https://pathoplexus.org/about/terms-of-use/open-data;;0.9999343185550083;;;JQ901452.1;;;01-031282;0;1
PP_0019D6Q.1;A.3;2002-01-03;Netherlands;;"Tan, L.; Lemey, P.; Houspie, L.; C Viveen, M.; Jansen, N. J.; van Loon, A. M.; Wiertz, E.; van Bleek, G. M.; Martin, D. P.; Coenjaerts, F. E.; Viveen, M.; Coenjaerts, F. E. J.";University Medical Center Utrecht, Medical Microbiology;Homo sapiens;15216;2012-11-01;PP_0019D6Q;JQ901453.1;Automated Ingest from INSDC/NCBI Virus by Loculus;OPEN;https://pathoplexus.org/about/terms-of-use/open-data;;1.0;;;JQ901453.1;;;02-000110;0;0
PP_0019D7N.1;A.2.1;2002-01-04;Netherlands;;"Tan, L.; Lemey, P.; Houspie, L.; C Viveen, M.; Jansen, N. J.; van Loon, A. M.; Wiertz, E.; van Bleek, G. M.; Martin, D. P.; Coenjaerts, F. E.; Viveen, M.; Coenjaerts, F.";University Medical Center Utrecht, Medical Microbiology;Homo sapiens;15212;2012-11-01;PP_0019D7N;JQ901454.1;Automated Ingest from INSDC/NCBI Virus by Loculus;OPEN;https://pathoplexus.org/about/terms-of-use/open-data;;1.0;;;JQ901454.1;;;02-00291;0;0
PP_0019D8L.1;A.2.1;2002-06-29;Netherlands;;"Tan, L.; Lemey, P.; Houspie, L.; C Viveen, M.; Jansen, N. J.; van Loon, A. M.; Wiertz, E.; van Bleek, G. M.; Martin, D. P.; Coenjaerts, F. E.; Viveen, M.; Coenjaerts, F. E. J.";University Medical Center Utrecht, Medical Microbiology;Homo sapiens;15212;2012-11-01;PP_0019D8L;JQ901455.1;Automated Ingest from INSDC/NCBI Virus by Loculus;OPEN;https://pathoplexus.org/about/terms-of-use/open-data;;1.0;;;JQ901455.1;;;02-017863;0;0
PP_0019D9J.1;A.2.1.1;2003-11-25;Netherlands;;"Tan, L.; Lemey, P.; Houspie, L.; C Viveen, M.; Jansen, N. J.; van Loon, A. M.; Wiertz, E.; van Bleek, G. M.; Martin, D. P.; Coenjaerts, F. E.; Viveen, M.; Coenjaerts, F. E. J.";University Medical Center Utrecht, Medical Microbiology;Homo sapiens;15211;2012-11-01;PP_0019D9J;JQ901456.1;Automated Ingest from INSDC/NCBI Virus by Loculus;OPEN;https://pathoplexus.org/about/terms-of-use/open-data;;1.0;;;JQ901456.1;;;03-033338;0;0
PP_0019DAG.1;A.3;2003-12-22;Netherlands;;"Tan, L.; Lemey, P.; Houspie, L.; C Viveen, M.; Jansen, N. J.; van Loon, A. M.; Wiertz, E.; van Bleek, G. M.; Martin, D. P.; Coenjaerts, F. E.; Viveen, M.; Coenjaerts, F.";University Medical Center Utrecht, Medical Microbiology;Homo sapiens;15212;2012-11-01;PP_0019DAG;JQ901457.1;Automated Ingest from INSDC/NCBI Virus by Loculus;OPEN;https://pathoplexus.org/about/terms-of-use/open-data;;1.0;;;JQ901457.1;;;03-036456;0;0
PP_0019DBE.1;A.3;2003-12-23;Netherlands;;"Tan, L.; Lemey, P.; Houspie, L.; C Viveen, M.; Jansen, N. J.; van Loon, A. M.; Wiertz, E.; van Bleek, G. M.; Martin, D. P.; Coenjaerts, F. E.; Viveen, M.; Coenjaerts, F.";University Medical Center Utrecht, Medical Microbiology;Homo sapiens;15217;2012-11-01;PP_0019DBE;JQ901458.1;Automated Ingest from INSDC/NCBI Virus by Loculus;OPEN;https://pathoplexus.org/about/terms-of-use/open-data;;0.9999343185550083;;;JQ901458.1;;;03-036544;1;0
PP_0019DMT.1;A.3.1;2011-01-03;Netherlands;;"Tan, L.; Lemey, P.; Houspie, L.; C Viveen, M.; Jansen, N. J.; van Loon, A. M.; Wiertz, E.; van Bleek, G. M.; Martin, D. P.; Coenjaerts, F. E.; Viveen, M.; Coenjaerts, F.";University Medical Center Utrecht, Medical Microbiology;Homo sapiens;15205;2012-11-01;PP_0019DMT;JX015479.1;Automated Ingest from INSDC/NCBI Virus by Loculus;OPEN;https://pathoplexus.org/about/terms-of-use/open-data;;1.0;;;JX015479.1;;;11-000271;0;0
PP_0019DNR.1;A.3;2007-12-10;Netherlands;;"Tan, L.; Lemey, P.; Houspie, L.; C Viveen, M.; Jansen, N. J.; van Loon, A. M.; Wiertz, E.; van Bleek, G. M.; Martin, D. P.; Coenjaerts, F. E.; Viveen, M.; Coenjaerts, F.";University Medical Center Utrecht, Medical Microbiology;Homo sapiens;15214;2012-11-01;PP_0019DNR;JX015480.1;Automated Ingest from INSDC/NCBI Virus by Loculus;OPEN;https://pathoplexus.org/about/terms-of-use/open-data;;1.0;;;JX015480.1;;;07-040054;0;0
PP_0019DPP.1;A.3.1;2009-01-07;Netherlands;;"Tan, L.; Lemey, P.; Houspie, L.; C Viveen, M.; Jansen, N. J.; van Loon, A. M.; Wiertz, E.; van Bleek, G. M.; Martin, D. P.; Coenjaerts, F. E.; Viveen, M.; Coenjaerts, F. E. J.";University Medical Center Utrecht, Medical Microbiology;Homo sapiens;15206;2012-11-01;PP_0019DPP;JX015481.1;Automated Ingest from INSDC/NCBI Virus by Loculus;OPEN;https://pathoplexus.org/about/terms-of-use/open-data;;1.0;;;JX015481.1;;;09-000457;0;0
PP_0019DQM.1;A.3.1;2006-11-22;Belgium;;"Tan, L.; Lemey, P.; Houspie, L.; C Viveen, M.; Jansen, N. J.; van Loon, A. M.; Wiertz, E.; van Bleek, G. M.; Martin, D. P.; Coenjaerts, F. E.; Viveen, M.; Coenjaerts, F. E. J.";University Medical Center Utrecht, Medical Microbiology;Homo sapiens;15121;2012-11-01;PP_0019DQM;JX015482.1;Automated Ingest from INSDC/NCBI Virus by Loculus;OPEN;https://pathoplexus.org/about/terms-of-use/open-data;;0.9979638752052545;;;JX015482.1;;;BE06-6650;0;0
PP_0019DRK.1;A.3.1;2008-12-29;Netherlands;;"Tan, L.; Lemey, P.; Houspie, L.; C Viveen, M.; Jansen, N. J.; van Loon, A. M.; Wiertz, E.; van Bleek, G. M.; Martin, D. P.; Coenjaerts, F. E.; Viveen, M.; Coenjaerts, F.";University Medical Center Utrecht, Medical Microbiology;Homo sapiens;15207;2012-11-01;PP_0019DRK;JX015483.1;Automated Ingest from INSDC/NCBI Virus by Loculus;OPEN;https://pathoplexus.org/about/terms-of-use/open-data;;1.0;;;JX015483.1;;;08-047045;0;0
PP_0019DSH.1;A.3.1;2007-11-06;Netherlands;;"Tan, L.; Lemey, P.; Houspie, L.; C Viveen, M.; Jansen, N. J.; van Loon, A. M.; Wiertz, E.; van Bleek, G. M.; Martin, D. P.; Coenjaerts, F. E.; Viveen, M.; Coenjaerts, F.";University Medical Center Utrecht, Medical Microbiology;Homo sapiens;15205;2012-11-01;PP_0019DSH;JX015484.1;Automated Ingest from INSDC/NCBI Virus by Loculus;OPEN;https://pathoplexus.org/about/terms-of-use/open-data;;0.9998686371100164;;;JX015484.1;;;RSV572;2;0
PP_0019DTF.1;A.2.1;2005-01-04;Netherlands;;"Tan, L.; Lemey, P.; Houspie, L.; C Viveen, M.; Jansen, N. J.; van Loon, A. M.; Wiertz, E.; van Bleek, G. M.; Martin, D. P.; Coenjaerts, F. E.; Viveen, M.; Coenjaerts, F. E. J.";University Medical Center Utrecht, Medical Microbiology;Homo sapiens;15211;2012-11-01;PP_0019DTF;JX015485.1;Automated Ingest from INSDC/NCBI Virus by Loculus;OPEN;https://pathoplexus.org/about/terms-of-use/open-data;;0.9999343185550083;;;JX015485.1;;;05-000257;1;0
PP_0019DUD.1;A.3;2005-01-05;Netherlands;;"Tan, L.; Lemey, P.; Houspie, L.; C Viveen, M.; Jansen, N. J.; van Loon, A. M.; Wiertz, E.; van Bleek, G. M.; Martin, D. P.; Coenjaerts, F. E.; Viveen, M.; Coenjaerts, F. E. J.";University Medical Center Utrecht, Medical Microbiology;Homo sapiens;15212;2012-11-01;PP_0019DUD;JX015486.1;Automated Ingest from INSDC/NCBI Virus by Loculus;OPEN;https://pathoplexus.org/about/terms-of-use/open-data;;1.0;;;JX015486.1;;;05-000417;0;0
PP_0019DVB.1;A.2.1.1;2006-01-02;Netherlands;;"Tan, L.; Lemey, P.; Houspie, L.; C Viveen, M.; Jansen, N. J.; van Loon, A. M.; Wiertz, E.; van Bleek, G. M.; Martin, D. P.; Coenjaerts, F. E.; Viveen, M.; Coenjaerts, F.";University Medical Center Utrecht, Medical Microbiology;Homo sapiens;15211;2012-11-01;PP_0019DVB;JX015487.1;Automated Ingest from INSDC/NCBI Virus by Loculus;OPEN;https://pathoplexus.org/about/terms-of-use/open-data;;1.0;;;JX015487.1;;;06-000103;0;0
PP_0019DW9.1;A.2.1;2006-01-09;Netherlands;;"Tan, L.; Lemey, P.; Houspie, L.; C Viveen, M.; Jansen, N. J.; van Loon, A. M.; Wiertz, E.; van Bleek, G. M.; Martin, D. P.; Coenjaerts, F. E.; Viveen, M.; Coenjaerts, F.";University Medical Center Utrecht, Medical Microbiology;Homo sapiens;15211;2012-11-01;PP_0019DW9;JX015488.1;Automated Ingest from INSDC/NCBI Virus by Loculus;OPEN;https://pathoplexus.org/about/terms-of-use/open-data;;1.0;;;JX015488.1;;;06-000827;0;0
PP_0019DX7.1;A.3.1;2007-12-03;Netherlands;;"Tan, L.; Lemey, P.; Houspie, L.; C Viveen, M.; Jansen, N. J.; van Loon, A. M.; Wiertz, E.; van Bleek, G. M.; Martin, D. P.; Coenjaerts, F. E.; Viveen, M.; Coenjaerts, F. E. J.";University Medical Center Utrecht, Medical Microbiology;Homo sapiens;15205;2012-11-01;PP_0019DX7;JX015489.1;Automated Ingest from INSDC/NCBI Virus by Loculus;OPEN;https://pathoplexus.org/about/terms-of-use/open-data;;1.0;;;JX015489.1;;;07-039193;0;0
PP_0019DY5.1;A.3.1;2007-11-19;Netherlands;;"Tan, L.; Lemey, P.; Houspie, L.; C Viveen, M.; Jansen, N. J.; van Loon, A. M.; Wiertz, E.; van Bleek, G. M.; Martin, D. P.; Coenjaerts, F. E.; Viveen, M.; Coenjaerts, F. E. J.";University Medical Center Utrecht, Medical Microbiology;Homo sapiens;15205;2012-11-01;PP_0019DY5;JX015490.1;Automated Ingest from INSDC/NCBI Virus by Loculus;OPEN;https://pathoplexus.org/about/terms-of-use/open-data;;1.0;;;JX015490.1;;;RSV597;0;0
PP_0019DZ3.1;A.3.1;2007-11-23;Netherlands;;"Tan, L.; Lemey, P.; Houspie, L.; C Viveen, M.; Jansen, N. J.; van Loon, A. M.; Wiertz, E.; van Bleek, G. M.; Martin, D. P.; Coenjaerts, F. E.; Viveen, M.; Coenjaerts, F. E. J.";University Medical Center Utrecht, Medical Microbiology;Homo sapiens;15205;2012-11-01;PP_0019DZ3;JX015491.1;Automated Ingest from INSDC/NCBI Virus by Loculus;OPEN;https://pathoplexus.org/about/terms-of-use/open-data;;1.0;;;JX015491.1;;;RSV607;0;0
PP_0019E01.1;A.3.1;2007-12-24;Netherlands;;"Tan, L.; Lemey, P.; Houspie, L.; C Viveen, M.; Jansen, N. J.; van Loon, A. M.; Wiertz, E.; van Bleek, G. M.; Martin, D. P.; Coenjaerts, F. E.; Viveen, M.; Coenjaerts, F. E. J.";University Medical Center Utrecht, Medical Microbiology;Homo sapiens;15205;2012-11-01;PP_0019E01;JX015492.1;Automated Ingest from INSDC/NCBI Virus by Loculus;OPEN;https://pathoplexus.org/about/terms-of-use/open-data;;1.0;;;JX015492.1;;;07-041785;0;0
PP_0019E1Z.1;A.3.1;2008-01-07;Netherlands;;"Tan, L.; Lemey, P.; Houspie, L.; C Viveen, M.; Jansen, N. J.; van Loon, A. M.; Wiertz, E.; van Bleek, G. M.; Martin, D. P.; Coenjaerts, F. E.; Viveen, M.; Coenjaerts, F. E. J.";University Medical Center Utrecht, Medical Microbiology;Homo sapiens;15205;2012-11-01;PP_0019E1Z;JX015493.1;Automated Ingest from INSDC/NCBI Virus by Loculus;OPEN;https://pathoplexus.org/about/terms-of-use/open-data;;1.0;;;JX015493.1;;;08-000507;0;0
PP_0019E2X.1;A.3.1;2008-01-14;Netherlands;;"Tan, L.; Lemey, P.; Houspie, L.; C Viveen, M.; Jansen, N. J.; van Loon, A. M.; Wiertz, E.; van Bleek, G. M.; Martin, D. P.; Coenjaerts, F. E.; Viveen, M.; Coenjaerts, F. E. J.";University Medical Center Utrecht, Medical Microbiology;Homo sapiens;15205;2012-11-01;PP_0019E2X;JX015494.1;Automated Ingest from INSDC/NCBI Virus by Loculus;OPEN;https://pathoplexus.org/about/terms-of-use/open-data;;1.0;;;JX015494.1;;;08-001411;0;0
PP_0019E3V.1;A.3.1;2008-11-21;Netherlands;;"Tan, L.; Lemey, P.; Houspie, L.; C Viveen, M.; Jansen, N. J.; van Loon, A. M.; Wiertz, E.; van Bleek, G. M.; Martin, D. P.; Coenjaerts, F. E.; Viveen, M.; Coenjaerts, F.";University Medical Center Utrecht, Medical Microbiology;Homo sapiens;15205;2012-11-01;PP_0019E3V;JX015495.1;Automated Ingest from INSDC/NCBI Virus by Loculus;OPEN;https://pathoplexus.org/about/terms-of-use/open-data;;1.0;;;JX015495.1;;;08-042544;0;0
PP_0019E4T.1;A.3.1;2008-11-26;Netherlands;;"Tan, L.; Lemey, P.; Houspie, L.; C Viveen, M.; Jansen, N. J.; van Loon, A. M.; Wiertz, E.; van Bleek, G. M.; Martin, D. P.; Coenjaerts, F. E.; Viveen, M.; Coenjaerts, F.";University Medical Center Utrecht, Medical Microbiology;Homo sapiens;15205;2012-11-01;PP_0019E4T;JX015496.1;Automated Ingest from INSDC/NCBI Virus by Loculus;OPEN;https://pathoplexus.org/about/terms-of-use/open-data;;1.0;;;JX015496.1;;;08-042735;0;0
PP_0019E5R.1;A.3.1;2008-12-06;Netherlands;;"Tan, L.; Lemey, P.; Houspie, L.; C Viveen, M.; Jansen, N. J.; van Loon, A. M.; Wiertz, E.; van Bleek, G. M.; Martin, D. P.; Coenjaerts, F. E.; Viveen, M.; Coenjaerts, F. E. J.";University Medical Center Utrecht, Medical Microbiology;Homo sapiens;15206;2012-11-01;PP_0019E5R;JX015497.1;Automated Ingest from INSDC/NCBI Virus by Loculus;OPEN;https://pathoplexus.org/about/terms-of-use/open-data;;1.0;;;JX015497.1;;;08-044640;0;0
PP_0019E6P.1;A.3.1;2008-12-27;Netherlands;;"Tan, L.; Lemey, P.; Houspie, L.; C Viveen, M.; Jansen, N. J.; van Loon, A. M.; Wiertz, E.; van Bleek, G. M.; Martin, D. P.; Coenjaerts, F. E.; Viveen, M.; Coenjaerts, F. E. J.";University Medical Center Utrecht, Medical Microbiology;Homo sapiens;15202;2012-11-01;PP_0019E6P;JX015498.1;Automated Ingest from INSDC/NCBI Virus by Loculus;OPEN;https://pathoplexus.org/about/terms-of-use/open-data;;1.0;;;JX015498.1;;;08-046972;0;0
PP_0019E7M.1;A.3.1;2008-10-22;Belgium;;"Tan, L.; Lemey, P.; Houspie, L.; C Viveen, M.; Jansen, N. J.; van Loon, A. M.; Wiertz, E.; van Bleek, G. M.; Martin, D. P.; Coenjaerts, F. E.; Viveen, M.; Coenjaerts, F. E. J.";University Medical Center Utrecht, Medical Microbiology;Homo sapiens;15206;2012-11-01;PP_0019E7M;JX015499.1;Automated Ingest from INSDC/NCBI Virus by Loculus;OPEN;https://pathoplexus.org/about/terms-of-use/open-data;;1.0;;;JX015499.1;;;BE08-5146;0;0
PP_0019E8K.2;A.3;2001-02-20;USA;Nashville, Tennessee;"Lorenzi, H.; Halpin, R.; Nguyen, A.; Fedorova, N.; Overton, L.; Stockwell, T.; Amedeo, P.; Bishop, B.; Chen, H.; Edworthy, P.; Gupta, N.; Katzel, D.; Li, K.; Schobel, S.; Shrivastava, S.; Thovarai, V.; Wang, S.; Shapiro, C. A.; Williams, J.; Peebles, S.; Chi, M.; Wentworth, D. E.; Moore, M. L.";J. Craig Venter Institute;Homo sapiens;15199;2012-07-02;PP_0019E8K;JX069798.1;Automated Ingest from INSDC/NCBI Virus by Loculus;OPEN;https://pathoplexus.org/about/terms-of-use/open-data;;0.9999343185550083;;;JX069798.1;;;RSVA/human/USA/A2001-02-20/2001/GA2;1;0
PP_0019E9H.2;A.3;2001-03-13;USA;Nashville, Tennessee;"Lorenzi, H.; Halpin, R.; Nguyen, A.; Fedorova, N.; Overton, L.; Stockwell, T.; Amedeo, P.; Bishop, B.; Chen, H.; Edworthy, P.; Gupta, N.; Katzel, D.; Li, K.; Schobel, S.; Shrivastava, S.; Thovarai, V.; Wang, S.; Shapiro, C. A.; Williams, J.; Peebles, S.; Chi, M.; Wentworth, D. E.; Moore, M. L.";J. Craig Venter Institute;Homo sapiens;15193;2012-07-02;PP_0019E9H;JX069799.1;Automated Ingest from INSDC/NCBI Virus by Loculus;OPEN;https://pathoplexus.org/about/terms-of-use/open-data;;1.0;;;JX069799.1;;;RSVA/human/USA/A2001-03-12/2001/GA2;0;0
PP_0019EAF.2;A.3;1997-12-22;USA;Nashville, Tennessee;"Lorenzi, H.; Halpin, R.; Nguyen, A.; Fedorova, N.; Overton, L.; Stockwell, T.; Amedeo, P.; Bishop, B.; Chen, H.; Edworthy, P.; Gupta, N.; Katzel, D.; Li, K.; Schobel, S.; Shrivastava, S.; Thovarai, V.; Wang, S.; Shapiro, C. A.; Williams, J.; Peebles, S.; Chi, M.; Wentworth, D. E.; Moore, M. L.";J. Craig Venter Institute;Homo sapiens;15194;2012-07-02;PP_0019EAF;JX069800.1;Automated Ingest from INSDC/NCBI Virus by Loculus;OPEN;https://pathoplexus.org/about/terms-of-use/open-data;;0.9998686371100164;;;JX069800.1;;;RSVA/human/USA/A1997-12-35/1997;2;0
PP_0019EBD.2;A.3;1998-03-02;USA;Nashville, Tennessee;"Lorenzi, H.; Halpin, R.; Nguyen, A.; Fedorova, N.; Overton, L.; Stockwell, T.; Amedeo, P.; Bishop, B.; Chen, H.; Edworthy, P.; Gupta, N.; Katzel, D.; Li, K.; Schobel, S.; Shrivastava, S.; Thovarai, V.; Wang, S.; Shapiro, C. A.; Williams, J.; Peebles, S.; Chi, M.; Wentworth, D. E.; Moore, M. L.";J. Craig Venter Institute;Homo sapiens;15193;2012-07-02;PP_0019EBD;JX069801.1;Automated Ingest from INSDC/NCBI Virus by Loculus;OPEN;https://pathoplexus.org/about/terms-of-use/open-data;;1.0;;;JX069801.1;;;RSVA/human/USA/A1998-03-02/1998;0;0
PP_0019ED9.2;A.2.1;1998-12-12;USA;Nashville, Tennessee;"Lorenzi, H.; Halpin, R.; Nguyen, A.; Fedorova, N.; Overton, L.; Stockwell, T.; Amedeo, P.; Bishop, B.; Chen, H.; Edworthy, P.; Gupta, N.; Katzel, D.; Li, K.; Schobel, S.; Shrivastava, S.; Thovarai, V.; Wang, S.; Shapiro, C. A.; Williams, J.; Peebles, S.; Chi, M.; Wentworth, D. E.; Moore, M. L.";J. Craig Venter Institute;Homo sapiens;15194;2012-07-02;PP_0019ED9;JX069802.1;Automated Ingest from INSDC/NCBI Virus by Loculus;OPEN;https://pathoplexus.org/about/terms-of-use/open-data;;0.9998686371100164;;;JX069802.1;;;RSVA/human/USA/A1998-12-21/1998;2;0
PP_0019EE7.2;A.2.1;2000-03-04;USA;Nashville, Tennessee;"Lorenzi, H.; Halpin, R.; Nguyen, A.; Fedorova, N.; Overton, L.; Stockwell, T.; Amedeo, P.; Bishop, B.; Chen, H.; Edworthy, P.; Gupta, N.; Katzel, D.; Li, K.; Schobel, S.; Shrivastava, S.; Thovarai, V.; Wang, S.; Shapiro, C. A.; Williams, J.; Peebles, S.; Chi, M.; Wentworth, D. E.; Moore, M. L.";J. Craig Venter Institute;Homo sapiens;15194;2012-07-02;PP_0019EE7;JX069803.1;Automated Ingest from INSDC/NCBI Virus by Loculus;OPEN;https://pathoplexus.org/about/terms-of-use/open-data;;0.9998686371100164;;;JX069803.1;;;RSVA/human/USA/A2000-03-04/2000;2;0
PP_0019UT0.2;A.D;2011-12-27;South Korea;;"Lee, W. J.; Kim, Y. J.; Kim, D. W.; Lee, H. S.; Lee, H. Y.; Kim, K.; Kim, Y.-J.";Korea National Institute of Health, Division of Respiratory Viruses, Center for Infectious Diseases;Homo sapiens;15277;2012-12-02;PP_0019UT0;JX627336.1;Automated Ingest from INSDC/NCBI Virus by Loculus;OPEN;https://pathoplexus.org/about/terms-of-use/open-data;;0.9999343185550083;;;JX627336.1;;;RSVA/GN435/11;1;0
PP_001AQ4F.2;A.D;2011;India;;"Choudhary, M. L.; Wadhwa, B. S.; Jadhav, S. M.; Chadha, M. S.; Wadhwa, B.; Mourya, D. T.";National Institute of Virology, Influenza Group;Homo sapiens;15231;2013-06-18;PP_001AQ4F;KC731482.1;Automated Ingest from INSDC/NCBI Virus by Loculus;OPEN;https://pathoplexus.org/about/terms-of-use/open-data;;1.0;;;KC731482.1;;;RSV-A/NIV1114046/11;0;0
PP_001AQ5D.2;A.3.1.1;2011;India;;"Choudhary, M. L.; Wadhwa, B. S.; Jadhav, S. M.; Chadha, M. S.; Wadhwa, B.; Mourya, D. T.";National Institute of Virology, Influenza Group;Homo sapiens;15176;2013-06-18;PP_001AQ5D;KC731483.1;Automated Ingest from INSDC/NCBI Virus by Loculus;OPEN;https://pathoplexus.org/about/terms-of-use/open-data;;1.0;;;KC731483.1;;;RSV-A/NIV1114073/11;0;0
PP_001ATXR.2;A.3.1.1;2011-12-11;China;Chongqing;"Gu, H.; Xie, Z.; Li, T.; Zhang, S.; Lai, C.; Zhu, P.; Wang, K.; Han, L.; Duan, Y.; Zhao, Z.; Yang, X.; Xing, L.; Zhang, P.; Wang, Z.; Li, R.; Yu, J. J.; Wang, X.; Yang, P.; Gu, H. J.; Sun, S. J.; Chen, R.; Yang, P. H.";Institute of Microbiology and Epidemiology, Academy of Military Medical Sciences;Homo sapiens;15151;2013-08-18;PP_001ATXR;KC978856.1;Automated Ingest from INSDC/NCBI Virus by Loculus;OPEN;https://pathoplexus.org/about/terms-of-use/open-data;;0.9992775041050903;;;KC978856.1;;;A/Chongqing/13-73/11.or;0;0
PP_001B44Z.2;A.3.1;2007;South Africa;;"Lorenzi, H.; Town, C.; Halpin, R.; Bera, J.; Ransier, A.; Fedorova, N.; Stockwell, T.; Amedeo, P.; Appalla, L.; Bishop, B.; Edworthy, P.; Gupta, N.; Hoover, J.; Katzel, D.; Schobel, S.; Shrivastava, S.; Thovarai, V.; Wang, S.; Rebuffo-Scheer, C.; Fan, J.; He, J.; Kehl, S. C.; Lederboer, N.; Jurgens, L. A.; Bose, M. E.; Beck, E. T.; Kumar, S.; Venter, M.; Wentworth, D. E.; Henrickson, K. J.";J. Craig Venter Institute;Homo sapiens;15123;2013-08-30;PP_001B44Z;KF530258.1;Automated Ingest from INSDC/NCBI Virus by Loculus;OPEN;https://pathoplexus.org/about/terms-of-use/open-data;;0.9590804597701149;;;KF530258.1;;;RSVA/Homo sapiens/ZAF/324/2007;0;592
PP_001B45X.2;A.2.1;2005-06-21;Argentina;;"Lorenzi, H.; Town, C.; Halpin, R.; Bera, J.; Ransier, A.; Fedorova, N.; Stockwell, T.; Amedeo, P.; Appalla, L.; Bishop, B.; Edworthy, P.; Gupta, N.; Hoover, J.; Katzel, D.; Schobel, S.; Shrivastava, S.; Thovarai, V.; Wang, S.; Rebuffo-Scheer, C.; Fan, J.; He, J.; Kehl, S. C.; Lederboer, N.; Jurgens, L. A.; Bose, M. E.; Beck, E. T.; Kumar, S.; Videla, C.; Wentworth, D. E.; Henrickson, K. J.";J. Craig Venter Institute;Homo sapiens;14980;2013-08-30;PP_001B45X;KF530260.1;Automated Ingest from INSDC/NCBI Virus by Loculus;OPEN;https://pathoplexus.org/about/terms-of-use/open-data;;0.9887027914614122;;;KF530260.1;;;RSVA/Homo sapiens/ARG/170/2005;0;0
PP_001B46V.2;A.3.1;2008-05-01;Germany;Freiburg;"Lorenzi, H.; Town, C.; Halpin, R.; Bera, J.; Ransier, A.; Fedorova, N.; Stockwell, T.; Amedeo, P.; Appalla, L.; Bishop, B.; Edworthy, P.; Gupta, N.; Hoover, J.; Katzel, D.; Schobel, S.; Shrivastava, S.; Thovarai, V.; Wang, S.; Rebuffo-Scheer, C.; Fan, J.; He, J.; Kehl, S. C.; Lederboer, N.; Jurgens, L. A.; Bose, M. E.; Beck, E. T.; Kumar, S.; Neumann-Haefelin, D.; Wentworth, D. E.; Henrickson, K. J.";J. Craig Venter Institute;Homo sapiens;15100;2013-08-30;PP_001B46V;KF530261.1;Automated Ingest from INSDC/NCBI Virus by Loculus;OPEN;https://pathoplexus.org/about/terms-of-use/open-data;;0.9964532019704434;;;KF530261.1;;;RSVA/Homo sapiens/DEU/106/2008;0;0
PP_001B4BK.2;A.2.1.1;2007-01-27;Mexico;;"Lorenzi, H.; Town, C.; Halpin, R.; Bera, J.; Ransier, A.; Fedorova, N.; Stockwell, T.; Amedeo, P.; Appalla, L.; Bishop, B.; Edworthy, P.; Gupta, N.; Hoover, J.; Katzel, D.; Schobel, S.; Shrivastava, S.; Thovarai, V.; Wang, S.; Rebuffo-Scheer, C.; Fan, J.; He, J.; Kehl, S. C.; Lederboer, N.; Jurgens, L. A.; Bose, M. E.; Beck, E. T.; Kumar, S.; Noyola, D. E.; Wentworth, D. E.; Henrickson, K. J.";J. Craig Venter Institute;Homo sapiens;15128;2013-08-30;PP_001B4BK;KF530268.1;Automated Ingest from INSDC/NCBI Virus by Loculus;OPEN;https://pathoplexus.org/about/terms-of-use/open-data;;0.9976354679802956;;;KF530268.1;;;RSVA/Homo sapiens/MEX/59/2007;0;0
PP_001B4CH.2;A.3.1.1;2009-12-10;USA;SE Wisconsin;"Lorenzi, H.; Town, C.; Halpin, R.; Bera, J.; Ransier, A.; Fedorova, N.; Stockwell, T.; Amedeo, P.; Appalla, L.; Bishop, B.; Edworthy, P.; Gupta, N.; Hoover, J.; Katzel, D.; Li, K.; Schobel, S.; Shrivastava, S.; Thovarai, V.; Wang, S.; Rebuffo-Scheer, C.; Fan, J.; He, J.; Kehl, S. C.; Lederboer, N.; Jurgens, L. A.; Bose, M. E.; Beck, E. T.; Kumar, S.; Wentworth, D. E.; Henrickson, K. J.";J. Craig Venter Institute;Homo sapiens;15049;2013-08-30;PP_001B4CH;KF530269.1;Automated Ingest from INSDC/NCBI Virus by Loculus;OPEN;https://pathoplexus.org/about/terms-of-use/open-data;;0.9929720853858784;;;KF530269.1;;;RSVA/Hep2_lab/USA/629-Q0030_RSV60/2009;0;0
PP_001B7PR.2;A.3.1;2007;USA;SE Wisconsin;"Lorenzi, H.; Town, C.; Halpin, R.; Bera, J.; Ransier, A.; Fedorova, N.; Stockwell, T.; Amedeo, P.; Appalla, L.; Bishop, B.; Edworthy, P.; Gupta, N.; Hoover, J.; Katzel, D.; Li, K.; Schobel, S.; Shrivastava, S.; Thovarai, V.; Wang, S.; Rebuffo-Scheer, C.; Fan, J.; He, J.; Kehl, S. C.; Lederboer, N.; Jurgens, L. A.; Bose, M. E.; Beck, E. T.; Kumar, S.; Wentworth, D. E.; Henrickson, K. J.";J. Craig Venter Institute;Homo sapiens;15177;2013-11-25;PP_001B7PR;KF826821.1;Automated Ingest from INSDC/NCBI Virus by Loculus;OPEN;https://pathoplexus.org/about/terms-of-use/open-data;;1.0;;;KF826821.1;;;RSVA/Homo sapiens/USA/629-8-2/2007;0;0
PP_001B7QP.2;A.2.1;1998-10-17;USA;SE Wisconsin;"Lorenzi, H.; Town, C.; Halpin, R.; Bera, J.; Ransier, A.; Fedorova, N.; Stockwell, T.; Amedeo, P.; Appalla, L.; Bishop, B.; Edworthy, P.; Gupta, N.; Hoover, J.; Katzel, D.; Li, K.; Schobel, S.; Shrivastava, S.; Thovarai, V.; Wang, S.; Rebuffo-Scheer, C.; Fan, J.; He, J.; Kehl, S. C.; Lederboer, N.; Jurgens, L. A.; Bose, M. E.; Beck, E. T.; Kumar, S.; Wentworth, D. E.; Henrickson, K. J.";J. Craig Venter Institute;Homo sapiens;15197;2013-11-25;PP_001B7QP;KF826823.1;Automated Ingest from INSDC/NCBI Virus by Loculus;OPEN;https://pathoplexus.org/about/terms-of-use/open-data;;1.0;;;KF826823.1;;;RSVA/Homo sapiens/USA/629-4360/1998;0;0
PP_001B7SK.2;A.2.1;1998-10-28;USA;SE Wisconsin;"Lorenzi, H.; Town, C.; Halpin, R.; Bera, J.; Ransier, A.; Fedorova, N.; Stockwell, T.; Amedeo, P.; Appalla, L.; Bishop, B.; Edworthy, P.; Gupta, N.; Hoover, J.; Katzel, D.; Li, K.; Schobel, S.; Shrivastava, S.; Thovarai, V.; Wang, S.; Rebuffo-Scheer, C.; Fan, J.; He, J.; Kehl, S. C.; Lederboer, N.; Jurgens, L. A.; Bose, M. E.; Beck, E. T.; Kumar, S.; Wentworth, D. E.; Henrickson, K. J.";J. Craig Venter Institute;Homo sapiens;15142;2013-11-25;PP_001B7SK;KF826824.1;Automated Ingest from INSDC/NCBI Virus by Loculus;OPEN;https://pathoplexus.org/about/terms-of-use/open-data;;0.998752052545156;;;KF826824.1;;;RSVA/Homo sapiens/USA/629-4392/1998;0;0
PP_001B7TH.2;A.2.1.1;2004-12-24;Mexico;;"Lorenzi, H.; Town, C.; Halpin, R.; Bera, J.; Ransier, A.; Fedorova, N.; Stockwell, T.; Amedeo, P.; Appalla, L.; Bishop, B.; Edworthy, P.; Gupta, N.; Hoover, J.; Katzel, D.; Li, K.; Schobel, S.; Shrivastava, S.; Thovarai, V.; Wang, S.; Rebuffo-Scheer, C.; Fan, J.; He, J.; Kehl, S. C.; Lederboer, N.; Jurgens, L. A.; Bose, M. E.; Beck, E. T.; Kumar, S.; Noyola, D. E.; Wentworth, D. E.; Henrickson, K. J.";J. Craig Venter Institute;Homo sapiens;15197;2013-11-25;PP_001B7TH;KF826826.1;Automated Ingest from INSDC/NCBI Virus by Loculus;OPEN;https://pathoplexus.org/about/terms-of-use/open-data;;1.0;;;KF826826.1;;;RSVA/Homo sapiens/MEX/23/2004;0;0
PP_001B7UF.2;A.2.1.1;2004-05-26;Argentina;;"Lorenzi, H.; Town, C.; Halpin, R.; Bera, J.; Ransier, A.; Fedorova, N.; Stockwell, T.; Amedeo, P.; Appalla, L.; Bishop, B.; Edworthy, P.; Gupta, N.; Hoover, J.; Katzel, D.; Li, K.; Schobel, S.; Shrivastava, S.; Thovarai, V.; Wang, S.; Rebuffo-Scheer, C.; Fan, J.; He, J.; Kehl, S. C.; Lederboer, N.; Jurgens, L. A.; Bose, M. E.; Beck, E. T.; Kumar, S.; Videla, C.; Wentworth, D. E.; Henrickson, K. J.";J. Craig Venter Institute;Homo sapiens;15209;2013-11-25;PP_001B7UF;KF826827.1;Automated Ingest from INSDC/NCBI Virus by Loculus;OPEN;https://pathoplexus.org/about/terms-of-use/open-data;;1.0;;;KF826827.1;;;RSVA/Homo sapiens/ARG/159/2004;0;0
PP_001B7VD.2;A.2.1.1;2004-06-04;Argentina;;"Lorenzi, H.; Town, C.; Halpin, R.; Bera, J.; Ransier, A.; Fedorova, N.; Stockwell, T.; Amedeo, P.; Appalla, L.; Bishop, B.; Edworthy, P.; Gupta, N.; Hoover, J.; Katzel, D.; Li, K.; Schobel, S.; Shrivastava, S.; Thovarai, V.; Wang, S.; Rebuffo-Scheer, C.; Fan, J.; He, J.; Kehl, S. C.; Lederboer, N.; Jurgens, L. A.; Bose, M. E.; Beck, E. T.; Kumar, S.; Videla, C.; Wentworth, D. E.; Henrickson, K. J.";J. Craig Venter Institute;Homo sapiens;15191;2013-11-25;PP_001B7VD;KF826828.1;Automated Ingest from INSDC/NCBI Virus by Loculus;OPEN;https://pathoplexus.org/about/terms-of-use/open-data;;1.0;;;KF826828.1;;;RSVA/Homo sapiens/ARG/162/2004;0;0
PP_001B7WB.2;A.3.1;2009-03-01;Germany;Freiburg;"Lorenzi, H.; Town, C.; Halpin, R.; Bera, J.; Ransier, A.; Fedorova, N.; Stockwell, T.; Amedeo, P.; Appalla, L.; Bishop, B.; Edworthy, P.; Gupta, N.; Hoover, J.; Katzel, D.; Li, K.; Schobel, S.; Shrivastava, S.; Thovarai, V.; Wang, S.; Rebuffo-Scheer, C.; Fan, J.; He, J.; Kehl, S. C.; Lederboer, N.; Jurgens, L. A.; Bose, M. E.; Beck, E. T.; Kumar, S.; Neumann-Haefelin, D.; Wentworth, D. E.; Henrickson, K. J.";J. Craig Venter Institute;Homo sapiens;15186;2013-11-25;PP_001B7WB;KF826830.1;Automated Ingest from INSDC/NCBI Virus by Loculus;OPEN;https://pathoplexus.org/about/terms-of-use/open-data;;1.0;;;KF826830.1;;;RSVA/Homo sapiens/DEU/107/2009;0;0
PP_001B7X9.2;A.3.1;2009-12-01;Germany;Freiburg;"Lorenzi, H.; Town, C.; Halpin, R.; Bera, J.; Ransier, A.; Fedorova, N.; Stockwell, T.; Amedeo, P.; Appalla, L.; Bishop, B.; Edworthy, P.; Gupta, N.; Hoover, J.; Katzel, D.; Li, K.; Schobel, S.; Shrivastava, S.; Thovarai, V.; Wang, S.; Rebuffo-Scheer, C.; Fan, J.; He, J.; Kehl, S. C.; Lederboer, N.; Jurgens, L. A.; Bose, M. E.; Beck, E. T.; Kumar, S.; Neumann-Haefelin, D.; Wentworth, D. E.; Henrickson, K. J.";J. Craig Venter Institute;Homo sapiens;15195;2013-11-25;PP_001B7X9;KF826831.1;Automated Ingest from INSDC/NCBI Virus by Loculus;OPEN;https://pathoplexus.org/about/terms-of-use/open-data;;1.0;;;KF826831.1;;;RSVA/Homo sapiens/DEU/108/2009;0;0
PP_001B7Y7.2;A.2.1.1;2009-03-19;Italy;Pavia;"Lorenzi, H.; Town, C.; Halpin, R.; Bera, J.; Ransier, A.; Fedorova, N.; Stockwell, T.; Amedeo, P.; Appalla, L.; Bishop, B.; Edworthy, P.; Gupta, N.; Hoover, J.; Katzel, D.; Li, K.; Schobel, S.; Shrivastava, S.; Thovarai, V.; Wang, S.; Rebuffo-Scheer, C.; Fan, J.; He, J.; Kehl, S. C.; Lederboer, N.; Jurgens, L. A.; Bose, M. E.; Beck, E. T.; Kumar, S.; Gerna, G.; Wentworth, D. E.; Henrickson, K. J.";J. Craig Venter Institute;Homo sapiens;15176;2013-11-25;PP_001B7Y7;KF826832.1;Automated Ingest from INSDC/NCBI Virus by Loculus;OPEN;https://pathoplexus.org/about/terms-of-use/open-data;;1.0;;;KF826832.1;;;RSVA/Homo sapiens/ITA/120/2009;0;0
PP_001B7Z5.2;A.3.1;2009-03-19;Italy;Pavia;"Lorenzi, H.; Town, C.; Halpin, R.; Bera, J.; Ransier, A.; Fedorova, N.; Stockwell, T.; Amedeo, P.; Appalla, L.; Bishop, B.; Edworthy, P.; Gupta, N.; Hoover, J.; Katzel, D.; Li, K.; Schobel, S.; Shrivastava, S.; Thovarai, V.; Wang, S.; Rebuffo-Scheer, C.; Fan, J.; He, J.; Kehl, S. C.; Lederboer, N.; Jurgens, L. A.; Bose, M. E.; Beck, E. T.; Kumar, S.; Gerna, G.; Wentworth, D. E.; Henrickson, K. J.";J. Craig Venter Institute;Homo sapiens;15129;2013-11-25;PP_001B7Z5;KF826833.1;Automated Ingest from INSDC/NCBI Virus by Loculus;OPEN;https://pathoplexus.org/about/terms-of-use/open-data;;0.998752052545156;;;KF826833.1;;;RSVA/Homo sapiens/ITA/121/2009;0;0
PP_001B803.2;A.2.1.1;2006-01-04;Mexico;;"Lorenzi, H.; Town, C.; Halpin, R.; Bera, J.; Ransier, A.; Fedorova, N.; Stockwell, T.; Amedeo, P.; Appalla, L.; Bishop, B.; Edworthy, P.; Gupta, N.; Hoover, J.; Katzel, D.; Li, K.; Schobel, S.; Shrivastava, S.; Thovarai, V.; Wang, S.; Rebuffo-Scheer, C.; Fan, J.; He, J.; Kehl, S. C.; Lederboer, N.; Jurgens, L. A.; Bose, M. E.; Beck, E. T.; Kumar, S.; Noyola, D. E.; Wentworth, D. E.; Henrickson, K. J.";J. Craig Venter Institute;Homo sapiens;15165;2013-11-25;PP_001B803;KF826836.1;Automated Ingest from INSDC/NCBI Virus by Loculus;OPEN;https://pathoplexus.org/about/terms-of-use/open-data;;0.998752052545156;;;KF826836.1;;;RSVA/Homo sapiens/MEX/26/2006;0;0
PP_001B811.2;A.2.1.1;2006-01-20;Mexico;;"Lorenzi, H.; Town, C.; Halpin, R.; Bera, J.; Ransier, A.; Fedorova, N.; Stockwell, T.; Amedeo, P.; Appalla, L.; Bishop, B.; Edworthy, P.; Gupta, N.; Hoover, J.; Katzel, D.; Li, K.; Schobel, S.; Shrivastava, S.; Thovarai, V.; Wang, S.; Rebuffo-Scheer, C.; Fan, J.; He, J.; Kehl, S. C.; Lederboer, N.; Jurgens, L. A.; Bose, M. E.; Beck, E. T.; Kumar, S.; Noyola, D. E.; Wentworth, D. E.; Henrickson, K. J.";J. Craig Venter Institute;Homo sapiens;15194;2013-11-25;PP_001B811;KF826837.1;Automated Ingest from INSDC/NCBI Virus by Loculus;OPEN;https://pathoplexus.org/about/terms-of-use/open-data;;1.0;;;KF826837.1;;;RSVA/Homo sapiens/MEX/27/2006;0;0
PP_001B82Z.2;A.3.1;2006-06-06;Argentina;;"Lorenzi, H.; Town, C.; Halpin, R.; Bera, J.; Ransier, A.; Fedorova, N.; Stockwell, T.; Amedeo, P.; Appalla, L.; Bishop, B.; Edworthy, P.; Gupta, N.; Hoover, J.; Katzel, D.; Li, K.; Schobel, S.; Shrivastava, S.; Thovarai, V.; Wang, S.; Rebuffo-Scheer, C.; Fan, J.; He, J.; Kehl, S. C.; Lederboer, N.; Jurgens, L. A.; Bose, M. E.; Beck, E. T.; Kumar, S.; Videla, C.; Wentworth, D. E.; Henrickson, K. J.";J. Craig Venter Institute;Homo sapiens;15189;2013-11-25;PP_001B82Z;KF826838.1;Automated Ingest from INSDC/NCBI Virus by Loculus;OPEN;https://pathoplexus.org/about/terms-of-use/open-data;;1.0;;;KF826838.1;;;RSVA/Homo sapiens/ARG/177/2006;0;0
PP_001B83X.2;A.3.1;2007-02-16;Mexico;;"Lorenzi, H.; Town, C.; Halpin, R.; Bera, J.; Ransier, A.; Fedorova, N.; Stockwell, T.; Amedeo, P.; Appalla, L.; Bishop, B.; Edworthy, P.; Gupta, N.; Hoover, J.; Katzel, D.; Li, K.; Schobel, S.; Shrivastava, S.; Thovarai, V.; Wang, S.; Rebuffo-Scheer, C.; Fan, J.; He, J.; Kehl, S. C.; Lederboer, N.; Jurgens, L. A.; Bose, M. E.; Beck, E. T.; Kumar, S.; Noyola, D. E.; Wentworth, D. E.; Henrickson, K. J.";J. Craig Venter Institute;Homo sapiens;15106;2013-11-25;PP_001B83X;KF826840.1;Automated Ingest from INSDC/NCBI Virus by Loculus;OPEN;https://pathoplexus.org/about/terms-of-use/open-data;;0.9952052545155994;;;KF826840.1;;;RSVA/Homo sapiens/MEX/29/2007;0;0
PP_001B84V.2;A.2.1.1;2007-05-02;Argentina;;"Lorenzi, H.; Town, C.; Halpin, R.; Bera, J.; Ransier, A.; Fedorova, N.; Stockwell, T.; Amedeo, P.; Appalla, L.; Bishop, B.; Edworthy, P.; Gupta, N.; Hoover, J.; Katzel, D.; Li, K.; Schobel, S.; Shrivastava, S.; Thovarai, V.; Wang, S.; Rebuffo-Scheer, C.; Fan, J.; He, J.; Kehl, S. C.; Lederboer, N.; Jurgens, L. A.; Bose, M. E.; Beck, E. T.; Kumar, S.; Videla, C.; Wentworth, D. E.; Henrickson, K. J.";J. Craig Venter Institute;Homo sapiens;15194;2013-11-25;PP_001B84V;KF826841.1;Automated Ingest from INSDC/NCBI Virus by Loculus;OPEN;https://pathoplexus.org/about/terms-of-use/open-data;;1.0;;;KF826841.1;;;RSVA/Homo sapiens/ARG/190/2007;0;0
PP_001B85T.2;A.2.1.1;2008-05-15;Argentina;;"Lorenzi, H.; Town, C.; Halpin, R.; Bera, J.; Ransier, A.; Fedorova, N.; Stockwell, T.; Amedeo, P.; Appalla, L.; Bishop, B.; Edworthy, P.; Gupta, N.; Hoover, J.; Katzel, D.; Li, K.; Schobel, S.; Shrivastava, S.; Thovarai, V.; Wang, S.; Rebuffo-Scheer, C.; Fan, J.; He, J.; Kehl, S. C.; Lederboer, N.; Jurgens, L. A.; Bose, M. E.; Beck, E. T.; Kumar, S.; Videla, C.; Wentworth, D. E.; Henrickson, K. J.";J. Craig Venter Institute;Homo sapiens;15142;2013-11-25;PP_001B85T;KF826846.1;Automated Ingest from INSDC/NCBI Virus by Loculus;OPEN;https://pathoplexus.org/about/terms-of-use/open-data;;0.998752052545156;;;KF826846.1;;;RSVA/Homo sapiens/ARG/202/2008;0;0
PP_001B86R.2;A.2.1;2007;Australia;;"Lorenzi, H.; Town, C.; Halpin, R.; Bera, J.; Ransier, A.; Fedorova, N.; Stockwell, T.; Amedeo, P.; Appalla, L.; Bishop, B.; Edworthy, P.; Gupta, N.; Hoover, J.; Katzel, D.; Li, K.; Schobel, S.; Shrivastava, S.; Thovarai, V.; Wang, S.; Rebuffo-Scheer, C.; Fan, J.; He, J.; Kehl, S. C.; Lederboer, N.; Jurgens, L. A.; Bose, M. E.; Beck, E. T.; Kumar, S.; Kok, T.; Wentworth, D. E.; Henrickson, K. J.";J. Craig Venter Institute;Homo sapiens;15179;2013-11-25;PP_001B86R;KF826847.1;Automated Ingest from INSDC/NCBI Virus by Loculus;OPEN;https://pathoplexus.org/about/terms-of-use/open-data;;1.0;;;KF826847.1;;;RSVA/Homo sapiens/AUS/248/2007;0;0
PP_001B87P.2;A.3;2007;Australia;;"Lorenzi, H.; Town, C.; Halpin, R.; Bera, J.; Ransier, A.; Fedorova, N.; Stockwell, T.; Amedeo, P.; Appalla, L.; Bishop, B.; Edworthy, P.; Gupta, N.; Hoover, J.; Katzel, D.; Li, K.; Schobel, S.; Shrivastava, S.; Thovarai, V.; Wang, S.; Rebuffo-Scheer, C.; Fan, J.; He, J.; Kehl, S. C.; Lederboer, N.; Jurgens, L. A.; Bose, M. E.; Beck, E. T.; Kumar, S.; Kok, T.; Wentworth, D. E.; Henrickson, K. J.";J. Craig Venter Institute;Homo sapiens;15190;2013-11-25;PP_001B87P;KF826848.1;Automated Ingest from INSDC/NCBI Virus by Loculus;OPEN;https://pathoplexus.org/about/terms-of-use/open-data;;1.0;;;KF826848.1;;;RSVA/Homo sapiens/AUS/249/2007;0;0
PP_001B89K.2;A.2.1.1;2008;USA;SE Wisconsin;"Lorenzi, H.; Town, C.; Halpin, R.; Bera, J.; Ransier, A.; Fedorova, N.; Stockwell, T.; Amedeo, P.; Appalla, L.; Bishop, B.; Edworthy, P.; Gupta, N.; Hoover, J.; Katzel, D.; Li, K.; Schobel, S.; Shrivastava, S.; Thovarai, V.; Wang, S.; Rebuffo-Scheer, C.; Fan, J.; He, J.; Kehl, S. C.; Lederboer, N.; Jurgens, L. A.; Bose, M. E.; Beck, E. T.; Kumar, S.; Wentworth, D. E.; Henrickson, K. J.";J. Craig Venter Institute;Homo sapiens;15193;2013-11-25;PP_001B89K;KF826850.1;Automated Ingest from INSDC/NCBI Virus by Loculus;OPEN;https://pathoplexus.org/about/terms-of-use/open-data;;0.9999343185550083;;;KF826850.1;;;RSVA/Homo sapiens/USA/629-11-1/2008;1;0
PP_001B8AH.2;A.2.1.1;2007;USA;SE Wisconsin;"Lorenzi, H.; Town, C.; Halpin, R.; Bera, J.; Ransier, A.; Fedorova, N.; Stockwell, T.; Amedeo, P.; Appalla, L.; Bishop, B.; Edworthy, P.; Gupta, N.; Hoover, J.; Katzel, D.; Li, K.; Schobel, S.; Shrivastava, S.; Thovarai, V.; Wang, S.; Rebuffo-Scheer, C.; Fan, J.; He, J.; Kehl, S. C.; Lederboer, N.; Jurgens, L. A.; Bose, M. E.; Beck, E. T.; Kumar, S.; Wentworth, D. E.; Henrickson, K. J.";J. Craig Venter Institute;Homo sapiens;15167;2013-11-25;PP_001B8AH;KF826852.1;Automated Ingest from INSDC/NCBI Virus by Loculus;OPEN;https://pathoplexus.org/about/terms-of-use/open-data;;1.0;;;KF826852.1;;;RSVA/Homo sapiens/USA/629-1/2007;0;0
PP_001B8BF.2;A.2.1;2009-02-26;Italy;Pavia;"Lorenzi, H.; Town, C.; Halpin, R.; Bera, J.; Ransier, A.; Fedorova, N.; Stockwell, T.; Amedeo, P.; Appalla, L.; Bishop, B.; Edworthy, P.; Gupta, N.; Hoover, J.; Katzel, D.; Li, K.; Schobel, S.; Shrivastava, S.; Thovarai, V.; Wang, S.; Rebuffo-Scheer, C.; Fan, J.; He, J.; Kehl, S. C.; Lederboer, N.; Jurgens, L. A.; Bose, M. E.; Beck, E. T.; Kumar, S.; Gerna, G.; Wentworth, D. E.; Henrickson, K. J.";J. Craig Venter Institute;Homo sapiens;15192;2013-11-25;PP_001B8BF;KF826854.1;Automated Ingest from INSDC/NCBI Virus by Loculus;OPEN;https://pathoplexus.org/about/terms-of-use/open-data;;1.0;;;KF826854.1;;;RSVA/Homo sapiens/ITA/119/2009;0;0
PP_001B8CD.2;A.3.1;2009-03-26;Italy;Pavia;"Lorenzi, H.; Town, C.; Halpin, R.; Bera, J.; Ransier, A.; Fedorova, N.; Stockwell, T.; Amedeo, P.; Appalla, L.; Bishop, B.; Edworthy, P.; Gupta, N.; Hoover, J.; Katzel, D.; Li, K.; Schobel, S.; Shrivastava, S.; Thovarai, V.; Wang, S.; Rebuffo-Scheer, C.; Fan, J.; He, J.; Kehl, S. C.; Lederboer, N.; Jurgens, L. A.; Bose, M. E.; Beck, E. T.; Kumar, S.; Gerna, G.; Wentworth, D. E.; Henrickson, K. J.";J. Craig Venter Institute;Homo sapiens;15163;2013-11-25;PP_001B8CD;KF826855.1;Automated Ingest from INSDC/NCBI Virus by Loculus;OPEN;https://pathoplexus.org/about/terms-of-use/open-data;;1.0;;;KF826855.1;;;RSVA/Homo sapiens/ITA/123/2009;0;0
PP_001B8DB.2;A.3.1;2009-04-23;Italy;Pavia;"Lorenzi, H.; Town, C.; Halpin, R.; Bera, J.; Ransier, A.; Fedorova, N.; Stockwell, T.; Amedeo, P.; Appalla, L.; Bishop, B.; Edworthy, P.; Gupta, N.; Hoover, J.; Katzel, D.; Li, K.; Schobel, S.; Shrivastava, S.; Thovarai, V.; Wang, S.; Rebuffo-Scheer, C.; Fan, J.; He, J.; Kehl, S. C.; Lederboer, N.; Jurgens, L. A.; Bose, M. E.; Beck, E. T.; Kumar, S.; Gerna, G.; Wentworth, D. E.; Henrickson, K. J.";J. Craig Venter Institute;Homo sapiens;15188;2013-11-25;PP_001B8DB;KF826856.1;Automated Ingest from INSDC/NCBI Virus by Loculus;OPEN;https://pathoplexus.org/about/terms-of-use/open-data;;1.0;;;KF826856.1;;;RSVA/Homo sapiens/ITA/125/2009;0;0
PP_001BC9F.1;A.2.1.1;2002;USA;Tennessee;"Grad, Y. H.; Newman, R.; Zody, M.; Yang, X.; Murphy, R.; Qu, J.; Malboeuf, C. M.; Levin, J. Z.; Lipsitch, M.; DeVincenzo, J.; Newman, R. M.; Zody, M. C.; DeVincenzo, J. P.; Grad, Y.; Fitzgerald, M.; Young, S.; Gargeya, S.; Poon, T. W.; Charlebois, P.; Weiner, B.; Piper, M. E.; McCowan, C.; Ireland, A.; Levin, J.; Malboeuf, C.; Chapman, S. B.; Murphy, C.; Wortman, J.; Nusbaum, C.; Birren, B.";Broad Institute of MIT & Harvard;Homo sapiens;15137;2014-07-22;PP_001BC9F;KF973319.1;Automated Ingest from INSDC/NCBI Virus by Loculus;OPEN;https://pathoplexus.org/about/terms-of-use/open-data;;0.998423645320197;;;KF973319.1;;;RSV-A/US/BID-V7335/2002;0;0
PP_001BCAD.1;A.2.1.1;2002;USA;Tennessee;"Grad, Y. H.; Newman, R.; Zody, M.; Yang, X.; Murphy, R.; Qu, J.; Malboeuf, C. M.; Levin, J. Z.; Lipsitch, M.; DeVincenzo, J.; Newman, R. M.; Zody, M. C.; DeVincenzo, J. P.; Grad, Y.; Fitzgerald, M.; Young, S.; Gargeya, S.; Poon, T. W.; Charlebois, P.; Weiner, B.; Piper, M. E.; McCowan, C.; Ireland, A.; Levin, J.; Malboeuf, C.; Chapman, S. B.; Murphy, C.; Wortman, J.; Nusbaum, C.; Birren, B.";Broad Institute of MIT & Harvard;Homo sapiens;15168;2014-07-22;PP_001BCAD;KF973320.1;Automated Ingest from INSDC/NCBI Virus by Loculus;OPEN;https://pathoplexus.org/about/terms-of-use/open-data;;0.9989490968801313;;;KF973320.1;;;RSV-A/US/BID-V7336/2002;0;0
PP_001BCBB.1;A.2.1.1;2002;USA;Tennessee;"Grad, Y. H.; Newman, R.; Zody, M.; Yang, X.; Murphy, R.; Qu, J.; Malboeuf, C. M.; Levin, J. Z.; Lipsitch, M.; DeVincenzo, J.; Newman, R. M.; Zody, M. C.; DeVincenzo, J. P.; Grad, Y.; Fitzgerald, M.; Young, S.; Gargeya, S.; Poon, T. W.; Charlebois, P.; Weiner, B.; Piper, M. E.; McCowan, C.; Ireland, A.; Levin, J.; Malboeuf, C.; Chapman, S. B.; Murphy, C.; Wortman, J.; Nusbaum, C.; Birren, B.";Broad Institute of MIT & Harvard;Homo sapiens;15170;2014-07-22;PP_001BCBB;KF973321.1;Automated Ingest from INSDC/NCBI Virus by Loculus;OPEN;https://pathoplexus.org/about/terms-of-use/open-data;;0.999080459770115;;;KF973321.1;;;RSV-A/US/BID-V7337/2002;0;0
PP_001BCC9.1;A.2.1.1;2002;USA;Tennessee;"Grad, Y. H.; Newman, R.; Zody, M.; Yang, X.; Murphy, R.; Qu, J.; Malboeuf, C. M.; Levin, J. Z.; Lipsitch, M.; DeVincenzo, J.; Newman, R. M.; Zody, M. C.; DeVincenzo, J. P.; Grad, Y.; Fitzgerald, M.; Young, S.; Gargeya, S.; Poon, T. W.; Charlebois, P.; Weiner, B.; Piper, M. E.; McCowan, C.; Ireland, A.; Levin, J.; Malboeuf, C.; Chapman, S. B.; Murphy, C.; Wortman, J.; Nusbaum, C.; Birren, B.";Broad Institute of MIT & Harvard;Homo sapiens;15170;2014-07-22;PP_001BCC9;KF973322.1;Automated Ingest from INSDC/NCBI Virus by Loculus;OPEN;https://pathoplexus.org/about/terms-of-use/open-data;;0.999080459770115;;;KF973322.1;;;RSV-A/US/BID-V7338/2002;0;0
PP_001BCD7.1;A.2.1.1;2002;USA;Tennessee;"Grad, Y. H.; Newman, R.; Zody, M.; Yang, X.; Murphy, R.; Qu, J.; Malboeuf, C. M.; Levin, J. Z.; Lipsitch, M.; DeVincenzo, J.; Newman, R. M.; Zody, M. C.; DeVincenzo, J. P.; Grad, Y.; Fitzgerald, M.; Young, S.; Gargeya, S.; Poon, T. W.; Charlebois, P.; Weiner, B.; Piper, M. E.; McCowan, C.; Ireland, A.; Levin, J.; Malboeuf, C.; Chapman, S. B.; Murphy, C.; Wortman, J.; Nusbaum, C.; Birren, B.";Broad Institute of MIT & Harvard;Homo sapiens;15168;2014-07-22;PP_001BCD7;KF973323.1;Automated Ingest from INSDC/NCBI Virus by Loculus;OPEN;https://pathoplexus.org/about/terms-of-use/open-data;;0.9989490968801313;;;KF973323.1;;;RSV-A/US/BID-V7339/2002;0;0
PP_001BCE5.1;A.2.1.1;2002;USA;Tennessee;"Grad, Y. H.; Newman, R.; Zody, M.; Yang, X.; Murphy, R.; Qu, J.; Malboeuf, C. M.; Levin, J. Z.; Lipsitch, M.; DeVincenzo, J.; Newman, R. M.; Zody, M. C.; DeVincenzo, J. P.; Grad, Y.; Fitzgerald, M.; Young, S.; Gargeya, S.; Poon, T. W.; Charlebois, P.; Weiner, B.; Piper, M. E.; McCowan, C.; Ireland, A.; Levin, J.; Malboeuf, C.; Chapman, S. B.; Murphy, C.; Wortman, J.; Nusbaum, C.; Birren, B.";Broad Institute of MIT & Harvard;Homo sapiens;15142;2014-07-22;PP_001BCE5;KF973324.1;Automated Ingest from INSDC/NCBI Virus by Loculus;OPEN;https://pathoplexus.org/about/terms-of-use/open-data;;0.998752052545156;;;KF973324.1;;;RSV-A/US/BID-V7340/2002;0;0
PP_001BCF3.1;A.2.1.1;2002;USA;Tennessee;"Grad, Y. H.; Newman, R.; Zody, M.; Yang, X.; Murphy, R.; Qu, J.; Malboeuf, C. M.; Levin, J. Z.; Lipsitch, M.; DeVincenzo, J.; Newman, R. M.; Zody, M. C.; DeVincenzo, J. P.; Grad, Y.; Fitzgerald, M.; Young, S.; Gargeya, S.; Poon, T. W.; Charlebois, P.; Weiner, B.; Piper, M. E.; McCowan, C.; Ireland, A.; Levin, J.; Malboeuf, C.; Chapman, S. B.; Murphy, C.; Wortman, J.; Nusbaum, C.; Birren, B.";Broad Institute of MIT & Harvard;Homo sapiens;15196;2014-07-22;PP_001BCF3;KF973325.1;Automated Ingest from INSDC/NCBI Virus by Loculus;OPEN;https://pathoplexus.org/about/terms-of-use/open-data;;1.0;;;KF973325.1;;;RSV-A/US/BID-V7342/2002;0;0
PP_001BCG1.1;A.2.1.1;2002;USA;Tennessee;"Grad, Y. H.; Newman, R.; Zody, M.; Yang, X.; Murphy, R.; Qu, J.; Malboeuf, C. M.; Levin, J. Z.; Lipsitch, M.; DeVincenzo, J.; Newman, R. M.; Zody, M. C.; DeVincenzo, J. P.; Grad, Y.; Fitzgerald, M.; Young, S.; Gargeya, S.; Poon, T. W.; Charlebois, P.; Weiner, B.; Piper, M. E.; McCowan, C.; Ireland, A.; Levin, J.; Malboeuf, C.; Chapman, S. B.; Murphy, C.; Wortman, J.; Nusbaum, C.; Birren, B.";Broad Institute of MIT & Harvard;Homo sapiens;15128;2014-07-22;PP_001BCG1;KF973326.1;Automated Ingest from INSDC/NCBI Virus by Loculus;OPEN;https://pathoplexus.org/about/terms-of-use/open-data;;0.9963218390804598;;;KF973326.1;;;RSV-A/US/BID-V7343/2002;0;0
PP_001BCHY.1;A.2.1.1;2002;USA;Tennessee;"Grad, Y. H.; Newman, R.; Zody, M.; Yang, X.; Murphy, R.; Qu, J.; Malboeuf, C. M.; Levin, J. Z.; Lipsitch, M.; DeVincenzo, J.; Newman, R. M.; Zody, M. C.; DeVincenzo, J. P.; Grad, Y.; Fitzgerald, M.; Young, S.; Gargeya, S.; Poon, T. W.; Charlebois, P.; Weiner, B.; Piper, M. E.; McCowan, C.; Ireland, A.; Levin, J.; Malboeuf, C.; Chapman, S. B.; Murphy, C.; Wortman, J.; Nusbaum, C.; Birren, B.";Broad Institute of MIT & Harvard;Homo sapiens;15138;2014-07-22;PP_001BCHY;KF973327.1;Automated Ingest from INSDC/NCBI Virus by Loculus;OPEN;https://pathoplexus.org/about/terms-of-use/open-data;;0.9984893267651889;;;KF973327.1;;;RSV-A/US/BID-V7344/2002;0;0
PP_001BCJW.1;A.2.1.1;2002;USA;Tennessee;"Grad, Y. H.; Newman, R.; Zody, M.; Yang, X.; Murphy, R.; Qu, J.; Malboeuf, C. M.; Levin, J. Z.; Lipsitch, M.; DeVincenzo, J.; Newman, R. M.; Zody, M. C.; DeVincenzo, J. P.; Grad, Y.; Fitzgerald, M.; Young, S.; Gargeya, S.; Poon, T. W.; Charlebois, P.; Weiner, B.; Piper, M. E.; McCowan, C.; Ireland, A.; Levin, J.; Malboeuf, C.; Chapman, S. B.; Murphy, C.; Wortman, J.; Nusbaum, C.; Birren, B.";Broad Institute of MIT & Harvard;Homo sapiens;15169;2014-07-22;PP_001BCJW;KF973328.1;Automated Ingest from INSDC/NCBI Virus by Loculus;OPEN;https://pathoplexus.org/about/terms-of-use/open-data;;0.999080459770115;;;KF973328.1;;;RSV-A/US/BID-V7345/2002;0;0
PP_001BCKU.1;A.2.1.1;2002;USA;Tennessee;"Grad, Y. H.; Newman, R.; Zody, M.; Yang, X.; Murphy, R.; Qu, J.; Malboeuf, C. M.; Levin, J. Z.; Lipsitch, M.; DeVincenzo, J.; Newman, R. M.; Zody, M. C.; DeVincenzo, J. P.; Grad, Y.; Fitzgerald, M.; Young, S.; Gargeya, S.; Poon, T. W.; Charlebois, P.; Weiner, B.; Piper, M. E.; McCowan, C.; Ireland, A.; Levin, J.; Malboeuf, C.; Chapman, S. B.; Murphy, C.; Wortman, J.; Nusbaum, C.; Birren, B.";Broad Institute of MIT & Harvard;Homo sapiens;15152;2014-07-22;PP_001BCKU;KF973329.1;Automated Ingest from INSDC/NCBI Virus by Loculus;OPEN;https://pathoplexus.org/about/terms-of-use/open-data;;0.9978981937602627;;;KF973329.1;;;RSV-A/US/BID-V7346/2002;0;0
PP_001BCLS.1;A.2.1.1;2002;USA;Tennessee;"Grad, Y. H.; Newman, R.; Zody, M.; Yang, X.; Murphy, R.; Qu, J.; Malboeuf, C. M.; Levin, J. Z.; Lipsitch, M.; DeVincenzo, J.; Newman, R. M.; Zody, M. C.; DeVincenzo, J. P.; Grad, Y.; Fitzgerald, M.; Young, S.; Gargeya, S.; Poon, T. W.; Charlebois, P.; Weiner, B.; Piper, M. E.; McCowan, C.; Ireland, A.; Levin, J.; Malboeuf, C.; Chapman, S. B.; Murphy, C.; Wortman, J.; Nusbaum, C.; Birren, B.";Broad Institute of MIT & Harvard;Homo sapiens;15169;2014-07-22;PP_001BCLS;KF973330.1;Automated Ingest from INSDC/NCBI Virus by Loculus;OPEN;https://pathoplexus.org/about/terms-of-use/open-data;;0.9990147783251232;;;KF973330.1;;;RSV-A/US/BID-V7347/2002;0;0
PP_001BCMQ.1;A.2.1.1;2002;USA;Tennessee;"Grad, Y. H.; Newman, R.; Zody, M.; Yang, X.; Murphy, R.; Qu, J.; Malboeuf, C. M.; Levin, J. Z.; Lipsitch, M.; DeVincenzo, J.; Newman, R. M.; Zody, M. C.; DeVincenzo, J. P.; Grad, Y.; Fitzgerald, M.; Young, S.; Gargeya, S.; Poon, T. W.; Charlebois, P.; Weiner, B.; Piper, M. E.; McCowan, C.; Ireland, A.; Levin, J.; Malboeuf, C.; Chapman, S. B.; Murphy, C.; Wortman, J.; Nusbaum, C.; Birren, B.";Broad Institute of MIT & Harvard;Homo sapiens;15213;2014-07-22;PP_001BCMQ;KF973331.1;Automated Ingest from INSDC/NCBI Virus by Loculus;OPEN;https://pathoplexus.org/about/terms-of-use/open-data;;1.0;;;KF973331.1;;;RSV-A/US/BID-V7348/2002;0;0
PP_001BCNN.1;A.2.1.1;2002;USA;Tennessee;"Grad, Y. H.; Newman, R.; Zody, M.; Yang, X.; Murphy, R.; Qu, J.; Malboeuf, C. M.; Levin, J. Z.; Lipsitch, M.; DeVincenzo, J.; Newman, R. M.; Zody, M. C.; DeVincenzo, J. P.; Grad, Y.; Fitzgerald, M.; Young, S.; Gargeya, S.; Poon, T. W.; Charlebois, P.; Weiner, B.; Piper, M. E.; McCowan, C.; Ireland, A.; Levin, J.; Malboeuf, C.; Chapman, S. B.; Murphy, C.; Wortman, J.; Nusbaum, C.; Birren, B.";Broad Institute of MIT & Harvard;Homo sapiens;15090;2014-07-22;PP_001BCNN;KF973332.1;Automated Ingest from INSDC/NCBI Virus by Loculus;OPEN;https://pathoplexus.org/about/terms-of-use/open-data;;0.9953366174055829;;;KF973332.1;;;RSV-A/US/BID-V7349/2002;0;0
PP_001BCPL.1;A.2.1.1;2002;USA;Tennessee;"Grad, Y. H.; Newman, R.; Zody, M.; Yang, X.; Murphy, R.; Qu, J.; Malboeuf, C. M.; Levin, J. Z.; Lipsitch, M.; DeVincenzo, J.; Newman, R. M.; Zody, M. C.; DeVincenzo, J. P.; Grad, Y.; Fitzgerald, M.; Young, S.; Gargeya, S.; Poon, T. W.; Charlebois, P.; Weiner, B.; Piper, M. E.; McCowan, C.; Ireland, A.; Levin, J.; Malboeuf, C.; Chapman, S. B.; Murphy, C.; Wortman, J.; Nusbaum, C.; Birren, B.";Broad Institute of MIT & Harvard;Homo sapiens;15170;2014-07-22;PP_001BCPL;KF973333.1;Automated Ingest from INSDC/NCBI Virus by Loculus;OPEN;https://pathoplexus.org/about/terms-of-use/open-data;;0.999080459770115;;;KF973333.1;;;RSV-A/US/BID-V7350/2002;0;0
PP_001BCQJ.1;A.2.1.1;2002;USA;Tennessee;"Grad, Y. H.; Newman, R.; Zody, M.; Yang, X.; Murphy, R.; Qu, J.; Malboeuf, C. M.; Levin, J. Z.; Lipsitch, M.; DeVincenzo, J.; Newman, R. M.; Zody, M. C.; DeVincenzo, J. P.; Grad, Y.; Fitzgerald, M.; Young, S.; Gargeya, S.; Poon, T. W.; Charlebois, P.; Weiner, B.; Piper, M. E.; McCowan, C.; Ireland, A.; Levin, J.; Malboeuf, C.; Chapman, S. B.; Murphy, C.; Wortman, J.; Nusbaum, C.; Birren, B.";Broad Institute of MIT & Harvard;Homo sapiens;15201;2014-07-22;PP_001BCQJ;KF973334.1;Automated Ingest from INSDC/NCBI Virus by Loculus;OPEN;https://pathoplexus.org/about/terms-of-use/open-data;;1.0;;;KF973334.1;;;RSV-A/US/BID-V7351/2002;0;0
PP_001BCRG.1;A.2.1.1;2002;USA;Tennessee;"Grad, Y. H.; Newman, R.; Zody, M.; Yang, X.; Murphy, R.; Qu, J.; Malboeuf, C. M.; Levin, J. Z.; Lipsitch, M.; DeVincenzo, J.; Newman, R. M.; Zody, M. C.; DeVincenzo, J. P.; Grad, Y.; Fitzgerald, M.; Young, S.; Gargeya, S.; Poon, T. W.; Charlebois, P.; Weiner, B.; Piper, M. E.; McCowan, C.; Ireland, A.; Levin, J.; Malboeuf, C.; Chapman, S. B.; Murphy, C.; Wortman, J.; Nusbaum, C.; Birren, B.";Broad Institute of MIT & Harvard;Homo sapiens;15092;2014-07-22;PP_001BCRG;KF973335.1;Automated Ingest from INSDC/NCBI Virus by Loculus;OPEN;https://pathoplexus.org/about/terms-of-use/open-data;;0.9954679802955665;;;KF973335.1;;;RSV-A/US/BID-V7354/2002;0;0
PP_001BCSE.1;A.2.1.1;2002;USA;Tennessee;"Grad, Y. H.; Newman, R.; Zody, M.; Yang, X.; Murphy, R.; Qu, J.; Malboeuf, C. M.; Levin, J. Z.; Lipsitch, M.; DeVincenzo, J.; Newman, R. M.; Zody, M. C.; DeVincenzo, J. P.; Grad, Y.; Fitzgerald, M.; Young, S.; Gargeya, S.; Poon, T. W.; Charlebois, P.; Weiner, B.; Piper, M. E.; McCowan, C.; Ireland, A.; Levin, J.; Malboeuf, C.; Chapman, S. B.; Murphy, C.; Wortman, J.; Nusbaum, C.; Birren, B.";Broad Institute of MIT & Harvard;Homo sapiens;15128;2014-07-22;PP_001BCSE;KF973336.1;Automated Ingest from INSDC/NCBI Virus by Loculus;OPEN;https://pathoplexus.org/about/terms-of-use/open-data;;0.9963218390804598;;;KF973336.1;;;RSV-A/US/BID-V7355/2002;0;0
PP_001BCUA.1;A.2.1.1;2002;USA;Tennessee;"Grad, Y. H.; Newman, R.; Zody, M.; Yang, X.; Murphy, R.; Qu, J.; Malboeuf, C. M.; Levin, J. Z.; Lipsitch, M.; DeVincenzo, J.; Newman, R. M.; Zody, M. C.; DeVincenzo, J. P.; Grad, Y.; Fitzgerald, M.; Young, S.; Gargeya, S.; Poon, T. W.; Charlebois, P.; Weiner, B.; Piper, M. E.; McCowan, C.; Ireland, A.; Levin, J.; Malboeuf, C.; Chapman, S. B.; Murphy, C.; Wortman, J.; Nusbaum, C.; Birren, B.";Broad Institute of MIT & Harvard;Homo sapiens;15170;2014-07-22;PP_001BCUA;KF973338.1;Automated Ingest from INSDC/NCBI Virus by Loculus;OPEN;https://pathoplexus.org/about/terms-of-use/open-data;;0.999080459770115;;;KF973338.1;;;RSV-A/US/BID-V7357/2002;0;0
PP_001BCV8.1;A.2.1.1;2002;USA;Tennessee;"Grad, Y. H.; Newman, R.; Zody, M.; Yang, X.; Murphy, R.; Qu, J.; Malboeuf, C. M.; Levin, J. Z.; Lipsitch, M.; DeVincenzo, J.; Newman, R. M.; Zody, M. C.; DeVincenzo, J. P.; Grad, Y.; Fitzgerald, M.; Young, S.; Gargeya, S.; Poon, T. W.; Charlebois, P.; Weiner, B.; Piper, M. E.; McCowan, C.; Ireland, A.; Levin, J.; Malboeuf, C.; Chapman, S. B.; Murphy, C.; Wortman, J.; Nusbaum, C.; Birren, B.";Broad Institute of MIT & Harvard;Homo sapiens;15155;2014-07-22;PP_001BCV8;KF973339.1;Automated Ingest from INSDC/NCBI Virus by Loculus;OPEN;https://pathoplexus.org/about/terms-of-use/open-data;;0.9980952380952381;;;KF973339.1;;;RSV-A/US/BID-V7358/2002;0;0
PP_001BCW6.1;A.2.1.1;2002;USA;Tennessee;"Grad, Y. H.; Newman, R.; Zody, M.; Yang, X.; Murphy, R.; Qu, J.; Malboeuf, C. M.; Levin, J. Z.; Lipsitch, M.; DeVincenzo, J.; Newman, R. M.; Zody, M. C.; DeVincenzo, J. P.; Grad, Y.; Fitzgerald, M.; Young, S.; Gargeya, S.; Poon, T. W.; Charlebois, P.; Weiner, B.; Piper, M. E.; McCowan, C.; Ireland, A.; Levin, J.; Malboeuf, C.; Chapman, S. B.; Murphy, C.; Wortman, J.; Nusbaum, C.; Birren, B.";Broad Institute of MIT & Harvard;Homo sapiens;15138;2014-07-22;PP_001BCW6;KF973340.1;Automated Ingest from INSDC/NCBI Virus by Loculus;OPEN;https://pathoplexus.org/about/terms-of-use/open-data;;0.9984893267651889;;;KF973340.1;;;RSV-A/US/BID-V7359/2002;0;0
PP_001BGLN.2;A.3.1;2009-04-23;Peru;Lima;"Wentworth, D. E.; Halpin, R. A.; Bera, J.; Lin, X.; Fedorova, N.; Tsitrin, T.; McLellan, M.; Stockwell, T.; Amedeo, P.; Bishop, B.; Gupta, N.; Hoover, J.; Katzel, D.; Schobel, S.; Shrivastava, S.; Garcia, J.; Laguna-Torres, V. A.; Leguia, M.; Benavides, J. G.; Halsey, E.";J. Craig Venter Institute;Homo sapiens;14973;2014-04-07;PP_001BGLN;KJ627246.1;Automated Ingest from INSDC/NCBI Virus by Loculus;OPEN;https://pathoplexus.org/about/terms-of-use/open-data;;0.9882430213464696;;;KJ627246.1;;;RSVA/Homo sapiens/PER/FLA6790/2009;0;0
PP_001BGML.2;A.3;2009-04-30;Peru;Loreto;"Wentworth, D. E.; Halpin, R. A.; Bera, J.; Lin, X.; Fedorova, N.; Tsitrin, T.; McLellan, M.; Stockwell, T.; Amedeo, P.; Bishop, B.; Gupta, N.; Hoover, J.; Katzel, D.; Schobel, S.; Shrivastava, S.; Garcia, J.; Laguna-Torres, V. A.; Leguia, M.; Benavides, J. G.; Halsey, E.";J. Craig Venter Institute;Homo sapiens;15102;2014-04-07;PP_001BGML;KJ627248.1;Automated Ingest from INSDC/NCBI Virus by Loculus;OPEN;https://pathoplexus.org/about/terms-of-use/open-data;;0.9964532019704434;;;KJ627248.1;;;RSVA/Homo sapiens/PER/FLA6927/2009;0;0
PP_001BGQE.2;A.3.1;2009-09-25;Peru;Lima;"Wentworth, D. E.; Halpin, R. A.; Bera, J.; Lin, X.; Fedorova, N.; Tsitrin, T.; McLellan, M.; Stockwell, T.; Amedeo, P.; Bishop, B.; Gupta, N.; Hoover, J.; Katzel, D.; Schobel, S.; Shrivastava, S.; Garcia, J.; Laguna-Torres, V. A.; Leguia, M.; Benavides, J. G.; Halsey, E.";J. Craig Venter Institute;Homo sapiens;14950;2014-04-07;PP_001BGQE;KJ627253.1;Automated Ingest from INSDC/NCBI Virus by Loculus;OPEN;https://pathoplexus.org/about/terms-of-use/open-data;;0.9866666666666667;;;KJ627253.1;;;RSVA/Homo sapiens/PER/FLE3832/2009;0;0
PP_001BGRC.2;A.3;2009-04-01;Peru;Lima;"Wentworth, D. E.; Halpin, R. A.; Bera, J.; Lin, X.; Fedorova, N.; Tsitrin, T.; McLellan, M.; Stockwell, T.; Amedeo, P.; Bishop, B.; Gupta, N.; Hoover, J.; Katzel, D.; Schobel, S.; Shrivastava, S.; Garcia, J.; Laguna-Torres, V. A.; Leguia, M.; Benavides, J. G.; Halsey, E.";J. Craig Venter Institute;Homo sapiens;15107;2014-04-07;PP_001BGRC;KJ627255.1;Automated Ingest from INSDC/NCBI Virus by Loculus;OPEN;https://pathoplexus.org/about/terms-of-use/open-data;;0.9965845648604269;;;KJ627255.1;;;RSVA/Homo sapiens/PER/FLA6533/2009;0;0
PP_001BGSA.2;A.3.1;2009-08-16;Peru;Lima;"Wentworth, D. E.; Halpin, R. A.; Bera, J.; Lin, X.; Fedorova, N.; Tsitrin, T.; McLellan, M.; Stockwell, T.; Amedeo, P.; Bishop, B.; Gupta, N.; Hoover, J.; Katzel, D.; Schobel, S.; Shrivastava, S.; Garcia, J.; Laguna-Torres, V. A.; Leguia, M.; Benavides, J. G.; Halsey, E.";J. Craig Venter Institute;Homo sapiens;15102;2014-04-07;PP_001BGSA;KJ627256.1;Automated Ingest from INSDC/NCBI Virus by Loculus;OPEN;https://pathoplexus.org/about/terms-of-use/open-data;;0.9965845648604269;;;KJ627256.1;;;RSVA/Homo sapiens/PER/FLE2322/2009;0;0
PP_001BGU6.2;A.3.1;2010-04-24;Peru;Piura;"Wentworth, D. E.; Halpin, R. A.; Bera, J.; Lin, X.; Fedorova, N.; Tsitrin, T.; McLellan, M.; Stockwell, T.; Amedeo, P.; Bishop, B.; Gupta, N.; Hoover, J.; Katzel, D.; Schobel, S.; Shrivastava, S.; Garcia, J.; Laguna-Torres, V. A.; Leguia, M.; Benavides, J. G.; Halsey, E.";J. Craig Venter Institute;Homo sapiens;15102;2014-04-07;PP_001BGU6;KJ627258.1;Automated Ingest from INSDC/NCBI Virus by Loculus;OPEN;https://pathoplexus.org/about/terms-of-use/open-data;;0.9965845648604269;;;KJ627258.1;;;RSVA/Homo sapiens/PER/FLE9486/2010;0;0
PP_001BGV4.2;A.3.1;2011-04-08;Peru;Loreto;"Wentworth, D. E.; Halpin, R. A.; Bera, J.; Lin, X.; Fedorova, N.; Tsitrin, T.; McLellan, M.; Stockwell, T.; Amedeo, P.; Bishop, B.; Gupta, N.; Hoover, J.; Katzel, D.; Schobel, S.; Shrivastava, S.; Garcia, J.; Laguna-Torres, V. A.; Leguia, M.; Benavides, J. G.; Halsey, E.";J. Craig Venter Institute;Homo sapiens;15101;2014-04-07;PP_001BGV4;KJ627259.1;Automated Ingest from INSDC/NCBI Virus by Loculus;OPEN;https://pathoplexus.org/about/terms-of-use/open-data;;0.9965845648604269;;;KJ627259.1;;;RSVA/Homo sapiens/PER/FPI01734/2011;0;0
PP_001BGW2.2;A.3;2008-03-17;Peru;Piura;"Wentworth, D. E.; Halpin, R. A.; Bera, J.; Lin, X.; Fedorova, N.; Tsitrin, T.; McLellan, M.; Stockwell, T.; Amedeo, P.; Bishop, B.; Gupta, N.; Hoover, J.; Katzel, D.; Schobel, S.; Shrivastava, S.; Garcia, J.; Laguna-Torres, V. A.; Leguia, M.; Benavides, J. G.; Halsey, E.";J. Craig Venter Institute;Homo sapiens;15114;2014-04-07;PP_001BGW2;KJ627260.1;Automated Ingest from INSDC/NCBI Virus by Loculus;OPEN;https://pathoplexus.org/about/terms-of-use/open-data;;0.9965845648604269;;;KJ627260.1;;;RSVA/Homo sapiens/PER/FLA0756/2008;0;0
PP_001BGX0.2;A.3.1;2010-04-21;Peru;Loreto;"Wentworth, D. E.; Halpin, R. A.; Bera, J.; Lin, X.; Fedorova, N.; Tsitrin, T.; McLellan, M.; Stockwell, T.; Amedeo, P.; Bishop, B.; Gupta, N.; Hoover, J.; Katzel, D.; Schobel, S.; Shrivastava, S.; Garcia, J.; Laguna-Torres, V. A.; Leguia, M.; Benavides, J. G.; Halsey, E.";J. Craig Venter Institute;Homo sapiens;15101;2014-04-07;PP_001BGX0;KJ627261.1;Automated Ingest from INSDC/NCBI Virus by Loculus;OPEN;https://pathoplexus.org/about/terms-of-use/open-data;;0.9965845648604269;;;KJ627261.1;;;RSVA/Homo sapiens/PER/FLI1325/2010;0;0
PP_001BGZW.2;A.D;2012-05-16;Peru;Lima;"Wentworth, D. E.; Halpin, R. A.; Bera, J.; Lin, X.; Fedorova, N.; Tsitrin, T.; McLellan, M.; Stockwell, T.; Amedeo, P.; Bishop, B.; Gupta, N.; Hoover, J.; Katzel, D.; Schobel, S.; Shrivastava, S.; Garcia, J.; Laguna-Torres, V. A.; Leguia, M.; Benavides, J. G.; Halsey, E.";J. Craig Venter Institute;Homo sapiens;15173;2014-04-07;PP_001BGZW;KJ627264.1;Automated Ingest from INSDC/NCBI Virus by Loculus;OPEN;https://pathoplexus.org/about/terms-of-use/open-data;;0.9965845648604269;;;KJ627264.1;;;RSVA/Homo sapiens/PER/IPE01270/2012;0;0
PP_001BH0U.2;A.3.1;2009-04-13;Peru;Piura;"Wentworth, D. E.; Halpin, R. A.; Bera, J.; Lin, X.; Fedorova, N.; Tsitrin, T.; McLellan, M.; Stockwell, T.; Amedeo, P.; Bishop, B.; Gupta, N.; Hoover, J.; Katzel, D.; Schobel, S.; Shrivastava, S.; Garcia, J.; Laguna-Torres, V. A.; Leguia, M.; Benavides, J. G.; Halsey, E.";J. Craig Venter Institute;Homo sapiens;15104;2014-04-07;PP_001BH0U;KJ627266.1;Automated Ingest from INSDC/NCBI Virus by Loculus;OPEN;https://pathoplexus.org/about/terms-of-use/open-data;;0.9965845648604269;;;KJ627266.1;;;RSVA/Homo sapiens/PER/FLA6730/2009;0;0
PP_001BH1S.2;A.3.1;2010-02-08;Peru;Lima;"Wentworth, D. E.; Halpin, R. A.; Bera, J.; Lin, X.; Fedorova, N.; Tsitrin, T.; McLellan, M.; Stockwell, T.; Amedeo, P.; Bishop, B.; Gupta, N.; Hoover, J.; Katzel, D.; Schobel, S.; Shrivastava, S.; Garcia, J.; Laguna-Torres, V. A.; Leguia, M.; Benavides, J. G.; Halsey, E.";J. Craig Venter Institute;Homo sapiens;15101;2014-04-07;PP_001BH1S;KJ627267.1;Automated Ingest from INSDC/NCBI Virus by Loculus;OPEN;https://pathoplexus.org/about/terms-of-use/open-data;;0.9965845648604269;;;KJ627267.1;;;RSVA/Homo sapiens/PER/FLE7947/2010;0;0
PP_001BH5J.2;A.3.1;2009-05-29;Peru;Loreto;"Wentworth, D. E.; Halpin, R. A.; Bera, J.; Lin, X.; Fedorova, N.; Tsitrin, T.; McLellan, M.; Stockwell, T.; Amedeo, P.; Bishop, B.; Gupta, N.; Hoover, J.; Katzel, D.; Schobel, S.; Shrivastava, S.; Garcia, J.; Laguna-Torres, V. A.; Leguia, M.; Benavides, J. G.; Halsey, E.";J. Craig Venter Institute;Homo sapiens;15103;2014-04-07;PP_001BH5J;KJ627271.1;Automated Ingest from INSDC/NCBI Virus by Loculus;OPEN;https://pathoplexus.org/about/terms-of-use/open-data;;0.9965845648604269;;;KJ627271.1;;;RSVA/Homo sapiens/PER/FLE0433/2009;0;0
PP_001BH6G.2;A.3.1;2009-04-27;Peru;Lima;"Wentworth, D. E.; Halpin, R. A.; Bera, J.; Lin, X.; Fedorova, N.; Tsitrin, T.; McLellan, M.; Stockwell, T.; Amedeo, P.; Bishop, B.; Gupta, N.; Hoover, J.; Katzel, D.; Schobel, S.; Shrivastava, S.; Garcia, J.; Laguna-Torres, V. A.; Leguia, M.; Benavides, J. G.; Halsey, E.";J. Craig Venter Institute;Homo sapiens;15102;2014-04-07;PP_001BH6G;KJ627272.1;Automated Ingest from INSDC/NCBI Virus by Loculus;OPEN;https://pathoplexus.org/about/terms-of-use/open-data;;0.9965845648604269;;;KJ627272.1;;;RSVA/Homo sapiens/PER/FLA6795/2009;0;0
PP_001BH8C.2;A.3.1;2009-04-02;Peru;Lima;"Wentworth, D. E.; Halpin, R. A.; Bera, J.; Lin, X.; Fedorova, N.; Tsitrin, T.; McLellan, M.; Stockwell, T.; Amedeo, P.; Bishop, B.; Gupta, N.; Hoover, J.; Katzel, D.; Schobel, S.; Shrivastava, S.; Garcia, J.; Laguna-Torres, V. A.; Leguia, M.; Benavides, J. G.; Halsey, E.";J. Craig Venter Institute;Homo sapiens;15104;2014-04-07;PP_001BH8C;KJ627274.1;Automated Ingest from INSDC/NCBI Virus by Loculus;OPEN;https://pathoplexus.org/about/terms-of-use/open-data;;0.9965845648604269;;;KJ627274.1;;;RSVA/Homo sapiens/PER/FLA6534/2009;0;0
PP_001BH9A.2;A.3.1;2010-05-24;Peru;Lima;"Wentworth, D. E.; Halpin, R. A.; Bera, J.; Lin, X.; Fedorova, N.; Tsitrin, T.; McLellan, M.; Stockwell, T.; Amedeo, P.; Bishop, B.; Gupta, N.; Hoover, J.; Katzel, D.; Schobel, S.; Shrivastava, S.; Garcia, J.; Laguna-Torres, V. A.; Leguia, M.; Benavides, J. G.; Halsey, E.";J. Craig Venter Institute;Homo sapiens;15101;2014-04-07;PP_001BH9A;KJ627275.1;Automated Ingest from INSDC/NCBI Virus by Loculus;OPEN;https://pathoplexus.org/about/terms-of-use/open-data;;0.9965845648604269;;;KJ627275.1;;;RSVA/Homo sapiens/PER/FLE9863/2010;0;0
PP_001BHA8.2;A.3;2009-04-29;Peru;Loreto;"Wentworth, D. E.; Halpin, R. A.; Bera, J.; Lin, X.; Fedorova, N.; Tsitrin, T.; McLellan, M.; Stockwell, T.; Amedeo, P.; Bishop, B.; Gupta, N.; Hoover, J.; Katzel, D.; Schobel, S.; Shrivastava, S.; Garcia, J.; Laguna-Torres, V. A.; Leguia, M.; Benavides, J. G.; Halsey, E.";J. Craig Venter Institute;Homo sapiens;15103;2014-04-07;PP_001BHA8;KJ627276.1;Automated Ingest from INSDC/NCBI Virus by Loculus;OPEN;https://pathoplexus.org/about/terms-of-use/open-data;;0.9965845648604269;;;KJ627276.1;;;RSVA/Homo sapiens/PER/FLA6891/2009;0;0
PP_001BHC4.2;A.3.1;2009-04-14;Peru;Piura;"Wentworth, D. E.; Halpin, R. A.; Bera, J.; Lin, X.; Fedorova, N.; Tsitrin, T.; McLellan, M.; Stockwell, T.; Amedeo, P.; Bishop, B.; Gupta, N.; Hoover, J.; Katzel, D.; Schobel, S.; Shrivastava, S.; Garcia, J.; Laguna-Torres, V. A.; Leguia, M.; Benavides, J. G.; Halsey, E.";J. Craig Venter Institute;Homo sapiens;15101;2014-04-07;PP_001BHC4;KJ627281.1;Automated Ingest from INSDC/NCBI Virus by Loculus;OPEN;https://pathoplexus.org/about/terms-of-use/open-data;;0.9965845648604269;;;KJ627281.1;;;RSVA/Homo sapiens/PER/FLA6737/2009;0;0
PP_001BHD2.2;A.3.1;2009-04-08;Peru;Lima;"Wentworth, D. E.; Halpin, R. A.; Bera, J.; Lin, X.; Fedorova, N.; Tsitrin, T.; McLellan, M.; Stockwell, T.; Amedeo, P.; Bishop, B.; Gupta, N.; Hoover, J.; Katzel, D.; Schobel, S.; Shrivastava, S.; Garcia, J.; Laguna-Torres, V. A.; Leguia, M.; Benavides, J. G.; Halsey, E.";J. Craig Venter Institute;Homo sapiens;15102;2014-04-07;PP_001BHD2;KJ627282.1;Automated Ingest from INSDC/NCBI Virus by Loculus;OPEN;https://pathoplexus.org/about/terms-of-use/open-data;;0.9965845648604269;;;KJ627282.1;;;RSVA/Homo sapiens/PER/FLA6623/2009;0;0
PP_001BHFY.2;A.3;2009-05-29;Peru;Piura;"Wentworth, D. E.; Halpin, R. A.; Bera, J.; Lin, X.; Fedorova, N.; Tsitrin, T.; McLellan, M.; Stockwell, T.; Amedeo, P.; Bishop, B.; Gupta, N.; Hoover, J.; Katzel, D.; Schobel, S.; Shrivastava, S.; Garcia, J.; Laguna-Torres, V. A.; Leguia, M.; Benavides, J. G.; Halsey, E.";J. Craig Venter Institute;Homo sapiens;15108;2014-04-07;PP_001BHFY;KJ627284.1;Automated Ingest from INSDC/NCBI Virus by Loculus;OPEN;https://pathoplexus.org/about/terms-of-use/open-data;;0.9965845648604269;;;KJ627284.1;;;RSVA/Homo sapiens/PER/FLA7779/2009;0;0
PP_001BHGW.2;A.3.1;2009-04-18;Peru;Lima;"Wentworth, D. E.; Halpin, R. A.; Bera, J.; Lin, X.; Fedorova, N.; Tsitrin, T.; McLellan, M.; Stockwell, T.; Amedeo, P.; Bishop, B.; Gupta, N.; Hoover, J.; Katzel, D.; Schobel, S.; Shrivastava, S.; Garcia, J.; Laguna-Torres, V. A.; Leguia, M.; Benavides, J. G.; Halsey, E.";J. Craig Venter Institute;Homo sapiens;15104;2014-04-07;PP_001BHGW;KJ627286.1;Automated Ingest from INSDC/NCBI Virus by Loculus;OPEN;https://pathoplexus.org/about/terms-of-use/open-data;;0.9965845648604269;;;KJ627286.1;;;RSVA/Homo sapiens/PER/FLA6646/2009;0;0
PP_001BHJR.2;A.3.1;2009-05-28;Peru;Piura;"Wentworth, D. E.; Halpin, R. A.; Bera, J.; Lin, X.; Fedorova, N.; Tsitrin, T.; McLellan, M.; Stockwell, T.; Amedeo, P.; Bishop, B.; Gupta, N.; Hoover, J.; Katzel, D.; Schobel, S.; Shrivastava, S.; Garcia, J.; Laguna-Torres, V. A.; Leguia, M.; Benavides, J. G.; Halsey, E.";J. Craig Venter Institute;Homo sapiens;15094;2014-04-07;PP_001BHJR;KJ627288.1;Automated Ingest from INSDC/NCBI Virus by Loculus;OPEN;https://pathoplexus.org/about/terms-of-use/open-data;;0.9959277504105091;;;KJ627288.1;;;RSVA/Homo sapiens/PER/FLA7778/2009;0;0
PP_001BHKP.2;A.3;2009-05-11;Peru;Piura;"Wentworth, D. E.; Halpin, R. A.; Bera, J.; Lin, X.; Fedorova, N.; Tsitrin, T.; McLellan, M.; Stockwell, T.; Amedeo, P.; Bishop, B.; Gupta, N.; Hoover, J.; Katzel, D.; Schobel, S.; Shrivastava, S.; Garcia, J.; Laguna-Torres, V. A.; Leguia, M.; Benavides, J. G.; Halsey, E.";J. Craig Venter Institute;Homo sapiens;15108;2014-04-07;PP_001BHKP;KJ627289.1;Automated Ingest from INSDC/NCBI Virus by Loculus;OPEN;https://pathoplexus.org/about/terms-of-use/open-data;;0.9965845648604269;;;KJ627289.1;;;RSVA/Homo sapiens/PER/FLA7440/2009;0;0
PP_001BHLM.2;A.3.1;2009-03-23;Peru;Piura;"Wentworth, D. E.; Halpin, R. A.; Bera, J.; Lin, X.; Fedorova, N.; Tsitrin, T.; McLellan, M.; Stockwell, T.; Amedeo, P.; Bishop, B.; Gupta, N.; Hoover, J.; Katzel, D.; Schobel, S.; Shrivastava, S.; Garcia, J.; Laguna-Torres, V. A.; Leguia, M.; Benavides, J. G.; Halsey, E.";J. Craig Venter Institute;Homo sapiens;15101;2014-04-07;PP_001BHLM;KJ627290.1;Automated Ingest from INSDC/NCBI Virus by Loculus;OPEN;https://pathoplexus.org/about/terms-of-use/open-data;;0.9965845648604269;;;KJ627290.1;;;RSVA/Homo sapiens/PER/FLA6366/2009;0;0
PP_001BHMK.2;A.3.1;2009-05-02;Peru;Piura;"Wentworth, D. E.; Halpin, R. A.; Bera, J.; Lin, X.; Fedorova, N.; Tsitrin, T.; McLellan, M.; Stockwell, T.; Amedeo, P.; Bishop, B.; Gupta, N.; Hoover, J.; Katzel, D.; Schobel, S.; Shrivastava, S.; Garcia, J.; Laguna-Torres, V. A.; Leguia, M.; Benavides, J. G.; Halsey, E.";J. Craig Venter Institute;Homo sapiens;15095;2014-04-07;PP_001BHMK;KJ627291.1;Automated Ingest from INSDC/NCBI Virus by Loculus;OPEN;https://pathoplexus.org/about/terms-of-use/open-data;;0.9959934318555008;;;KJ627291.1;;;RSVA/Homo sapiens/PER/FLA7422/2009;0;0
PP_001BHPF.2;A.3.1;2009-05-25;Peru;Piura;"Wentworth, D. E.; Halpin, R. A.; Bera, J.; Lin, X.; Fedorova, N.; Tsitrin, T.; McLellan, M.; Stockwell, T.; Amedeo, P.; Bishop, B.; Gupta, N.; Hoover, J.; Katzel, D.; Schobel, S.; Shrivastava, S.; Garcia, J.; Laguna-Torres, V. A.; Leguia, M.; Benavides, J. G.; Halsey, E.";J. Craig Venter Institute;Homo sapiens;15102;2014-04-07;PP_001BHPF;KJ627293.1;Automated Ingest from INSDC/NCBI Virus by Loculus;OPEN;https://pathoplexus.org/about/terms-of-use/open-data;;0.9965845648604269;;;KJ627293.1;;;RSVA/Homo sapiens/PER/FLA7768/2009;0;0
PP_001BHU5.2;A.3.1;2010-04-14;Peru;Piura;"Wentworth, D. E.; Halpin, R. A.; Bera, J.; Lin, X.; Fedorova, N.; Tsitrin, T.; McLellan, M.; Stockwell, T.; Amedeo, P.; Bishop, B.; Gupta, N.; Hoover, J.; Katzel, D.; Schobel, S.; Shrivastava, S.; Garcia, J.; Laguna-Torres, V. A.; Leguia, M.; Benavides, J. G.; Halsey, E.";J. Craig Venter Institute;Homo sapiens;15102;2014-04-07;PP_001BHU5;KJ627298.1;Automated Ingest from INSDC/NCBI Virus by Loculus;OPEN;https://pathoplexus.org/about/terms-of-use/open-data;;0.9965845648604269;;;KJ627298.1;;;RSVA/Homo sapiens/PER/FLE9214/2010;0;0
PP_001BHV3.2;A.3.1;2009-05-13;Peru;Piura;"Wentworth, D. E.; Halpin, R. A.; Bera, J.; Lin, X.; Fedorova, N.; Tsitrin, T.; McLellan, M.; Stockwell, T.; Amedeo, P.; Bishop, B.; Gupta, N.; Hoover, J.; Katzel, D.; Schobel, S.; Shrivastava, S.; Garcia, J.; Laguna-Torres, V. A.; Leguia, M.; Benavides, J. G.; Halsey, E.";J. Craig Venter Institute;Homo sapiens;15101;2014-04-07;PP_001BHV3;KJ627300.1;Automated Ingest from INSDC/NCBI Virus by Loculus;OPEN;https://pathoplexus.org/about/terms-of-use/open-data;;0.9965845648604269;;;KJ627300.1;;;RSVA/Homo sapiens/PER/FLA7447/2009;0;0
PP_001BHXZ.2;A.3.1;2010-04-20;Peru;Lima;"Wentworth, D. E.; Halpin, R. A.; Bera, J.; Lin, X.; Fedorova, N.; Tsitrin, T.; McLellan, M.; Stockwell, T.; Amedeo, P.; Bishop, B.; Gupta, N.; Hoover, J.; Katzel, D.; Schobel, S.; Shrivastava, S.; Garcia, J.; Laguna-Torres, V. A.; Leguia, M.; Benavides, J. G.; Halsey, E.";J. Craig Venter Institute;Homo sapiens;14973;2014-04-07;PP_001BHXZ;KJ627303.1;Automated Ingest from INSDC/NCBI Virus by Loculus;OPEN;https://pathoplexus.org/about/terms-of-use/open-data;;0.9881116584564861;;;KJ627303.1;;;RSVA/Homo sapiens/PER/FLE9106/2010;0;0
PP_001BHYX.2;A.3.1;2009-04-15;Peru;Piura;"Wentworth, D. E.; Halpin, R. A.; Bera, J.; Lin, X.; Fedorova, N.; Tsitrin, T.; McLellan, M.; Stockwell, T.; Amedeo, P.; Bishop, B.; Gupta, N.; Hoover, J.; Katzel, D.; Schobel, S.; Shrivastava, S.; Garcia, J.; Laguna-Torres, V. A.; Leguia, M.; Benavides, J. G.; Halsey, E.";J. Craig Venter Institute;Homo sapiens;15099;2014-04-07;PP_001BHYX;KJ627304.1;Automated Ingest from INSDC/NCBI Virus by Loculus;OPEN;https://pathoplexus.org/about/terms-of-use/open-data;;0.9964532019704434;;;KJ627304.1;;;RSVA/Homo sapiens/PER/FLA6734/2009;0;0
PP_001BHZV.2;A.3;2007-03-17;Peru;Piura;"Wentworth, D. E.; Halpin, R. A.; Bera, J.; Lin, X.; Fedorova, N.; Tsitrin, T.; McLellan, M.; Stockwell, T.; Amedeo, P.; Bishop, B.; Gupta, N.; Hoover, J.; Katzel, D.; Schobel, S.; Shrivastava, S.; Garcia, J.; Laguna-Torres, V. A.; Leguia, M.; Benavides, J. G.; Halsey, E.";J. Craig Venter Institute;Homo sapiens;15109;2014-04-07;PP_001BHZV;KJ627305.1;Automated Ingest from INSDC/NCBI Virus by Loculus;OPEN;https://pathoplexus.org/about/terms-of-use/open-data;;0.9964532019704434;;;KJ627305.1;;;RSVA/Homo sapiens/PER/FLU5848/2007;0;0
PP_001BJ0T.2;A.3.1;2009-05-11;Peru;Piura;"Wentworth, D. E.; Halpin, R. A.; Bera, J.; Lin, X.; Fedorova, N.; Tsitrin, T.; McLellan, M.; Stockwell, T.; Amedeo, P.; Bishop, B.; Gupta, N.; Hoover, J.; Katzel, D.; Schobel, S.; Shrivastava, S.; Garcia, J.; Laguna-Torres, V. A.; Leguia, M.; Benavides, J. G.; Halsey, E.";J. Craig Venter Institute;Homo sapiens;15102;2014-04-07;PP_001BJ0T;KJ627306.1;Automated Ingest from INSDC/NCBI Virus by Loculus;OPEN;https://pathoplexus.org/about/terms-of-use/open-data;;0.9965845648604269;;;KJ627306.1;;;RSVA/Homo sapiens/PER/FLA7443/2009;0;0
PP_001BJ4K.2;A.3;2008-06-06;Peru;Piura;"Wentworth, D. E.; Halpin, R. A.; Bera, J.; Lin, X.; Fedorova, N.; Tsitrin, T.; McLellan, M.; Stockwell, T.; Amedeo, P.; Bishop, B.; Gupta, N.; Hoover, J.; Katzel, D.; Schobel, S.; Shrivastava, S.; Garcia, J.; Laguna-Torres, V. A.; Leguia, M.; Benavides, J. G.; Halsey, E.";J. Craig Venter Institute;Homo sapiens;15111;2014-04-07;PP_001BJ4K;KJ627311.1;Automated Ingest from INSDC/NCBI Virus by Loculus;OPEN;https://pathoplexus.org/about/terms-of-use/open-data;;0.9964532019704434;;;KJ627311.1;;;RSVA/Homo sapiens/PER/FLA2268/2008;0;0
PP_001BJ5H.2;A.3.1;2010-05-20;Peru;Piura;"Wentworth, D. E.; Halpin, R. A.; Bera, J.; Lin, X.; Fedorova, N.; Tsitrin, T.; McLellan, M.; Stockwell, T.; Amedeo, P.; Bishop, B.; Gupta, N.; Hoover, J.; Katzel, D.; Schobel, S.; Shrivastava, S.; Garcia, J.; Laguna-Torres, V. A.; Leguia, M.; Benavides, J. G.; Halsey, E.";J. Craig Venter Institute;Homo sapiens;15103;2014-04-07;PP_001BJ5H;KJ627312.1;Automated Ingest from INSDC/NCBI Virus by Loculus;OPEN;https://pathoplexus.org/about/terms-of-use/open-data;;0.9965845648604269;;;KJ627312.1;;;RSVA/Homo sapiens/PER/FLE9996/2010;0;0
PP_001BJ7D.2;A.3;2009-05-18;Peru;Piura;"Wentworth, D. E.; Halpin, R. A.; Bera, J.; Lin, X.; Fedorova, N.; Tsitrin, T.; McLellan, M.; Stockwell, T.; Amedeo, P.; Bishop, B.; Gupta, N.; Hoover, J.; Katzel, D.; Schobel, S.; Shrivastava, S.; Garcia, J.; Laguna-Torres, V. A.; Leguia, M.; Benavides, J. G.; Halsey, E.";J. Craig Venter Institute;Homo sapiens;15110;2014-04-07;PP_001BJ7D;KJ627314.1;Automated Ingest from INSDC/NCBI Virus by Loculus;OPEN;https://pathoplexus.org/about/terms-of-use/open-data;;0.9965845648604269;;;KJ627314.1;;;RSVA/Homo sapiens/PER/FLA7464/2009;0;0
PP_001BJ8B.2;A.3.1;2009-05-22;Peru;Piura;"Wentworth, D. E.; Halpin, R. A.; Bera, J.; Lin, X.; Fedorova, N.; Tsitrin, T.; McLellan, M.; Stockwell, T.; Amedeo, P.; Bishop, B.; Gupta, N.; Hoover, J.; Katzel, D.; Schobel, S.; Shrivastava, S.; Garcia, J.; Laguna-Torres, V. A.; Leguia, M.; Benavides, J. G.; Halsey, E.";J. Craig Venter Institute;Homo sapiens;15100;2014-04-07;PP_001BJ8B;KJ627315.1;Automated Ingest from INSDC/NCBI Virus by Loculus;OPEN;https://pathoplexus.org/about/terms-of-use/open-data;;0.9964532019704434;;;KJ627315.1;;;RSVA/Homo sapiens/PER/FLA7756/2009;0;0
PP_001BJA7.2;A.3.1;2009-04-17;Peru;Piura;"Wentworth, D. E.; Halpin, R. A.; Bera, J.; Lin, X.; Fedorova, N.; Tsitrin, T.; McLellan, M.; Stockwell, T.; Amedeo, P.; Bishop, B.; Gupta, N.; Hoover, J.; Katzel, D.; Schobel, S.; Shrivastava, S.; Garcia, J.; Laguna-Torres, V. A.; Leguia, M.; Benavides, J. G.; Halsey, E.";J. Craig Venter Institute;Homo sapiens;15100;2014-04-07;PP_001BJA7;KJ627318.1;Automated Ingest from INSDC/NCBI Virus by Loculus;OPEN;https://pathoplexus.org/about/terms-of-use/open-data;;0.9964532019704434;;;KJ627318.1;;;RSVA/Homo sapiens/PER/FLA6745/2009;0;0
PP_001BJB5.2;A.3.1;2009-04-21;Peru;Loreto;"Wentworth, D. E.; Halpin, R. A.; Bera, J.; Lin, X.; Fedorova, N.; Tsitrin, T.; McLellan, M.; Stockwell, T.; Amedeo, P.; Bishop, B.; Gupta, N.; Hoover, J.; Katzel, D.; Schobel, S.; Shrivastava, S.; Garcia, J.; Laguna-Torres, V. A.; Leguia, M.; Benavides, J. G.; Halsey, E.";J. Craig Venter Institute;Homo sapiens;15101;2014-04-07;PP_001BJB5;KJ627319.1;Automated Ingest from INSDC/NCBI Virus by Loculus;OPEN;https://pathoplexus.org/about/terms-of-use/open-data;;0.9965845648604269;;;KJ627319.1;;;RSVA/Homo sapiens/PER/FLA6912/2009;0;0
PP_001BJC3.2;A.3.1;2010-04-24;Peru;Piura;"Wentworth, D. E.; Halpin, R. A.; Bera, J.; Lin, X.; Fedorova, N.; Tsitrin, T.; McLellan, M.; Stockwell, T.; Amedeo, P.; Bishop, B.; Gupta, N.; Hoover, J.; Katzel, D.; Schobel, S.; Shrivastava, S.; Garcia, J.; Laguna-Torres, V. A.; Leguia, M.; Benavides, J. G.; Halsey, E.";J. Craig Venter Institute;Homo sapiens;15102;2014-04-07;PP_001BJC3;KJ627320.1;Automated Ingest from INSDC/NCBI Virus by Loculus;OPEN;https://pathoplexus.org/about/terms-of-use/open-data;;0.9964532019704434;;;KJ627320.1;;;RSVA/Homo sapiens/PER/FLE9490/2010;0;0
PP_001BJD1.2;A.3;2009-04-17;Peru;Piura;"Wentworth, D. E.; Halpin, R. A.; Bera, J.; Lin, X.; Fedorova, N.; Tsitrin, T.; McLellan, M.; Stockwell, T.; Amedeo, P.; Bishop, B.; Gupta, N.; Hoover, J.; Katzel, D.; Schobel, S.; Shrivastava, S.; Garcia, J.; Laguna-Torres, V. A.; Leguia, M.; Benavides, J. G.; Halsey, E.";J. Craig Venter Institute;Homo sapiens;15111;2014-04-07;PP_001BJD1;KJ627321.1;Automated Ingest from INSDC/NCBI Virus by Loculus;OPEN;https://pathoplexus.org/about/terms-of-use/open-data;;0.9965845648604269;;;KJ627321.1;;;RSVA/Homo sapiens/PER/FLA6743/2009;0;0
PP_001BJEZ.2;A.3.1;2009-04-03;Peru;Lima;"Wentworth, D. E.; Halpin, R. A.; Bera, J.; Lin, X.; Fedorova, N.; Tsitrin, T.; McLellan, M.; Stockwell, T.; Amedeo, P.; Bishop, B.; Gupta, N.; Hoover, J.; Katzel, D.; Schobel, S.; Shrivastava, S.; Garcia, J.; Laguna-Torres, V. A.; Leguia, M.; Benavides, J. G.; Halsey, E.";J. Craig Venter Institute;Homo sapiens;15101;2014-04-07;PP_001BJEZ;KJ627322.1;Automated Ingest from INSDC/NCBI Virus by Loculus;OPEN;https://pathoplexus.org/about/terms-of-use/open-data;;0.9965845648604269;;;KJ627322.1;;;RSVA/Homo sapiens/PER/FLA6536/2009;0;0
PP_001BJFX.2;A.3;2009-04-20;Peru;Piura;"Wentworth, D. E.; Halpin, R. A.; Bera, J.; Lin, X.; Fedorova, N.; Tsitrin, T.; McLellan, M.; Stockwell, T.; Amedeo, P.; Bishop, B.; Gupta, N.; Hoover, J.; Katzel, D.; Schobel, S.; Shrivastava, S.; Garcia, J.; Laguna-Torres, V. A.; Leguia, M.; Benavides, J. G.; Halsey, E.";J. Craig Venter Institute;Homo sapiens;15111;2014-04-07;PP_001BJFX;KJ627324.1;Automated Ingest from INSDC/NCBI Virus by Loculus;OPEN;https://pathoplexus.org/about/terms-of-use/open-data;;0.9965845648604269;;;KJ627324.1;;;RSVA/Homo sapiens/PER/FLA6757/2009;0;0
PP_001BJJQ.2;A.3;2007-07-25;Peru;Lima;"Wentworth, D. E.; Halpin, R. A.; Bera, J.; Lin, X.; Fedorova, N.; Tsitrin, T.; McLellan, M.; Stockwell, T.; Amedeo, P.; Bishop, B.; Gupta, N.; Hoover, J.; Katzel, D.; Schobel, S.; Shrivastava, S.; Garcia, J.; Laguna-Torres, V. A.; Leguia, M.; Benavides, J. G.; Halsey, E.";J. Craig Venter Institute;Homo sapiens;15104;2014-04-07;PP_001BJJQ;KJ627327.1;Automated Ingest from INSDC/NCBI Virus by Loculus;OPEN;https://pathoplexus.org/about/terms-of-use/open-data;;0.9965845648604269;;;KJ627327.1;;;RSVA/Homo sapiens/PER/FLU7450/2007;0;0
PP_001BJPE.2;A.3.1;2009-05-16;Peru;Piura;"Wentworth, D. E.; Halpin, R. A.; Bera, J.; Lin, X.; Fedorova, N.; Tsitrin, T.; McLellan, M.; Stockwell, T.; Amedeo, P.; Bishop, B.; Gupta, N.; Hoover, J.; Katzel, D.; Schobel, S.; Shrivastava, S.; Garcia, J.; Laguna-Torres, V. A.; Leguia, M.; Benavides, J. G.; Halsey, E.";J. Craig Venter Institute;Homo sapiens;15102;2014-04-07;PP_001BJPE;KJ627335.1;Automated Ingest from INSDC/NCBI Virus by Loculus;OPEN;https://pathoplexus.org/about/terms-of-use/open-data;;0.9965845648604269;;;KJ627335.1;;;RSVA/Homo sapiens/PER/FLA7458/2009;0;0
PP_001BJQC.2;A.3;2008-02-29;Peru;Piura;"Wentworth, D. E.; Halpin, R. A.; Bera, J.; Lin, X.; Fedorova, N.; Tsitrin, T.; McLellan, M.; Stockwell, T.; Amedeo, P.; Bishop, B.; Gupta, N.; Hoover, J.; Katzel, D.; Schobel, S.; Shrivastava, S.; Garcia, J.; Laguna-Torres, V. A.; Leguia, M.; Benavides, J. G.; Halsey, E.";J. Craig Venter Institute;Homo sapiens;15115;2014-04-07;PP_001BJQC;KJ627336.1;Automated Ingest from INSDC/NCBI Virus by Loculus;OPEN;https://pathoplexus.org/about/terms-of-use/open-data;;0.9965845648604269;;;KJ627336.1;;;RSVA/Homo sapiens/PER/FLA0535/2008;0;0
PP_001BJRA.2;A.3.1;2009-05-27;Peru;Piura;"Wentworth, D. E.; Halpin, R. A.; Bera, J.; Lin, X.; Fedorova, N.; Tsitrin, T.; McLellan, M.; Stockwell, T.; Amedeo, P.; Bishop, B.; Gupta, N.; Hoover, J.; Katzel, D.; Schobel, S.; Shrivastava, S.; Garcia, J.; Laguna-Torres, V. A.; Leguia, M.; Benavides, J. G.; Halsey, E.";J. Craig Venter Institute;Homo sapiens;14956;2014-04-07;PP_001BJRA;KJ627337.1;Automated Ingest from INSDC/NCBI Virus by Loculus;OPEN;https://pathoplexus.org/about/terms-of-use/open-data;;0.9871264367816092;;;KJ627337.1;;;RSVA/Homo sapiens/PER/FLA7776/2009;0;0
PP_001BJS8.2;A.3.1;2009-05-08;Peru;Piura;"Wentworth, D. E.; Halpin, R. A.; Bera, J.; Lin, X.; Fedorova, N.; Tsitrin, T.; McLellan, M.; Stockwell, T.; Amedeo, P.; Bishop, B.; Gupta, N.; Hoover, J.; Katzel, D.; Schobel, S.; Shrivastava, S.; Garcia, J.; Laguna-Torres, V. A.; Leguia, M.; Benavides, J. G.; Halsey, E.";J. Craig Venter Institute;Homo sapiens;15101;2014-04-07;PP_001BJS8;KJ627338.1;Automated Ingest from INSDC/NCBI Virus by Loculus;OPEN;https://pathoplexus.org/about/terms-of-use/open-data;;0.9965845648604269;;;KJ627338.1;;;RSVA/Homo sapiens/PER/FLA7437/2009;0;0
PP_001BJT6.2;A.3;2009-03-11;Peru;Piura;"Wentworth, D. E.; Halpin, R. A.; Bera, J.; Lin, X.; Fedorova, N.; Tsitrin, T.; McLellan, M.; Stockwell, T.; Amedeo, P.; Bishop, B.; Gupta, N.; Hoover, J.; Katzel, D.; Schobel, S.; Shrivastava, S.; Garcia, J.; Laguna-Torres, V. A.; Leguia, M.; Benavides, J. G.; Halsey, E.";J. Craig Venter Institute;Homo sapiens;15108;2014-04-07;PP_001BJT6;KJ627339.1;Automated Ingest from INSDC/NCBI Virus by Loculus;OPEN;https://pathoplexus.org/about/terms-of-use/open-data;;0.9965845648604269;;;KJ627339.1;;;RSVA/Homo sapiens/PER/FLA6331/2009;0;0
PP_001BJV2.2;A.3.1;2009-04-23;Peru;Loreto;"Wentworth, D. E.; Halpin, R. A.; Bera, J.; Lin, X.; Fedorova, N.; Tsitrin, T.; McLellan, M.; Stockwell, T.; Amedeo, P.; Bishop, B.; Gupta, N.; Hoover, J.; Katzel, D.; Schobel, S.; Shrivastava, S.; Garcia, J.; Laguna-Torres, V. A.; Leguia, M.; Benavides, J. G.; Halsey, E.";J. Craig Venter Institute;Homo sapiens;15101;2014-04-07;PP_001BJV2;KJ627344.1;Automated Ingest from INSDC/NCBI Virus by Loculus;OPEN;https://pathoplexus.org/about/terms-of-use/open-data;;0.9965845648604269;;;KJ627344.1;;;RSVA/Homo sapiens/PER/FLA6900/2009;0;0
PP_001BJW0.2;A.3.1;2010-03-19;Peru;Lima;"Wentworth, D. E.; Halpin, R. A.; Bera, J.; Lin, X.; Fedorova, N.; Tsitrin, T.; McLellan, M.; Stockwell, T.; Amedeo, P.; Bishop, B.; Gupta, N.; Hoover, J.; Katzel, D.; Schobel, S.; Shrivastava, S.; Garcia, J.; Laguna-Torres, V. A.; Leguia, M.; Benavides, J. G.; Halsey, E.";J. Craig Venter Institute;Homo sapiens;15102;2014-04-07;PP_001BJW0;KJ627345.1;Automated Ingest from INSDC/NCBI Virus by Loculus;OPEN;https://pathoplexus.org/about/terms-of-use/open-data;;0.9965845648604269;;;KJ627345.1;;;RSVA/Homo sapiens/PER/FLE8509/2010;0;0
PP_001BJZU.2;A.3.1;2009-09-17;Peru;Lima;"Wentworth, D. E.; Halpin, R. A.; Bera, J.; Lin, X.; Fedorova, N.; Tsitrin, T.; McLellan, M.; Stockwell, T.; Amedeo, P.; Bishop, B.; Gupta, N.; Hoover, J.; Katzel, D.; Schobel, S.; Shrivastava, S.; Garcia, J.; Laguna-Torres, V. A.; Leguia, M.; Benavides, J. G.; Halsey, E.";J. Craig Venter Institute;Homo sapiens;15101;2014-04-07;PP_001BJZU;KJ627349.1;Automated Ingest from INSDC/NCBI Virus by Loculus;OPEN;https://pathoplexus.org/about/terms-of-use/open-data;;0.9965845648604269;;;KJ627349.1;;;RSVA/Homo sapiens/PER/FLE4190/2009;0;0
PP_001BK0S.2;A.3.1;2009-04-05;Peru;Piura;"Wentworth, D. E.; Halpin, R. A.; Bera, J.; Lin, X.; Fedorova, N.; Tsitrin, T.; McLellan, M.; Stockwell, T.; Amedeo, P.; Bishop, B.; Gupta, N.; Hoover, J.; Katzel, D.; Schobel, S.; Shrivastava, S.; Garcia, J.; Laguna-Torres, V. A.; Leguia, M.; Benavides, J. G.; Halsey, E.";J. Craig Venter Institute;Homo sapiens;15102;2014-04-07;PP_001BK0S;KJ627350.1;Automated Ingest from INSDC/NCBI Virus by Loculus;OPEN;https://pathoplexus.org/about/terms-of-use/open-data;;0.9965845648604269;;;KJ627350.1;;;RSVA/Homo sapiens/PER/FLA6714/2009;0;0
PP_001BK2N.2;A.3;2007-03-17;Peru;Piura;"Wentworth, D. E.; Halpin, R. A.; Bera, J.; Lin, X.; Fedorova, N.; Tsitrin, T.; McLellan, M.; Stockwell, T.; Amedeo, P.; Bishop, B.; Gupta, N.; Hoover, J.; Katzel, D.; Schobel, S.; Shrivastava, S.; Garcia, J.; Laguna-Torres, V. A.; Leguia, M.; Benavides, J. G.; Halsey, E.";J. Craig Venter Institute;Homo sapiens;15111;2014-04-07;PP_001BK2N;KJ627352.1;Automated Ingest from INSDC/NCBI Virus by Loculus;OPEN;https://pathoplexus.org/about/terms-of-use/open-data;;0.9965845648604269;;;KJ627352.1;;;RSVA/Homo sapiens/PER/FLU5725/2007;0;0
PP_001BK3L.2;A.3;2008-03-18;Peru;Lima;"Wentworth, D. E.; Halpin, R. A.; Bera, J.; Lin, X.; Fedorova, N.; Tsitrin, T.; McLellan, M.; Stockwell, T.; Amedeo, P.; Bishop, B.; Gupta, N.; Hoover, J.; Katzel, D.; Schobel, S.; Shrivastava, S.; Garcia, J.; Laguna-Torres, V. A.; Leguia, M.; Benavides, J. G.; Halsey, E.";J. Craig Venter Institute;Homo sapiens;15110;2014-04-07;PP_001BK3L;KJ627353.1;Automated Ingest from INSDC/NCBI Virus by Loculus;OPEN;https://pathoplexus.org/about/terms-of-use/open-data;;0.9965845648604269;;;KJ627353.1;;;RSVA/Homo sapiens/PER/FLA0489/2008;0;0
PP_001BK4J.2;A.3.1;2009-03-25;Peru;Piura;"Wentworth, D. E.; Halpin, R. A.; Bera, J.; Lin, X.; Fedorova, N.; Tsitrin, T.; McLellan, M.; Stockwell, T.; Amedeo, P.; Bishop, B.; Gupta, N.; Hoover, J.; Katzel, D.; Schobel, S.; Shrivastava, S.; Garcia, J.; Laguna-Torres, V. A.; Leguia, M.; Benavides, J. G.; Halsey, E.";J. Craig Venter Institute;Homo sapiens;15101;2014-04-07;PP_001BK4J;KJ627354.1;Automated Ingest from INSDC/NCBI Virus by Loculus;OPEN;https://pathoplexus.org/about/terms-of-use/open-data;;0.9965845648604269;;;KJ627354.1;;;RSVA/Homo sapiens/PER/FLA6683/2009;0;0
PP_001BK5G.2;A.3.1;2010-02-17;Peru;Piura;"Wentworth, D. E.; Halpin, R. A.; Bera, J.; Lin, X.; Fedorova, N.; Tsitrin, T.; McLellan, M.; Stockwell, T.; Amedeo, P.; Bishop, B.; Gupta, N.; Hoover, J.; Katzel, D.; Schobel, S.; Shrivastava, S.; Garcia, J.; Laguna-Torres, V. A.; Leguia, M.; Benavides, J. G.; Halsey, E.";J. Craig Venter Institute;Homo sapiens;15102;2014-04-07;PP_001BK5G;KJ627355.1;Automated Ingest from INSDC/NCBI Virus by Loculus;OPEN;https://pathoplexus.org/about/terms-of-use/open-data;;0.9965845648604269;;;KJ627355.1;;;RSVA/Homo sapiens/PER/FLE8228/2010;0;0
PP_001BK8A.2;A.3.1;2010-03-05;Peru;Piura;"Wentworth, D. E.; Halpin, R. A.; Bera, J.; Lin, X.; Fedorova, N.; Tsitrin, T.; McLellan, M.; Stockwell, T.; Amedeo, P.; Bishop, B.; Gupta, N.; Hoover, J.; Katzel, D.; Schobel, S.; Shrivastava, S.; Garcia, J.; Laguna-Torres, V. A.; Leguia, M.; Benavides, J. G.; Halsey, E.";J. Craig Venter Institute;Homo sapiens;15087;2014-04-07;PP_001BK8A;KJ627358.1;Automated Ingest from INSDC/NCBI Virus by Loculus;OPEN;https://pathoplexus.org/about/terms-of-use/open-data;;0.9955993431855501;;;KJ627358.1;;;RSVA/Homo sapiens/PER/FLE8435/2010;0;0
PP_001BK98.2;A.3.1;2009-05-14;Peru;Piura;"Wentworth, D. E.; Halpin, R. A.; Bera, J.; Lin, X.; Fedorova, N.; Tsitrin, T.; McLellan, M.; Stockwell, T.; Amedeo, P.; Bishop, B.; Gupta, N.; Hoover, J.; Katzel, D.; Schobel, S.; Shrivastava, S.; Garcia, J.; Laguna-Torres, V. A.; Leguia, M.; Benavides, J. G.; Halsey, E.";J. Craig Venter Institute;Homo sapiens;15102;2014-04-07;PP_001BK98;KJ627360.1;Automated Ingest from INSDC/NCBI Virus by Loculus;OPEN;https://pathoplexus.org/about/terms-of-use/open-data;;0.9965845648604269;;;KJ627360.1;;;RSVA/Homo sapiens/PER/FLA7449/2009;0;0
PP_001BKA6.2;A.3;2007-01-26;Peru;Piura;"Wentworth, D. E.; Halpin, R. A.; Bera, J.; Lin, X.; Fedorova, N.; Tsitrin, T.; McLellan, M.; Stockwell, T.; Amedeo, P.; Bishop, B.; Gupta, N.; Hoover, J.; Katzel, D.; Schobel, S.; Shrivastava, S.; Garcia, J.; Laguna-Torres, V. A.; Leguia, M.; Benavides, J. G.; Halsey, E.";J. Craig Venter Institute;Homo sapiens;15111;2014-04-07;PP_001BKA6;KJ627361.1;Automated Ingest from INSDC/NCBI Virus by Loculus;OPEN;https://pathoplexus.org/about/terms-of-use/open-data;;0.9965845648604269;;;KJ627361.1;;;RSVA/Homo sapiens/PER/FLU5529/2007;0;0
PP_001BKB4.2;A.3.1;2009-05-19;Peru;Piura;"Wentworth, D. E.; Halpin, R. A.; Bera, J.; Lin, X.; Fedorova, N.; Tsitrin, T.; McLellan, M.; Stockwell, T.; Amedeo, P.; Bishop, B.; Gupta, N.; Hoover, J.; Katzel, D.; Schobel, S.; Shrivastava, S.; Garcia, J.; Laguna-Torres, V. A.; Leguia, M.; Benavides, J. G.; Halsey, E.";J. Craig Venter Institute;Homo sapiens;15105;2014-04-07;PP_001BKB4;KJ627362.1;Automated Ingest from INSDC/NCBI Virus by Loculus;OPEN;https://pathoplexus.org/about/terms-of-use/open-data;;0.9965845648604269;;;KJ627362.1;;;RSVA/Homo sapiens/PER/FLA7744/2009;0;0
PP_001BKEY.2;A.3;2009-04-20;Peru;Piura;"Wentworth, D. E.; Halpin, R. A.; Bera, J.; Lin, X.; Fedorova, N.; Tsitrin, T.; McLellan, M.; Stockwell, T.; Amedeo, P.; Bishop, B.; Gupta, N.; Hoover, J.; Katzel, D.; Schobel, S.; Shrivastava, S.; Garcia, J.; Laguna-Torres, V. A.; Leguia, M.; Benavides, J. G.; Halsey, E.";J. Craig Venter Institute;Homo sapiens;14938;2014-04-07;PP_001BKEY;KJ627366.1;Automated Ingest from INSDC/NCBI Virus by Loculus;OPEN;https://pathoplexus.org/about/terms-of-use/open-data;;0.9860755336617406;;;KJ627366.1;;;RSVA/Homo sapiens/PER/FLA6758/2009;0;0
PP_001BKHR.2;A.3.1;2009-03-18;Peru;Piura;"Wentworth, D. E.; Halpin, R. A.; Bera, J.; Lin, X.; Fedorova, N.; Tsitrin, T.; McLellan, M.; Stockwell, T.; Amedeo, P.; Bishop, B.; Gupta, N.; Hoover, J.; Katzel, D.; Schobel, S.; Shrivastava, S.; Garcia, J.; Laguna-Torres, V. A.; Leguia, M.; Benavides, J. G.; Halsey, E.";J. Craig Venter Institute;Homo sapiens;15101;2014-04-07;PP_001BKHR;KJ627369.1;Automated Ingest from INSDC/NCBI Virus by Loculus;OPEN;https://pathoplexus.org/about/terms-of-use/open-data;;0.9965845648604269;;;KJ627369.1;;;RSVA/Homo sapiens/PER/FLA6353/2009;0;0
PP_001BKJP.2;A.3.1;2011-05-16;Peru;Piura;"Wentworth, D. E.; Halpin, R. A.; Bera, J.; Lin, X.; Fedorova, N.; Tsitrin, T.; McLellan, M.; Stockwell, T.; Amedeo, P.; Bishop, B.; Gupta, N.; Hoover, J.; Katzel, D.; Schobel, S.; Shrivastava, S.; Garcia, J.; Laguna-Torres, V. A.; Leguia, M.; Benavides, J. G.; Halsey, E.";J. Craig Venter Institute;Homo sapiens;15100;2014-04-07;PP_001BKJP;KJ627370.1;Automated Ingest from INSDC/NCBI Virus by Loculus;OPEN;https://pathoplexus.org/about/terms-of-use/open-data;;0.9964532019704434;;;KJ627370.1;;;RSVA/Homo sapiens/PER/FPP00538/2011;0;0
PP_001BKKM.2;A.3.1;2010-05-01;Peru;Piura;"Wentworth, D. E.; Halpin, R. A.; Bera, J.; Lin, X.; Fedorova, N.; Tsitrin, T.; McLellan, M.; Stockwell, T.; Amedeo, P.; Bishop, B.; Gupta, N.; Hoover, J.; Katzel, D.; Schobel, S.; Shrivastava, S.; Garcia, J.; Laguna-Torres, V. A.; Leguia, M.; Benavides, J. G.; Halsey, E.";J. Craig Venter Institute;Homo sapiens;15102;2014-04-07;PP_001BKKM;KJ627371.1;Automated Ingest from INSDC/NCBI Virus by Loculus;OPEN;https://pathoplexus.org/about/terms-of-use/open-data;;0.9965845648604269;;;KJ627371.1;;;RSVA/Homo sapiens/PER/FLE9518/2010;0;0
PP_001BKMH.2;A.3.1;2009-05-13;Peru;Piura;"Wentworth, D. E.; Halpin, R. A.; Bera, J.; Lin, X.; Fedorova, N.; Tsitrin, T.; McLellan, M.; Stockwell, T.; Amedeo, P.; Bishop, B.; Gupta, N.; Hoover, J.; Katzel, D.; Schobel, S.; Shrivastava, S.; Garcia, J.; Laguna-Torres, V. A.; Leguia, M.; Benavides, J. G.; Halsey, E.";J. Craig Venter Institute;Homo sapiens;15098;2014-04-07;PP_001BKMH;KJ627373.1;Automated Ingest from INSDC/NCBI Virus by Loculus;OPEN;https://pathoplexus.org/about/terms-of-use/open-data;;0.9961904761904762;;;KJ627373.1;;;RSVA/Homo sapiens/PER/FLA7446/2009;0;0
PP_001BKPD.1;A.3;2001;USA;Tennessee;"Newman, R. M.; Zody, M. C.; DeVincenzo, J. P.; Grad, Y.; Lipsitch, M.; Murphy, R.; Fitzgerald, M.; Young, S.; Gargeya, S.; Poon, T. W.; Charlebois, P.; Weiner, B.; Yang, X.; Piper, M. E.; McCowan, C.; Ireland, A.; Levin, J.; Malboeuf, C.; Qu, J.; Chapman, S. B.; Murphy, C.; Wortman, J.; Nusbaum, C.; Birren, B.";Broad Institute of MIT & Harvard;Homo sapiens;15146;2014-04-16;PP_001BKPD;KJ627647.1;Automated Ingest from INSDC/NCBI Virus by Loculus;OPEN;https://pathoplexus.org/about/terms-of-use/open-data;;0.9989490968801313;;;KJ627647.1;;;RSV-A/US/BID-V8313/2001;0;0
PP_001BKQB.1;A.3;2001;USA;Tennessee;"Newman, R. M.; Zody, M. C.; DeVincenzo, J. P.; Grad, Y.; Lipsitch, M.; Murphy, R.; Fitzgerald, M.; Young, S.; Gargeya, S.; Poon, T. W.; Charlebois, P.; Weiner, B.; Yang, X.; Piper, M. E.; McCowan, C.; Ireland, A.; Levin, J.; Malboeuf, C.; Qu, J.; Chapman, S. B.; Murphy, C.; Wortman, J.; Nusbaum, C.; Birren, B.";Broad Institute of MIT & Harvard;Homo sapiens;15164;2014-04-16;PP_001BKQB;KJ627648.1;Automated Ingest from INSDC/NCBI Virus by Loculus;OPEN;https://pathoplexus.org/about/terms-of-use/open-data;;0.999080459770115;;;KJ627648.1;;;RSV-A/US/BID-V8314/2001;0;0
PP_001BKS7.1;A.2.1.1;2001;USA;Tennessee;"Newman, R. M.; Zody, M. C.; DeVincenzo, J. P.; Grad, Y.; Lipsitch, M.; Murphy, R.; Fitzgerald, M.; Young, S.; Gargeya, S.; Poon, T. W.; Charlebois, P.; Weiner, B.; Yang, X.; Piper, M. E.; McCowan, C.; Ireland, A.; Levin, J.; Malboeuf, C.; Qu, J.; Chapman, S. B.; Murphy, C.; Wortman, J.; Nusbaum, C.; Birren, B.";Broad Institute of MIT & Harvard;Homo sapiens;15142;2014-04-16;PP_001BKS7;KJ627649.1;Automated Ingest from INSDC/NCBI Virus by Loculus;OPEN;https://pathoplexus.org/about/terms-of-use/open-data;;0.9977011494252873;;;KJ627649.1;;;RSV-A/US/BID-V8316/2001;0;0
PP_001BKT5.1;A.2.1.1;2001;USA;Tennessee;"Newman, R. M.; Zody, M. C.; DeVincenzo, J. P.; Grad, Y.; Lipsitch, M.; Murphy, R.; Fitzgerald, M.; Young, S.; Gargeya, S.; Poon, T. W.; Charlebois, P.; Weiner, B.; Yang, X.; Piper, M. E.; McCowan, C.; Ireland, A.; Levin, J.; Malboeuf, C.; Qu, J.; Chapman, S. B.; Murphy, C.; Wortman, J.; Nusbaum, C.; Birren, B.";Broad Institute of MIT & Harvard;Homo sapiens;15169;2014-04-16;PP_001BKT5;KJ627650.1;Automated Ingest from INSDC/NCBI Virus by Loculus;OPEN;https://pathoplexus.org/about/terms-of-use/open-data;;0.9978981937602627;;;KJ627650.1;;;RSV-A/US/BID-V8317/2001;0;28
PP_001BKU3.1;A.2.1;2002;USA;Tennessee;"Newman, R. M.; Zody, M. C.; DeVincenzo, J. P.; Grad, Y.; Lipsitch, M.; Murphy, R.; Fitzgerald, M.; Young, S.; Gargeya, S.; Poon, T. W.; Charlebois, P.; Weiner, B.; Yang, X.; Piper, M. E.; McCowan, C.; Ireland, A.; Levin, J.; Malboeuf, C.; Qu, J.; Chapman, S. B.; Murphy, C.; Wortman, J.; Nusbaum, C.; Birren, B.";Broad Institute of MIT & Harvard;Homo sapiens;15107;2014-04-16;PP_001BKU3;KJ627651.1;Automated Ingest from INSDC/NCBI Virus by Loculus;OPEN;https://pathoplexus.org/about/terms-of-use/open-data;;0.9773399014778326;;;KJ627651.1;;;RSV-A/US/BID-V8319/2002;0;308
PP_001BKV1.1;A.2.1;2002;USA;Tennessee;"Newman, R. M.; Zody, M. C.; DeVincenzo, J. P.; Grad, Y.; Lipsitch, M.; Murphy, R.; Fitzgerald, M.; Young, S.; Gargeya, S.; Poon, T. W.; Charlebois, P.; Weiner, B.; Yang, X.; Piper, M. E.; McCowan, C.; Ireland, A.; Levin, J.; Malboeuf, C.; Qu, J.; Chapman, S. B.; Murphy, C.; Wortman, J.; Nusbaum, C.; Birren, B.";Broad Institute of MIT & Harvard;Homo sapiens;15136;2014-04-16;PP_001BKV1;KJ627652.1;Automated Ingest from INSDC/NCBI Virus by Loculus;OPEN;https://pathoplexus.org/about/terms-of-use/open-data;;0.9986206896551724;;;KJ627652.1;;;RSV-A/US/BID-V8320/2002;0;0
PP_001BKWZ.1;A.2.1.1;2002;USA;Tennessee;"Newman, R. M.; Zody, M. C.; DeVincenzo, J. P.; Grad, Y.; Lipsitch, M.; Murphy, R.; Fitzgerald, M.; Young, S.; Gargeya, S.; Poon, T. W.; Charlebois, P.; Weiner, B.; Yang, X.; Piper, M. E.; McCowan, C.; Ireland, A.; Levin, J.; Malboeuf, C.; Qu, J.; Chapman, S. B.; Murphy, C.; Wortman, J.; Nusbaum, C.; Birren, B.";Broad Institute of MIT & Harvard;Homo sapiens;15135;2014-04-16;PP_001BKWZ;KJ627653.1;Automated Ingest from INSDC/NCBI Virus by Loculus;OPEN;https://pathoplexus.org/about/terms-of-use/open-data;;0.9927093596059113;;;KJ627653.1;;;RSV-A/US/BID-V8322/2002;0;74
PP_001BKXX.1;A.2.1.1;2002;USA;Tennessee;"Newman, R. M.; Zody, M. C.; DeVincenzo, J. P.; Grad, Y.; Lipsitch, M.; Murphy, R.; Fitzgerald, M.; Young, S.; Gargeya, S.; Poon, T. W.; Charlebois, P.; Weiner, B.; Yang, X.; Piper, M. E.; McCowan, C.; Ireland, A.; Levin, J.; Malboeuf, C.; Qu, J.; Chapman, S. B.; Murphy, C.; Wortman, J.; Nusbaum, C.; Birren, B.";Broad Institute of MIT & Harvard;Homo sapiens;15110;2014-04-16;PP_001BKXX;KJ627654.1;Automated Ingest from INSDC/NCBI Virus by Loculus;OPEN;https://pathoplexus.org/about/terms-of-use/open-data;;0.9957963875205255;;;KJ627654.1;;;RSV-A/US/BID-V8323/2002;0;0
PP_001BKYV.1;A.2.1.1;2002;USA;Tennessee;"Newman, R. M.; Zody, M. C.; DeVincenzo, J. P.; Grad, Y.; Lipsitch, M.; Murphy, R.; Fitzgerald, M.; Young, S.; Gargeya, S.; Poon, T. W.; Charlebois, P.; Weiner, B.; Yang, X.; Piper, M. E.; McCowan, C.; Ireland, A.; Levin, J.; Malboeuf, C.; Qu, J.; Chapman, S. B.; Murphy, C.; Wortman, J.; Nusbaum, C.; Birren, B.";Broad Institute of MIT & Harvard;Homo sapiens;15116;2014-04-16;PP_001BKYV;KJ627655.1;Automated Ingest from INSDC/NCBI Virus by Loculus;OPEN;https://pathoplexus.org/about/terms-of-use/open-data;;0.9604597701149425;;;KJ627655.1;;;RSV-A/US/BID-V8338/2002;0;574
PP_001BKZT.1;A.2.1;2003;USA;Tennessee;"Newman, R. M.; Zody, M. C.; DeVincenzo, J. P.; Grad, Y.; Lipsitch, M.; Murphy, R.; Fitzgerald, M.; Young, S.; Gargeya, S.; Poon, T. W.; Charlebois, P.; Weiner, B.; Yang, X.; Piper, M. E.; McCowan, C.; Ireland, A.; Levin, J.; Malboeuf, C.; Qu, J.; Chapman, S. B.; Murphy, C.; Wortman, J.; Nusbaum, C.; Birren, B.";Broad Institute of MIT & Harvard;Homo sapiens;15151;2014-04-16;PP_001BKZT;KJ627656.1;Automated Ingest from INSDC/NCBI Virus by Loculus;OPEN;https://pathoplexus.org/about/terms-of-use/open-data;;0.9986206896551724;;;KJ627656.1;;;RSV-A/US/BID-V8352/2003;0;0
PP_001BL0R.1;A.2.1;2003;USA;Tennessee;"Newman, R. M.; Zody, M. C.; DeVincenzo, J. P.; Grad, Y.; Lipsitch, M.; Murphy, R.; Fitzgerald, M.; Young, S.; Gargeya, S.; Poon, T. W.; Charlebois, P.; Weiner, B.; Yang, X.; Piper, M. E.; McCowan, C.; Ireland, A.; Levin, J.; Malboeuf, C.; Qu, J.; Chapman, S. B.; Murphy, C.; Wortman, J.; Nusbaum, C.; Birren, B.";Broad Institute of MIT & Harvard;Homo sapiens;15138;2014-04-16;PP_001BL0R;KJ627657.1;Automated Ingest from INSDC/NCBI Virus by Loculus;OPEN;https://pathoplexus.org/about/terms-of-use/open-data;;0.9986863711001642;;;KJ627657.1;;;RSV-A/US/BID-V8354/2003;0;0
PP_001BL1P.1;A.2.1;2003;USA;Tennessee;"Newman, R. M.; Zody, M. C.; DeVincenzo, J. P.; Grad, Y.; Lipsitch, M.; Murphy, R.; Fitzgerald, M.; Young, S.; Gargeya, S.; Poon, T. W.; Charlebois, P.; Weiner, B.; Yang, X.; Piper, M. E.; McCowan, C.; Ireland, A.; Levin, J.; Malboeuf, C.; Qu, J.; Chapman, S. B.; Murphy, C.; Wortman, J.; Nusbaum, C.; Birren, B.";Broad Institute of MIT & Harvard;Homo sapiens;14899;2014-04-16;PP_001BL1P;KJ627658.1;Automated Ingest from INSDC/NCBI Virus by Loculus;OPEN;https://pathoplexus.org/about/terms-of-use/open-data;;0.9833825944170772;;;KJ627658.1;;;RSV-A/US/BID-V8355/2003;0;0
PP_001BL2M.1;A.2.1;2003;USA;Tennessee;"Newman, R. M.; Zody, M. C.; DeVincenzo, J. P.; Grad, Y.; Lipsitch, M.; Murphy, R.; Fitzgerald, M.; Young, S.; Gargeya, S.; Poon, T. W.; Charlebois, P.; Weiner, B.; Yang, X.; Piper, M. E.; McCowan, C.; Ireland, A.; Levin, J.; Malboeuf, C.; Qu, J.; Chapman, S. B.; Murphy, C.; Wortman, J.; Nusbaum, C.; Birren, B.";Broad Institute of MIT & Harvard;Homo sapiens;15139;2014-04-16;PP_001BL2M;KJ627659.1;Automated Ingest from INSDC/NCBI Virus by Loculus;OPEN;https://pathoplexus.org/about/terms-of-use/open-data;;0.9980295566502463;;;KJ627659.1;;;RSV-A/US/BID-V8356/2003;0;0
PP_001BL3K.1;A.2.1;2003;USA;Tennessee;"Newman, R. M.; Zody, M. C.; DeVincenzo, J. P.; Grad, Y.; Lipsitch, M.; Murphy, R.; Fitzgerald, M.; Young, S.; Gargeya, S.; Poon, T. W.; Charlebois, P.; Weiner, B.; Yang, X.; Piper, M. E.; McCowan, C.; Ireland, A.; Levin, J.; Malboeuf, C.; Qu, J.; Chapman, S. B.; Murphy, C.; Wortman, J.; Nusbaum, C.; Birren, B.";Broad Institute of MIT & Harvard;Homo sapiens;15097;2014-04-16;PP_001BL3K;KJ627660.1;Automated Ingest from INSDC/NCBI Virus by Loculus;OPEN;https://pathoplexus.org/about/terms-of-use/open-data;;0.9566502463054187;;;KJ627660.1;;;RSV-A/US/BID-V8359/2003;0;654
PP_001BL4H.1;A.2.1.1;2003;USA;Tennessee;"Newman, R. M.; Zody, M. C.; DeVincenzo, J. P.; Grad, Y.; Lipsitch, M.; Murphy, R.; Fitzgerald, M.; Young, S.; Gargeya, S.; Poon, T. W.; Charlebois, P.; Weiner, B.; Yang, X.; Piper, M. E.; McCowan, C.; Ireland, A.; Levin, J.; Malboeuf, C.; Qu, J.; Chapman, S. B.; Murphy, C.; Wortman, J.; Nusbaum, C.; Birren, B.";Broad Institute of MIT & Harvard;Homo sapiens;15096;2014-04-16;PP_001BL4H;KJ627661.1;Automated Ingest from INSDC/NCBI Virus by Loculus;OPEN;https://pathoplexus.org/about/terms-of-use/open-data;;0.9864696223316913;;;KJ627661.1;;;RSV-A/US/BID-V8365/2003;0;168
PP_001BL5F.1;A.2.1.1;2003;USA;Tennessee;"Newman, R. M.; Zody, M. C.; DeVincenzo, J. P.; Grad, Y.; Lipsitch, M.; Murphy, R.; Fitzgerald, M.; Young, S.; Gargeya, S.; Poon, T. W.; Charlebois, P.; Weiner, B.; Yang, X.; Piper, M. E.; McCowan, C.; Ireland, A.; Levin, J.; Malboeuf, C.; Qu, J.; Chapman, S. B.; Murphy, C.; Wortman, J.; Nusbaum, C.; Birren, B.";Broad Institute of MIT & Harvard;Homo sapiens;15124;2014-04-16;PP_001BL5F;KJ627662.1;Automated Ingest from INSDC/NCBI Virus by Loculus;OPEN;https://pathoplexus.org/about/terms-of-use/open-data;;0.9975697865353038;;;KJ627662.1;;;RSV-A/US/BID-V8372/2003;0;0
PP_001BL6D.1;A.2.1;2003;USA;Tennessee;"Newman, R. M.; Zody, M. C.; DeVincenzo, J. P.; Grad, Y.; Lipsitch, M.; Murphy, R.; Fitzgerald, M.; Young, S.; Gargeya, S.; Poon, T. W.; Charlebois, P.; Weiner, B.; Yang, X.; Piper, M. E.; McCowan, C.; Ireland, A.; Levin, J.; Malboeuf, C.; Qu, J.; Chapman, S. B.; Murphy, C.; Wortman, J.; Nusbaum, C.; Birren, B.";Broad Institute of MIT & Harvard;Homo sapiens;15088;2014-04-16;PP_001BL6D;KJ627663.1;Automated Ingest from INSDC/NCBI Virus by Loculus;OPEN;https://pathoplexus.org/about/terms-of-use/open-data;;0.9954679802955665;;;KJ627663.1;;;RSV-A/US/BID-V8375/2003;0;0
PP_001BL7B.1;A.2.1;2003;USA;Tennessee;"Newman, R. M.; Zody, M. C.; DeVincenzo, J. P.; Grad, Y.; Lipsitch, M.; Murphy, R.; Fitzgerald, M.; Young, S.; Gargeya, S.; Poon, T. W.; Charlebois, P.; Weiner, B.; Yang, X.; Piper, M. E.; McCowan, C.; Ireland, A.; Levin, J.; Malboeuf, C.; Qu, J.; Chapman, S. B.; Murphy, C.; Wortman, J.; Nusbaum, C.; Birren, B.";Broad Institute of MIT & Harvard;Homo sapiens;15119;2014-04-16;PP_001BL7B;KJ627664.1;Automated Ingest from INSDC/NCBI Virus by Loculus;OPEN;https://pathoplexus.org/about/terms-of-use/open-data;;0.997504105090312;;;KJ627664.1;;;RSV-A/US/BID-V8376/2003;0;0
PP_001BL97.1;A.2.1.1;2003;USA;Tennessee;"Newman, R. M.; Zody, M. C.; DeVincenzo, J. P.; Grad, Y.; Lipsitch, M.; Murphy, R.; Fitzgerald, M.; Young, S.; Gargeya, S.; Poon, T. W.; Charlebois, P.; Weiner, B.; Yang, X.; Piper, M. E.; McCowan, C.; Ireland, A.; Levin, J.; Malboeuf, C.; Qu, J.; Chapman, S. B.; Murphy, C.; Wortman, J.; Nusbaum, C.; Birren, B.";Broad Institute of MIT & Harvard;Homo sapiens;15125;2014-04-16;PP_001BL97;KJ627666.1;Automated Ingest from INSDC/NCBI Virus by Loculus;OPEN;https://pathoplexus.org/about/terms-of-use/open-data;;0.9975697865353038;;;KJ627666.1;;;RSV-A/US/BID-V8382/2003;0;0
PP_001BLA5.1;A.2.1.1;2003;USA;Tennessee;"Newman, R. M.; Zody, M. C.; DeVincenzo, J. P.; Grad, Y.; Lipsitch, M.; Murphy, R.; Fitzgerald, M.; Young, S.; Gargeya, S.; Poon, T. W.; Charlebois, P.; Weiner, B.; Yang, X.; Piper, M. E.; McCowan, C.; Ireland, A.; Levin, J.; Malboeuf, C.; Qu, J.; Chapman, S. B.; Murphy, C.; Wortman, J.; Nusbaum, C.; Birren, B.";Broad Institute of MIT & Harvard;Homo sapiens;15125;2014-04-16;PP_001BLA5;KJ627667.1;Automated Ingest from INSDC/NCBI Virus by Loculus;OPEN;https://pathoplexus.org/about/terms-of-use/open-data;;0.9975697865353038;;;KJ627667.1;;;RSV-A/US/BID-V8383/2003;0;0
PP_001BLB3.1;A.2.1.1;2003;USA;Tennessee;"Newman, R. M.; Zody, M. C.; DeVincenzo, J. P.; Grad, Y.; Lipsitch, M.; Murphy, R.; Fitzgerald, M.; Young, S.; Gargeya, S.; Poon, T. W.; Charlebois, P.; Weiner, B.; Yang, X.; Piper, M. E.; McCowan, C.; Ireland, A.; Levin, J.; Malboeuf, C.; Qu, J.; Chapman, S. B.; Murphy, C.; Wortman, J.; Nusbaum, C.; Birren, B.";Broad Institute of MIT & Harvard;Homo sapiens;15192;2014-04-16;PP_001BLB3;KJ627668.1;Automated Ingest from INSDC/NCBI Virus by Loculus;OPEN;https://pathoplexus.org/about/terms-of-use/open-data;;0.9994088669950739;;;KJ627668.1;;;RSV-A/US/BID-V8384/2003;0;0
PP_001BLC1.1;A.2.1;2003;USA;Tennessee;"Newman, R. M.; Zody, M. C.; DeVincenzo, J. P.; Grad, Y.; Lipsitch, M.; Murphy, R.; Fitzgerald, M.; Young, S.; Gargeya, S.; Poon, T. W.; Charlebois, P.; Weiner, B.; Yang, X.; Piper, M. E.; McCowan, C.; Ireland, A.; Levin, J.; Malboeuf, C.; Qu, J.; Chapman, S. B.; Murphy, C.; Wortman, J.; Nusbaum, C.; Birren, B.";Broad Institute of MIT & Harvard;Homo sapiens;14850;2014-04-16;PP_001BLC1;KJ627669.1;Automated Ingest from INSDC/NCBI Virus by Loculus;OPEN;https://pathoplexus.org/about/terms-of-use/open-data;;0.9779967159277504;;;KJ627669.1;;;RSV-A/US/BID-V8387/2003;0;28
PP_001BLDZ.1;A.2.1;2003;USA;Tennessee;"Newman, R. M.; Zody, M. C.; DeVincenzo, J. P.; Grad, Y.; Lipsitch, M.; Murphy, R.; Fitzgerald, M.; Young, S.; Gargeya, S.; Poon, T. W.; Charlebois, P.; Weiner, B.; Yang, X.; Piper, M. E.; McCowan, C.; Ireland, A.; Levin, J.; Malboeuf, C.; Qu, J.; Chapman, S. B.; Murphy, C.; Wortman, J.; Nusbaum, C.; Birren, B.";Broad Institute of MIT & Harvard;Homo sapiens;15090;2014-04-16;PP_001BLDZ;KJ627670.1;Automated Ingest from INSDC/NCBI Virus by Loculus;OPEN;https://pathoplexus.org/about/terms-of-use/open-data;;0.9957307060755337;;;KJ627670.1;;;RSV-A/US/BID-V8397/2003;0;0
PP_001BLEX.1;A.2.1;2003;USA;Tennessee;"Newman, R. M.; Zody, M. C.; DeVincenzo, J. P.; Grad, Y.; Lipsitch, M.; Murphy, R.; Fitzgerald, M.; Young, S.; Gargeya, S.; Poon, T. W.; Charlebois, P.; Weiner, B.; Yang, X.; Piper, M. E.; McCowan, C.; Ireland, A.; Levin, J.; Malboeuf, C.; Qu, J.; Chapman, S. B.; Murphy, C.; Wortman, J.; Nusbaum, C.; Birren, B.";Broad Institute of MIT & Harvard;Homo sapiens;15154;2014-04-16;PP_001BLEX;KJ627671.1;Automated Ingest from INSDC/NCBI Virus by Loculus;OPEN;https://pathoplexus.org/about/terms-of-use/open-data;;0.999080459770115;;;KJ627671.1;;;RSV-A/US/BID-V8405/2003;0;0
PP_001BLFV.1;A.2.1;2001;USA;Tennessee;"Newman, R. M.; Zody, M. C.; DeVincenzo, J. P.; Grad, Y.; Lipsitch, M.; Murphy, R.; Fitzgerald, M.; Young, S.; Gargeya, S.; Poon, T. W.; Charlebois, P.; Weiner, B.; Yang, X.; Piper, M. E.; McCowan, C.; Ireland, A.; Levin, J.; Malboeuf, C.; Qu, J.; Chapman, S. B.; Murphy, C.; Wortman, J.; Nusbaum, C.; Birren, B.";Broad Institute of MIT & Harvard;Homo sapiens;15147;2014-04-16;PP_001BLFV;KJ627672.1;Automated Ingest from INSDC/NCBI Virus by Loculus;OPEN;https://pathoplexus.org/about/terms-of-use/open-data;;0.9989490968801313;;;KJ627672.1;;;RSV-A/US/BID-V8411/2001;0;0
PP_001BLGT.1;A.2.1;2001;USA;Tennessee;"Newman, R. M.; Zody, M. C.; DeVincenzo, J. P.; Grad, Y.; Lipsitch, M.; Murphy, R.; Fitzgerald, M.; Young, S.; Gargeya, S.; Poon, T. W.; Charlebois, P.; Weiner, B.; Yang, X.; Piper, M. E.; McCowan, C.; Ireland, A.; Levin, J.; Malboeuf, C.; Qu, J.; Chapman, S. B.; Murphy, C.; Wortman, J.; Nusbaum, C.; Birren, B.";Broad Institute of MIT & Harvard;Homo sapiens;15067;2014-04-16;PP_001BLGT;KJ627673.1;Automated Ingest from INSDC/NCBI Virus by Loculus;OPEN;https://pathoplexus.org/about/terms-of-use/open-data;;0.9990147783251232;;;KJ627673.1;;;RSV-A/US/BID-V8413/2001;0;0
PP_001BLHQ.1;A.2.1;2001;USA;Tennessee;"Newman, R. M.; Zody, M. C.; DeVincenzo, J. P.; Grad, Y.; Lipsitch, M.; Murphy, R.; Fitzgerald, M.; Young, S.; Gargeya, S.; Poon, T. W.; Charlebois, P.; Weiner, B.; Yang, X.; Piper, M. E.; McCowan, C.; Ireland, A.; Levin, J.; Malboeuf, C.; Qu, J.; Chapman, S. B.; Murphy, C.; Wortman, J.; Nusbaum, C.; Birren, B.";Broad Institute of MIT & Harvard;Homo sapiens;15137;2014-04-16;PP_001BLHQ;KJ627674.1;Automated Ingest from INSDC/NCBI Virus by Loculus;OPEN;https://pathoplexus.org/about/terms-of-use/open-data;;0.998752052545156;;;KJ627674.1;;;RSV-A/US/BID-V8414/2001;0;0
PP_001BLJN.1;A.2.1;2001;USA;Tennessee;"Newman, R. M.; Zody, M. C.; DeVincenzo, J. P.; Grad, Y.; Lipsitch, M.; Murphy, R.; Fitzgerald, M.; Young, S.; Gargeya, S.; Poon, T. W.; Charlebois, P.; Weiner, B.; Yang, X.; Piper, M. E.; McCowan, C.; Ireland, A.; Levin, J.; Malboeuf, C.; Qu, J.; Chapman, S. B.; Murphy, C.; Wortman, J.; Nusbaum, C.; Birren, B.";Broad Institute of MIT & Harvard;Homo sapiens;15124;2014-04-16;PP_001BLJN;KJ627675.1;Automated Ingest from INSDC/NCBI Virus by Loculus;OPEN;https://pathoplexus.org/about/terms-of-use/open-data;;0.9981609195402299;;;KJ627675.1;;;RSV-A/US/BID-V8415/2001;0;0
PP_001BLKL.1;A.2.1;2001;USA;Tennessee;"Newman, R. M.; Zody, M. C.; DeVincenzo, J. P.; Grad, Y.; Lipsitch, M.; Murphy, R.; Fitzgerald, M.; Young, S.; Gargeya, S.; Poon, T. W.; Charlebois, P.; Weiner, B.; Yang, X.; Piper, M. E.; McCowan, C.; Ireland, A.; Levin, J.; Malboeuf, C.; Qu, J.; Chapman, S. B.; Murphy, C.; Wortman, J.; Nusbaum, C.; Birren, B.";Broad Institute of MIT & Harvard;Homo sapiens;15111;2014-04-16;PP_001BLKL;KJ627676.1;Automated Ingest from INSDC/NCBI Virus by Loculus;OPEN;https://pathoplexus.org/about/terms-of-use/open-data;;0.9959934318555008;;;KJ627676.1;;;RSV-A/US/BID-V8419/2001;0;0
PP_001BLLJ.1;A.2.1;2001;USA;Tennessee;"Newman, R. M.; Zody, M. C.; DeVincenzo, J. P.; Grad, Y.; Lipsitch, M.; Murphy, R.; Fitzgerald, M.; Young, S.; Gargeya, S.; Poon, T. W.; Charlebois, P.; Weiner, B.; Yang, X.; Piper, M. E.; McCowan, C.; Ireland, A.; Levin, J.; Malboeuf, C.; Qu, J.; Chapman, S. B.; Murphy, C.; Wortman, J.; Nusbaum, C.; Birren, B.";Broad Institute of MIT & Harvard;Homo sapiens;15095;2014-04-16;PP_001BLLJ;KJ627677.1;Automated Ingest from INSDC/NCBI Virus by Loculus;OPEN;https://pathoplexus.org/about/terms-of-use/open-data;;0.9510673234811166;;;KJ627677.1;;;RSV-A/US/BID-V8420/2001;0;679
PP_001BLMG.1;A.2.1;2001;USA;Tennessee;"Newman, R. M.; Zody, M. C.; DeVincenzo, J. P.; Grad, Y.; Lipsitch, M.; Murphy, R.; Fitzgerald, M.; Young, S.; Gargeya, S.; Poon, T. W.; Charlebois, P.; Weiner, B.; Yang, X.; Piper, M. E.; McCowan, C.; Ireland, A.; Levin, J.; Malboeuf, C.; Qu, J.; Chapman, S. B.; Murphy, C.; Wortman, J.; Nusbaum, C.; Birren, B.";Broad Institute of MIT & Harvard;Homo sapiens;15138;2014-04-16;PP_001BLMG;KJ627678.1;Automated Ingest from INSDC/NCBI Virus by Loculus;OPEN;https://pathoplexus.org/about/terms-of-use/open-data;;0.9985550082101806;;;KJ627678.1;;;RSV-A/US/BID-V8422/2001;0;0
PP_001BLNE.1;A.2.1;2001;USA;Tennessee;"Newman, R. M.; Zody, M. C.; DeVincenzo, J. P.; Grad, Y.; Lipsitch, M.; Murphy, R.; Fitzgerald, M.; Young, S.; Gargeya, S.; Poon, T. W.; Charlebois, P.; Weiner, B.; Yang, X.; Piper, M. E.; McCowan, C.; Ireland, A.; Levin, J.; Malboeuf, C.; Qu, J.; Chapman, S. B.; Murphy, C.; Wortman, J.; Nusbaum, C.; Birren, B.";Broad Institute of MIT & Harvard;Homo sapiens;15138;2014-04-16;PP_001BLNE;KJ627679.1;Automated Ingest from INSDC/NCBI Virus by Loculus;OPEN;https://pathoplexus.org/about/terms-of-use/open-data;;0.9978325123152709;;;KJ627679.1;;;RSV-A/US/BID-V8423/2001;0;0
PP_001BLPC.1;A.2.1;2001;USA;Tennessee;"Newman, R. M.; Zody, M. C.; DeVincenzo, J. P.; Grad, Y.; Lipsitch, M.; Murphy, R.; Fitzgerald, M.; Young, S.; Gargeya, S.; Poon, T. W.; Charlebois, P.; Weiner, B.; Yang, X.; Piper, M. E.; McCowan, C.; Ireland, A.; Levin, J.; Malboeuf, C.; Qu, J.; Chapman, S. B.; Murphy, C.; Wortman, J.; Nusbaum, C.; Birren, B.";Broad Institute of MIT & Harvard;Homo sapiens;15097;2014-04-16;PP_001BLPC;KJ627680.1;Automated Ingest from INSDC/NCBI Virus by Loculus;OPEN;https://pathoplexus.org/about/terms-of-use/open-data;;0.9724794745484401;;;KJ627680.1;;;RSV-A/US/BID-V8424/2001;0;356
PP_001BLQA.1;A.3;2001;USA;Tennessee;"Newman, R. M.; Zody, M. C.; DeVincenzo, J. P.; Grad, Y.; Lipsitch, M.; Murphy, R.; Fitzgerald, M.; Young, S.; Gargeya, S.; Poon, T. W.; Charlebois, P.; Weiner, B.; Yang, X.; Piper, M. E.; McCowan, C.; Ireland, A.; Levin, J.; Malboeuf, C.; Qu, J.; Chapman, S. B.; Murphy, C.; Wortman, J.; Nusbaum, C.; Birren, B.";Broad Institute of MIT & Harvard;Homo sapiens;14899;2014-04-16;PP_001BLQA;KJ627681.1;Automated Ingest from INSDC/NCBI Virus by Loculus;OPEN;https://pathoplexus.org/about/terms-of-use/open-data;;0.9822660098522168;;;KJ627681.1;;;RSV-A/US/BID-V8425/2001;0;0
PP_001BLR8.1;A.2.1;2001;USA;Tennessee;"Newman, R. M.; Zody, M. C.; DeVincenzo, J. P.; Grad, Y.; Lipsitch, M.; Murphy, R.; Fitzgerald, M.; Young, S.; Gargeya, S.; Poon, T. W.; Charlebois, P.; Weiner, B.; Yang, X.; Piper, M. E.; McCowan, C.; Ireland, A.; Levin, J.; Malboeuf, C.; Qu, J.; Chapman, S. B.; Murphy, C.; Wortman, J.; Nusbaum, C.; Birren, B.";Broad Institute of MIT & Harvard;Homo sapiens;15117;2014-04-16;PP_001BLR8;KJ627682.1;Automated Ingest from INSDC/NCBI Virus by Loculus;OPEN;https://pathoplexus.org/about/terms-of-use/open-data;;0.9973070607553366;;;KJ627682.1;;;RSV-A/US/BID-V8432/2001;0;0
PP_001BLS6.1;A.2.1;2001;USA;Tennessee;"Newman, R. M.; Zody, M. C.; DeVincenzo, J. P.; Grad, Y.; Lipsitch, M.; Murphy, R.; Fitzgerald, M.; Young, S.; Gargeya, S.; Poon, T. W.; Charlebois, P.; Weiner, B.; Yang, X.; Piper, M. E.; McCowan, C.; Ireland, A.; Levin, J.; Malboeuf, C.; Qu, J.; Chapman, S. B.; Murphy, C.; Wortman, J.; Nusbaum, C.; Birren, B.";Broad Institute of MIT & Harvard;Homo sapiens;15138;2014-04-16;PP_001BLS6;KJ627683.1;Automated Ingest from INSDC/NCBI Virus by Loculus;OPEN;https://pathoplexus.org/about/terms-of-use/open-data;;0.9964532019704434;;;KJ627683.1;;;RSV-A/US/BID-V8433/2001;0;0
PP_001BLT4.1;A.2.1;2001;USA;Tennessee;"Newman, R. M.; Zody, M. C.; DeVincenzo, J. P.; Grad, Y.; Lipsitch, M.; Murphy, R.; Fitzgerald, M.; Young, S.; Gargeya, S.; Poon, T. W.; Charlebois, P.; Weiner, B.; Yang, X.; Piper, M. E.; McCowan, C.; Ireland, A.; Levin, J.; Malboeuf, C.; Qu, J.; Chapman, S. B.; Murphy, C.; Wortman, J.; Nusbaum, C.; Birren, B.";Broad Institute of MIT & Harvard;Homo sapiens;15156;2014-04-16;PP_001BLT4;KJ627684.1;Automated Ingest from INSDC/NCBI Virus by Loculus;OPEN;https://pathoplexus.org/about/terms-of-use/open-data;;0.999080459770115;;;KJ627684.1;;;RSV-A/US/BID-V8434/2001;0;0
PP_001BLU2.1;A.2.1;2001;USA;Tennessee;"Newman, R. M.; Zody, M. C.; DeVincenzo, J. P.; Grad, Y.; Lipsitch, M.; Murphy, R.; Fitzgerald, M.; Young, S.; Gargeya, S.; Poon, T. W.; Charlebois, P.; Weiner, B.; Yang, X.; Piper, M. E.; McCowan, C.; Ireland, A.; Levin, J.; Malboeuf, C.; Qu, J.; Chapman, S. B.; Murphy, C.; Wortman, J.; Nusbaum, C.; Birren, B.";Broad Institute of MIT & Harvard;Homo sapiens;15140;2014-04-16;PP_001BLU2;KJ627685.1;Automated Ingest from INSDC/NCBI Virus by Loculus;OPEN;https://pathoplexus.org/about/terms-of-use/open-data;;0.9986863711001642;;;KJ627685.1;;;RSV-A/US/BID-V8435/2001;0;0
PP_001BLV0.1;A.2.1;2001;USA;Tennessee;"Newman, R. M.; Zody, M. C.; DeVincenzo, J. P.; Grad, Y.; Lipsitch, M.; Murphy, R.; Fitzgerald, M.; Young, S.; Gargeya, S.; Poon, T. W.; Charlebois, P.; Weiner, B.; Yang, X.; Piper, M. E.; McCowan, C.; Ireland, A.; Levin, J.; Malboeuf, C.; Qu, J.; Chapman, S. B.; Murphy, C.; Wortman, J.; Nusbaum, C.; Birren, B.";Broad Institute of MIT & Harvard;Homo sapiens;15177;2014-04-16;PP_001BLV0;KJ627686.1;Automated Ingest from INSDC/NCBI Virus by Loculus;OPEN;https://pathoplexus.org/about/terms-of-use/open-data;;1.0;;;KJ627686.1;;;RSV-A/US/BID-V8436/2001;0;0
PP_001BLWY.1;A.2.1;2001;USA;Tennessee;"Newman, R. M.; Zody, M. C.; DeVincenzo, J. P.; Grad, Y.; Lipsitch, M.; Murphy, R.; Fitzgerald, M.; Young, S.; Gargeya, S.; Poon, T. W.; Charlebois, P.; Weiner, B.; Yang, X.; Piper, M. E.; McCowan, C.; Ireland, A.; Levin, J.; Malboeuf, C.; Qu, J.; Chapman, S. B.; Murphy, C.; Wortman, J.; Nusbaum, C.; Birren, B.";Broad Institute of MIT & Harvard;Homo sapiens;15147;2014-04-16;PP_001BLWY;KJ627687.1;Automated Ingest from INSDC/NCBI Virus by Loculus;OPEN;https://pathoplexus.org/about/terms-of-use/open-data;;0.9991461412151067;;;KJ627687.1;;;RSV-A/US/BID-V8437/2001;0;0
PP_001BLXW.1;A.2.1;2001;USA;Tennessee;"Newman, R. M.; Zody, M. C.; DeVincenzo, J. P.; Grad, Y.; Lipsitch, M.; Murphy, R.; Fitzgerald, M.; Young, S.; Gargeya, S.; Poon, T. W.; Charlebois, P.; Weiner, B.; Yang, X.; Piper, M. E.; McCowan, C.; Ireland, A.; Levin, J.; Malboeuf, C.; Qu, J.; Chapman, S. B.; Murphy, C.; Wortman, J.; Nusbaum, C.; Birren, B.";Broad Institute of MIT & Harvard;Homo sapiens;15120;2014-04-16;PP_001BLXW;KJ627688.1;Automated Ingest from INSDC/NCBI Virus by Loculus;OPEN;https://pathoplexus.org/about/terms-of-use/open-data;;0.9982922824302135;;;KJ627688.1;;;RSV-A/US/BID-V8453/2001;0;0
PP_001BLYU.1;A.2.1;2001;USA;Tennessee;"Newman, R. M.; Zody, M. C.; DeVincenzo, J. P.; Grad, Y.; Lipsitch, M.; Murphy, R.; Fitzgerald, M.; Young, S.; Gargeya, S.; Poon, T. W.; Charlebois, P.; Weiner, B.; Yang, X.; Piper, M. E.; McCowan, C.; Ireland, A.; Levin, J.; Malboeuf, C.; Qu, J.; Chapman, S. B.; Murphy, C.; Wortman, J.; Nusbaum, C.; Birren, B.";Broad Institute of MIT & Harvard;Homo sapiens;14896;2014-04-16;PP_001BLYU;KJ627689.1;Automated Ingest from INSDC/NCBI Virus by Loculus;OPEN;https://pathoplexus.org/about/terms-of-use/open-data;;0.9835796387520526;;;KJ627689.1;;;RSV-A/US/BID-V8454/2001;0;0
PP_001BLZS.1;A.2.1;2001;USA;Tennessee;"Newman, R. M.; Zody, M. C.; DeVincenzo, J. P.; Grad, Y.; Lipsitch, M.; Murphy, R.; Fitzgerald, M.; Young, S.; Gargeya, S.; Poon, T. W.; Charlebois, P.; Weiner, B.; Yang, X.; Piper, M. E.; McCowan, C.; Ireland, A.; Levin, J.; Malboeuf, C.; Qu, J.; Chapman, S. B.; Murphy, C.; Wortman, J.; Nusbaum, C.; Birren, B.";Broad Institute of MIT & Harvard;Homo sapiens;15130;2014-04-16;PP_001BLZS;KJ627690.1;Automated Ingest from INSDC/NCBI Virus by Loculus;OPEN;https://pathoplexus.org/about/terms-of-use/open-data;;0.9981609195402299;;;KJ627690.1;;;RSV-A/US/BID-V8456/2001;0;0
PP_001BM2L.1;A.2.1;2001;USA;Tennessee;"Newman, R. M.; Zody, M. C.; DeVincenzo, J. P.; Grad, Y.; Lipsitch, M.; Murphy, R.; Fitzgerald, M.; Young, S.; Gargeya, S.; Poon, T. W.; Charlebois, P.; Weiner, B.; Yang, X.; Piper, M. E.; McCowan, C.; Ireland, A.; Levin, J.; Malboeuf, C.; Qu, J.; Chapman, S. B.; Murphy, C.; Wortman, J.; Nusbaum, C.; Birren, B.";Broad Institute of MIT & Harvard;Homo sapiens;15132;2014-04-16;PP_001BM2L;KJ627693.1;Automated Ingest from INSDC/NCBI Virus by Loculus;OPEN;https://pathoplexus.org/about/terms-of-use/open-data;;0.9981609195402299;;;KJ627693.1;;;RSV-A/US/BID-V8466/2001;0;0
PP_001BM4G.1;A.2;2001;USA;Tennessee;"Newman, R. M.; Zody, M. C.; DeVincenzo, J. P.; Grad, Y.; Lipsitch, M.; Murphy, R.; Fitzgerald, M.; Young, S.; Gargeya, S.; Poon, T. W.; Charlebois, P.; Weiner, B.; Yang, X.; Piper, M. E.; McCowan, C.; Ireland, A.; Levin, J.; Malboeuf, C.; Qu, J.; Chapman, S. B.; Murphy, C.; Wortman, J.; Nusbaum, C.; Birren, B.";Broad Institute of MIT & Harvard;Homo sapiens;15160;2014-04-16;PP_001BM4G;KJ627695.1;Automated Ingest from INSDC/NCBI Virus by Loculus;OPEN;https://pathoplexus.org/about/terms-of-use/open-data;;0.998752052545156;;;KJ627695.1;;;RSV-A/US/BID-V8469/2001;0;0
PP_001BM5E.1;A.2;2001;USA;Tennessee;"Newman, R. M.; Zody, M. C.; DeVincenzo, J. P.; Grad, Y.; Lipsitch, M.; Murphy, R.; Fitzgerald, M.; Young, S.; Gargeya, S.; Poon, T. W.; Charlebois, P.; Weiner, B.; Yang, X.; Piper, M. E.; McCowan, C.; Ireland, A.; Levin, J.; Malboeuf, C.; Qu, J.; Chapman, S. B.; Murphy, C.; Wortman, J.; Nusbaum, C.; Birren, B.";Broad Institute of MIT & Harvard;Homo sapiens;15160;2014-04-16;PP_001BM5E;KJ627696.1;Automated Ingest from INSDC/NCBI Virus by Loculus;OPEN;https://pathoplexus.org/about/terms-of-use/open-data;;0.998752052545156;;;KJ627696.1;;;RSV-A/US/BID-V8471/2001;0;0
PP_001BM7A.1;A.2;2001;USA;Tennessee;"Newman, R. M.; Zody, M. C.; DeVincenzo, J. P.; Grad, Y.; Lipsitch, M.; Murphy, R.; Fitzgerald, M.; Young, S.; Gargeya, S.; Poon, T. W.; Charlebois, P.; Weiner, B.; Yang, X.; Piper, M. E.; McCowan, C.; Ireland, A.; Levin, J.; Malboeuf, C.; Qu, J.; Chapman, S. B.; Murphy, C.; Wortman, J.; Nusbaum, C.; Birren, B.";Broad Institute of MIT & Harvard;Homo sapiens;15144;2014-04-16;PP_001BM7A;KJ627698.1;Automated Ingest from INSDC/NCBI Virus by Loculus;OPEN;https://pathoplexus.org/about/terms-of-use/open-data;;0.95376026272578;;;KJ627698.1;;;RSV-A/US/BID-V8473/2001;0;680
PP_001BM88.1;A.2;2001;USA;Tennessee;"Newman, R. M.; Zody, M. C.; DeVincenzo, J. P.; Grad, Y.; Lipsitch, M.; Murphy, R.; Fitzgerald, M.; Young, S.; Gargeya, S.; Poon, T. W.; Charlebois, P.; Weiner, B.; Yang, X.; Piper, M. E.; McCowan, C.; Ireland, A.; Levin, J.; Malboeuf, C.; Qu, J.; Chapman, S. B.; Murphy, C.; Wortman, J.; Nusbaum, C.; Birren, B.";Broad Institute of MIT & Harvard;Homo sapiens;15140;2014-04-16;PP_001BM88;KJ627699.1;Automated Ingest from INSDC/NCBI Virus by Loculus;OPEN;https://pathoplexus.org/about/terms-of-use/open-data;;0.9916584564860427;;;KJ627699.1;;;RSV-A/US/BID-V8474/2001;0;99
PP_001BMA4.1;A.2.1;2001;USA;Tennessee;"Newman, R. M.; Zody, M. C.; DeVincenzo, J. P.; Grad, Y.; Lipsitch, M.; Murphy, R.; Fitzgerald, M.; Young, S.; Gargeya, S.; Poon, T. W.; Charlebois, P.; Weiner, B.; Yang, X.; Piper, M. E.; McCowan, C.; Ireland, A.; Levin, J.; Malboeuf, C.; Qu, J.; Chapman, S. B.; Murphy, C.; Wortman, J.; Nusbaum, C.; Birren, B.";Broad Institute of MIT & Harvard;Homo sapiens;15123;2014-04-16;PP_001BMA4;KJ627701.1;Automated Ingest from INSDC/NCBI Virus by Loculus;OPEN;https://pathoplexus.org/about/terms-of-use/open-data;;0.977208538587849;;;KJ627701.1;;;RSV-A/US/BID-V8477/2001;0;310
PP_001BMB2.1;A.2.1;2001;USA;Tennessee;"Newman, R. M.; Zody, M. C.; DeVincenzo, J. P.; Grad, Y.; Lipsitch, M.; Murphy, R.; Fitzgerald, M.; Young, S.; Gargeya, S.; Poon, T. W.; Charlebois, P.; Weiner, B.; Yang, X.; Piper, M. E.; McCowan, C.; Ireland, A.; Levin, J.; Malboeuf, C.; Qu, J.; Chapman, S. B.; Murphy, C.; Wortman, J.; Nusbaum, C.; Birren, B.";Broad Institute of MIT & Harvard;Homo sapiens;15137;2014-04-16;PP_001BMB2;KJ627702.1;Automated Ingest from INSDC/NCBI Virus by Loculus;OPEN;https://pathoplexus.org/about/terms-of-use/open-data;;0.9989490968801313;;;KJ627702.1;;;RSV-A/US/BID-V8481/2001;0;0
PP_001BMC0.1;A.2.1;2001;USA;Tennessee;"Newman, R. M.; Zody, M. C.; DeVincenzo, J. P.; Grad, Y.; Lipsitch, M.; Murphy, R.; Fitzgerald, M.; Young, S.; Gargeya, S.; Poon, T. W.; Charlebois, P.; Weiner, B.; Yang, X.; Piper, M. E.; McCowan, C.; Ireland, A.; Levin, J.; Malboeuf, C.; Qu, J.; Chapman, S. B.; Murphy, C.; Wortman, J.; Nusbaum, C.; Birren, B.";Broad Institute of MIT & Harvard;Homo sapiens;15060;2014-04-16;PP_001BMC0;KJ627703.1;Automated Ingest from INSDC/NCBI Virus by Loculus;OPEN;https://pathoplexus.org/about/terms-of-use/open-data;;0.9913300492610837;;;KJ627703.1;;;RSV-A/US/BID-V8482/2001;0;0
PP_001BMDY.1;A.2.1;2001;USA;Tennessee;"Newman, R. M.; Zody, M. C.; DeVincenzo, J. P.; Grad, Y.; Lipsitch, M.; Murphy, R.; Fitzgerald, M.; Young, S.; Gargeya, S.; Poon, T. W.; Charlebois, P.; Weiner, B.; Yang, X.; Piper, M. E.; McCowan, C.; Ireland, A.; Levin, J.; Malboeuf, C.; Qu, J.; Chapman, S. B.; Murphy, C.; Wortman, J.; Nusbaum, C.; Birren, B.";Broad Institute of MIT & Harvard;Homo sapiens;15110;2014-04-16;PP_001BMDY;KJ627704.1;Automated Ingest from INSDC/NCBI Virus by Loculus;OPEN;https://pathoplexus.org/about/terms-of-use/open-data;;0.9984893267651889;;;KJ627704.1;;;RSV-A/US/BID-V8483/2001;0;0
PP_001BMEW.1;A.2.1;2001;USA;Tennessee;"Newman, R. M.; Zody, M. C.; DeVincenzo, J. P.; Grad, Y.; Lipsitch, M.; Murphy, R.; Fitzgerald, M.; Young, S.; Gargeya, S.; Poon, T. W.; Charlebois, P.; Weiner, B.; Yang, X.; Piper, M. E.; McCowan, C.; Ireland, A.; Levin, J.; Malboeuf, C.; Qu, J.; Chapman, S. B.; Murphy, C.; Wortman, J.; Nusbaum, C.; Birren, B.";Broad Institute of MIT & Harvard;Homo sapiens;15173;2014-04-16;PP_001BMEW;KJ627705.1;Automated Ingest from INSDC/NCBI Virus by Loculus;OPEN;https://pathoplexus.org/about/terms-of-use/open-data;;0.9997372742200329;;;KJ627705.1;;;RSV-A/US/BID-V8484/2001;0;0
PP_001BMFU.1;A.2.1;2001;USA;Tennessee;"Newman, R. M.; Zody, M. C.; DeVincenzo, J. P.; Grad, Y.; Lipsitch, M.; Murphy, R.; Fitzgerald, M.; Young, S.; Gargeya, S.; Poon, T. W.; Charlebois, P.; Weiner, B.; Yang, X.; Piper, M. E.; McCowan, C.; Ireland, A.; Levin, J.; Malboeuf, C.; Qu, J.; Chapman, S. B.; Murphy, C.; Wortman, J.; Nusbaum, C.; Birren, B.";Broad Institute of MIT & Harvard;Homo sapiens;15157;2014-04-16;PP_001BMFU;KJ627706.1;Automated Ingest from INSDC/NCBI Virus by Loculus;OPEN;https://pathoplexus.org/about/terms-of-use/open-data;;0.999080459770115;;;KJ627706.1;;;RSV-A/US/BID-V8485/2001;0;0
PP_001BMGS.1;A.2.1;2001;USA;Tennessee;"Newman, R. M.; Zody, M. C.; DeVincenzo, J. P.; Grad, Y.; Lipsitch, M.; Murphy, R.; Fitzgerald, M.; Young, S.; Gargeya, S.; Poon, T. W.; Charlebois, P.; Weiner, B.; Yang, X.; Piper, M. E.; McCowan, C.; Ireland, A.; Levin, J.; Malboeuf, C.; Qu, J.; Chapman, S. B.; Murphy, C.; Wortman, J.; Nusbaum, C.; Birren, B.";Broad Institute of MIT & Harvard;Homo sapiens;15136;2014-04-16;PP_001BMGS;KJ627707.1;Automated Ingest from INSDC/NCBI Virus by Loculus;OPEN;https://pathoplexus.org/about/terms-of-use/open-data;;0.998423645320197;;;KJ627707.1;;;RSV-A/US/BID-V8486/2001;0;0
PP_001BMHP.1;A.2.1;2001;USA;Tennessee;"Newman, R. M.; Zody, M. C.; DeVincenzo, J. P.; Grad, Y.; Lipsitch, M.; Murphy, R.; Fitzgerald, M.; Young, S.; Gargeya, S.; Poon, T. W.; Charlebois, P.; Weiner, B.; Yang, X.; Piper, M. E.; McCowan, C.; Ireland, A.; Levin, J.; Malboeuf, C.; Qu, J.; Chapman, S. B.; Murphy, C.; Wortman, J.; Nusbaum, C.; Birren, B.";Broad Institute of MIT & Harvard;Homo sapiens;15125;2014-04-16;PP_001BMHP;KJ627708.1;Automated Ingest from INSDC/NCBI Virus by Loculus;OPEN;https://pathoplexus.org/about/terms-of-use/open-data;;0.9977011494252873;;;KJ627708.1;;;RSV-A/US/BID-V8490/2001;0;0
PP_001BMJM.1;A.2.1;2001;USA;Tennessee;"Newman, R. M.; Zody, M. C.; DeVincenzo, J. P.; Grad, Y.; Lipsitch, M.; Murphy, R.; Fitzgerald, M.; Young, S.; Gargeya, S.; Poon, T. W.; Charlebois, P.; Weiner, B.; Yang, X.; Piper, M. E.; McCowan, C.; Ireland, A.; Levin, J.; Malboeuf, C.; Qu, J.; Chapman, S. B.; Murphy, C.; Wortman, J.; Nusbaum, C.; Birren, B.";Broad Institute of MIT & Harvard;Homo sapiens;15123;2014-04-16;PP_001BMJM;KJ627709.1;Automated Ingest from INSDC/NCBI Virus by Loculus;OPEN;https://pathoplexus.org/about/terms-of-use/open-data;;0.9975697865353038;;;KJ627709.1;;;RSV-A/US/BID-V8491/2001;0;0
PP_001BMKK.1;A.2.1;2001;USA;Tennessee;"Newman, R. M.; Zody, M. C.; DeVincenzo, J. P.; Grad, Y.; Lipsitch, M.; Murphy, R.; Fitzgerald, M.; Young, S.; Gargeya, S.; Poon, T. W.; Charlebois, P.; Weiner, B.; Yang, X.; Piper, M. E.; McCowan, C.; Ireland, A.; Levin, J.; Malboeuf, C.; Qu, J.; Chapman, S. B.; Murphy, C.; Wortman, J.; Nusbaum, C.; Birren, B.";Broad Institute of MIT & Harvard;Homo sapiens;15128;2014-04-16;PP_001BMKK;KJ627710.1;Automated Ingest from INSDC/NCBI Virus by Loculus;OPEN;https://pathoplexus.org/about/terms-of-use/open-data;;0.998423645320197;;;KJ627710.1;;;RSV-A/US/BID-V8493/2001;0;0
PP_001BMLH.1;A.2.1;2001;USA;Tennessee;"Newman, R. M.; Zody, M. C.; DeVincenzo, J. P.; Grad, Y.; Lipsitch, M.; Murphy, R.; Fitzgerald, M.; Young, S.; Gargeya, S.; Poon, T. W.; Charlebois, P.; Weiner, B.; Yang, X.; Piper, M. E.; McCowan, C.; Ireland, A.; Levin, J.; Malboeuf, C.; Qu, J.; Chapman, S. B.; Murphy, C.; Wortman, J.; Nusbaum, C.; Birren, B.";Broad Institute of MIT & Harvard;Homo sapiens;15096;2014-04-16;PP_001BMLH;KJ627711.1;Automated Ingest from INSDC/NCBI Virus by Loculus;OPEN;https://pathoplexus.org/about/terms-of-use/open-data;;0.9565188834154351;;;KJ627711.1;;;RSV-A/US/BID-V8494/2001;0;633
PP_001BMMF.1;A.2.1;2001;USA;Tennessee;"Newman, R. M.; Zody, M. C.; DeVincenzo, J. P.; Grad, Y.; Lipsitch, M.; Murphy, R.; Fitzgerald, M.; Young, S.; Gargeya, S.; Poon, T. W.; Charlebois, P.; Weiner, B.; Yang, X.; Piper, M. E.; McCowan, C.; Ireland, A.; Levin, J.; Malboeuf, C.; Qu, J.; Chapman, S. B.; Murphy, C.; Wortman, J.; Nusbaum, C.; Birren, B.";Broad Institute of MIT & Harvard;Homo sapiens;15149;2014-04-16;PP_001BMMF;KJ627712.1;Automated Ingest from INSDC/NCBI Virus by Loculus;OPEN;https://pathoplexus.org/about/terms-of-use/open-data;;0.9975697865353038;;;KJ627712.1;;;RSV-A/US/BID-V8499/2001;0;22
PP_001BMPB.1;A.2.1.1;2003;USA;Tennessee;"Newman, R. M.; Zody, M. C.; DeVincenzo, J. P.; Grad, Y.; Lipsitch, M.; Murphy, R.; Fitzgerald, M.; Young, S.; Gargeya, S.; Poon, T. W.; Charlebois, P.; Weiner, B.; Yang, X.; Piper, M. E.; McCowan, C.; Ireland, A.; Levin, J.; Malboeuf, C.; Qu, J.; Chapman, S. B.; Murphy, C.; Wortman, J.; Nusbaum, C.; Birren, B.";Broad Institute of MIT & Harvard;Homo sapiens;15150;2014-04-16;PP_001BMPB;KJ627714.1;Automated Ingest from INSDC/NCBI Virus by Loculus;OPEN;https://pathoplexus.org/about/terms-of-use/open-data;;0.9990147783251232;;;KJ627714.1;;;RSV-A/US/BID-V8505/2003;0;0
PP_001BMQ9.1;A.2.1.1;2003;USA;Tennessee;"Newman, R. M.; Zody, M. C.; DeVincenzo, J. P.; Grad, Y.; Lipsitch, M.; Murphy, R.; Fitzgerald, M.; Young, S.; Gargeya, S.; Poon, T. W.; Charlebois, P.; Weiner, B.; Yang, X.; Piper, M. E.; McCowan, C.; Ireland, A.; Levin, J.; Malboeuf, C.; Qu, J.; Chapman, S. B.; Murphy, C.; Wortman, J.; Nusbaum, C.; Birren, B.";Broad Institute of MIT & Harvard;Homo sapiens;15092;2014-04-16;PP_001BMQ9;KJ627715.1;Automated Ingest from INSDC/NCBI Virus by Loculus;OPEN;https://pathoplexus.org/about/terms-of-use/open-data;;0.9954679802955665;;;KJ627715.1;;;RSV-A/US/BID-V8507/2003;0;0
PP_001BMR7.1;A.2.1.1;2003;USA;Tennessee;"Newman, R. M.; Zody, M. C.; DeVincenzo, J. P.; Grad, Y.; Lipsitch, M.; Murphy, R.; Fitzgerald, M.; Young, S.; Gargeya, S.; Poon, T. W.; Charlebois, P.; Weiner, B.; Yang, X.; Piper, M. E.; McCowan, C.; Ireland, A.; Levin, J.; Malboeuf, C.; Qu, J.; Chapman, S. B.; Murphy, C.; Wortman, J.; Nusbaum, C.; Birren, B.";Broad Institute of MIT & Harvard;Homo sapiens;15139;2014-04-16;PP_001BMR7;KJ627716.1;Automated Ingest from INSDC/NCBI Virus by Loculus;OPEN;https://pathoplexus.org/about/terms-of-use/open-data;;0.9984893267651889;;;KJ627716.1;;;RSV-A/US/BID-V8508/2003;0;0
PP_001BMS5.1;A.2.1.1;2001;USA;Tennessee;"Newman, R. M.; Zody, M. C.; DeVincenzo, J. P.; Grad, Y.; Lipsitch, M.; Murphy, R.; Fitzgerald, M.; Young, S.; Gargeya, S.; Poon, T. W.; Charlebois, P.; Weiner, B.; Yang, X.; Piper, M. E.; McCowan, C.; Ireland, A.; Levin, J.; Malboeuf, C.; Qu, J.; Chapman, S. B.; Murphy, C.; Wortman, J.; Nusbaum, C.; Birren, B.";Broad Institute of MIT & Harvard;Homo sapiens;15183;2014-04-16;PP_001BMS5;KJ627717.1;Automated Ingest from INSDC/NCBI Virus by Loculus;OPEN;https://pathoplexus.org/about/terms-of-use/open-data;;0.9994088669950739;;;KJ627717.1;;;RSV-A/US/BID-V8509/2003;0;0
PP_001BMT3.1;A.2.1.1;2003;USA;Tennessee;"Newman, R. M.; Zody, M. C.; DeVincenzo, J. P.; Grad, Y.; Lipsitch, M.; Murphy, R.; Fitzgerald, M.; Young, S.; Gargeya, S.; Poon, T. W.; Charlebois, P.; Weiner, B.; Yang, X.; Piper, M. E.; McCowan, C.; Ireland, A.; Levin, J.; Malboeuf, C.; Qu, J.; Chapman, S. B.; Murphy, C.; Wortman, J.; Nusbaum, C.; Birren, B.";Broad Institute of MIT & Harvard;Homo sapiens;15110;2014-04-16;PP_001BMT3;KJ627718.1;Automated Ingest from INSDC/NCBI Virus by Loculus;OPEN;https://pathoplexus.org/about/terms-of-use/open-data;;0.9965845648604269;;;KJ627718.1;;;RSV-A/US/BID-V8510/2003;0;0
PP_001BMU1.1;A.2.1.1;2004;USA;Tennessee;"Newman, R. M.; Zody, M. C.; DeVincenzo, J. P.; Grad, Y.; Lipsitch, M.; Murphy, R.; Fitzgerald, M.; Young, S.; Gargeya, S.; Poon, T. W.; Charlebois, P.; Weiner, B.; Yang, X.; Piper, M. E.; McCowan, C.; Ireland, A.; Levin, J.; Malboeuf, C.; Qu, J.; Chapman, S. B.; Murphy, C.; Wortman, J.; Nusbaum, C.; Birren, B.";Broad Institute of MIT & Harvard;Homo sapiens;15151;2014-04-16;PP_001BMU1;KJ627719.1;Automated Ingest from INSDC/NCBI Virus by Loculus;OPEN;https://pathoplexus.org/about/terms-of-use/open-data;;0.9978981937602627;;;KJ627719.1;;;RSV-A/US/BID-V8518/2004;0;0
PP_001BMVZ.1;A.2.1.1;2004;USA;Tennessee;"Newman, R. M.; Zody, M. C.; DeVincenzo, J. P.; Grad, Y.; Lipsitch, M.; Murphy, R.; Fitzgerald, M.; Young, S.; Gargeya, S.; Poon, T. W.; Charlebois, P.; Weiner, B.; Yang, X.; Piper, M. E.; McCowan, C.; Ireland, A.; Levin, J.; Malboeuf, C.; Qu, J.; Chapman, S. B.; Murphy, C.; Wortman, J.; Nusbaum, C.; Birren, B.";Broad Institute of MIT & Harvard;Homo sapiens;15136;2014-04-16;PP_001BMVZ;KJ627720.1;Automated Ingest from INSDC/NCBI Virus by Loculus;OPEN;https://pathoplexus.org/about/terms-of-use/open-data;;0.9983579638752053;;;KJ627720.1;;;RSV-A/US/BID-V8521/2004;0;0
PP_001BMWX.1;A.2.1.1;2004;USA;Tennessee;"Newman, R. M.; Zody, M. C.; DeVincenzo, J. P.; Grad, Y.; Lipsitch, M.; Murphy, R.; Fitzgerald, M.; Young, S.; Gargeya, S.; Poon, T. W.; Charlebois, P.; Weiner, B.; Yang, X.; Piper, M. E.; McCowan, C.; Ireland, A.; Levin, J.; Malboeuf, C.; Qu, J.; Chapman, S. B.; Murphy, C.; Wortman, J.; Nusbaum, C.; Birren, B.";Broad Institute of MIT & Harvard;Homo sapiens;15096;2014-04-16;PP_001BMWX;KJ627721.1;Automated Ingest from INSDC/NCBI Virus by Loculus;OPEN;https://pathoplexus.org/about/terms-of-use/open-data;;0.999671592775041;;;KJ627721.1;;;RSV-A/US/BID-V8522/2004;0;0
PP_001BMXV.1;A.2.1.1;2004;USA;Tennessee;"Newman, R. M.; Zody, M. C.; DeVincenzo, J. P.; Grad, Y.; Lipsitch, M.; Murphy, R.; Fitzgerald, M.; Young, S.; Gargeya, S.; Poon, T. W.; Charlebois, P.; Weiner, B.; Yang, X.; Piper, M. E.; McCowan, C.; Ireland, A.; Levin, J.; Malboeuf, C.; Qu, J.; Chapman, S. B.; Murphy, C.; Wortman, J.; Nusbaum, C.; Birren, B.";Broad Institute of MIT & Harvard;Homo sapiens;15142;2014-04-16;PP_001BMXV;KJ627722.1;Automated Ingest from INSDC/NCBI Virus by Loculus;OPEN;https://pathoplexus.org/about/terms-of-use/open-data;;0.998752052545156;;;KJ627722.1;;;RSV-A/US/BID-V8523/2004;0;0
PP_001BMYT.1;A.2.1;2004;USA;Tennessee;"Newman, R. M.; Zody, M. C.; DeVincenzo, J. P.; Grad, Y.; Lipsitch, M.; Murphy, R.; Fitzgerald, M.; Young, S.; Gargeya, S.; Poon, T. W.; Charlebois, P.; Weiner, B.; Yang, X.; Piper, M. E.; McCowan, C.; Ireland, A.; Levin, J.; Malboeuf, C.; Qu, J.; Chapman, S. B.; Murphy, C.; Wortman, J.; Nusbaum, C.; Birren, B.";Broad Institute of MIT & Harvard;Homo sapiens;15112;2014-04-16;PP_001BMYT;KJ627723.1;Automated Ingest from INSDC/NCBI Virus by Loculus;OPEN;https://pathoplexus.org/about/terms-of-use/open-data;;0.9969786535303776;;;KJ627723.1;;;RSV-A/US/BID-V8524/2004;0;0
PP_001BMZR.1;A.2.1;2004;USA;Tennessee;"Newman, R. M.; Zody, M. C.; DeVincenzo, J. P.; Grad, Y.; Lipsitch, M.; Murphy, R.; Fitzgerald, M.; Young, S.; Gargeya, S.; Poon, T. W.; Charlebois, P.; Weiner, B.; Yang, X.; Piper, M. E.; McCowan, C.; Ireland, A.; Levin, J.; Malboeuf, C.; Qu, J.; Chapman, S. B.; Murphy, C.; Wortman, J.; Nusbaum, C.; Birren, B.";Broad Institute of MIT & Harvard;Homo sapiens;15135;2014-04-16;PP_001BMZR;KJ627724.1;Automated Ingest from INSDC/NCBI Virus by Loculus;OPEN;https://pathoplexus.org/about/terms-of-use/open-data;;0.9984893267651889;;;KJ627724.1;;;RSV-A/US/BID-V8525/2004;0;0
PP_001BN0P.1;A.2.1;2004;USA;Tennessee;"Newman, R. M.; Zody, M. C.; DeVincenzo, J. P.; Grad, Y.; Lipsitch, M.; Murphy, R.; Fitzgerald, M.; Young, S.; Gargeya, S.; Poon, T. W.; Charlebois, P.; Weiner, B.; Yang, X.; Piper, M. E.; McCowan, C.; Ireland, A.; Levin, J.; Malboeuf, C.; Qu, J.; Chapman, S. B.; Murphy, C.; Wortman, J.; Nusbaum, C.; Birren, B.";Broad Institute of MIT & Harvard;Homo sapiens;15142;2014-04-16;PP_001BN0P;KJ627725.1;Automated Ingest from INSDC/NCBI Virus by Loculus;OPEN;https://pathoplexus.org/about/terms-of-use/open-data;;0.9984893267651889;;;KJ627725.1;;;RSV-A/US/BID-V8526/2004;0;0
PP_001BN1M.1;A.2.1;2004;USA;Tennessee;"Newman, R. M.; Zody, M. C.; DeVincenzo, J. P.; Grad, Y.; Lipsitch, M.; Murphy, R.; Fitzgerald, M.; Young, S.; Gargeya, S.; Poon, T. W.; Charlebois, P.; Weiner, B.; Yang, X.; Piper, M. E.; McCowan, C.; Ireland, A.; Levin, J.; Malboeuf, C.; Qu, J.; Chapman, S. B.; Murphy, C.; Wortman, J.; Nusbaum, C.; Birren, B.";Broad Institute of MIT & Harvard;Homo sapiens;15116;2014-04-16;PP_001BN1M;KJ627726.1;Automated Ingest from INSDC/NCBI Virus by Loculus;OPEN;https://pathoplexus.org/about/terms-of-use/open-data;;0.9769458128078817;;;KJ627726.1;;;RSV-A/US/BID-V8528/2004;0;309
PP_001BN2K.1;A.2.1;2003;USA;Tennessee;"Newman, R. M.; Zody, M. C.; DeVincenzo, J. P.; Grad, Y.; Lipsitch, M.; Murphy, R.; Fitzgerald, M.; Young, S.; Gargeya, S.; Poon, T. W.; Charlebois, P.; Weiner, B.; Yang, X.; Piper, M. E.; McCowan, C.; Ireland, A.; Levin, J.; Malboeuf, C.; Qu, J.; Chapman, S. B.; Murphy, C.; Wortman, J.; Nusbaum, C.; Birren, B.";Broad Institute of MIT & Harvard;Homo sapiens;15090;2014-04-16;PP_001BN2K;KJ627727.1;Automated Ingest from INSDC/NCBI Virus by Loculus;OPEN;https://pathoplexus.org/about/terms-of-use/open-data;;0.9956650246305419;;;KJ627727.1;;;RSV-A/US/BID-V8535/2003;0;0
PP_001BN3H.1;A.2.1;2003;USA;Tennessee;"Newman, R. M.; Zody, M. C.; DeVincenzo, J. P.; Grad, Y.; Lipsitch, M.; Murphy, R.; Fitzgerald, M.; Young, S.; Gargeya, S.; Poon, T. W.; Charlebois, P.; Weiner, B.; Yang, X.; Piper, M. E.; McCowan, C.; Ireland, A.; Levin, J.; Malboeuf, C.; Qu, J.; Chapman, S. B.; Murphy, C.; Wortman, J.; Nusbaum, C.; Birren, B.";Broad Institute of MIT & Harvard;Homo sapiens;15089;2014-04-16;PP_001BN3H;KJ627728.1;Automated Ingest from INSDC/NCBI Virus by Loculus;OPEN;https://pathoplexus.org/about/terms-of-use/open-data;;0.9956650246305419;;;KJ627728.1;;;RSV-A/US/BID-V8536/2003;0;0
PP_001BN4F.1;A.2.1.1;2003;USA;Tennessee;"Newman, R. M.; Zody, M. C.; DeVincenzo, J. P.; Grad, Y.; Lipsitch, M.; Murphy, R.; Fitzgerald, M.; Young, S.; Gargeya, S.; Poon, T. W.; Charlebois, P.; Weiner, B.; Yang, X.; Piper, M. E.; McCowan, C.; Ireland, A.; Levin, J.; Malboeuf, C.; Qu, J.; Chapman, S. B.; Murphy, C.; Wortman, J.; Nusbaum, C.; Birren, B.";Broad Institute of MIT & Harvard;Homo sapiens;15171;2014-04-16;PP_001BN4F;KJ627729.1;Automated Ingest from INSDC/NCBI Virus by Loculus;OPEN;https://pathoplexus.org/about/terms-of-use/open-data;;0.9997372742200329;;;KJ627729.1;;;RSV-A/US/BID-V8537/2003;0;0
PP_001BN6B.1;A.2.1;2003;USA;Tennessee;"Newman, R. M.; Zody, M. C.; DeVincenzo, J. P.; Grad, Y.; Lipsitch, M.; Murphy, R.; Fitzgerald, M.; Young, S.; Gargeya, S.; Poon, T. W.; Charlebois, P.; Weiner, B.; Yang, X.; Piper, M. E.; McCowan, C.; Ireland, A.; Levin, J.; Malboeuf, C.; Qu, J.; Chapman, S. B.; Murphy, C.; Wortman, J.; Nusbaum, C.; Birren, B.";Broad Institute of MIT & Harvard;Homo sapiens;15132;2014-04-16;PP_001BN6B;KJ627731.1;Automated Ingest from INSDC/NCBI Virus by Loculus;OPEN;https://pathoplexus.org/about/terms-of-use/open-data;;0.9984893267651889;;;KJ627731.1;;;RSV-A/US/BID-V8540/2003;0;0
PP_001BN79.1;A.2.1.1;2003;USA;Tennessee;"Newman, R. M.; Zody, M. C.; DeVincenzo, J. P.; Grad, Y.; Lipsitch, M.; Murphy, R.; Fitzgerald, M.; Young, S.; Gargeya, S.; Poon, T. W.; Charlebois, P.; Weiner, B.; Yang, X.; Piper, M. E.; McCowan, C.; Ireland, A.; Levin, J.; Malboeuf, C.; Qu, J.; Chapman, S. B.; Murphy, C.; Wortman, J.; Nusbaum, C.; Birren, B.";Broad Institute of MIT & Harvard;Homo sapiens;15178;2014-04-16;PP_001BN79;KJ627732.1;Automated Ingest from INSDC/NCBI Virus by Loculus;OPEN;https://pathoplexus.org/about/terms-of-use/open-data;;0.9988177339901478;;;KJ627732.1;;;RSV-A/US/BID-V8543/2003;0;18
PP_001BN87.1;A.2.1;2003;USA;Tennessee;"Newman, R. M.; Zody, M. C.; DeVincenzo, J. P.; Grad, Y.; Lipsitch, M.; Murphy, R.; Fitzgerald, M.; Young, S.; Gargeya, S.; Poon, T. W.; Charlebois, P.; Weiner, B.; Yang, X.; Piper, M. E.; McCowan, C.; Ireland, A.; Levin, J.; Malboeuf, C.; Qu, J.; Chapman, S. B.; Murphy, C.; Wortman, J.; Nusbaum, C.; Birren, B.";Broad Institute of MIT & Harvard;Homo sapiens;15147;2014-04-16;PP_001BN87;KJ627733.1;Automated Ingest from INSDC/NCBI Virus by Loculus;OPEN;https://pathoplexus.org/about/terms-of-use/open-data;;0.9990147783251232;;;KJ627733.1;;;RSV-A/US/BID-V8547/2003;0;0
PP_001BNA3.1;A.D;2013;USA;Tennessee;"Newman, R. M.; Zody, M. C.; DeVincenzo, J. P.; Grad, Y.; Lipsitch, M.; Murphy, R.; Fitzgerald, M.; Young, S.; Gargeya, S.; Poon, T. W.; Charlebois, P.; Weiner, B.; Yang, X.; Piper, M. E.; McCowan, C.; Ireland, A.; Levin, J.; Malboeuf, C.; Qu, J.; Chapman, S. B.; Murphy, C.; Wortman, J.; Nusbaum, C.; Birren, B.";Broad Institute of MIT & Harvard;Homo sapiens;15168;2014-04-16;PP_001BNA3;KJ627735.1;Automated Ingest from INSDC/NCBI Virus by Loculus;OPEN;https://pathoplexus.org/about/terms-of-use/open-data;;0.9998029556650246;;;KJ627735.1;;;RSV-A/US/BID-V8722/2013;0;0
PP_001BNDX.1;A.3.1.1;2013;USA;Tennessee;"Newman, R. M.; Zody, M. C.; DeVincenzo, J. P.; Grad, Y.; Lipsitch, M.; Murphy, R.; Fitzgerald, M.; Young, S.; Gargeya, S.; Poon, T. W.; Charlebois, P.; Weiner, B.; Yang, X.; Piper, M. E.; McCowan, C.; Ireland, A.; Levin, J.; Malboeuf, C.; Qu, J.; Chapman, S. B.; Murphy, C.; Wortman, J.; Nusbaum, C.; Birren, B.";Broad Institute of MIT & Harvard;Homo sapiens;15159;2014-04-16;PP_001BNDX;KJ627738.1;Automated Ingest from INSDC/NCBI Virus by Loculus;OPEN;https://pathoplexus.org/about/terms-of-use/open-data;;0.9997372742200329;;;KJ627738.1;;;RSV-A/US/BID-V8743/2013;0;0
PP_001BT2E.2;A.D;2013-01-24;USA;Tennessee;"Das, S.; Halpin, R. A.; Bera, J.; Fedorova, N.; Tsitrin, T.; Stockwell, T.; Amedeo, P.; Bishop, B.; Gupta, N.; Hoover, J.; Katzel, D.; Schobel, S.; Shrivastava, S.; Hartert, T.; Moore, M.; Chappell, J.; Larkin, E.; Wentworth, D. E.; Anderson, L. J.";J. Craig Venter Institute;Homo sapiens;15172;2014-05-09;PP_001BT2E;KJ672428.1;Automated Ingest from INSDC/NCBI Virus by Loculus;OPEN;https://pathoplexus.org/about/terms-of-use/open-data;;0.9965845648604269;;;KJ672428.1;;;RSVA/Homo sapiens/USA/LA2_55/2013;0;0
PP_001BT90.2;A.3.1.1;2012-12-06;USA;Tennessee;"Das, S.; Halpin, R. A.; Bera, J.; Fedorova, N.; Tsitrin, T.; Stockwell, T.; Amedeo, P.; Bishop, B.; Gupta, N.; Hoover, J.; Katzel, D.; Schobel, S.; Shrivastava, S.; Hartert, T.; Moore, M.; Chappell, J.; Larkin, E.; Wentworth, D. E.; Anderson, L. J.";J. Craig Venter Institute;Homo sapiens;15102;2014-05-09;PP_001BT90;KJ672436.1;Automated Ingest from INSDC/NCBI Virus by Loculus;OPEN;https://pathoplexus.org/about/terms-of-use/open-data;;0.9965845648604269;;;KJ672436.1;;;RSVA/Homo sapiens/USA/LA2_30/2012;0;0
PP_001BTDS.2;A.D;2013-03-21;USA;Tennessee;"Das, S.; Halpin, R. A.; Bera, J.; Fedorova, N.; Tsitrin, T.; Stockwell, T.; Amedeo, P.; Bishop, B.; Gupta, N.; Hoover, J.; Katzel, D.; Schobel, S.; Shrivastava, S.; Hartert, T.; Moore, M.; Chappell, J.; Larkin, E.; Wentworth, D. E.; Anderson, L. J.";J. Craig Venter Institute;Homo sapiens;15173;2014-05-09;PP_001BTDS;KJ672441.1;Automated Ingest from INSDC/NCBI Virus by Loculus;OPEN;https://pathoplexus.org/about/terms-of-use/open-data;;0.9965845648604269;;;KJ672441.1;;;RSVA/Homo sapiens/USA/LA2_87/2013;0;0
PP_001BTFN.2;A.3.1.1;2013-01-31;USA;Tennessee;"Das, S.; Halpin, R. A.; Bera, J.; Fedorova, N.; Tsitrin, T.; Stockwell, T.; Amedeo, P.; Bishop, B.; Gupta, N.; Hoover, J.; Katzel, D.; Schobel, S.; Shrivastava, S.; Hartert, T.; Moore, M.; Chappell, J.; Larkin, E.; Wentworth, D. E.; Anderson, L. J.";J. Craig Venter Institute;Homo sapiens;15100;2014-05-09;PP_001BTFN;KJ672443.1;Automated Ingest from INSDC/NCBI Virus by Loculus;OPEN;https://pathoplexus.org/about/terms-of-use/open-data;;0.9965845648604269;;;KJ672443.1;;;RSVA/Homo sapiens/USA/LA2_21/2013;0;0
PP_001BTN7.2;A.D;2012-12-27;USA;Tennessee;"Das, S.; Halpin, R. A.; Bera, J.; Fedorova, N.; Tsitrin, T.; Stockwell, T.; Amedeo, P.; Bishop, B.; Gupta, N.; Hoover, J.; Katzel, D.; Schobel, S.; Shrivastava, S.; Hartert, T.; Moore, M.; Chappell, J.; Larkin, E.; Wentworth, D. E.; Anderson, L. J.";J. Craig Venter Institute;Homo sapiens;15173;2014-05-09;PP_001BTN7;KJ672451.1;Automated Ingest from INSDC/NCBI Virus by Loculus;OPEN;https://pathoplexus.org/about/terms-of-use/open-data;;0.9965845648604269;;;KJ672451.1;;;RSVA/Homo sapiens/USA/LA2_103/2012;0;0
PP_001BTP5.2;A.D;2013-01-07;USA;Tennessee;"Das, S.; Halpin, R. A.; Bera, J.; Fedorova, N.; Tsitrin, T.; Stockwell, T.; Amedeo, P.; Bishop, B.; Gupta, N.; Hoover, J.; Katzel, D.; Schobel, S.; Shrivastava, S.; Hartert, T.; Moore, M.; Chappell, J.; Larkin, E.; Wentworth, D. E.; Anderson, L. J.";J. Craig Venter Institute;Homo sapiens;15173;2014-05-09;PP_001BTP5;KJ672452.1;Automated Ingest from INSDC/NCBI Virus by Loculus;OPEN;https://pathoplexus.org/about/terms-of-use/open-data;;0.9965845648604269;;;KJ672452.1;;;RSVA/Homo sapiens/USA/LA2_91/2013;0;0
PP_001BTQ3.2;A.3.1.1;2013-01-10;USA;Tennessee;"Das, S.; Halpin, R. A.; Bera, J.; Fedorova, N.; Tsitrin, T.; Stockwell, T.; Amedeo, P.; Bishop, B.; Gupta, N.; Hoover, J.; Katzel, D.; Schobel, S.; Shrivastava, S.; Hartert, T.; Moore, M.; Chappell, J.; Larkin, E.; Wentworth, D. E.; Anderson, L. J.";J. Craig Venter Institute;Homo sapiens;15100;2014-05-09;PP_001BTQ3;KJ672453.1;Automated Ingest from INSDC/NCBI Virus by Loculus;OPEN;https://pathoplexus.org/about/terms-of-use/open-data;;0.9965845648604269;;;KJ672453.1;;;RSVA/Homo sapiens/USA/LA2_48/2013;0;0
PP_001BUEP.2;A.2.1.1;2013-01-28;USA;Tennessee;"Das, S.; Halpin, R. A.; Bera, J.; Fedorova, N.; Tsitrin, T.; Stockwell, T.; Amedeo, P.; Bishop, B.; Gupta, N.; Hoover, J.; Katzel, D.; Schobel, S.; Shrivastava, S.; Hartert, T.; Moore, M.; Chappell, J.; Larkin, E.; Wentworth, D. E.; Anderson, L. J.";J. Craig Venter Institute;Homo sapiens;15108;2014-05-09;PP_001BUEP;KJ672479.1;Automated Ingest from INSDC/NCBI Virus by Loculus;OPEN;https://pathoplexus.org/about/terms-of-use/open-data;;0.9965845648604269;;;KJ672479.1;;;RSVA/Homo sapiens/USA/LA2_18/2013;0;0
PP_001BUFM.2;A.D;2013-01-23;USA;Tennessee;"Das, S.; Halpin, R. A.; Bera, J.; Fedorova, N.; Tsitrin, T.; Stockwell, T.; Amedeo, P.; Bishop, B.; Gupta, N.; Hoover, J.; Katzel, D.; Schobel, S.; Shrivastava, S.; Hartert, T.; Moore, M.; Chappell, J.; Larkin, E.; Wentworth, D. E.; Anderson, L. J.";J. Craig Venter Institute;Homo sapiens;15153;2014-05-09;PP_001BUFM;KJ672480.1;Automated Ingest from INSDC/NCBI Virus by Loculus;OPEN;https://pathoplexus.org/about/terms-of-use/open-data;;0.9952709359605911;;;KJ672480.1;;;RSVA/Homo sapiens/USA/LA2_62/2013;0;0
PP_001BVUT.2;A.1;1986;USA;New York;"Das, S. R.; Halpin, R. A.; Puri, V.; Akopov, A.; Fedorova, N.; Tsitrin, T.; Stockwell, T.; Amedeo, P.; Bishop, B.; Gupta, N.; Hoover, J.; Katzel, D.; Schobel, S.; Shrivastava, S.; Wentworth, D. E.; Caserta, M.";J. Craig Venter Institute;Homo sapiens;15111;2014-05-16;PP_001BVUT;KJ723461.1;Automated Ingest from INSDC/NCBI Virus by Loculus;OPEN;https://pathoplexus.org/about/terms-of-use/open-data;;0.9963875205254515;;;KJ723461.1;;;RSVA/Homo sapiens/USA/86I-029A-01/1986;0;0
PP_001BVVR.2;A.2;1992;USA;New York;"Das, S. R.; Halpin, R. A.; Puri, V.; Akopov, A.; Fedorova, N.; Tsitrin, T.; Stockwell, T.; Amedeo, P.; Bishop, B.; Gupta, N.; Hoover, J.; Katzel, D.; Schobel, S.; Shrivastava, S.; Wentworth, D. E.; Caserta, M.";J. Craig Venter Institute;Homo sapiens;15115;2014-05-16;PP_001BVVR;KJ723462.1;Automated Ingest from INSDC/NCBI Virus by Loculus;OPEN;https://pathoplexus.org/about/terms-of-use/open-data;;0.9965188834154352;;;KJ723462.1;;;RSVA/Homo sapiens/USA/92I-068A-01/1992;0;0
PP_001BVWP.2;A.3;1989;USA;New York;"Das, S. R.; Halpin, R. A.; Puri, V.; Akopov, A.; Fedorova, N.; Tsitrin, T.; Stockwell, T.; Amedeo, P.; Bishop, B.; Gupta, N.; Hoover, J.; Katzel, D.; Schobel, S.; Shrivastava, S.; Wentworth, D. E.; Caserta, M.";J. Craig Venter Institute;Homo sapiens;15105;2014-05-16;PP_001BVWP;KJ723464.1;Automated Ingest from INSDC/NCBI Virus by Loculus;OPEN;https://pathoplexus.org/about/terms-of-use/open-data;;0.9965188834154352;;;KJ723464.1;;;RSVA/Homo sapiens/USA/89I-150A-01/1989;0;0
PP_001BVXM.2;A.2;1992;USA;New York;"Das, S. R.; Halpin, R. A.; Puri, V.; Akopov, A.; Fedorova, N.; Tsitrin, T.; Stockwell, T.; Amedeo, P.; Bishop, B.; Gupta, N.; Hoover, J.; Katzel, D.; Schobel, S.; Shrivastava, S.; Wentworth, D. E.; Caserta, M.";J. Craig Venter Institute;Homo sapiens;15115;2014-05-16;PP_001BVXM;KJ723465.1;Automated Ingest from INSDC/NCBI Virus by Loculus;OPEN;https://pathoplexus.org/about/terms-of-use/open-data;;0.9965188834154352;;;KJ723465.1;;;RSVA/Homo sapiens/USA/92I-094A-01/1992;0;0
PP_001BVYK.2;A.1;1986;USA;New York;"Das, S. R.; Halpin, R. A.; Puri, V.; Akopov, A.; Fedorova, N.; Tsitrin, T.; Stockwell, T.; Amedeo, P.; Bishop, B.; Gupta, N.; Hoover, J.; Katzel, D.; Schobel, S.; Shrivastava, S.; Wentworth, D. E.; Caserta, M.";J. Craig Venter Institute;Homo sapiens;15111;2014-05-16;PP_001BVYK;KJ723467.1;Automated Ingest from INSDC/NCBI Virus by Loculus;OPEN;https://pathoplexus.org/about/terms-of-use/open-data;;0.9963875205254515;;;KJ723467.1;;;RSVA/Homo sapiens/USA/86I-044A-01/1986;0;0
PP_001BVZH.2;A;1988;USA;New York;"Das, S. R.; Halpin, R. A.; Puri, V.; Akopov, A.; Fedorova, N.; Tsitrin, T.; Stockwell, T.; Amedeo, P.; Bishop, B.; Gupta, N.; Hoover, J.; Katzel, D.; Schobel, S.; Shrivastava, S.; Wentworth, D. E.; Caserta, M.";J. Craig Venter Institute;Homo sapiens;15106;2014-05-16;PP_001BVZH;KJ723468.2;Automated Ingest from INSDC/NCBI Virus by Loculus;OPEN;https://pathoplexus.org/about/terms-of-use/open-data;;0.9965845648604269;;;KJ723468.2;;;RSVA/Homo sapiens/USA/88I-217A-01/1988;0;0
PP_001BW2B.2;A.2;1990;USA;New York;"Das, S. R.; Halpin, R. A.; Puri, V.; Akopov, A.; Fedorova, N.; Tsitrin, T.; Stockwell, T.; Amedeo, P.; Bishop, B.; Gupta, N.; Hoover, J.; Katzel, D.; Schobel, S.; Shrivastava, S.; Wentworth, D. E.; Caserta, M.";J. Craig Venter Institute;Homo sapiens;15117;2014-05-16;PP_001BW2B;KJ723473.1;Automated Ingest from INSDC/NCBI Virus by Loculus;OPEN;https://pathoplexus.org/about/terms-of-use/open-data;;0.9965188834154352;;;KJ723473.1;;;RSVA/Homo sapiens/USA/90I-229A-01/1990;0;0
PP_001BW39.2;A.1;1989;USA;New York;"Das, S. R.; Halpin, R. A.; Puri, V.; Akopov, A.; Fedorova, N.; Tsitrin, T.; Stockwell, T.; Amedeo, P.; Bishop, B.; Gupta, N.; Hoover, J.; Katzel, D.; Schobel, S.; Shrivastava, S.; Wentworth, D. E.; Caserta, M.";J. Craig Venter Institute;Homo sapiens;15110;2014-05-16;PP_001BW39;KJ723474.1;Automated Ingest from INSDC/NCBI Virus by Loculus;OPEN;https://pathoplexus.org/about/terms-of-use/open-data;;0.9963875205254515;;;KJ723474.1;;;RSVA/Homo sapiens/USA/89I-123A-01/1989;0;0
PP_001BW47.2;A.1;1986;USA;New York;"Das, S. R.; Halpin, R. A.; Puri, V.; Akopov, A.; Fedorova, N.; Tsitrin, T.; Stockwell, T.; Amedeo, P.; Bishop, B.; Gupta, N.; Hoover, J.; Katzel, D.; Schobel, S.; Shrivastava, S.; Wentworth, D. E.; Caserta, M.";J. Craig Venter Institute;Homo sapiens;15111;2014-05-16;PP_001BW47;KJ723475.1;Automated Ingest from INSDC/NCBI Virus by Loculus;OPEN;https://pathoplexus.org/about/terms-of-use/open-data;;0.9963875205254515;;;KJ723475.1;;;RSVA/Homo sapiens/USA/86I-139A-01/1986;0;0
PP_001BW55.2;A.1;1982;USA;New York;"Das, S. R.; Halpin, R. A.; Puri, V.; Akopov, A.; Fedorova, N.; Tsitrin, T.; Stockwell, T.; Amedeo, P.; Bishop, B.; Gupta, N.; Hoover, J.; Katzel, D.; Schobel, S.; Shrivastava, S.; Wentworth, D. E.; Caserta, M.";J. Craig Venter Institute;Homo sapiens;15111;2014-05-16;PP_001BW55;KJ723478.1;Automated Ingest from INSDC/NCBI Virus by Loculus;OPEN;https://pathoplexus.org/about/terms-of-use/open-data;;0.9963875205254515;;;KJ723478.1;;;RSVA/Homo sapiens/USA/82I-158A-01/1982;0;0
PP_001BW63.2;A.3;1984;USA;New York;"Das, S. R.; Halpin, R. A.; Puri, V.; Akopov, A.; Fedorova, N.; Tsitrin, T.; Stockwell, T.; Amedeo, P.; Bishop, B.; Gupta, N.; Hoover, J.; Katzel, D.; Schobel, S.; Shrivastava, S.; Wentworth, D. E.; Caserta, M.";J. Craig Venter Institute;Homo sapiens;15111;2014-05-16;PP_001BW63;KJ723483.1;Automated Ingest from INSDC/NCBI Virus by Loculus;OPEN;https://pathoplexus.org/about/terms-of-use/open-data;;0.9965188834154352;;;KJ723483.1;;;RSVA/Homo sapiens/USA/84I-215A-01/1984;0;0
PP_001BW71.2;A;1979;USA;New York;"Das, S. R.; Halpin, R. A.; Puri, V.; Akopov, A.; Fedorova, N.; Tsitrin, T.; Stockwell, T.; Amedeo, P.; Bishop, B.; Gupta, N.; Hoover, J.; Katzel, D.; Schobel, S.; Shrivastava, S.; Wentworth, D. E.; Caserta, M.";J. Craig Venter Institute;Homo sapiens;14815;2014-05-16;PP_001BW71;KJ723486.2;Automated Ingest from INSDC/NCBI Virus by Loculus;OPEN;https://pathoplexus.org/about/terms-of-use/open-data;;0.9789162561576354;;;KJ723486.2;;;RSVA/Homo sapiens/USA/79I-039A-01/1979;0;0
PP_001BW8Z.2;A.2;1993;USA;New York;"Das, S. R.; Halpin, R. A.; Puri, V.; Akopov, A.; Fedorova, N.; Tsitrin, T.; Stockwell, T.; Amedeo, P.; Bishop, B.; Gupta, N.; Hoover, J.; Katzel, D.; Schobel, S.; Shrivastava, S.; Wentworth, D. E.; Caserta, M.";J. Craig Venter Institute;Homo sapiens;15114;2014-05-16;PP_001BW8Z;KJ723487.1;Automated Ingest from INSDC/NCBI Virus by Loculus;OPEN;https://pathoplexus.org/about/terms-of-use/open-data;;0.9965188834154352;;;KJ723487.1;;;RSVA/Homo sapiens/USA/93I-045A-01/1993;0;0
PP_001BW9X.2;A;1981;USA;New York;"Das, S. R.; Halpin, R. A.; Puri, V.; Akopov, A.; Fedorova, N.; Tsitrin, T.; Stockwell, T.; Amedeo, P.; Bishop, B.; Gupta, N.; Hoover, J.; Katzel, D.; Schobel, S.; Shrivastava, S.; Wentworth, D. E.; Caserta, M.";J. Craig Venter Institute;Homo sapiens;15086;2014-05-16;PP_001BW9X;KJ723488.1;Automated Ingest from INSDC/NCBI Virus by Loculus;OPEN;https://pathoplexus.org/about/terms-of-use/open-data;;0.9965188834154352;;;KJ723488.1;;;RSVA/Homo sapiens/USA/81I-123A-01/1981;0;0
PP_001BWAV.2;A.1;1990;USA;New York;"Das, S. R.; Halpin, R. A.; Puri, V.; Akopov, A.; Fedorova, N.; Tsitrin, T.; Stockwell, T.; Amedeo, P.; Bishop, B.; Gupta, N.; Hoover, J.; Katzel, D.; Schobel, S.; Shrivastava, S.; Wentworth, D. E.; Caserta, M.";J. Craig Venter Institute;Homo sapiens;15111;2014-05-16;PP_001BWAV;KJ723489.1;Automated Ingest from INSDC/NCBI Virus by Loculus;OPEN;https://pathoplexus.org/about/terms-of-use/open-data;;0.9963875205254515;;;KJ723489.1;;;RSVA/Homo sapiens/USA/90I-283A-01/1990;0;0
PP_001BWBT.2;A.2;1992;USA;New York;"Das, S. R.; Halpin, R. A.; Puri, V.; Akopov, A.; Fedorova, N.; Tsitrin, T.; Stockwell, T.; Amedeo, P.; Bishop, B.; Gupta, N.; Hoover, J.; Katzel, D.; Schobel, S.; Shrivastava, S.; Wentworth, D. E.; Caserta, M.";J. Craig Venter Institute;Homo sapiens;15115;2014-05-16;PP_001BWBT;KJ723490.1;Automated Ingest from INSDC/NCBI Virus by Loculus;OPEN;https://pathoplexus.org/about/terms-of-use/open-data;;0.9965188834154352;;;KJ723490.1;;;RSVA/Homo sapiens/USA/92I-048A-01/1992;0;0
PP_001BWCR.2;A.1;1988;USA;New York;"Das, S. R.; Halpin, R. A.; Puri, V.; Akopov, A.; Fedorova, N.; Tsitrin, T.; Stockwell, T.; Amedeo, P.; Bishop, B.; Gupta, N.; Hoover, J.; Katzel, D.; Schobel, S.; Shrivastava, S.; Wentworth, D. E.; Caserta, M.";J. Craig Venter Institute;Homo sapiens;15114;2014-05-16;PP_001BWCR;KJ723491.2;Automated Ingest from INSDC/NCBI Virus by Loculus;OPEN;https://pathoplexus.org/about/terms-of-use/open-data;;0.9964532019704434;;;KJ723491.2;;;RSVA/Homo sapiens/USA/88I-015A-01/1988;0;0
PP_001BWDP.2;A.3;1990;USA;New York;"Das, S. R.; Halpin, R. A.; Puri, V.; Akopov, A.; Fedorova, N.; Tsitrin, T.; Stockwell, T.; Amedeo, P.; Bishop, B.; Gupta, N.; Hoover, J.; Katzel, D.; Schobel, S.; Shrivastava, S.; Wentworth, D. E.; Caserta, M.";J. Craig Venter Institute;Homo sapiens;15105;2014-05-16;PP_001BWDP;KJ723492.1;Automated Ingest from INSDC/NCBI Virus by Loculus;OPEN;https://pathoplexus.org/about/terms-of-use/open-data;;0.9965188834154352;;;KJ723492.1;;;RSVA/Homo sapiens/USA/90I-226A-01/1990;0;0
PP_001BYEK.1;A.3.1;2009-07-21;Viet Nam;;"Do, L. A.; Wilm, A.; van Doorn, H. R.; Lam, H. M.; Sim, S.; Sukumaran, R.; Tran, A. T.; Nguyen, B. H.; Tran, T. T.; Tran, Q. H.; Vo, Q. B.; Tran Dac, N. A.; Trinh, H. N.; Nguyen, T. T.; Le Binh, B. T.; Le, K.; Nguyen, M. T.; Thai, Q. T.; Vo, T. V.; Ngo, N. Q.; Dang, T. K.; Cao, N. H.; Tran, T. V.; Ho, L. V.; Farrar, J.; De Jong, M.; Chen, S.; Nagarajan, N.; Bryant, J. E.; Hibberd, M. L.; Do, L. A. H.; Tran, T. T. L.; Nguyen, T. T. H.; Ngo, N. Q. M.; Dang, T. K. H.; de Jong, M. D.; Nagaranjan, N.";Oxford University Clinical Research Unit, Emerging Viral Infections;Homo sapiens;15211;2015-10-05;PP_001BYEK;KJ939935.1;Automated Ingest from INSDC/NCBI Virus by Loculus;OPEN;https://pathoplexus.org/about/terms-of-use/open-data;;1.0;;;KJ939935.1;;;VN-119-7/09;0;0
PP_001BYFH.1;A.3.1;2009-07-22;Viet Nam;;"Do, L. A.; Wilm, A.; van Doorn, H. R.; Lam, H. M.; Sim, S.; Sukumaran, R.; Tran, A. T.; Nguyen, B. H.; Tran, T. T.; Tran, Q. H.; Vo, Q. B.; Tran Dac, N. A.; Trinh, H. N.; Nguyen, T. T.; Le Binh, B. T.; Le, K.; Nguyen, M. T.; Thai, Q. T.; Vo, T. V.; Ngo, N. Q.; Dang, T. K.; Cao, N. H.; Tran, T. V.; Ho, L. V.; Farrar, J.; De Jong, M.; Chen, S.; Nagarajan, N.; Bryant, J. E.; Hibberd, M. L.; Do, L. A. H.; Tran, T. T. L.; Nguyen, T. T. H.; Ngo, N. Q. M.; Dang, T. K. H.; de Jong, M. D.; Nagaranjan, N.";Oxford University Clinical Research Unit, Emerging Viral Infections;Homo sapiens;15210;2015-10-05;PP_001BYFH;KJ939936.1;Automated Ingest from INSDC/NCBI Virus by Loculus;OPEN;https://pathoplexus.org/about/terms-of-use/open-data;;1.0;;;KJ939936.1;;;VN-120-7/09;0;0
PP_001BYHC.1;A.3.1;2009-08-12;Viet Nam;;"Do, L. A.; Wilm, A.; van Doorn, H. R.; Lam, H. M.; Sim, S.; Sukumaran, R.; Tran, A. T.; Nguyen, B. H.; Tran, T. T.; Tran, Q. H.; Vo, Q. B.; Tran Dac, N. A.; Trinh, H. N.; Nguyen, T. T.; Le Binh, B. T.; Le, K.; Nguyen, M. T.; Thai, Q. T.; Vo, T. V.; Ngo, N. Q.; Dang, T. K.; Cao, N. H.; Tran, T. V.; Ho, L. V.; Farrar, J.; De Jong, M.; Chen, S.; Nagarajan, N.; Bryant, J. E.; Hibberd, M. L.; Do, L. A. H.; Tran, T. T. L.; Nguyen, T. T. H.; Ngo, N. Q. M.; Dang, T. K. H.; de Jong, M. D.; Nagaranjan, N.";Oxford University Clinical Research Unit, Emerging Viral Infections;Homo sapiens;15211;2015-10-05;PP_001BYHC;KJ939937.1;Automated Ingest from INSDC/NCBI Virus by Loculus;OPEN;https://pathoplexus.org/about/terms-of-use/open-data;;1.0;;;KJ939937.1;;;VN-134-8/09;0;0
PP_001BYJA.1;A.3.1;2009-09-11;Viet Nam;;"Do, L. A.; Wilm, A.; van Doorn, H. R.; Lam, H. M.; Sim, S.; Sukumaran, R.; Tran, A. T.; Nguyen, B. H.; Tran, T. T.; Tran, Q. H.; Vo, Q. B.; Tran Dac, N. A.; Trinh, H. N.; Nguyen, T. T.; Le Binh, B. T.; Le, K.; Nguyen, M. T.; Thai, Q. T.; Vo, T. V.; Ngo, N. Q.; Dang, T. K.; Cao, N. H.; Tran, T. V.; Ho, L. V.; Farrar, J.; De Jong, M.; Chen, S.; Nagarajan, N.; Bryant, J. E.; Hibberd, M. L.; Do, L. A. H.; Tran, T. T. L.; Nguyen, T. T. H.; Ngo, N. Q. M.; Dang, T. K. H.; de Jong, M. D.; Nagaranjan, N.";Oxford University Clinical Research Unit, Emerging Viral Infections;Homo sapiens;15210;2015-10-05;PP_001BYJA;KJ939938.1;Automated Ingest from INSDC/NCBI Virus by Loculus;OPEN;https://pathoplexus.org/about/terms-of-use/open-data;;1.0;;;KJ939938.1;;;VN-150-9/09;0;0
PP_001BYK8.1;A.3.1;2009-10-15;Viet Nam;;"Do, L. A.; Wilm, A.; van Doorn, H. R.; Lam, H. M.; Sim, S.; Sukumaran, R.; Tran, A. T.; Nguyen, B. H.; Tran, T. T.; Tran, Q. H.; Vo, Q. B.; Tran Dac, N. A.; Trinh, H. N.; Nguyen, T. T.; Le Binh, B. T.; Le, K.; Nguyen, M. T.; Thai, Q. T.; Vo, T. V.; Ngo, N. Q.; Dang, T. K.; Cao, N. H.; Tran, T. V.; Ho, L. V.; Farrar, J.; De Jong, M.; Chen, S.; Nagarajan, N.; Bryant, J. E.; Hibberd, M. L.; Do, L. A. H.; Tran, T. T. L.; Nguyen, T. T. H.; Ngo, N. Q. M.; Dang, T. K. H.; de Jong, M. D.; Nagaranjan, N.";Oxford University Clinical Research Unit, Emerging Viral Infections;Homo sapiens;15212;2015-10-05;PP_001BYK8;KJ939939.1;Automated Ingest from INSDC/NCBI Virus by Loculus;OPEN;https://pathoplexus.org/about/terms-of-use/open-data;;1.0;;;KJ939939.1;;;VN-168-10/09;0;0
PP_001BYL6.1;A.3.1;2009-12-01;Viet Nam;;"Do, L. A.; Wilm, A.; van Doorn, H. R.; Lam, H. M.; Sim, S.; Sukumaran, R.; Tran, A. T.; Nguyen, B. H.; Tran, T. T.; Tran, Q. H.; Vo, Q. B.; Tran Dac, N. A.; Trinh, H. N.; Nguyen, T. T.; Le Binh, B. T.; Le, K.; Nguyen, M. T.; Thai, Q. T.; Vo, T. V.; Ngo, N. Q.; Dang, T. K.; Cao, N. H.; Tran, T. V.; Ho, L. V.; Farrar, J.; De Jong, M.; Chen, S.; Nagarajan, N.; Bryant, J. E.; Hibberd, M. L.; Do, L. A. H.; Tran, T. T. L.; Nguyen, T. T. H.; Ngo, N. Q. M.; Dang, T. K. H.; de Jong, M. D.; Nagaranjan, N.";Oxford University Clinical Research Unit, Emerging Viral Infections;Homo sapiens;15212;2015-10-05;PP_001BYL6;KJ939940.1;Automated Ingest from INSDC/NCBI Virus by Loculus;OPEN;https://pathoplexus.org/about/terms-of-use/open-data;;1.0;;;KJ939940.1;;;VN-217-12/09;0;0
PP_001BYSU.1;A.3.1;2010-06-23;Viet Nam;;"Do, L. A.; Wilm, A.; van Doorn, H. R.; Lam, H. M.; Sim, S.; Sukumaran, R.; Tran, A. T.; Nguyen, B. H.; Tran, T. T.; Tran, Q. H.; Vo, Q. B.; Tran Dac, N. A.; Trinh, H. N.; Nguyen, T. T.; Le Binh, B. T.; Le, K.; Nguyen, M. T.; Thai, Q. T.; Vo, T. V.; Ngo, N. Q.; Dang, T. K.; Cao, N. H.; Tran, T. V.; Ho, L. V.; Farrar, J.; De Jong, M.; Chen, S.; Nagarajan, N.; Bryant, J. E.; Hibberd, M. L.; Do, L. A. H.; Tran, T. T. L.; Nguyen, T. T. H.; Ngo, N. Q. M.; Dang, T. K. H.; de Jong, M. D.; Nagaranjan, N.";Oxford University Clinical Research Unit, Emerging Viral Infections;Homo sapiens;15211;2015-10-05;PP_001BYSU;KJ939945.1;Automated Ingest from INSDC/NCBI Virus by Loculus;OPEN;https://pathoplexus.org/about/terms-of-use/open-data;;1.0;;;KJ939945.1;;;VN-372-6/10;0;0
PP_001BYVN.1;A.3.1;2010-07-22;Viet Nam;;"Do, L. A.; Wilm, A.; van Doorn, H. R.; Lam, H. M.; Sim, S.; Sukumaran, R.; Tran, A. T.; Nguyen, B. H.; Tran, T. T.; Tran, Q. H.; Vo, Q. B.; Tran Dac, N. A.; Trinh, H. N.; Nguyen, T. T.; Le Binh, B. T.; Le, K.; Nguyen, M. T.; Thai, Q. T.; Vo, T. V.; Ngo, N. Q.; Dang, T. K.; Cao, N. H.; Tran, T. V.; Ho, L. V.; Farrar, J.; De Jong, M.; Chen, S.; Nagarajan, N.; Bryant, J. E.; Hibberd, M. L.; Do, L. A. H.; Tran, T. T. L.; Nguyen, T. T. H.; Ngo, N. Q. M.; Dang, T. K. H.; de Jong, M. D.; Nagaranjan, N.";Oxford University Clinical Research Unit, Emerging Viral Infections;Homo sapiens;15210;2015-10-05;PP_001BYVN;KJ939947.1;Automated Ingest from INSDC/NCBI Virus by Loculus;OPEN;https://pathoplexus.org/about/terms-of-use/open-data;;1.0;;;KJ939947.1;;;VN-390-7/10;0;0
PP_001BYWL.1;A.2.1;2010-07-22;Viet Nam;;"Do, L. A.; Wilm, A.; van Doorn, H. R.; Lam, H. M.; Sim, S.; Sukumaran, R.; Tran, A. T.; Nguyen, B. H.; Tran, T. T.; Tran, Q. H.; Vo, Q. B.; Tran Dac, N. A.; Trinh, H. N.; Nguyen, T. T.; Le Binh, B. T.; Le, K.; Nguyen, M. T.; Thai, Q. T.; Vo, T. V.; Ngo, N. Q.; Dang, T. K.; Cao, N. H.; Tran, T. V.; Ho, L. V.; Farrar, J.; De Jong, M.; Chen, S.; Nagarajan, N.; Bryant, J. E.; Hibberd, M. L.; Do, L. A. H.; Tran, T. T. L.; Nguyen, T. T. H.; Ngo, N. Q. M.; Dang, T. K. H.; de Jong, M. D.; Nagaranjan, N.";Oxford University Clinical Research Unit, Emerging Viral Infections;Homo sapiens;15214;2015-10-05;PP_001BYWL;KJ939948.1;Automated Ingest from INSDC/NCBI Virus by Loculus;OPEN;https://pathoplexus.org/about/terms-of-use/open-data;;1.0;;;KJ939948.1;;;VN-391-7/10;0;0
PP_001BYXJ.1;A.3.1;2010-03-26;Viet Nam;;"Do, L. A.; Wilm, A.; van Doorn, H. R.; Lam, H. M.; Sim, S.; Sukumaran, R.; Tran, A. T.; Nguyen, B. H.; Tran, T. T.; Tran, Q. H.; Vo, Q. B.; Tran Dac, N. A.; Trinh, H. N.; Nguyen, T. T.; Le Binh, B. T.; Le, K.; Nguyen, M. T.; Thai, Q. T.; Vo, T. V.; Ngo, N. Q.; Dang, T. K.; Cao, N. H.; Tran, T. V.; Ho, L. V.; Farrar, J.; De Jong, M.; Chen, S.; Nagarajan, N.; Bryant, J. E.; Hibberd, M. L.; Do, L. A. H.; Tran, T. T. L.; Nguyen, T. T. H.; Ngo, N. Q. M.; Dang, T. K. H.; de Jong, M. D.; Nagaranjan, N.";Oxford University Clinical Research Unit, Emerging Viral Infections;Homo sapiens;15210;2015-10-05;PP_001BYXJ;KJ939949.1;Automated Ingest from INSDC/NCBI Virus by Loculus;OPEN;https://pathoplexus.org/about/terms-of-use/open-data;;1.0;;;KJ939949.1;;;VN-525-3/10;0;0
PP_001BYZE.1;A.3.1;2009-10-28;Viet Nam;;"Do, L. A.; Wilm, A.; van Doorn, H. R.; Lam, H. M.; Sim, S.; Sukumaran, R.; Tran, A. T.; Nguyen, B. H.; Tran, T. T.; Tran, Q. H.; Vo, Q. B.; Tran Dac, N. A.; Trinh, H. N.; Nguyen, T. T.; Le Binh, B. T.; Le, K.; Nguyen, M. T.; Thai, Q. T.; Vo, T. V.; Ngo, N. Q.; Dang, T. K.; Cao, N. H.; Tran, T. V.; Ho, L. V.; Farrar, J.; De Jong, M.; Chen, S.; Nagarajan, N.; Bryant, J. E.; Hibberd, M. L.; Do, L. A. H.; Tran, T. T. L.; Nguyen, T. T. H.; Ngo, N. Q. M.; Dang, T. K. H.; de Jong, M. D.; Nagaranjan, N.";Oxford University Clinical Research Unit, Emerging Viral Infections;Homo sapiens;15210;2015-10-05;PP_001BYZE;KJ939951.1;Automated Ingest from INSDC/NCBI Virus by Loculus;OPEN;https://pathoplexus.org/about/terms-of-use/open-data;;1.0;;;KJ939951.1;;;VN-733-10/09;0;0
PP_001BZ1A.1;A.3.1;2009-11-11;Viet Nam;;"Do, L. A.; Wilm, A.; van Doorn, H. R.; Lam, H. M.; Sim, S.; Sukumaran, R.; Tran, A. T.; Nguyen, B. H.; Tran, T. T.; Tran, Q. H.; Vo, Q. B.; Tran Dac, N. A.; Trinh, H. N.; Nguyen, T. T.; Le Binh, B. T.; Le, K.; Nguyen, M. T.; Thai, Q. T.; Vo, T. V.; Ngo, N. Q.; Dang, T. K.; Cao, N. H.; Tran, T. V.; Ho, L. V.; Farrar, J.; De Jong, M.; Chen, S.; Nagarajan, N.; Bryant, J. E.; Hibberd, M. L.; Do, L. A. H.; Tran, T. T. L.; Nguyen, T. T. H.; Ngo, N. Q. M.; Dang, T. K. H.; de Jong, M. D.; Nagaranjan, N.";Oxford University Clinical Research Unit, Emerging Viral Infections;Homo sapiens;15211;2015-10-05;PP_001BZ1A;KJ939952.1;Automated Ingest from INSDC/NCBI Virus by Loculus;OPEN;https://pathoplexus.org/about/terms-of-use/open-data;;0.9985550082101806;;;KJ939952.1;;;VN-743-11/09;0;22
PP_001BZ36.1;A.2.1;2010-04-20;Viet Nam;;"Do, L. A.; Wilm, A.; van Doorn, H. R.; Lam, H. M.; Sim, S.; Sukumaran, R.; Tran, A. T.; Nguyen, B. H.; Tran, T. T.; Tran, Q. H.; Vo, Q. B.; Tran Dac, N. A.; Trinh, H. N.; Nguyen, T. T.; Le Binh, B. T.; Le, K.; Nguyen, M. T.; Thai, Q. T.; Vo, T. V.; Ngo, N. Q.; Dang, T. K.; Cao, N. H.; Tran, T. V.; Ho, L. V.; Farrar, J.; De Jong, M.; Chen, S.; Nagarajan, N.; Bryant, J. E.; Hibberd, M. L.; Do, L. A. H.; Tran, T. T. L.; Nguyen, T. T. H.; Ngo, N. Q. M.; Dang, T. K. H.; de Jong, M. D.; Nagaranjan, N.";Oxford University Clinical Research Unit, Emerging Viral Infections;Homo sapiens;15214;2015-10-05;PP_001BZ36;KJ939954.1;Automated Ingest from INSDC/NCBI Virus by Loculus;OPEN;https://pathoplexus.org/about/terms-of-use/open-data;;0.9988177339901478;;;KJ939954.1;;;VN-773-4/10;0;18
PP_001BZBQ.1;A.3.1;2010-07-09;Viet Nam;;"Do, L. A.; Wilm, A.; van Doorn, H. R.; Lam, H. M.; Sim, S.; Sukumaran, R.; Tran, A. T.; Nguyen, B. H.; Tran, T. T.; Tran, Q. H.; Vo, Q. B.; Tran Dac, N. A.; Trinh, H. N.; Nguyen, T. T.; Le Binh, B. T.; Le, K.; Nguyen, M. T.; Thai, Q. T.; Vo, T. V.; Ngo, N. Q.; Dang, T. K.; Cao, N. H.; Tran, T. V.; Ho, L. V.; Farrar, J.; De Jong, M.; Chen, S.; Nagarajan, N.; Bryant, J. E.; Hibberd, M. L.; Do, L. A. H.; Tran, T. T. L.; Nguyen, T. T. H.; Ngo, N. Q. M.; Dang, T. K. H.; de Jong, M. D.; Nagaranjan, N.";Oxford University Clinical Research Unit, Emerging Viral Infections;Homo sapiens;15207;2015-10-05;PP_001BZBQ;KJ939961.1;Automated Ingest from INSDC/NCBI Virus by Loculus;OPEN;https://pathoplexus.org/about/terms-of-use/open-data;;1.0;;;KJ939961.1;;;VN-794-7/10;0;0
PP_001BZDL.1;A.3.1;2010-07-13;Viet Nam;;"Do, L. A.; Wilm, A.; van Doorn, H. R.; Lam, H. M.; Sim, S.; Sukumaran, R.; Tran, A. T.; Nguyen, B. H.; Tran, T. T.; Tran, Q. H.; Vo, Q. B.; Tran Dac, N. A.; Trinh, H. N.; Nguyen, T. T.; Le Binh, B. T.; Le, K.; Nguyen, M. T.; Thai, Q. T.; Vo, T. V.; Ngo, N. Q.; Dang, T. K.; Cao, N. H.; Tran, T. V.; Ho, L. V.; Farrar, J.; De Jong, M.; Chen, S.; Nagarajan, N.; Bryant, J. E.; Hibberd, M. L.; Do, L. A. H.; Tran, T. T. L.; Nguyen, T. T. H.; Ngo, N. Q. M.; Dang, T. K. H.; de Jong, M. D.; Nagaranjan, N.";Oxford University Clinical Research Unit, Emerging Viral Infections;Homo sapiens;15210;2015-10-05;PP_001BZDL;KJ939962.1;Automated Ingest from INSDC/NCBI Virus by Loculus;OPEN;https://pathoplexus.org/about/terms-of-use/open-data;;1.0;;;KJ939962.1;;;VN-795-7/10;0;0
PP_001BZEJ.1;A.3.1;2010-08-09;Viet Nam;;"Do, L. A.; Wilm, A.; van Doorn, H. R.; Lam, H. M.; Sim, S.; Sukumaran, R.; Tran, A. T.; Nguyen, B. H.; Tran, T. T.; Tran, Q. H.; Vo, Q. B.; Tran Dac, N. A.; Trinh, H. N.; Nguyen, T. T.; Le Binh, B. T.; Le, K.; Nguyen, M. T.; Thai, Q. T.; Vo, T. V.; Ngo, N. Q.; Dang, T. K.; Cao, N. H.; Tran, T. V.; Ho, L. V.; Farrar, J.; De Jong, M.; Chen, S.; Nagarajan, N.; Bryant, J. E.; Hibberd, M. L.; Do, L. A. H.; Tran, T. T. L.; Nguyen, T. T. H.; Ngo, N. Q. M.; Dang, T. K. H.; de Jong, M. D.; Nagaranjan, N.";Oxford University Clinical Research Unit, Emerging Viral Infections;Homo sapiens;15210;2015-10-05;PP_001BZEJ;KJ939963.1;Automated Ingest from INSDC/NCBI Virus by Loculus;OPEN;https://pathoplexus.org/about/terms-of-use/open-data;;1.0;;;KJ939963.1;;;VN-808-8/10;0;0
PP_001BZL5.1;A.3.1;2010-09-15;Viet Nam;;"Do, L. A.; Wilm, A.; van Doorn, H. R.; Lam, H. M.; Sim, S.; Sukumaran, R.; Tran, A. T.; Nguyen, B. H.; Tran, T. T.; Tran, Q. H.; Vo, Q. B.; Tran Dac, N. A.; Trinh, H. N.; Nguyen, T. T.; Le Binh, B. T.; Le, K.; Nguyen, M. T.; Thai, Q. T.; Vo, T. V.; Ngo, N. Q.; Dang, T. K.; Cao, N. H.; Tran, T. V.; Ho, L. V.; Farrar, J.; De Jong, M.; Chen, S.; Nagarajan, N.; Bryant, J. E.; Hibberd, M. L.; Do, L. A. H.; Tran, T. T. L.; Nguyen, T. T. H.; Ngo, N. Q. M.; Dang, T. K. H.; de Jong, M. D.; Nagaranjan, N.";Oxford University Clinical Research Unit, Emerging Viral Infections;Homo sapiens;15211;2015-10-05;PP_001BZL5;KJ939968.1;Automated Ingest from INSDC/NCBI Virus by Loculus;OPEN;https://pathoplexus.org/about/terms-of-use/open-data;;1.0;;;KJ939968.1;;;VN-833-9/10;0;0
PP_001C0NY.2;A.D;2013-01-14;USA;Tennessee;"Das, S.; Halpin, R. A.; Bera, J.; Puri, V.; Fedorova, N.; Tsitrin, T.; Stockwell, T.; Amedeo, P.; Bishop, B.; Katzel, D.; Schobel, S.; Shrivastava, S.; Hartert, T.; Moore, M.; Chappell, J.; Larkin, E.; Wentworth, D. E.; Anderson, L. J.";J. Craig Venter Institute;Homo sapiens;15173;2014-08-08;PP_001C0NY;KM042386.1;Automated Ingest from INSDC/NCBI Virus by Loculus;OPEN;https://pathoplexus.org/about/terms-of-use/open-data;;0.9965845648604269;;;KM042386.1;;;RSVA/Homo sapiens/USA/LA2_49/2013;0;0
PP_001C0SQ.2;A.D;2013-03-15;USA;Tennessee;"Das, S.; Halpin, R. A.; Bera, J.; Puri, V.; Fedorova, N.; Tsitrin, T.; Stockwell, T.; Amedeo, P.; Bishop, B.; Katzel, D.; Schobel, S.; Shrivastava, S.; Hartert, T.; Moore, M.; Chappell, J.; Larkin, E.; Wentworth, D. E.; Anderson, L. J.";J. Craig Venter Institute;Homo sapiens;15155;2014-08-08;PP_001C0SQ;KM042391.1;Automated Ingest from INSDC/NCBI Virus by Loculus;OPEN;https://pathoplexus.org/about/terms-of-use/open-data;;0.9955336617405582;;;KM042391.1;;;RSVA/Homo sapiens/USA/LA2_83/2013;0;0
PP_001C7UD.2;A.3.1;2011-02-24;China;Guangzhou;"Xie, J. H.; Zhu, B.; Zhong, J. Y.; Chen, Y.; Zhang, Y. Y.";Guangzhou Women and Children's Medical Center, Central Laboratory;Homo sapiens;15204;2014-12-07;PP_001C7UD;KM517572.1;Automated Ingest from INSDC/NCBI Virus by Loculus;OPEN;https://pathoplexus.org/about/terms-of-use/open-data;;1.0;;;KM517572.1;;;A/GZ/11-224;0;0
PP_001CBNM.2;A.1;1988;USA;New York;"Das, S. R.; Halpin, R. A.; Puri, V.; Akopov, A.; Fedorova, N.; Stockwell, T.; Amedeo, P.; Bishop, B.; Katzel, D.; Schobel, S.; Shrivastava, S.; Wentworth, D. E.; Caserta, M.";J. Craig Venter Institute;Homo sapiens;15113;2014-12-21;PP_001CBNM;KP258695.1;Automated Ingest from INSDC/NCBI Virus by Loculus;OPEN;https://pathoplexus.org/about/terms-of-use/open-data;;0.9964532019704434;;;KP258695.1;;;RSVA/Homo sapiens/USA/88E-072-01/1988;0;0
PP_001CBPK.2;A;1986;USA;New York;"Das, S. R.; Halpin, R. A.; Puri, V.; Akopov, A.; Fedorova, N.; Stockwell, T.; Amedeo, P.; Bishop, B.; Katzel, D.; Schobel, S.; Shrivastava, S.; Wentworth, D. E.; Caserta, M.";J. Craig Venter Institute;Homo sapiens;15106;2014-12-21;PP_001CBPK;KP258696.1;Automated Ingest from INSDC/NCBI Virus by Loculus;OPEN;https://pathoplexus.org/about/terms-of-use/open-data;;0.9965845648604269;;;KP258696.1;;;RSVA/Homo sapiens/USA/86E-155-01/1986;0;0
PP_001CBQH.2;A.3;1994;USA;New York;"Das, S. R.; Halpin, R. A.; Puri, V.; Akopov, A.; Fedorova, N.; Stockwell, T.; Amedeo, P.; Bishop, B.; Katzel, D.; Schobel, S.; Shrivastava, S.; Wentworth, D. E.; Caserta, M.";J. Craig Venter Institute;Homo sapiens;15113;2014-12-21;PP_001CBQH;KP258697.1;Automated Ingest from INSDC/NCBI Virus by Loculus;OPEN;https://pathoplexus.org/about/terms-of-use/open-data;;0.9965845648604269;;;KP258697.1;;;RSVA/Homo sapiens/USA/94I-153A-01/1994;0;0
PP_001CBRF.2;A.2;1985;USA;New York;"Das, S. R.; Halpin, R. A.; Puri, V.; Akopov, A.; Fedorova, N.; Stockwell, T.; Amedeo, P.; Bishop, B.; Katzel, D.; Schobel, S.; Shrivastava, S.; Wentworth, D. E.; Caserta, M.";J. Craig Venter Institute;Homo sapiens;15106;2014-12-21;PP_001CBRF;KP258699.1;Automated Ingest from INSDC/NCBI Virus by Loculus;OPEN;https://pathoplexus.org/about/terms-of-use/open-data;;0.9965845648604269;;;KP258699.1;;;RSVA/Homo sapiens/USA/85E-170-01/1985;0;0
PP_001CBSD.2;A.3;1985;USA;New York;"Das, S. R.; Halpin, R. A.; Puri, V.; Akopov, A.; Fedorova, N.; Stockwell, T.; Amedeo, P.; Bishop, B.; Katzel, D.; Schobel, S.; Shrivastava, S.; Wentworth, D. E.; Caserta, M.";J. Craig Venter Institute;Homo sapiens;15107;2014-12-21;PP_001CBSD;KP258700.1;Automated Ingest from INSDC/NCBI Virus by Loculus;OPEN;https://pathoplexus.org/about/terms-of-use/open-data;;0.9965845648604269;;;KP258700.1;;;RSVA/Homo sapiens/USA/85E-107-01/1985;0;0
PP_001CBTB.2;A.2;1994;USA;New York;"Das, S. R.; Halpin, R. A.; Puri, V.; Akopov, A.; Fedorova, N.; Stockwell, T.; Amedeo, P.; Bishop, B.; Katzel, D.; Schobel, S.; Shrivastava, S.; Wentworth, D. E.; Caserta, M.";J. Craig Venter Institute;Homo sapiens;15117;2014-12-21;PP_001CBTB;KP258701.1;Automated Ingest from INSDC/NCBI Virus by Loculus;OPEN;https://pathoplexus.org/about/terms-of-use/open-data;;0.9965845648604269;;;KP258701.1;;;RSVA/Homo sapiens/USA/94E-014-01/1994;0;0
PP_001CBU9.2;A.2;1997;USA;New York;"Das, S. R.; Halpin, R. A.; Puri, V.; Akopov, A.; Fedorova, N.; Stockwell, T.; Amedeo, P.; Bishop, B.; Katzel, D.; Schobel, S.; Shrivastava, S.; Wentworth, D. E.; Caserta, M.";J. Craig Venter Institute;Homo sapiens;15109;2014-12-21;PP_001CBU9;KP258703.1;Automated Ingest from INSDC/NCBI Virus by Loculus;OPEN;https://pathoplexus.org/about/terms-of-use/open-data;;0.9965845648604269;;;KP258703.1;;;RSVA/Homo sapiens/USA/97I-009A-01/1997;0;0
PP_001CBV7.2;A;1994;USA;New York;"Das, S. R.; Halpin, R. A.; Puri, V.; Akopov, A.; Fedorova, N.; Stockwell, T.; Amedeo, P.; Bishop, B.; Katzel, D.; Schobel, S.; Shrivastava, S.; Wentworth, D. E.; Caserta, M.";J. Craig Venter Institute;Homo sapiens;15084;2014-12-21;PP_001CBV7;KP258704.1;Automated Ingest from INSDC/NCBI Virus by Loculus;OPEN;https://pathoplexus.org/about/terms-of-use/open-data;;0.9965845648604269;;;KP258704.1;;;RSVA/Homo sapiens/USA/94I-009A-01/1994;0;0
PP_001CBW5.2;A.2;1995;USA;New York;"Das, S. R.; Halpin, R. A.; Puri, V.; Akopov, A.; Fedorova, N.; Stockwell, T.; Amedeo, P.; Bishop, B.; Katzel, D.; Schobel, S.; Shrivastava, S.; Wentworth, D. E.; Caserta, M.";J. Craig Venter Institute;Homo sapiens;15111;2014-12-21;PP_001CBW5;KP258707.1;Automated Ingest from INSDC/NCBI Virus by Loculus;OPEN;https://pathoplexus.org/about/terms-of-use/open-data;;0.9965845648604269;;;KP258707.1;;;RSVA/Homo sapiens/USA/95P-047-01/1995;0;0
PP_001CBX3.2;A;1981;USA;New York;"Das, S. R.; Halpin, R. A.; Puri, V.; Akopov, A.; Fedorova, N.; Stockwell, T.; Amedeo, P.; Bishop, B.; Katzel, D.; Schobel, S.; Shrivastava, S.; Wentworth, D. E.; Caserta, M.";J. Craig Venter Institute;Homo sapiens;15111;2014-12-21;PP_001CBX3;KP258709.1;Automated Ingest from INSDC/NCBI Virus by Loculus;OPEN;https://pathoplexus.org/about/terms-of-use/open-data;;0.9965188834154352;;;KP258709.1;;;RSVA/Homo sapiens/USA/81E-020-01/1981;0;0
PP_001CBY1.2;A.2;1991;USA;New York;"Das, S. R.; Halpin, R. A.; Puri, V.; Akopov, A.; Fedorova, N.; Stockwell, T.; Amedeo, P.; Bishop, B.; Katzel, D.; Schobel, S.; Shrivastava, S.; Wentworth, D. E.; Caserta, M.";J. Craig Venter Institute;Homo sapiens;15115;2014-12-21;PP_001CBY1;KP258710.1;Automated Ingest from INSDC/NCBI Virus by Loculus;OPEN;https://pathoplexus.org/about/terms-of-use/open-data;;0.9965845648604269;;;KP258710.1;;;RSVA/Homo sapiens/USA/91E-611-01/1991;0;0
PP_001CBZZ.2;A.2;1992;USA;New York;"Das, S. R.; Halpin, R. A.; Puri, V.; Akopov, A.; Fedorova, N.; Stockwell, T.; Amedeo, P.; Bishop, B.; Katzel, D.; Schobel, S.; Shrivastava, S.; Wentworth, D. E.; Caserta, M.";J. Craig Venter Institute;Homo sapiens;15116;2014-12-21;PP_001CBZZ;KP258711.1;Automated Ingest from INSDC/NCBI Virus by Loculus;OPEN;https://pathoplexus.org/about/terms-of-use/open-data;;0.9965845648604269;;;KP258711.1;;;RSVA/Homo sapiens/USA/92E-119-01/1992;0;0
PP_001CC0X.2;A;1988;USA;New York;"Das, S. R.; Halpin, R. A.; Puri, V.; Akopov, A.; Fedorova, N.; Stockwell, T.; Amedeo, P.; Bishop, B.; Katzel, D.; Schobel, S.; Shrivastava, S.; Wentworth, D. E.; Caserta, M.";J. Craig Venter Institute;Homo sapiens;15108;2014-12-21;PP_001CC0X;KP258715.1;Automated Ingest from INSDC/NCBI Virus by Loculus;OPEN;https://pathoplexus.org/about/terms-of-use/open-data;;0.9965845648604269;;;KP258715.1;;;RSVA/Homo sapiens/USA/88E-009-01/1988;0;0
PP_001CC2T.2;A.1;1994;USA;New York;"Das, S. R.; Halpin, R. A.; Puri, V.; Akopov, A.; Fedorova, N.; Stockwell, T.; Amedeo, P.; Bishop, B.; Katzel, D.; Schobel, S.; Shrivastava, S.; Wentworth, D. E.; Caserta, M.";J. Craig Venter Institute;Homo sapiens;15106;2014-12-21;PP_001CC2T;KP258717.1;Automated Ingest from INSDC/NCBI Virus by Loculus;OPEN;https://pathoplexus.org/about/terms-of-use/open-data;;0.9964532019704434;;;KP258717.1;;;RSVA/Homo sapiens/USA/94E-091-01/1994;0;0
PP_001CC3R.2;A.1;1988;USA;New York;"Das, S. R.; Halpin, R. A.; Puri, V.; Akopov, A.; Fedorova, N.; Stockwell, T.; Amedeo, P.; Bishop, B.; Katzel, D.; Schobel, S.; Shrivastava, S.; Wentworth, D. E.; Caserta, M.";J. Craig Venter Institute;Homo sapiens;15112;2014-12-21;PP_001CC3R;KP258719.1;Automated Ingest from INSDC/NCBI Virus by Loculus;OPEN;https://pathoplexus.org/about/terms-of-use/open-data;;0.9964532019704434;;;KP258719.1;;;RSVA/Homo sapiens/USA/88E-082-01/1988;0;0
PP_001CC4P.2;A.2;1993;USA;New York;"Das, S. R.; Halpin, R. A.; Puri, V.; Akopov, A.; Fedorova, N.; Stockwell, T.; Amedeo, P.; Bishop, B.; Katzel, D.; Schobel, S.; Shrivastava, S.; Wentworth, D. E.; Caserta, M.";J. Craig Venter Institute;Homo sapiens;15116;2014-12-21;PP_001CC4P;KP258722.1;Automated Ingest from INSDC/NCBI Virus by Loculus;OPEN;https://pathoplexus.org/about/terms-of-use/open-data;;0.9965845648604269;;;KP258722.1;;;RSVA/Homo sapiens/USA/93E-014-01/1993;0;0
PP_001CC5M.2;A.3;1986;USA;New York;"Das, S. R.; Halpin, R. A.; Puri, V.; Akopov, A.; Fedorova, N.; Stockwell, T.; Amedeo, P.; Bishop, B.; Katzel, D.; Schobel, S.; Shrivastava, S.; Wentworth, D. E.; Caserta, M.";J. Craig Venter Institute;Homo sapiens;15112;2014-12-21;PP_001CC5M;KP258723.1;Automated Ingest from INSDC/NCBI Virus by Loculus;OPEN;https://pathoplexus.org/about/terms-of-use/open-data;;0.9965845648604269;;;KP258723.1;;;RSVA/Homo sapiens/USA/86E-007-01/1986;0;0
PP_001CC6K.2;A;1980;USA;New York;"Das, S. R.; Halpin, R. A.; Puri, V.; Akopov, A.; Fedorova, N.; Stockwell, T.; Amedeo, P.; Bishop, B.; Katzel, D.; Schobel, S.; Shrivastava, S.; Wentworth, D. E.; Caserta, M.";J. Craig Venter Institute;Homo sapiens;15112;2014-12-21;PP_001CC6K;KP258725.1;Automated Ingest from INSDC/NCBI Virus by Loculus;OPEN;https://pathoplexus.org/about/terms-of-use/open-data;;0.9965845648604269;;;KP258725.1;;;RSVA/Homo sapiens/USA/80G-664-01/1980;0;0
PP_001CC7H.2;A.2;1996;USA;New York;"Das, S. R.; Halpin, R. A.; Puri, V.; Akopov, A.; Fedorova, N.; Stockwell, T.; Amedeo, P.; Bishop, B.; Katzel, D.; Schobel, S.; Shrivastava, S.; Wentworth, D. E.; Caserta, M.";J. Craig Venter Institute;Homo sapiens;15108;2014-12-21;PP_001CC7H;KP258726.1;Automated Ingest from INSDC/NCBI Virus by Loculus;OPEN;https://pathoplexus.org/about/terms-of-use/open-data;;0.9965845648604269;;;KP258726.1;;;RSVA/Homo sapiens/USA/96E-128-01/1996;0;0
PP_001CC8F.2;A.2.1;1997;USA;New York;"Das, S. R.; Halpin, R. A.; Puri, V.; Akopov, A.; Fedorova, N.; Stockwell, T.; Amedeo, P.; Bishop, B.; Katzel, D.; Schobel, S.; Shrivastava, S.; Wentworth, D. E.; Caserta, M.";J. Craig Venter Institute;Homo sapiens;15109;2014-12-21;PP_001CC8F;KP258727.1;Automated Ingest from INSDC/NCBI Virus by Loculus;OPEN;https://pathoplexus.org/about/terms-of-use/open-data;;0.9965845648604269;;;KP258727.1;;;RSVA/Homo sapiens/USA/97E-101-01/1997;0;0
PP_001CC9D.2;A.2;1992;USA;New York;"Das, S. R.; Halpin, R. A.; Puri, V.; Akopov, A.; Fedorova, N.; Stockwell, T.; Amedeo, P.; Bishop, B.; Katzel, D.; Schobel, S.; Shrivastava, S.; Wentworth, D. E.; Caserta, M.";J. Craig Venter Institute;Homo sapiens;15116;2014-12-21;PP_001CC9D;KP258728.1;Automated Ingest from INSDC/NCBI Virus by Loculus;OPEN;https://pathoplexus.org/about/terms-of-use/open-data;;0.9965845648604269;;;KP258728.1;;;RSVA/Homo sapiens/USA/92E-024-01/1992;0;0
PP_001CCAB.2;A.1;1990;USA;New York;"Das, S. R.; Halpin, R. A.; Puri, V.; Akopov, A.; Fedorova, N.; Stockwell, T.; Amedeo, P.; Bishop, B.; Katzel, D.; Schobel, S.; Shrivastava, S.; Wentworth, D. E.; Caserta, M.";J. Craig Venter Institute;Homo sapiens;15112;2014-12-21;PP_001CCAB;KP258729.1;Automated Ingest from INSDC/NCBI Virus by Loculus;OPEN;https://pathoplexus.org/about/terms-of-use/open-data;;0.9964532019704434;;;KP258729.1;;;RSVA/Homo sapiens/USA/90P-147-01/1990;0;0
PP_001CCB9.2;A.1;1987;USA;New York;"Das, S. R.; Halpin, R. A.; Puri, V.; Akopov, A.; Fedorova, N.; Stockwell, T.; Amedeo, P.; Bishop, B.; Katzel, D.; Schobel, S.; Shrivastava, S.; Wentworth, D. E.; Caserta, M.";J. Craig Venter Institute;Homo sapiens;15112;2014-12-21;PP_001CCB9;KP258730.1;Automated Ingest from INSDC/NCBI Virus by Loculus;OPEN;https://pathoplexus.org/about/terms-of-use/open-data;;0.9964532019704434;;;KP258730.1;;;RSVA/Homo sapiens/USA/87P-615-01/1987;0;0
PP_001CCC7.2;A.2;1991;USA;New York;"Das, S. R.; Halpin, R. A.; Puri, V.; Akopov, A.; Fedorova, N.; Stockwell, T.; Amedeo, P.; Bishop, B.; Katzel, D.; Schobel, S.; Shrivastava, S.; Wentworth, D. E.; Caserta, M.";J. Craig Venter Institute;Homo sapiens;15116;2014-12-21;PP_001CCC7;KP258732.1;Automated Ingest from INSDC/NCBI Virus by Loculus;OPEN;https://pathoplexus.org/about/terms-of-use/open-data;;0.9965845648604269;;;KP258732.1;;;RSVA/Homo sapiens/USA/91E-597-01/1991;0;0
PP_001CCD5.2;A.3;1984;USA;New York;"Das, S. R.; Halpin, R. A.; Puri, V.; Akopov, A.; Fedorova, N.; Stockwell, T.; Amedeo, P.; Bishop, B.; Katzel, D.; Schobel, S.; Shrivastava, S.; Wentworth, D. E.; Caserta, M.";J. Craig Venter Institute;Homo sapiens;15112;2014-12-21;PP_001CCD5;KP258733.1;Automated Ingest from INSDC/NCBI Virus by Loculus;OPEN;https://pathoplexus.org/about/terms-of-use/open-data;;0.9965845648604269;;;KP258733.1;;;RSVA/Homo sapiens/USA/84E-004-01/1984;0;0
PP_001CCE3.2;A.3;1989;USA;New York;"Das, S. R.; Halpin, R. A.; Puri, V.; Akopov, A.; Fedorova, N.; Stockwell, T.; Amedeo, P.; Bishop, B.; Katzel, D.; Schobel, S.; Shrivastava, S.; Wentworth, D. E.; Caserta, M.";J. Craig Venter Institute;Homo sapiens;15106;2014-12-21;PP_001CCE3;KP258734.1;Automated Ingest from INSDC/NCBI Virus by Loculus;OPEN;https://pathoplexus.org/about/terms-of-use/open-data;;0.9965845648604269;;;KP258734.1;;;RSVA/Homo sapiens/USA/89E-024-01/1989;0;0
PP_001CCF1.2;A.3;1984;USA;New York;"Das, S. R.; Halpin, R. A.; Puri, V.; Akopov, A.; Fedorova, N.; Stockwell, T.; Amedeo, P.; Bishop, B.; Katzel, D.; Schobel, S.; Shrivastava, S.; Wentworth, D. E.; Caserta, M.";J. Craig Venter Institute;Homo sapiens;15106;2014-12-21;PP_001CCF1;KP258737.1;Automated Ingest from INSDC/NCBI Virus by Loculus;OPEN;https://pathoplexus.org/about/terms-of-use/open-data;;0.9965845648604269;;;KP258737.1;;;RSVA/Homo sapiens/USA/84E-016-01/1984;0;0
PP_001CCGZ.2;A.2;1993;USA;New York;"Das, S. R.; Halpin, R. A.; Puri, V.; Akopov, A.; Fedorova, N.; Stockwell, T.; Amedeo, P.; Bishop, B.; Katzel, D.; Schobel, S.; Shrivastava, S.; Wentworth, D. E.; Caserta, M.";J. Craig Venter Institute;Homo sapiens;15116;2014-12-21;PP_001CCGZ;KP258740.1;Automated Ingest from INSDC/NCBI Virus by Loculus;OPEN;https://pathoplexus.org/about/terms-of-use/open-data;;0.9965845648604269;;;KP258740.1;;;RSVA/Homo sapiens/USA/93E-065-01/1993;0;0
PP_001CCHW.2;A.1;1990;USA;New York;"Das, S. R.; Halpin, R. A.; Puri, V.; Akopov, A.; Fedorova, N.; Stockwell, T.; Amedeo, P.; Bishop, B.; Katzel, D.; Schobel, S.; Shrivastava, S.; Wentworth, D. E.; Caserta, M.";J. Craig Venter Institute;Homo sapiens;15112;2014-12-21;PP_001CCHW;KP258741.1;Automated Ingest from INSDC/NCBI Virus by Loculus;OPEN;https://pathoplexus.org/about/terms-of-use/open-data;;0.9964532019704434;;;KP258741.1;;;RSVA/Homo sapiens/USA/90E-112-01/1990;0;0
PP_001CCJU.2;A.3;1998;USA;New York;"Das, S. R.; Halpin, R. A.; Puri, V.; Akopov, A.; Fedorova, N.; Stockwell, T.; Amedeo, P.; Bishop, B.; Katzel, D.; Schobel, S.; Shrivastava, S.; Wentworth, D. E.; Caserta, M.";J. Craig Venter Institute;Homo sapiens;15107;2014-12-21;PP_001CCJU;KP258743.1;Automated Ingest from INSDC/NCBI Virus by Loculus;OPEN;https://pathoplexus.org/about/terms-of-use/open-data;;0.9965845648604269;;;KP258743.1;;;RSVA/Homo sapiens/USA/98E-027-01/1998;0;0
PP_001CCKS.2;A.1;1995;USA;New York;"Das, S. R.; Halpin, R. A.; Puri, V.; Akopov, A.; Fedorova, N.; Stockwell, T.; Amedeo, P.; Bishop, B.; Katzel, D.; Schobel, S.; Shrivastava, S.; Wentworth, D. E.; Caserta, M.";J. Craig Venter Institute;Homo sapiens;15104;2014-12-21;PP_001CCKS;KP258744.1;Automated Ingest from INSDC/NCBI Virus by Loculus;OPEN;https://pathoplexus.org/about/terms-of-use/open-data;;0.9964532019704434;;;KP258744.1;;;RSVA/Homo sapiens/USA/95P-073-01/1995;0;0
PP_001CJ3K.1;A.3.1;2011-04-13;Kenya;;"Agoti, C. N.; Otieno, J. R.; Munywoki, P. K.; Mwihuri, A. G.; Cane, P. A.; Nokes, D. J.; Kellam, P.; Cotten, M.; Cotten, M. L.";KEMRI Wellcome Trust Research Programme;Homo sapiens;14713;2015-01-28;PP_001CJ3K;KP317920.1;Automated Ingest from INSDC/NCBI Virus by Loculus;OPEN;https://pathoplexus.org/about/terms-of-use/open-data;;0.9725451559934318;;;KP317920.1;;;Kilifi_11862_28_RSVA_2010;0;0
PP_001CJ6D.1;A.3.1;2007-01-05;Kenya;;"Agoti, C. N.; Otieno, J. R.; Munywoki, P. K.; Mwihuri, A. G.; Cane, P. A.; Nokes, D. J.; Kellam, P.; Cotten, M.; Cotten, M. L.";KEMRI Wellcome Trust Research Programme;Homo sapiens;14702;2015-01-28;PP_001CJ6D;KP317926.1;Automated Ingest from INSDC/NCBI Virus by Loculus;OPEN;https://pathoplexus.org/about/terms-of-use/open-data;;0.9704433497536946;;;KP317926.1;;;Kilifi_10891_60_RSVA_2007;0;0
PP_001CJA5.1;A.3.1;2010-04-29;Kenya;;"Agoti, C. N.; Otieno, J. R.; Munywoki, P. K.; Mwihuri, A. G.; Cane, P. A.; Nokes, D. J.; Kellam, P.; Cotten, M.; Cotten, M. L.";KEMRI Wellcome Trust Research Programme;Homo sapiens;14716;2015-01-28;PP_001CJA5;KP317936.1;Automated Ingest from INSDC/NCBI Virus by Loculus;OPEN;https://pathoplexus.org/about/terms-of-use/open-data;;0.9804269293924467;;;KP317936.1;;;Kilifi_11864_54_RSVA_2010;0;0
PP_001CJB3.1;A.3;2007-01-04;Kenya;;"Agoti, C. N.; Otieno, J. R.; Munywoki, P. K.; Mwihuri, A. G.; Cane, P. A.; Nokes, D. J.; Kellam, P.; Cotten, M.; Cotten, M. L.";KEMRI Wellcome Trust Research Programme;Homo sapiens;11402;2015-01-28;PP_001CJB3;KP317937.1;Automated Ingest from INSDC/NCBI Virus by Loculus;OPEN;https://pathoplexus.org/about/terms-of-use/open-data;;0.9739244663382595;;;KP317937.1;;;Kilifi_10891_59_RSVA_2007;0;0
PP_001CJDZ.1;A.3;2006-02-23;Kenya;;"Agoti, C. N.; Otieno, J. R.; Munywoki, P. K.; Mwihuri, A. G.; Cane, P. A.; Nokes, D. J.; Kellam, P.; Cotten, M.; Cotten, M. L.";KEMRI Wellcome Trust Research Programme;Homo sapiens;14841;2015-01-28;PP_001CJDZ;KP317942.1;Automated Ingest from INSDC/NCBI Virus by Loculus;OPEN;https://pathoplexus.org/about/terms-of-use/open-data;;0.9837110016420362;;;KP317942.1;;;Kilifi_10891_57_RSVA_2006;0;0
PP_001CJFV.1;A.3;2006-02-20;Kenya;;"Agoti, C. N.; Otieno, J. R.; Munywoki, P. K.; Mwihuri, A. G.; Cane, P. A.; Nokes, D. J.; Kellam, P.; Cotten, M.; Cotten, M. L.";KEMRI Wellcome Trust Research Programme;Homo sapiens;14778;2015-01-28;PP_001CJFV;KP317944.1;Automated Ingest from INSDC/NCBI Virus by Loculus;OPEN;https://pathoplexus.org/about/terms-of-use/open-data;;0.9755008210180623;;;KP317944.1;;;Kilifi_9696_45_RSVA_2006;0;0
PP_001CJKL.1;A.3;2009-02-22;Kenya;;"Agoti, C. N.; Otieno, J. R.; Munywoki, P. K.; Mwihuri, A. G.; Cane, P. A.; Nokes, D. J.; Kellam, P.; Cotten, M.; Cotten, M. L.";KEMRI Wellcome Trust Research Programme;Homo sapiens;14781;2015-01-28;PP_001CJKL;KP317950.1;Automated Ingest from INSDC/NCBI Virus by Loculus;OPEN;https://pathoplexus.org/about/terms-of-use/open-data;;0.9755008210180623;;;KP317950.1;;;Kilifi_10899_38_RSVA_2009;0;0
PP_001CJLJ.1;A.3.1;2011-03-25;Kenya;;"Agoti, C. N.; Otieno, J. R.; Munywoki, P. K.; Mwihuri, A. G.; Cane, P. A.; Nokes, D. J.; Kellam, P.; Cotten, M.; Cotten, M. L.";KEMRI Wellcome Trust Research Programme;Homo sapiens;14715;2015-01-28;PP_001CJLJ;KP317951.1;Automated Ingest from INSDC/NCBI Virus by Loculus;OPEN;https://pathoplexus.org/about/terms-of-use/open-data;;0.9735303776683087;;;KP317951.1;;;Kilifi_11864_53_RSVA_2011;0;0
PP_001CJPC.1;A.2.1.1;2004-03-24;Kenya;;"Agoti, C. N.; Otieno, J. R.; Munywoki, P. K.; Mwihuri, A. G.; Cane, P. A.; Nokes, D. J.; Kellam, P.; Cotten, M.; Cotten, M. L.";KEMRI Wellcome Trust Research Programme;Homo sapiens;14788;2015-01-28;PP_001CJPC;KP317956.1;Automated Ingest from INSDC/NCBI Virus by Loculus;OPEN;https://pathoplexus.org/about/terms-of-use/open-data;;0.9755008210180623;;;KP317956.1;;;Kilifi_11865_75_RSVA_2004;0;0
PP_001CMXT.2;A;1981;USA;New York;"Das, S. R.; Halpin, R. A.; Puri, V.; Akopov, A.; Fedorova, N.; Stockwell, T.; Amedeo, P.; Bishop, B.; Katzel, D.; Schobel, S.; Shrivastava, S.; Wentworth, D. E.; Caserta, M.";J. Craig Venter Institute;Homo sapiens;15087;2015-04-04;PP_001CMXT;KP856967.1;Automated Ingest from INSDC/NCBI Virus by Loculus;OPEN;https://pathoplexus.org/about/terms-of-use/open-data;;0.9965845648604269;;;KP856967.1;;;RSVA/Homo sapiens/USA/81E-025-01/1981;0;0
PP_001CMYR.2;A.3;1998;USA;New York;"Das, S. R.; Halpin, R. A.; Puri, V.; Akopov, A.; Fedorova, N.; Stockwell, T.; Amedeo, P.; Bishop, B.; Katzel, D.; Schobel, S.; Shrivastava, S.; Wentworth, D. E.; Caserta, M.";J. Craig Venter Institute;Homo sapiens;15100;2015-04-04;PP_001CMYR;KP856968.1;Automated Ingest from INSDC/NCBI Virus by Loculus;OPEN;https://pathoplexus.org/about/terms-of-use/open-data;;0.9963218390804598;;;KP856968.1;;;RSVA/Homo sapiens/USA/98I-003A-01/1998;0;0
PP_001CMZP.2;A;1979;USA;New York;"Das, S. R.; Halpin, R. A.; Puri, V.; Akopov, A.; Fedorova, N.; Stockwell, T.; Amedeo, P.; Bishop, B.; Katzel, D.; Schobel, S.; Shrivastava, S.; Wentworth, D. E.; Caserta, M.";J. Craig Venter Institute;Homo sapiens;15082;2015-04-04;PP_001CMZP;KP856969.1;Automated Ingest from INSDC/NCBI Virus by Loculus;OPEN;https://pathoplexus.org/about/terms-of-use/open-data;;0.9965845648604269;;;KP856969.1;;;RSVA/Homo sapiens/USA/79E-495-01/1979;0;0
PP_001DHHP.2;A;1981;USA;Rochester, NY;"Das, S. R.; Halpin, R. A.; Puri, V.; Akopov, A.; Fedorova, N.; Stockwell, T.; Amedeo, P.; Bishop, B.; Katzel, D.; Schobel, S.; Shrivastava, S.; Hall, C. B.; Tesini, B. L.; Schnabel, K. C.; Walsh, E. E.; Caserta, M.";J. Craig Venter Institute;Homo sapiens;15112;2016-01-30;PP_001DHHP;KU316090.1;Automated Ingest from INSDC/NCBI Virus by Loculus;OPEN;https://pathoplexus.org/about/terms-of-use/open-data;;0.9965845648604269;;;KU316090.1;;;RSVA/Homo sapiens/USA/81I-184A-01-01/1981;0;0
PP_001DHJM.2;A.3;1998;USA;Rochester, NY;"Das, S. R.; Halpin, R. A.; Puri, V.; Akopov, A.; Fedorova, N.; Stockwell, T.; Amedeo, P.; Bishop, B.; Katzel, D.; Schobel, S.; Shrivastava, S.; Hall, C. B.; Tesini, B. L.; Schnabel, K. C.; Walsh, E. E.; Caserta, M.";J. Craig Venter Institute;Homo sapiens;14966;2016-01-30;PP_001DHJM;KU316091.1;Automated Ingest from INSDC/NCBI Virus by Loculus;OPEN;https://pathoplexus.org/about/terms-of-use/open-data;;0.9875862068965517;;;KU316091.1;;;RSVA/Homo sapiens/USA/98I-005A-01-01/1998;0;0
PP_001DHKK.2;A.3;1991;USA;Rochester, NY;"Das, S. R.; Halpin, R. A.; Puri, V.; Akopov, A.; Fedorova, N.; Stockwell, T.; Amedeo, P.; Bishop, B.; Katzel, D.; Schobel, S.; Shrivastava, S.; Hall, C. B.; Tesini, B. L.; Schnabel, K. C.; Walsh, E. E.; Caserta, M.";J. Craig Venter Institute;Homo sapiens;15110;2016-01-30;PP_001DHKK;KU316092.1;Automated Ingest from INSDC/NCBI Virus by Loculus;OPEN;https://pathoplexus.org/about/terms-of-use/open-data;;0.9965845648604269;;;KU316092.1;;;RSVA/Homo sapiens/USA/91E-610-01/1991;0;0
PP_001DHLH.2;A;1988;USA;Rochester, NY;"Das, S. R.; Halpin, R. A.; Puri, V.; Akopov, A.; Fedorova, N.; Stockwell, T.; Amedeo, P.; Bishop, B.; Katzel, D.; Schobel, S.; Shrivastava, S.; Hall, C. B.; Tesini, B. L.; Schnabel, K. C.; Walsh, E. E.; Caserta, M.";J. Craig Venter Institute;Homo sapiens;15108;2016-01-30;PP_001DHLH;KU316093.1;Automated Ingest from INSDC/NCBI Virus by Loculus;OPEN;https://pathoplexus.org/about/terms-of-use/open-data;;0.9965845648604269;;;KU316093.1;;;RSVA/Homo sapiens/USA/88P-171-01/1988;0;0
PP_001DHMF.2;A.2;1996;USA;Rochester, NY;"Das, S. R.; Halpin, R. A.; Puri, V.; Akopov, A.; Fedorova, N.; Stockwell, T.; Amedeo, P.; Bishop, B.; Katzel, D.; Schobel, S.; Shrivastava, S.; Hall, C. B.; Tesini, B. L.; Schnabel, K. C.; Walsh, E. E.; Caserta, M.";J. Craig Venter Institute;Homo sapiens;15109;2016-01-30;PP_001DHMF;KU316096.1;Automated Ingest from INSDC/NCBI Virus by Loculus;OPEN;https://pathoplexus.org/about/terms-of-use/open-data;;0.9965845648604269;;;KU316096.1;;;RSVA/Homo sapiens/USA/96E-016-01/1996;0;0
PP_001DHND.2;A.3;1984;USA;Rochester, NY;"Das, S. R.; Halpin, R. A.; Puri, V.; Akopov, A.; Fedorova, N.; Stockwell, T.; Amedeo, P.; Bishop, B.; Katzel, D.; Schobel, S.; Shrivastava, S.; Hall, C. B.; Tesini, B. L.; Schnabel, K. C.; Walsh, E. E.; Caserta, M.";J. Craig Venter Institute;Homo sapiens;15011;2016-01-30;PP_001DHND;KU316098.1;Automated Ingest from INSDC/NCBI Virus by Loculus;OPEN;https://pathoplexus.org/about/terms-of-use/open-data;;0.9899507389162562;;;KU316098.1;;;RSVA/Homo sapiens/USA/84E-035-01/1984;0;0
PP_001DHPB.2;A.1;1997;USA;Rochester, NY;"Das, S. R.; Halpin, R. A.; Puri, V.; Akopov, A.; Fedorova, N.; Stockwell, T.; Amedeo, P.; Bishop, B.; Katzel, D.; Schobel, S.; Shrivastava, S.; Hall, C. B.; Tesini, B. L.; Schnabel, K. C.; Walsh, E. E.; Caserta, M.";J. Craig Venter Institute;Homo sapiens;15105;2016-01-30;PP_001DHPB;KU316099.1;Automated Ingest from INSDC/NCBI Virus by Loculus;OPEN;https://pathoplexus.org/about/terms-of-use/open-data;;0.9964532019704434;;;KU316099.1;;;RSVA/Homo sapiens/USA/97I-019A-01-01/1997;0;0
PP_001DHQ9.2;A.1;1983;USA;Rochester, NY;"Das, S. R.; Halpin, R. A.; Puri, V.; Akopov, A.; Fedorova, N.; Stockwell, T.; Amedeo, P.; Bishop, B.; Katzel, D.; Schobel, S.; Shrivastava, S.; Hall, C. B.; Tesini, B. L.; Schnabel, K. C.; Walsh, E. E.; Caserta, M.";J. Craig Venter Institute;Homo sapiens;15111;2016-01-30;PP_001DHQ9;KU316103.1;Automated Ingest from INSDC/NCBI Virus by Loculus;OPEN;https://pathoplexus.org/about/terms-of-use/open-data;;0.9963875205254515;;;KU316103.1;;;RSVA/Homo sapiens/USA/83G-012-01/1983;0;0
PP_001DHR7.2;A.2;1991;USA;Rochester, NY;"Das, S. R.; Halpin, R. A.; Puri, V.; Akopov, A.; Fedorova, N.; Stockwell, T.; Amedeo, P.; Bishop, B.; Katzel, D.; Schobel, S.; Shrivastava, S.; Hall, C. B.; Tesini, B. L.; Schnabel, K. C.; Walsh, E. E.; Caserta, M.";J. Craig Venter Institute;Homo sapiens;15024;2016-01-30;PP_001DHR7;KU316104.1;Automated Ingest from INSDC/NCBI Virus by Loculus;OPEN;https://pathoplexus.org/about/terms-of-use/open-data;;0.9905418719211823;;;KU316104.1;;;RSVA/Homo sapiens/USA/91P-516-01/1991;0;0
PP_001DHS5.2;A.1;1977;USA;Rochester, NY;"Das, S. R.; Halpin, R. A.; Puri, V.; Akopov, A.; Fedorova, N.; Stockwell, T.; Amedeo, P.; Bishop, B.; Katzel, D.; Schobel, S.; Shrivastava, S.; Hall, C. B.; Tesini, B. L.; Schnabel, K. C.; Walsh, E. E.; Caserta, M.";J. Craig Venter Institute;Homo sapiens;15111;2016-01-30;PP_001DHS5;KU316106.1;Automated Ingest from INSDC/NCBI Virus by Loculus;OPEN;https://pathoplexus.org/about/terms-of-use/open-data;;0.9963875205254515;;;KU316106.1;;;RSVA/Homo sapiens/USA/78I-004A-01-01/1977;0;0
PP_001DHT3.2;A.1;1995;USA;Rochester, NY;"Das, S. R.; Halpin, R. A.; Puri, V.; Akopov, A.; Fedorova, N.; Stockwell, T.; Amedeo, P.; Bishop, B.; Katzel, D.; Schobel, S.; Shrivastava, S.; Hall, C. B.; Tesini, B. L.; Schnabel, K. C.; Walsh, E. E.; Caserta, M.";J. Craig Venter Institute;Homo sapiens;15105;2016-01-30;PP_001DHT3;KU316107.1;Automated Ingest from INSDC/NCBI Virus by Loculus;OPEN;https://pathoplexus.org/about/terms-of-use/open-data;;0.9964532019704434;;;KU316107.1;;;RSVA/Homo sapiens/USA/95P-071-01/1995;0;0
PP_001DHU1.2;A.1;1992;USA;Rochester, NY;"Das, S. R.; Halpin, R. A.; Puri, V.; Akopov, A.; Fedorova, N.; Stockwell, T.; Amedeo, P.; Bishop, B.; Katzel, D.; Schobel, S.; Shrivastava, S.; Hall, C. B.; Tesini, B. L.; Schnabel, K. C.; Walsh, E. E.; Caserta, M.";J. Craig Venter Institute;Homo sapiens;15051;2016-01-30;PP_001DHU1;KU316109.1;Automated Ingest from INSDC/NCBI Virus by Loculus;OPEN;https://pathoplexus.org/about/terms-of-use/open-data;;0.9923809523809524;;;KU316109.1;;;RSVA/Homo sapiens/USA/92I-109A-01-01/1992;0;0
PP_001DHVZ.2;A.3;1984;USA;Rochester, NY;"Das, S. R.; Halpin, R. A.; Puri, V.; Akopov, A.; Fedorova, N.; Stockwell, T.; Amedeo, P.; Bishop, B.; Katzel, D.; Schobel, S.; Shrivastava, S.; Hall, C. B.; Tesini, B. L.; Schnabel, K. C.; Walsh, E. E.; Caserta, M.";J. Craig Venter Institute;Homo sapiens;15107;2016-01-30;PP_001DHVZ;KU316110.1;Automated Ingest from INSDC/NCBI Virus by Loculus;OPEN;https://pathoplexus.org/about/terms-of-use/open-data;;0.9965845648604269;;;KU316110.1;;;RSVA/Homo sapiens/USA/84I-220A-01-01/1984;0;0
PP_001DHWX.2;A.1;1980;USA;Rochester, NY;"Das, S. R.; Halpin, R. A.; Puri, V.; Akopov, A.; Fedorova, N.; Stockwell, T.; Amedeo, P.; Bishop, B.; Katzel, D.; Schobel, S.; Shrivastava, S.; Hall, C. B.; Tesini, B. L.; Schnabel, K. C.; Walsh, E. E.; Caserta, M.";J. Craig Venter Institute;Homo sapiens;15114;2016-01-30;PP_001DHWX;KU316112.1;Automated Ingest from INSDC/NCBI Virus by Loculus;OPEN;https://pathoplexus.org/about/terms-of-use/open-data;;0.9963875205254515;;;KU316112.1;;;RSVA/Homo sapiens/USA/80E-060-01/1980;0;0
PP_001DHXV.2;A.3;1996;USA;Rochester, NY;"Das, S. R.; Halpin, R. A.; Puri, V.; Akopov, A.; Fedorova, N.; Stockwell, T.; Amedeo, P.; Bishop, B.; Katzel, D.; Schobel, S.; Shrivastava, S.; Hall, C. B.; Tesini, B. L.; Schnabel, K. C.; Walsh, E. E.; Caserta, M.";J. Craig Venter Institute;Homo sapiens;15105;2016-01-30;PP_001DHXV;KU316118.1;Automated Ingest from INSDC/NCBI Virus by Loculus;OPEN;https://pathoplexus.org/about/terms-of-use/open-data;;0.9963218390804598;;;KU316118.1;;;RSVA/Homo sapiens/USA/96I-029A-01-01/1996;0;0
PP_001DHYT.2;A.1;1989;USA;Rochester, NY;"Das, S. R.; Halpin, R. A.; Puri, V.; Akopov, A.; Fedorova, N.; Stockwell, T.; Amedeo, P.; Bishop, B.; Katzel, D.; Schobel, S.; Shrivastava, S.; Hall, C. B.; Tesini, B. L.; Schnabel, K. C.; Walsh, E. E.; Caserta, M.";J. Craig Venter Institute;Homo sapiens;15111;2016-01-30;PP_001DHYT;KU316119.1;Automated Ingest from INSDC/NCBI Virus by Loculus;OPEN;https://pathoplexus.org/about/terms-of-use/open-data;;0.9963875205254515;;;KU316119.1;;;RSVA/Homo sapiens/USA/89E-503-01/1989;0;0
PP_001DHZR.2;A.1;1985;USA;Rochester, NY;"Das, S. R.; Halpin, R. A.; Puri, V.; Akopov, A.; Fedorova, N.; Stockwell, T.; Amedeo, P.; Bishop, B.; Katzel, D.; Schobel, S.; Shrivastava, S.; Hall, C. B.; Tesini, B. L.; Schnabel, K. C.; Walsh, E. E.; Caserta, M.";J. Craig Venter Institute;Homo sapiens;15113;2016-01-30;PP_001DHZR;KU316120.1;Automated Ingest from INSDC/NCBI Virus by Loculus;OPEN;https://pathoplexus.org/about/terms-of-use/open-data;;0.9963875205254515;;;KU316120.1;;;RSVA/Homo sapiens/USA/86I-024A-01-01/1985;0;0
PP_001DJ0P.2;A.2;1992;USA;Rochester, NY;"Das, S. R.; Halpin, R. A.; Puri, V.; Akopov, A.; Fedorova, N.; Stockwell, T.; Amedeo, P.; Bishop, B.; Katzel, D.; Schobel, S.; Shrivastava, S.; Hall, C. B.; Tesini, B. L.; Schnabel, K. C.; Walsh, E. E.; Caserta, M.";J. Craig Venter Institute;Homo sapiens;15113;2016-01-30;PP_001DJ0P;KU316121.1;Automated Ingest from INSDC/NCBI Virus by Loculus;OPEN;https://pathoplexus.org/about/terms-of-use/open-data;;0.9961247947454844;;;KU316121.1;;;RSVA/Homo sapiens/USA/92E-015-01/1992;0;0
PP_001DJ1M.2;A.1;1997;USA;Rochester, NY;"Das, S. R.; Halpin, R. A.; Puri, V.; Akopov, A.; Fedorova, N.; Stockwell, T.; Amedeo, P.; Bishop, B.; Katzel, D.; Schobel, S.; Shrivastava, S.; Hall, C. B.; Tesini, B. L.; Schnabel, K. C.; Walsh, E. E.; Caserta, M.";J. Craig Venter Institute;Homo sapiens;15104;2016-01-30;PP_001DJ1M;KU316123.1;Automated Ingest from INSDC/NCBI Virus by Loculus;OPEN;https://pathoplexus.org/about/terms-of-use/open-data;;0.9964532019704434;;;KU316123.1;;;RSVA/Homo sapiens/USA/97I-058A-01-01/1997;0;0
PP_001DJ2K.2;A.1;1992;USA;Rochester, NY;"Das, S. R.; Halpin, R. A.; Puri, V.; Akopov, A.; Fedorova, N.; Stockwell, T.; Amedeo, P.; Bishop, B.; Katzel, D.; Schobel, S.; Shrivastava, S.; Hall, C. B.; Tesini, B. L.; Schnabel, K. C.; Walsh, E. E.; Caserta, M.";J. Craig Venter Institute;Homo sapiens;15112;2016-01-30;PP_001DJ2K;KU316124.1;Automated Ingest from INSDC/NCBI Virus by Loculus;OPEN;https://pathoplexus.org/about/terms-of-use/open-data;;0.9963875205254515;;;KU316124.1;;;RSVA/Homo sapiens/USA/92I-050A-01-01/1992;0;0
PP_001DJ3H.2;A.3;1984;USA;Rochester, NY;"Das, S. R.; Halpin, R. A.; Puri, V.; Akopov, A.; Fedorova, N.; Stockwell, T.; Amedeo, P.; Bishop, B.; Katzel, D.; Schobel, S.; Shrivastava, S.; Hall, C. B.; Tesini, B. L.; Schnabel, K. C.; Walsh, E. E.; Caserta, M.";J. Craig Venter Institute;Homo sapiens;14955;2016-01-30;PP_001DJ3H;KU316125.1;Automated Ingest from INSDC/NCBI Virus by Loculus;OPEN;https://pathoplexus.org/about/terms-of-use/open-data;;0.9922495894909688;;;KU316125.1;;;RSVA/Homo sapiens/USA/84I-266A-01-01/1984;0;0
PP_001DJ4F.2;A.3;1984;USA;Rochester, NY;"Das, S. R.; Halpin, R. A.; Puri, V.; Akopov, A.; Fedorova, N.; Stockwell, T.; Amedeo, P.; Bishop, B.; Katzel, D.; Schobel, S.; Shrivastava, S.; Hall, C. B.; Tesini, B. L.; Schnabel, K. C.; Walsh, E. E.; Caserta, M.";J. Craig Venter Institute;Homo sapiens;15106;2016-01-30;PP_001DJ4F;KU316126.1;Automated Ingest from INSDC/NCBI Virus by Loculus;OPEN;https://pathoplexus.org/about/terms-of-use/open-data;;0.9965845648604269;;;KU316126.1;;;RSVA/Homo sapiens/USA/84E-039-01/1984;0;0
PP_001DJ5D.2;A.3;1994;USA;Rochester, NY;"Das, S. R.; Halpin, R. A.; Puri, V.; Akopov, A.; Fedorova, N.; Stockwell, T.; Amedeo, P.; Bishop, B.; Katzel, D.; Schobel, S.; Shrivastava, S.; Hall, C. B.; Tesini, B. L.; Schnabel, K. C.; Walsh, E. E.; Caserta, M.";J. Craig Venter Institute;Homo sapiens;15114;2016-01-30;PP_001DJ5D;KU316131.1;Automated Ingest from INSDC/NCBI Virus by Loculus;OPEN;https://pathoplexus.org/about/terms-of-use/open-data;;0.9965845648604269;;;KU316131.1;;;RSVA/Homo sapiens/USA/94I-057A-01-01/1994;0;0
PP_001DJ6B.2;A.2;1990;USA;Rochester, NY;"Das, S. R.; Halpin, R. A.; Puri, V.; Akopov, A.; Fedorova, N.; Stockwell, T.; Amedeo, P.; Bishop, B.; Katzel, D.; Schobel, S.; Shrivastava, S.; Hall, C. B.; Tesini, B. L.; Schnabel, K. C.; Walsh, E. E.; Caserta, M.";J. Craig Venter Institute;Homo sapiens;15108;2016-01-30;PP_001DJ6B;KU316133.1;Automated Ingest from INSDC/NCBI Virus by Loculus;OPEN;https://pathoplexus.org/about/terms-of-use/open-data;;0.9965188834154352;;;KU316133.1;;;RSVA/Homo sapiens/USA/90E-035-01/1990;0;0
PP_001DJ79.2;A;1981;USA;Rochester, NY;"Das, S. R.; Halpin, R. A.; Puri, V.; Akopov, A.; Fedorova, N.; Stockwell, T.; Amedeo, P.; Bishop, B.; Katzel, D.; Schobel, S.; Shrivastava, S.; Hall, C. B.; Tesini, B. L.; Schnabel, K. C.; Walsh, E. E.; Caserta, M.";J. Craig Venter Institute;Homo sapiens;15112;2016-01-30;PP_001DJ79;KU316135.1;Automated Ingest from INSDC/NCBI Virus by Loculus;OPEN;https://pathoplexus.org/about/terms-of-use/open-data;;0.9965845648604269;;;KU316135.1;;;RSVA/Homo sapiens/USA/81I-090A-01-01/1981;0;0
PP_001DJ87.2;A;1979;USA;Rochester, NY;"Das, S. R.; Halpin, R. A.; Puri, V.; Akopov, A.; Fedorova, N.; Stockwell, T.; Amedeo, P.; Bishop, B.; Katzel, D.; Schobel, S.; Shrivastava, S.; Hall, C. B.; Tesini, B. L.; Schnabel, K. C.; Walsh, E. E.; Caserta, M.";J. Craig Venter Institute;Homo sapiens;15107;2016-01-30;PP_001DJ87;KU316137.1;Automated Ingest from INSDC/NCBI Virus by Loculus;OPEN;https://pathoplexus.org/about/terms-of-use/open-data;;0.9965188834154352;;;KU316137.1;;;RSVA/Homo sapiens/USA/79E-040-01/1979;0;0
PP_001DJ95.2;A.3;1987;USA;Rochester, NY;"Das, S. R.; Halpin, R. A.; Puri, V.; Akopov, A.; Fedorova, N.; Stockwell, T.; Amedeo, P.; Bishop, B.; Katzel, D.; Schobel, S.; Shrivastava, S.; Hall, C. B.; Tesini, B. L.; Schnabel, K. C.; Walsh, E. E.; Caserta, M.";J. Craig Venter Institute;Homo sapiens;15113;2016-01-30;PP_001DJ95;KU316138.1;Automated Ingest from INSDC/NCBI Virus by Loculus;OPEN;https://pathoplexus.org/about/terms-of-use/open-data;;0.9965845648604269;;;KU316138.1;;;RSVA/Homo sapiens/USA/87E-083-01/1987;0;0
PP_001DJA3.2;A.3;1994;USA;Rochester, NY;"Das, S. R.; Halpin, R. A.; Puri, V.; Akopov, A.; Fedorova, N.; Stockwell, T.; Amedeo, P.; Bishop, B.; Katzel, D.; Schobel, S.; Shrivastava, S.; Hall, C. B.; Tesini, B. L.; Schnabel, K. C.; Walsh, E. E.; Caserta, M.";J. Craig Venter Institute;Homo sapiens;14955;2016-01-30;PP_001DJA3;KU316139.1;Automated Ingest from INSDC/NCBI Virus by Loculus;OPEN;https://pathoplexus.org/about/terms-of-use/open-data;;0.9922495894909688;;;KU316139.1;;;RSVA/Homo sapiens/USA/94I-091A-01-01/1994;0;0
PP_001DJB1.2;A.1;1978;USA;Rochester, NY;"Das, S. R.; Halpin, R. A.; Puri, V.; Akopov, A.; Fedorova, N.; Stockwell, T.; Amedeo, P.; Bishop, B.; Katzel, D.; Schobel, S.; Shrivastava, S.; Hall, C. B.; Tesini, B. L.; Schnabel, K. C.; Walsh, E. E.; Caserta, M.";J. Craig Venter Institute;Homo sapiens;15111;2016-01-30;PP_001DJB1;KU316140.1;Automated Ingest from INSDC/NCBI Virus by Loculus;OPEN;https://pathoplexus.org/about/terms-of-use/open-data;;0.9963875205254515;;;KU316140.1;;;RSVA/Homo sapiens/USA/78I-046A-01-01/1978;0;0
PP_001DJCZ.2;A.3;1998;USA;Rochester, NY;"Das, S. R.; Halpin, R. A.; Puri, V.; Akopov, A.; Fedorova, N.; Stockwell, T.; Amedeo, P.; Bishop, B.; Katzel, D.; Schobel, S.; Shrivastava, S.; Hall, C. B.; Tesini, B. L.; Schnabel, K. C.; Walsh, E. E.; Caserta, M.";J. Craig Venter Institute;Homo sapiens;15100;2016-01-30;PP_001DJCZ;KU316141.1;Automated Ingest from INSDC/NCBI Virus by Loculus;OPEN;https://pathoplexus.org/about/terms-of-use/open-data;;0.9963218390804598;;;KU316141.1;;;RSVA/Homo sapiens/USA/98E-126-01/1998;0;0
PP_001DJDX.2;A.3;1982;USA;Rochester, NY;"Das, S. R.; Halpin, R. A.; Puri, V.; Akopov, A.; Fedorova, N.; Stockwell, T.; Amedeo, P.; Bishop, B.; Katzel, D.; Schobel, S.; Shrivastava, S.; Hall, C. B.; Tesini, B. L.; Schnabel, K. C.; Walsh, E. E.; Caserta, M.";J. Craig Venter Institute;Homo sapiens;14948;2016-01-30;PP_001DJDX;KU316142.1;Automated Ingest from INSDC/NCBI Virus by Loculus;OPEN;https://pathoplexus.org/about/terms-of-use/open-data;;0.9880459770114942;;;KU316142.1;;;RSVA/Homo sapiens/USA/83I-026A-01-01/1982;0;0
PP_001DJEV.2;A;1982;USA;Rochester, NY;"Das, S. R.; Halpin, R. A.; Puri, V.; Akopov, A.; Fedorova, N.; Stockwell, T.; Amedeo, P.; Bishop, B.; Katzel, D.; Schobel, S.; Shrivastava, S.; Hall, C. B.; Tesini, B. L.; Schnabel, K. C.; Walsh, E. E.; Caserta, M.";J. Craig Venter Institute;Homo sapiens;15171;2016-01-30;PP_001DJEV;KU316143.1;Automated Ingest from INSDC/NCBI Virus by Loculus;OPEN;https://pathoplexus.org/about/terms-of-use/open-data;;1.0;;;KU316143.1;;;RSVA/Homo sapiens/USA/82G-164-01/1982;0;0
PP_001DJFT.2;A.2;1996;USA;Rochester, NY;"Das, S. R.; Halpin, R. A.; Puri, V.; Akopov, A.; Fedorova, N.; Stockwell, T.; Amedeo, P.; Bishop, B.; Katzel, D.; Schobel, S.; Shrivastava, S.; Hall, C. B.; Tesini, B. L.; Schnabel, K. C.; Walsh, E. E.; Caserta, M.";J. Craig Venter Institute;Homo sapiens;15106;2016-01-30;PP_001DJFT;KU316145.1;Automated Ingest from INSDC/NCBI Virus by Loculus;OPEN;https://pathoplexus.org/about/terms-of-use/open-data;;0.9964532019704434;;;KU316145.1;;;RSVA/Homo sapiens/USA/96E-033-01/1996;0;0
PP_001DJGR.2;A.1;1983;USA;Rochester, NY;"Das, S. R.; Halpin, R. A.; Puri, V.; Akopov, A.; Fedorova, N.; Stockwell, T.; Amedeo, P.; Bishop, B.; Katzel, D.; Schobel, S.; Shrivastava, S.; Hall, C. B.; Tesini, B. L.; Schnabel, K. C.; Walsh, E. E.; Caserta, M.";J. Craig Venter Institute;Homo sapiens;15111;2016-01-30;PP_001DJGR;KU316146.1;Automated Ingest from INSDC/NCBI Virus by Loculus;OPEN;https://pathoplexus.org/about/terms-of-use/open-data;;0.9963875205254515;;;KU316146.1;;;RSVA/Homo sapiens/USA/83G-002-01/1983;0;0
PP_001DJHN.2;A.3;1984;USA;Rochester, NY;"Das, S. R.; Halpin, R. A.; Puri, V.; Akopov, A.; Fedorova, N.; Stockwell, T.; Amedeo, P.; Bishop, B.; Katzel, D.; Schobel, S.; Shrivastava, S.; Hall, C. B.; Tesini, B. L.; Schnabel, K. C.; Walsh, E. E.; Caserta, M.";J. Craig Venter Institute;Homo sapiens;15106;2016-01-30;PP_001DJHN;KU316148.1;Automated Ingest from INSDC/NCBI Virus by Loculus;OPEN;https://pathoplexus.org/about/terms-of-use/open-data;;0.9963875205254515;;;KU316148.1;;;RSVA/Homo sapiens/USA/84E-072-01/1984;0;0
PP_001DJJL.2;A;1977;USA;Rochester, NY;"Das, S. R.; Halpin, R. A.; Puri, V.; Akopov, A.; Fedorova, N.; Stockwell, T.; Amedeo, P.; Bishop, B.; Katzel, D.; Schobel, S.; Shrivastava, S.; Hall, C. B.; Tesini, B. L.; Schnabel, K. C.; Walsh, E. E.; Caserta, M.";J. Craig Venter Institute;Homo sapiens;15106;2016-01-30;PP_001DJJL;KU316149.1;Automated Ingest from INSDC/NCBI Virus by Loculus;OPEN;https://pathoplexus.org/about/terms-of-use/open-data;;0.9965845648604269;;;KU316149.1;;;RSVA/Homo sapiens/USA/81E-078-01/1977;0;0
PP_001DJKJ.2;A;1978;USA;Rochester, NY;"Das, S. R.; Halpin, R. A.; Puri, V.; Akopov, A.; Fedorova, N.; Stockwell, T.; Amedeo, P.; Bishop, B.; Katzel, D.; Schobel, S.; Shrivastava, S.; Hall, C. B.; Tesini, B. L.; Schnabel, K. C.; Walsh, E. E.; Caserta, M.";J. Craig Venter Institute;Homo sapiens;15027;2016-01-30;PP_001DJKJ;KU316150.1;Automated Ingest from INSDC/NCBI Virus by Loculus;OPEN;https://pathoplexus.org/about/terms-of-use/open-data;;0.9911986863711002;;;KU316150.1;;;RSVA/Homo sapiens/USA/78G-168-01/1978;0;0
PP_001DJLG.2;A.1;1985;USA;Rochester, NY;"Das, S. R.; Halpin, R. A.; Puri, V.; Akopov, A.; Fedorova, N.; Stockwell, T.; Amedeo, P.; Bishop, B.; Katzel, D.; Schobel, S.; Shrivastava, S.; Hall, C. B.; Tesini, B. L.; Schnabel, K. C.; Walsh, E. E.; Caserta, M.";J. Craig Venter Institute;Homo sapiens;15113;2016-01-30;PP_001DJLG;KU316152.1;Automated Ingest from INSDC/NCBI Virus by Loculus;OPEN;https://pathoplexus.org/about/terms-of-use/open-data;;0.9963875205254515;;;KU316152.1;;;RSVA/Homo sapiens/USA/85P-399-01/1985;0;0
PP_001DJME.2;A.1;1988;USA;Rochester, NY;"Das, S. R.; Halpin, R. A.; Puri, V.; Akopov, A.; Fedorova, N.; Stockwell, T.; Amedeo, P.; Bishop, B.; Katzel, D.; Schobel, S.; Shrivastava, S.; Hall, C. B.; Tesini, B. L.; Schnabel, K. C.; Walsh, E. E.; Caserta, M.";J. Craig Venter Institute;Homo sapiens;15112;2016-01-30;PP_001DJME;KU316153.1;Automated Ingest from INSDC/NCBI Virus by Loculus;OPEN;https://pathoplexus.org/about/terms-of-use/open-data;;0.9964532019704434;;;KU316153.1;;;RSVA/Homo sapiens/USA/88E-042-01/1988;0;0
PP_001DJNC.2;A.1;1985;USA;Rochester, NY;"Das, S. R.; Halpin, R. A.; Puri, V.; Akopov, A.; Fedorova, N.; Stockwell, T.; Amedeo, P.; Bishop, B.; Katzel, D.; Schobel, S.; Shrivastava, S.; Hall, C. B.; Tesini, B. L.; Schnabel, K. C.; Walsh, E. E.; Caserta, M.";J. Craig Venter Institute;Homo sapiens;15112;2016-01-30;PP_001DJNC;KU316154.1;Automated Ingest from INSDC/NCBI Virus by Loculus;OPEN;https://pathoplexus.org/about/terms-of-use/open-data;;0.9963218390804598;;;KU316154.1;;;RSVA/Homo sapiens/USA/85P-405-01/1985;0;0
PP_001DJPA.2;A.1;1978;USA;Rochester, NY;"Das, S. R.; Halpin, R. A.; Puri, V.; Akopov, A.; Fedorova, N.; Stockwell, T.; Amedeo, P.; Bishop, B.; Katzel, D.; Schobel, S.; Shrivastava, S.; Hall, C. B.; Tesini, B. L.; Schnabel, K. C.; Walsh, E. E.; Caserta, M.";J. Craig Venter Institute;Homo sapiens;15111;2016-01-30;PP_001DJPA;KU316155.1;Automated Ingest from INSDC/NCBI Virus by Loculus;OPEN;https://pathoplexus.org/about/terms-of-use/open-data;;0.9963875205254515;;;KU316155.1;;;RSVA/Homo sapiens/USA/78G-104-01/1978;0;0
PP_001DJQ8.2;A;1979;USA;Rochester, NY;"Das, S. R.; Halpin, R. A.; Puri, V.; Akopov, A.; Fedorova, N.; Stockwell, T.; Amedeo, P.; Bishop, B.; Katzel, D.; Schobel, S.; Shrivastava, S.; Hall, C. B.; Tesini, B. L.; Schnabel, K. C.; Walsh, E. E.; Caserta, M.";J. Craig Venter Institute;Homo sapiens;14941;2016-01-30;PP_001DJQ8;KU316157.1;Automated Ingest from INSDC/NCBI Virus by Loculus;OPEN;https://pathoplexus.org/about/terms-of-use/open-data;;0.9888341543513958;;;KU316157.1;;;RSVA/Homo sapiens/USA/79I-050A-01-01/1979;0;0
PP_001DJR6.2;A.1;1986;USA;Rochester, NY;"Das, S. R.; Halpin, R. A.; Puri, V.; Akopov, A.; Fedorova, N.; Stockwell, T.; Amedeo, P.; Bishop, B.; Katzel, D.; Schobel, S.; Shrivastava, S.; Hall, C. B.; Tesini, B. L.; Schnabel, K. C.; Walsh, E. E.; Caserta, M.";J. Craig Venter Institute;Homo sapiens;15111;2016-01-30;PP_001DJR6;KU316160.1;Automated Ingest from INSDC/NCBI Virus by Loculus;OPEN;https://pathoplexus.org/about/terms-of-use/open-data;;0.9963875205254515;;;KU316160.1;;;RSVA/Homo sapiens/USA/86E-018-01/1986;0;0
PP_001DJS4.2;A.2;1993;USA;Rochester, NY;"Das, S. R.; Halpin, R. A.; Puri, V.; Akopov, A.; Fedorova, N.; Stockwell, T.; Amedeo, P.; Bishop, B.; Katzel, D.; Schobel, S.; Shrivastava, S.; Hall, C. B.; Tesini, B. L.; Schnabel, K. C.; Walsh, E. E.; Caserta, M.";J. Craig Venter Institute;Homo sapiens;15116;2016-01-30;PP_001DJS4;KU316161.1;Automated Ingest from INSDC/NCBI Virus by Loculus;OPEN;https://pathoplexus.org/about/terms-of-use/open-data;;0.9965845648604269;;;KU316161.1;;;RSVA/Homo sapiens/USA/93I-134A-01-01/1993;0;0
PP_001DJT2.2;A.1;1988;USA;Rochester, NY;"Das, S. R.; Halpin, R. A.; Puri, V.; Akopov, A.; Fedorova, N.; Stockwell, T.; Amedeo, P.; Bishop, B.; Katzel, D.; Schobel, S.; Shrivastava, S.; Hall, C. B.; Tesini, B. L.; Schnabel, K. C.; Walsh, E. E.; Caserta, M.";J. Craig Venter Institute;Homo sapiens;15112;2016-01-30;PP_001DJT2;KU316162.1;Automated Ingest from INSDC/NCBI Virus by Loculus;OPEN;https://pathoplexus.org/about/terms-of-use/open-data;;0.9964532019704434;;;KU316162.1;;;RSVA/Homo sapiens/USA/88E-033-01/1988;0;0
PP_001DJU0.2;A.1;1995;USA;Rochester, NY;"Das, S. R.; Halpin, R. A.; Puri, V.; Akopov, A.; Fedorova, N.; Stockwell, T.; Amedeo, P.; Bishop, B.; Katzel, D.; Schobel, S.; Shrivastava, S.; Hall, C. B.; Tesini, B. L.; Schnabel, K. C.; Walsh, E. E.; Caserta, M.";J. Craig Venter Institute;Homo sapiens;15106;2016-01-30;PP_001DJU0;KU316164.1;Automated Ingest from INSDC/NCBI Virus by Loculus;OPEN;https://pathoplexus.org/about/terms-of-use/open-data;;0.9964532019704434;;;KU316164.1;;;RSVA/Homo sapiens/USA/95P-326-01/1995;0;0
PP_001DJVY.2;A.1;1987;USA;Rochester, NY;"Das, S. R.; Halpin, R. A.; Puri, V.; Akopov, A.; Fedorova, N.; Stockwell, T.; Amedeo, P.; Bishop, B.; Katzel, D.; Schobel, S.; Shrivastava, S.; Hall, C. B.; Tesini, B. L.; Schnabel, K. C.; Walsh, E. E.; Caserta, M.";J. Craig Venter Institute;Homo sapiens;15058;2016-01-30;PP_001DJVY;KU316165.1;Automated Ingest from INSDC/NCBI Virus by Loculus;OPEN;https://pathoplexus.org/about/terms-of-use/open-data;;0.992840722495895;;;KU316165.1;;;RSVA/Homo sapiens/USA/88I-141A-01-01/1987;0;0
PP_001DJWW.2;A.3;1977;USA;Rochester, NY;"Das, S. R.; Halpin, R. A.; Puri, V.; Akopov, A.; Fedorova, N.; Stockwell, T.; Amedeo, P.; Bishop, B.; Katzel, D.; Schobel, S.; Shrivastava, S.; Hall, C. B.; Tesini, B. L.; Schnabel, K. C.; Walsh, E. E.; Caserta, M.";J. Craig Venter Institute;Homo sapiens;15020;2016-01-30;PP_001DJWW;KU316166.1;Automated Ingest from INSDC/NCBI Virus by Loculus;OPEN;https://pathoplexus.org/about/terms-of-use/open-data;;0.9910016420361248;;;KU316166.1;;;RSVA/Homo sapiens/USA/81G-411-01/1977;0;0
PP_001DJXU.2;A.3;1985;USA;Rochester, NY;"Das, S. R.; Halpin, R. A.; Puri, V.; Akopov, A.; Fedorova, N.; Stockwell, T.; Amedeo, P.; Bishop, B.; Katzel, D.; Schobel, S.; Shrivastava, S.; Hall, C. B.; Tesini, B. L.; Schnabel, K. C.; Walsh, E. E.; Caserta, M.";J. Craig Venter Institute;Homo sapiens;15108;2016-01-30;PP_001DJXU;KU316167.1;Automated Ingest from INSDC/NCBI Virus by Loculus;OPEN;https://pathoplexus.org/about/terms-of-use/open-data;;0.9965845648604269;;;KU316167.1;;;RSVA/Homo sapiens/USA/85I-040A-01-01/1985;0;0
PP_001DJYS.2;A.1;1977;USA;Rochester, NY;"Das, S. R.; Halpin, R. A.; Puri, V.; Akopov, A.; Fedorova, N.; Stockwell, T.; Amedeo, P.; Bishop, B.; Katzel, D.; Schobel, S.; Shrivastava, S.; Hall, C. B.; Tesini, B. L.; Schnabel, K. C.; Walsh, E. E.; Caserta, M.";J. Craig Venter Institute;Homo sapiens;15111;2016-01-30;PP_001DJYS;KU316168.1;Automated Ingest from INSDC/NCBI Virus by Loculus;OPEN;https://pathoplexus.org/about/terms-of-use/open-data;;0.9963875205254515;;;KU316168.1;;;RSVA/Homo sapiens/USA/78I-026A-01-01/1977;0;0
PP_001DJZQ.2;A.1;1985;USA;Rochester, NY;"Das, S. R.; Halpin, R. A.; Puri, V.; Akopov, A.; Fedorova, N.; Stockwell, T.; Amedeo, P.; Bishop, B.; Katzel, D.; Schobel, S.; Shrivastava, S.; Hall, C. B.; Tesini, B. L.; Schnabel, K. C.; Walsh, E. E.; Caserta, M.";J. Craig Venter Institute;Homo sapiens;15113;2016-01-30;PP_001DJZQ;KU316169.1;Automated Ingest from INSDC/NCBI Virus by Loculus;OPEN;https://pathoplexus.org/about/terms-of-use/open-data;;0.9963875205254515;;;KU316169.1;;;RSVA/Homo sapiens/USA/86I-037A-01-01/1985;0;0
PP_001DK0N.2;A.2;1995;USA;Rochester, NY;"Das, S. R.; Halpin, R. A.; Puri, V.; Akopov, A.; Fedorova, N.; Stockwell, T.; Amedeo, P.; Bishop, B.; Katzel, D.; Schobel, S.; Shrivastava, S.; Hall, C. B.; Tesini, B. L.; Schnabel, K. C.; Walsh, E. E.; Caserta, M.";J. Craig Venter Institute;Homo sapiens;15111;2016-01-30;PP_001DK0N;KU316170.1;Automated Ingest from INSDC/NCBI Virus by Loculus;OPEN;https://pathoplexus.org/about/terms-of-use/open-data;;0.9965845648604269;;;KU316170.1;;;RSVA/Homo sapiens/USA/95I-103A-01-01/1995;0;0
PP_001DK1L.2;A.1;1977;USA;Rochester, NY;"Das, S. R.; Halpin, R. A.; Puri, V.; Akopov, A.; Fedorova, N.; Stockwell, T.; Amedeo, P.; Bishop, B.; Katzel, D.; Schobel, S.; Shrivastava, S.; Hall, C. B.; Tesini, B. L.; Schnabel, K. C.; Walsh, E. E.; Caserta, M.";J. Craig Venter Institute;Homo sapiens;15112;2016-01-30;PP_001DK1L;KU316171.1;Automated Ingest from INSDC/NCBI Virus by Loculus;OPEN;https://pathoplexus.org/about/terms-of-use/open-data;;0.9963875205254515;;;KU316171.1;;;RSVA/Homo sapiens/USA/78I-016A-01-01/1977;0;0
PP_001DK2J.2;A.1;1987;USA;Rochester, NY;"Das, S. R.; Halpin, R. A.; Puri, V.; Akopov, A.; Fedorova, N.; Stockwell, T.; Amedeo, P.; Bishop, B.; Katzel, D.; Schobel, S.; Shrivastava, S.; Hall, C. B.; Tesini, B. L.; Schnabel, K. C.; Walsh, E. E.; Caserta, M.";J. Craig Venter Institute;Homo sapiens;15112;2016-01-30;PP_001DK2J;KU316174.1;Automated Ingest from INSDC/NCBI Virus by Loculus;OPEN;https://pathoplexus.org/about/terms-of-use/open-data;;0.9964532019704434;;;KU316174.1;;;RSVA/Homo sapiens/USA/88I-095A-01-01/1987;0;0
PP_001DK3G.2;A.2;1990;USA;Rochester, NY;"Das, S. R.; Halpin, R. A.; Puri, V.; Akopov, A.; Fedorova, N.; Stockwell, T.; Amedeo, P.; Bishop, B.; Katzel, D.; Schobel, S.; Shrivastava, S.; Hall, C. B.; Tesini, B. L.; Schnabel, K. C.; Walsh, E. E.; Caserta, M.";J. Craig Venter Institute;Homo sapiens;15109;2016-01-30;PP_001DK3G;KU316176.1;Automated Ingest from INSDC/NCBI Virus by Loculus;OPEN;https://pathoplexus.org/about/terms-of-use/open-data;;0.9965845648604269;;;KU316176.1;;;RSVA/Homo sapiens/USA/90I-184A-01-01/1990;0;0
PP_001DK4E.2;A;1979;USA;Rochester, NY;"Das, S. R.; Halpin, R. A.; Puri, V.; Akopov, A.; Fedorova, N.; Stockwell, T.; Amedeo, P.; Bishop, B.; Katzel, D.; Schobel, S.; Shrivastava, S.; Hall, C. B.; Tesini, B. L.; Schnabel, K. C.; Walsh, E. E.; Caserta, M.";J. Craig Venter Institute;Homo sapiens;15108;2016-01-30;PP_001DK4E;KU316178.1;Automated Ingest from INSDC/NCBI Virus by Loculus;OPEN;https://pathoplexus.org/about/terms-of-use/open-data;;0.9965188834154352;;;KU316178.1;;;RSVA/Homo sapiens/USA/79E-191-01/1979;0;0
PP_001DK5C.2;A.2.1;1998;USA;Rochester, NY;"Das, S. R.; Halpin, R. A.; Puri, V.; Akopov, A.; Fedorova, N.; Stockwell, T.; Amedeo, P.; Bishop, B.; Katzel, D.; Schobel, S.; Shrivastava, S.; Hall, C. B.; Tesini, B. L.; Schnabel, K. C.; Walsh, E. E.; Caserta, M.";J. Craig Venter Institute;Homo sapiens;15144;2016-01-30;PP_001DK5C;KU316180.1;Automated Ingest from INSDC/NCBI Virus by Loculus;OPEN;https://pathoplexus.org/about/terms-of-use/open-data;;0.9982922824302135;;;KU316180.1;;;RSVA/Homo sapiens/USA/98E-415-01/1998;0;0
PP_001DQUU.2;A.D;2013-11-11;USA;Tennessee;"Das, S. R.; Halpin, R. A.; Shilts, M.; Puri, V.; Akopov, A.; Fedorova, N.; Stockwell, T.; Amedeo, P.; Bishop, B.; Katzel, D.; Schobel, S.; Shrivastava, S.; Wentworth, D. E.; Hartert, T.";J. Craig Venter Institute;Homo sapiens;15172;2016-03-09;PP_001DQUU;KU839624.1;Automated Ingest from INSDC/NCBI Virus by Loculus;OPEN;https://pathoplexus.org/about/terms-of-use/open-data;;0.9965845648604269;;;KU839624.1;;;RSVA/Homo sapiens/USA/TH-27/2013;0;0
PP_001DQYL.2;A.D;2014-02-03;USA;Tennessee;"Das, S. R.; Halpin, R. A.; Shilts, M.; Puri, V.; Akopov, A.; Fedorova, N.; Stockwell, T.; Amedeo, P.; Bishop, B.; Katzel, D.; Schobel, S.; Shrivastava, S.; Wentworth, D. E.; Hartert, T.";J. Craig Venter Institute;Homo sapiens;15173;2016-03-09;PP_001DQYL;KU839637.1;Automated Ingest from INSDC/NCBI Virus by Loculus;OPEN;https://pathoplexus.org/about/terms-of-use/open-data;;0.9965845648604269;;;KU839637.1;;;RSVA/Homo sapiens/USA/TH-24/2014;0;0
PP_001DRVR.2;A.D;2014-02-19;USA;;"Das, S. R.; Halpin, R. A.; Shilts, M.; Puri, V.; Akopov, A.; Fedorova, N.; Stockwell, T.; Amedeo, P.; Bishop, B.; Katzel, D.; Schobel, S.; Shrivastava, S.; Hartert, T.";J. Craig Venter Institute;Homo sapiens;15232;2016-04-06;PP_001DRVR;KU950464.1;Automated Ingest from INSDC/NCBI Virus by Loculus;OPEN;https://pathoplexus.org/about/terms-of-use/open-data;;1.0;;;KU950464.1;;;RSVA/Homo sapiens/USA/TH_10654/2014;0;0
PP_001DS63.2;A.D;2012-12-27;USA;;"Das, S. R.; Halpin, R. A.; Shilts, M.; Puri, V.; Akopov, A.; Fedorova, N.; Stockwell, T.; Amedeo, P.; Bishop, B.; Katzel, D.; Schobel, S.; Shrivastava, S.; Hartert, T.";J. Craig Venter Institute;Homo sapiens;15231;2016-04-06;PP_001DS63;KU950485.1;Automated Ingest from INSDC/NCBI Virus by Loculus;OPEN;https://pathoplexus.org/about/terms-of-use/open-data;;1.0;;;KU950485.1;;;RSVA/Homo sapiens/USA/TH_10210/2012;0;0
PP_001DSFK.2;A.D;2012-09-24;USA;;"Das, S. R.; Halpin, R. A.; Shilts, M.; Puri, V.; Akopov, A.; Fedorova, N.; Stockwell, T.; Amedeo, P.; Bishop, B.; Katzel, D.; Schobel, S.; Shrivastava, S.; Hartert, T.";J. Craig Venter Institute;Homo sapiens;15219;2016-04-06;PP_001DSFK;KU950502.1;Automated Ingest from INSDC/NCBI Virus by Loculus;OPEN;https://pathoplexus.org/about/terms-of-use/open-data;;0.9996059113300493;;;KU950502.1;;;RSVA/Homo sapiens/USA/TH_10155/2012;0;0
PP_001DSGH.2;A.D;2013-11-07;USA;;"Das, S. R.; Halpin, R. A.; Shilts, M.; Puri, V.; Akopov, A.; Fedorova, N.; Stockwell, T.; Amedeo, P.; Bishop, B.; Katzel, D.; Schobel, S.; Shrivastava, S.; Hartert, T.";J. Craig Venter Institute;Homo sapiens;15233;2016-04-06;PP_001DSGH;KU950505.1;Automated Ingest from INSDC/NCBI Virus by Loculus;OPEN;https://pathoplexus.org/about/terms-of-use/open-data;;1.0;;;KU950505.1;;;RSVA/Homo sapiens/USA/TH_10651/2013;0;0
PP_001DSKA.2;A.D;2012-12-11;USA;;"Das, S. R.; Halpin, R. A.; Shilts, M.; Puri, V.; Akopov, A.; Fedorova, N.; Stockwell, T.; Amedeo, P.; Bishop, B.; Katzel, D.; Schobel, S.; Shrivastava, S.; Hartert, T.";J. Craig Venter Institute;Homo sapiens;15237;2016-04-06;PP_001DSKA;KU950509.1;Automated Ingest from INSDC/NCBI Virus by Loculus;OPEN;https://pathoplexus.org/about/terms-of-use/open-data;;1.0;;;KU950509.1;;;RSVA/Homo sapiens/USA/TH_10221/2012;0;0
PP_001DSM6.2;A.D;2012-11-09;USA;;"Das, S. R.; Halpin, R. A.; Shilts, M.; Puri, V.; Akopov, A.; Fedorova, N.; Stockwell, T.; Amedeo, P.; Bishop, B.; Katzel, D.; Schobel, S.; Shrivastava, S.; Hartert, T.";J. Craig Venter Institute;Homo sapiens;15058;2016-04-06;PP_001DSM6;KU950513.1;Automated Ingest from INSDC/NCBI Virus by Loculus;OPEN;https://pathoplexus.org/about/terms-of-use/open-data;;0.9887027914614122;;;KU950513.1;;;RSVA/Homo sapiens/USA/TH_10173/2012;0;0
PP_001DSN4.2;A.D;2013-10-09;USA;;"Das, S. R.; Halpin, R. A.; Shilts, M.; Puri, V.; Akopov, A.; Fedorova, N.; Stockwell, T.; Amedeo, P.; Bishop, B.; Katzel, D.; Schobel, S.; Shrivastava, S.; Hartert, T.";J. Craig Venter Institute;Homo sapiens;15231;2016-04-06;PP_001DSN4;KU950518.1;Automated Ingest from INSDC/NCBI Virus by Loculus;OPEN;https://pathoplexus.org/about/terms-of-use/open-data;;1.0;;;KU950518.1;;;RSVA/Homo sapiens/USA/TH_10536/2013;0;0
PP_001DSTU.2;A.D.2.2;2014-03-26;USA;;"Das, S. R.; Halpin, R. A.; Shilts, M.; Puri, V.; Akopov, A.; Fedorova, N.; Stockwell, T.; Amedeo, P.; Bishop, B.; Katzel, D.; Schobel, S.; Shrivastava, S.; Hartert, T.";J. Craig Venter Institute;Homo sapiens;15226;2016-04-06;PP_001DSTU;KU950523.1;Automated Ingest from INSDC/NCBI Virus by Loculus;OPEN;https://pathoplexus.org/about/terms-of-use/open-data;;1.0;;;KU950523.1;;;RSVA/Homo sapiens/USA/TH_10656/2014;0;0
PP_001DSWN.2;A.3.1.1;2013-01-14;USA;;"Das, S. R.; Halpin, R. A.; Shilts, M.; Puri, V.; Akopov, A.; Fedorova, N.; Stockwell, T.; Amedeo, P.; Bishop, B.; Katzel, D.; Schobel, S.; Shrivastava, S.; Hartert, T.";J. Craig Venter Institute;Homo sapiens;15147;2016-04-06;PP_001DSWN;KU950528.1;Automated Ingest from INSDC/NCBI Virus by Loculus;OPEN;https://pathoplexus.org/about/terms-of-use/open-data;;0.9992775041050903;;;KU950528.1;;;RSVA/Homo sapiens/USA/TH_10217/2013;0;0
PP_001DSYJ.2;A.D;2013-08-19;USA;;"Das, S. R.; Halpin, R. A.; Shilts, M.; Puri, V.; Akopov, A.; Fedorova, N.; Stockwell, T.; Amedeo, P.; Bishop, B.; Katzel, D.; Schobel, S.; Shrivastava, S.; Hartert, T.";J. Craig Venter Institute;Homo sapiens;15220;2016-04-06;PP_001DSYJ;KU950531.1;Automated Ingest from INSDC/NCBI Virus by Loculus;OPEN;https://pathoplexus.org/about/terms-of-use/open-data;;0.999671592775041;;;KU950531.1;;;RSVA/Homo sapiens/USA/TH_10523/2013;0;0
PP_001DT0E.2;A.D;2014-01-08;USA;;"Das, S. R.; Halpin, R. A.; Shilts, M.; Puri, V.; Akopov, A.; Fedorova, N.; Stockwell, T.; Amedeo, P.; Bishop, B.; Katzel, D.; Schobel, S.; Shrivastava, S.; Hartert, T.";J. Craig Venter Institute;Homo sapiens;15231;2016-04-06;PP_001DT0E;KU950537.1;Automated Ingest from INSDC/NCBI Virus by Loculus;OPEN;https://pathoplexus.org/about/terms-of-use/open-data;;1.0;;;KU950537.1;;;RSVA/Homo sapiens/USA/TH_10505/2014;0;0
PP_001DT1C.2;A.3.1.1;2012-10-25;USA;;"Das, S. R.; Halpin, R. A.; Shilts, M.; Puri, V.; Akopov, A.; Fedorova, N.; Stockwell, T.; Amedeo, P.; Bishop, B.; Katzel, D.; Schobel, S.; Shrivastava, S.; Hartert, T.";J. Craig Venter Institute;Homo sapiens;15156;2016-04-06;PP_001DT1C;KU950538.1;Automated Ingest from INSDC/NCBI Virus by Loculus;OPEN;https://pathoplexus.org/about/terms-of-use/open-data;;1.0;;;KU950538.1;;;RSVA/Homo sapiens/USA/TH_10201/2012;0;0
PP_001DT9W.2;A.3.1.1;2012-11-02;USA;;"Das, S. R.; Halpin, R. A.; Shilts, M.; Puri, V.; Akopov, A.; Fedorova, N.; Stockwell, T.; Amedeo, P.; Bishop, B.; Katzel, D.; Schobel, S.; Shrivastava, S.; Hartert, T.";J. Craig Venter Institute;Homo sapiens;15100;2016-04-06;PP_001DT9W;KU950554.1;Automated Ingest from INSDC/NCBI Virus by Loculus;OPEN;https://pathoplexus.org/about/terms-of-use/open-data;;0.9965845648604269;;;KU950554.1;;;RSVA/Homo sapiens/USA/TH_10143/2012;0;0
PP_001DTAU.2;A.D;2012-12-04;USA;;"Das, S. R.; Halpin, R. A.; Shilts, M.; Puri, V.; Akopov, A.; Fedorova, N.; Stockwell, T.; Amedeo, P.; Bishop, B.; Katzel, D.; Schobel, S.; Shrivastava, S.; Hartert, T.";J. Craig Venter Institute;Homo sapiens;15166;2016-04-06;PP_001DTAU;KU950556.1;Automated Ingest from INSDC/NCBI Virus by Loculus;OPEN;https://pathoplexus.org/about/terms-of-use/open-data;;0.9955993431855501;;;KU950556.1;;;RSVA/Homo sapiens/USA/TH_10305/2012;0;0
PP_001DTDN.2;A.2.1.1;2006-01-05;USA;;"Das, S. R.; Halpin, R. A.; Shilts, M.; Puri, V.; Akopov, A.; Fedorova, N.; Stockwell, T.; Amedeo, P.; Bishop, B.; Katzel, D.; Schobel, S.; Shrivastava, S.; Hartert, T.";J. Craig Venter Institute;Homo sapiens;15153;2016-04-06;PP_001DTDN;KU950561.1;Automated Ingest from INSDC/NCBI Virus by Loculus;OPEN;https://pathoplexus.org/about/terms-of-use/open-data;;0.9996059113300493;;;KU950561.1;;;RSVB/Homo sapiens/USA/TH_10667/2006;0;0
PP_001DTFJ.2;A.2.1.1;2012-09-12;USA;;"Das, S. R.; Halpin, R. A.; Shilts, M.; Puri, V.; Akopov, A.; Fedorova, N.; Stockwell, T.; Amedeo, P.; Bishop, B.; Katzel, D.; Schobel, S.; Shrivastava, S.; Hartert, T.";J. Craig Venter Institute;Homo sapiens;15169;2016-04-06;PP_001DTFJ;KU950564.1;Automated Ingest from INSDC/NCBI Virus by Loculus;OPEN;https://pathoplexus.org/about/terms-of-use/open-data;;1.0;;;KU950564.1;;;RSVA/Homo sapiens/USA/TH_10234/2012;0;0
PP_001DTL7.2;A.3;2006-01-07;USA;;"Das, S. R.; Halpin, R. A.; Shilts, M.; Puri, V.; Akopov, A.; Fedorova, N.; Stockwell, T.; Amedeo, P.; Bishop, B.; Katzel, D.; Schobel, S.; Shrivastava, S.; Hartert, T.";J. Craig Venter Institute;Homo sapiens;14980;2016-04-06;PP_001DTL7;KU950573.1;Automated Ingest from INSDC/NCBI Virus by Loculus;OPEN;https://pathoplexus.org/about/terms-of-use/open-data;;0.9886371100164204;;;KU950573.1;;;RSVA/Homo sapiens/USA/TH_10681/2006;0;0
PP_001DTM5.2;A.3.1.1;2012-10-09;USA;;"Das, S. R.; Halpin, R. A.; Shilts, M.; Puri, V.; Akopov, A.; Fedorova, N.; Stockwell, T.; Amedeo, P.; Bishop, B.; Katzel, D.; Schobel, S.; Shrivastava, S.; Hartert, T.";J. Craig Venter Institute;Homo sapiens;15160;2016-04-06;PP_001DTM5;KU950579.1;Automated Ingest from INSDC/NCBI Virus by Loculus;OPEN;https://pathoplexus.org/about/terms-of-use/open-data;;1.0;;;KU950579.1;;;RSVA/Homo sapiens/USA/TH_10103/2012;0;0
PP_001DTP1.2;A.D.2.2;2013-07-12;USA;;"Das, S. R.; Halpin, R. A.; Shilts, M.; Puri, V.; Akopov, A.; Fedorova, N.; Stockwell, T.; Amedeo, P.; Bishop, B.; Katzel, D.; Schobel, S.; Shrivastava, S.; Hartert, T.";J. Craig Venter Institute;Homo sapiens;15221;2016-04-06;PP_001DTP1;KU950583.1;Automated Ingest from INSDC/NCBI Virus by Loculus;OPEN;https://pathoplexus.org/about/terms-of-use/open-data;;0.999671592775041;;;KU950583.1;;;RSVA/Homo sapiens/USA/TH_10507/2013;0;0
PP_001DTSV.2;A.D;2012-08-27;USA;;"Das, S. R.; Halpin, R. A.; Shilts, M.; Puri, V.; Akopov, A.; Fedorova, N.; Stockwell, T.; Amedeo, P.; Bishop, B.; Katzel, D.; Schobel, S.; Shrivastava, S.; Hartert, T.";J. Craig Venter Institute;Homo sapiens;15156;2016-04-06;PP_001DTSV;KU950592.1;Automated Ingest from INSDC/NCBI Virus by Loculus;OPEN;https://pathoplexus.org/about/terms-of-use/open-data;;0.9954679802955665;;;KU950592.1;;;RSVA/Homo sapiens/USA/TH_10138/2012;0;0
PP_001DTWM.2;A.D;2013-10-07;USA;;"Das, S. R.; Halpin, R. A.; Shilts, M.; Puri, V.; Akopov, A.; Fedorova, N.; Stockwell, T.; Amedeo, P.; Bishop, B.; Katzel, D.; Schobel, S.; Shrivastava, S.; Hartert, T.";J. Craig Venter Institute;Homo sapiens;15223;2016-04-06;PP_001DTWM;KU950598.1;Automated Ingest from INSDC/NCBI Virus by Loculus;OPEN;https://pathoplexus.org/about/terms-of-use/open-data;;0.9992118226600986;;;KU950598.1;;;RSVA/Homo sapiens/USA/TH_10618/2013;0;0
PP_001DU37.2;A.D;2012-12-19;USA;;"Das, S. R.; Halpin, R. A.; Shilts, M.; Puri, V.; Akopov, A.; Fedorova, N.; Stockwell, T.; Amedeo, P.; Bishop, B.; Katzel, D.; Schobel, S.; Shrivastava, S.; Hartert, T.";J. Craig Venter Institute;Homo sapiens;15216;2016-04-06;PP_001DU37;KU950617.1;Automated Ingest from INSDC/NCBI Virus by Loculus;OPEN;https://pathoplexus.org/about/terms-of-use/open-data;;0.9992775041050903;;;KU950617.1;;;RSVA/Homo sapiens/USA/TH_10229/2012;0;0
PP_001DU53.2;A.D;2013-08-14;USA;;"Das, S. R.; Halpin, R. A.; Shilts, M.; Puri, V.; Akopov, A.; Fedorova, N.; Stockwell, T.; Amedeo, P.; Bishop, B.; Katzel, D.; Schobel, S.; Shrivastava, S.; Hartert, T.";J. Craig Venter Institute;Homo sapiens;15232;2016-04-06;PP_001DU53;KU950623.1;Automated Ingest from INSDC/NCBI Virus by Loculus;OPEN;https://pathoplexus.org/about/terms-of-use/open-data;;1.0;;;KU950623.1;;;RSVA/Homo sapiens/USA/TH_10606/2013;0;0
PP_001DU9V.2;A.D;2013-10-02;USA;;"Das, S. R.; Halpin, R. A.; Shilts, M.; Puri, V.; Akopov, A.; Fedorova, N.; Stockwell, T.; Amedeo, P.; Bishop, B.; Katzel, D.; Schobel, S.; Shrivastava, S.; Hartert, T.";J. Craig Venter Institute;Homo sapiens;15221;2016-04-06;PP_001DU9V;KU950628.1;Automated Ingest from INSDC/NCBI Virus by Loculus;OPEN;https://pathoplexus.org/about/terms-of-use/open-data;;0.9998029556650246;;;KU950628.1;;;RSVA/Homo sapiens/USA/TH_10364/2013;0;0
PP_001DUAT.2;A.D;2013-07-11;USA;;"Das, S. R.; Halpin, R. A.; Shilts, M.; Puri, V.; Akopov, A.; Fedorova, N.; Stockwell, T.; Amedeo, P.; Bishop, B.; Katzel, D.; Schobel, S.; Shrivastava, S.; Hartert, T.";J. Craig Venter Institute;Homo sapiens;15155;2016-04-06;PP_001DUAT;KU950629.1;Automated Ingest from INSDC/NCBI Virus by Loculus;OPEN;https://pathoplexus.org/about/terms-of-use/open-data;;1.0;;;KU950629.1;;;RSVA/Homo sapiens/USA/TH_10500/2013;0;0
PP_001DUDM.2;A.3.1.1;2012-09-17;USA;;"Das, S. R.; Halpin, R. A.; Shilts, M.; Puri, V.; Akopov, A.; Fedorova, N.; Stockwell, T.; Amedeo, P.; Bishop, B.; Katzel, D.; Schobel, S.; Shrivastava, S.; Hartert, T.";J. Craig Venter Institute;Homo sapiens;15053;2016-04-06;PP_001DUDM;KU950634.1;Automated Ingest from INSDC/NCBI Virus by Loculus;OPEN;https://pathoplexus.org/about/terms-of-use/open-data;;0.993103448275862;;;KU950634.1;;;RSVA/Homo sapiens/USA/TH_10291/2012;0;0
PP_001DUEK.2;A.D;2012-11-01;USA;;"Das, S. R.; Halpin, R. A.; Shilts, M.; Puri, V.; Akopov, A.; Fedorova, N.; Stockwell, T.; Amedeo, P.; Bishop, B.; Katzel, D.; Schobel, S.; Shrivastava, S.; Hartert, T.";J. Craig Venter Institute;Homo sapiens;15231;2016-04-06;PP_001DUEK;KU950636.1;Automated Ingest from INSDC/NCBI Virus by Loculus;OPEN;https://pathoplexus.org/about/terms-of-use/open-data;;1.0;;;KU950636.1;;;RSVA/Homo sapiens/USA/TH_10358/2012;0;0
PP_001DUN2.2;A.3.1.1;2012-11-21;USA;;"Das, S. R.; Halpin, R. A.; Shilts, M.; Puri, V.; Akopov, A.; Fedorova, N.; Stockwell, T.; Amedeo, P.; Bishop, B.; Katzel, D.; Schobel, S.; Shrivastava, S.; Hartert, T.";J. Craig Venter Institute;Homo sapiens;15160;2016-04-06;PP_001DUN2;KU950646.1;Automated Ingest from INSDC/NCBI Virus by Loculus;OPEN;https://pathoplexus.org/about/terms-of-use/open-data;;1.0;;;KU950646.1;;;RSVA/Homo sapiens/USA/TH_10080/2012;0;0
PP_001DUTS.2;A.D;2012-12-06;USA;;"Das, S. R.; Halpin, R. A.; Shilts, M.; Puri, V.; Akopov, A.; Fedorova, N.; Stockwell, T.; Amedeo, P.; Bishop, B.; Katzel, D.; Schobel, S.; Shrivastava, S.; Hartert, T.";J. Craig Venter Institute;Homo sapiens;15220;2016-04-06;PP_001DUTS;KU950653.1;Automated Ingest from INSDC/NCBI Virus by Loculus;OPEN;https://pathoplexus.org/about/terms-of-use/open-data;;0.9997372742200329;;;KU950653.1;;;RSVA/Homo sapiens/USA/TH_10204/2012;0;0
PP_001DUYG.2;A.3.1.1;2012-12-26;USA;;"Das, S. R.; Halpin, R. A.; Shilts, M.; Puri, V.; Akopov, A.; Fedorova, N.; Stockwell, T.; Amedeo, P.; Bishop, B.; Katzel, D.; Schobel, S.; Shrivastava, S.; Hartert, T.";J. Craig Venter Institute;Homo sapiens;15162;2016-04-06;PP_001DUYG;KU950661.1;Automated Ingest from INSDC/NCBI Virus by Loculus;OPEN;https://pathoplexus.org/about/terms-of-use/open-data;;1.0;;;KU950661.1;;;RSVA/Homo sapiens/USA/TH_10183/2012;0;0
PP_001DUZE.2;A.D;2012-10-29;USA;;"Das, S. R.; Halpin, R. A.; Shilts, M.; Puri, V.; Akopov, A.; Fedorova, N.; Stockwell, T.; Amedeo, P.; Bishop, B.; Katzel, D.; Schobel, S.; Shrivastava, S.; Hartert, T.";J. Craig Venter Institute;Homo sapiens;15228;2016-04-06;PP_001DUZE;KU950664.1;Automated Ingest from INSDC/NCBI Virus by Loculus;OPEN;https://pathoplexus.org/about/terms-of-use/open-data;;1.0;;;KU950664.1;;;RSVA/Homo sapiens/USA/TH_10110/2012;0;0
PP_001DV36.2;A.D;2012-11-08;USA;;"Das, S. R.; Halpin, R. A.; Shilts, M.; Puri, V.; Akopov, A.; Fedorova, N.; Stockwell, T.; Amedeo, P.; Bishop, B.; Katzel, D.; Schobel, S.; Shrivastava, S.; Hartert, T.";J. Craig Venter Institute;Homo sapiens;15212;2016-04-06;PP_001DV36;KU950671.1;Automated Ingest from INSDC/NCBI Virus by Loculus;OPEN;https://pathoplexus.org/about/terms-of-use/open-data;;0.9988177339901478;;;KU950671.1;;;RSVA/Homo sapiens/USA/TH_10344/2012;0;0
PP_001DV44.2;A.D;2012-09-12;USA;;"Das, S. R.; Halpin, R. A.; Shilts, M.; Puri, V.; Akopov, A.; Fedorova, N.; Stockwell, T.; Amedeo, P.; Bishop, B.; Katzel, D.; Schobel, S.; Shrivastava, S.; Hartert, T.";J. Craig Venter Institute;Homo sapiens;15220;2016-04-06;PP_001DV44;KU950673.1;Automated Ingest from INSDC/NCBI Virus by Loculus;OPEN;https://pathoplexus.org/about/terms-of-use/open-data;;0.9991461412151067;;;KU950673.1;;;RSVA/Homo sapiens/USA/TH_10236/2012;0;0
PP_001DV60.2;A.D;2012-09-11;USA;;"Das, S. R.; Halpin, R. A.; Shilts, M.; Puri, V.; Akopov, A.; Fedorova, N.; Stockwell, T.; Amedeo, P.; Bishop, B.; Katzel, D.; Schobel, S.; Shrivastava, S.; Hartert, T.";J. Craig Venter Institute;Homo sapiens;15233;2016-04-06;PP_001DV60;KU950677.1;Automated Ingest from INSDC/NCBI Virus by Loculus;OPEN;https://pathoplexus.org/about/terms-of-use/open-data;;1.0;;;KU950677.1;;;RSVA/Homo sapiens/USA/TH_10148/2012;0;0
PP_001DV9U.2;A.D.2.2;2013-09-27;USA;;"Das, S. R.; Halpin, R. A.; Shilts, M.; Puri, V.; Akopov, A.; Fedorova, N.; Stockwell, T.; Amedeo, P.; Bishop, B.; Katzel, D.; Schobel, S.; Shrivastava, S.; Hartert, T.";J. Craig Venter Institute;Homo sapiens;15230;2016-04-06;PP_001DV9U;KU950685.1;Automated Ingest from INSDC/NCBI Virus by Loculus;OPEN;https://pathoplexus.org/about/terms-of-use/open-data;;1.0;;;KU950685.1;;;RSVA/Homo sapiens/USA/TH_10509/2013;0;0
PP_001DVAS.2;A.D;2014-01-10;USA;;"Das, S. R.; Halpin, R. A.; Shilts, M.; Puri, V.; Akopov, A.; Fedorova, N.; Stockwell, T.; Amedeo, P.; Bishop, B.; Katzel, D.; Schobel, S.; Shrivastava, S.; Hartert, T.";J. Craig Venter Institute;Homo sapiens;15231;2016-04-06;PP_001DVAS;KU950686.1;Automated Ingest from INSDC/NCBI Virus by Loculus;OPEN;https://pathoplexus.org/about/terms-of-use/open-data;;1.0;;;KU950686.1;;;RSVA/Homo sapiens/USA/TH_10506/2014;0;0
PP_001DVCN.2;A.D;2012-10-22;USA;;"Das, S. R.; Halpin, R. A.; Shilts, M.; Puri, V.; Akopov, A.; Fedorova, N.; Stockwell, T.; Amedeo, P.; Bishop, B.; Katzel, D.; Schobel, S.; Shrivastava, S.; Hartert, T.";J. Craig Venter Institute;Homo sapiens;15221;2016-04-06;PP_001DVCN;KU950694.1;Automated Ingest from INSDC/NCBI Virus by Loculus;OPEN;https://pathoplexus.org/about/terms-of-use/open-data;;0.9998029556650246;;;KU950694.1;;;RSVA/Homo sapiens/USA/TH_10233/2012;0;0
PP_001ERRX.1;A.3.1;2010-04-30;Kenya;;"Agoti, C. N.; Munywoki, P. K.; Phan, M. V. T.; Otieno, J. R.; Kamau, E.; Bett, A.; Githinji, G.; Medley, G. F.; Cane, P. A.; Kellam, P.; Cotten, M. L.; Nokes, D. J.";KEMRI - Wellcome Trust Research Collaborative Programme, Epidemiology and Demography Department;Homo sapiens;14702;2016-08-22;PP_001ERRX;KX510154.1;Automated Ingest from INSDC/NCBI Virus by Loculus;OPEN;https://pathoplexus.org/about/terms-of-use/open-data;;0.9703776683087028;;;KX510154.1;;;Kilifi_11863_5_RSVA_2010;0;0
PP_001ERVP.1;A.3.1;2010-03-03;Kenya;;"Agoti, C. N.; Munywoki, P. K.; Phan, M. V. T.; Otieno, J. R.; Kamau, E.; Bett, A.; Githinji, G.; Medley, G. F.; Cane, P. A.; Kellam, P.; Cotten, M. L.; Nokes, D. J.";KEMRI - Wellcome Trust Research Collaborative Programme, Epidemiology and Demography Department;Homo sapiens;14703;2016-08-22;PP_001ERVP;KX510158.1;Automated Ingest from INSDC/NCBI Virus by Loculus;OPEN;https://pathoplexus.org/about/terms-of-use/open-data;;0.9703776683087028;;;KX510158.1;;;Kilifi_10010_56_RSVA_2010;0;0
PP_001ERZF.1;A.3.1;2010-03-11;Kenya;;"Agoti, C. N.; Munywoki, P. K.; Phan, M. V. T.; Otieno, J. R.; Kamau, E.; Bett, A.; Githinji, G.; Medley, G. F.; Cane, P. A.; Kellam, P.; Cotten, M. L.; Nokes, D. J.";KEMRI - Wellcome Trust Research Collaborative Programme, Epidemiology and Demography Department;Homo sapiens;14707;2016-08-22;PP_001ERZF;KX510162.1;Automated Ingest from INSDC/NCBI Virus by Loculus;OPEN;https://pathoplexus.org/about/terms-of-use/open-data;;0.97064039408867;;;KX510162.1;;;Kilifi_10590_37_RSVA_2010;0;0
PP_001ES1B.1;A.3.1;2010-03-26;Kenya;;"Agoti, C. N.; Munywoki, P. K.; Phan, M. V. T.; Otieno, J. R.; Kamau, E.; Bett, A.; Githinji, G.; Medley, G. F.; Cane, P. A.; Kellam, P.; Cotten, M. L.; Nokes, D. J.";KEMRI - Wellcome Trust Research Collaborative Programme, Epidemiology and Demography Department;Homo sapiens;14702;2016-08-22;PP_001ES1B;KX510164.1;Automated Ingest from INSDC/NCBI Virus by Loculus;OPEN;https://pathoplexus.org/about/terms-of-use/open-data;;0.9703776683087028;;;KX510164.1;;;Kilifi_10025_17_RSVA_2010;0;0
PP_001ES37.1;A.3.1;2010-03-27;Kenya;;"Agoti, C. N.; Munywoki, P. K.; Phan, M. V. T.; Otieno, J. R.; Kamau, E.; Bett, A.; Githinji, G.; Medley, G. F.; Cane, P. A.; Kellam, P.; Cotten, M. L.; Nokes, D. J.";KEMRI - Wellcome Trust Research Collaborative Programme, Epidemiology and Demography Department;Homo sapiens;14703;2016-08-22;PP_001ES37;KX510166.1;Automated Ingest from INSDC/NCBI Virus by Loculus;OPEN;https://pathoplexus.org/about/terms-of-use/open-data;;0.9703776683087028;;;KX510166.1;;;Kilifi_10002_69_RSVA_2010;0;0
PP_001ESAT.1;A.3.1;2010-04-29;Kenya;;"Agoti, C. N.; Munywoki, P. K.; Phan, M. V. T.; Otieno, J. R.; Kamau, E.; Bett, A.; Githinji, G.; Medley, G. F.; Cane, P. A.; Kellam, P.; Cotten, M. L.; Nokes, D. J.";KEMRI - Wellcome Trust Research Collaborative Programme, Epidemiology and Demography Department;Homo sapiens;14707;2016-08-22;PP_001ESAT;KX510173.1;Automated Ingest from INSDC/NCBI Virus by Loculus;OPEN;https://pathoplexus.org/about/terms-of-use/open-data;;0.9689983579638752;;;KX510173.1;;;Kilifi_11862_36_RSVA_2010;0;25
PP_001ESL6.1;A.3.1;2010-04-26;Kenya;;"Agoti, C. N.; Munywoki, P. K.; Phan, M. V. T.; Otieno, J. R.; Kamau, E.; Bett, A.; Githinji, G.; Medley, G. F.; Cane, P. A.; Kellam, P.; Cotten, M. L.; Nokes, D. J.";KEMRI - Wellcome Trust Research Collaborative Programme, Epidemiology and Demography Department;Homo sapiens;14707;2016-08-22;PP_001ESL6;KX510183.1;Automated Ingest from INSDC/NCBI Virus by Loculus;OPEN;https://pathoplexus.org/about/terms-of-use/open-data;;0.97064039408867;;;KX510183.1;;;Kilifi_11862_24_RSVA_2010;0;0
PP_001ESP0.1;A.3.1;2010-04-23;Kenya;;"Agoti, C. N.; Munywoki, P. K.; Phan, M. V. T.; Otieno, J. R.; Kamau, E.; Bett, A.; Githinji, G.; Medley, G. F.; Cane, P. A.; Kellam, P.; Cotten, M. L.; Nokes, D. J.";KEMRI - Wellcome Trust Research Collaborative Programme, Epidemiology and Demography Department;Homo sapiens;14707;2016-08-22;PP_001ESP0;KX510186.1;Automated Ingest from INSDC/NCBI Virus by Loculus;OPEN;https://pathoplexus.org/about/terms-of-use/open-data;;0.97064039408867;;;KX510186.1;;;Kilifi_11862_20_RSVA_2010;0;0
PP_001ESRW.1;A.3.1;2010-04-05;Kenya;;"Agoti, C. N.; Munywoki, P. K.; Phan, M. V. T.; Otieno, J. R.; Kamau, E.; Bett, A.; Githinji, G.; Medley, G. F.; Cane, P. A.; Kellam, P.; Cotten, M. L.; Nokes, D. J.";KEMRI - Wellcome Trust Research Collaborative Programme, Epidemiology and Demography Department;Homo sapiens;14702;2016-08-22;PP_001ESRW;KX510188.1;Automated Ingest from INSDC/NCBI Virus by Loculus;OPEN;https://pathoplexus.org/about/terms-of-use/open-data;;0.9703776683087028;;;KX510188.1;;;Kilifi_10025_28_RSVA_2010;0;0
PP_001ESSU.1;A.3.1;2010-03-01;Kenya;;"Agoti, C. N.; Munywoki, P. K.; Phan, M. V. T.; Otieno, J. R.; Kamau, E.; Bett, A.; Githinji, G.; Medley, G. F.; Cane, P. A.; Kellam, P.; Cotten, M. L.; Nokes, D. J.";KEMRI - Wellcome Trust Research Collaborative Programme, Epidemiology and Demography Department;Homo sapiens;14701;2016-08-22;PP_001ESSU;KX510189.1;Automated Ingest from INSDC/NCBI Virus by Loculus;OPEN;https://pathoplexus.org/about/terms-of-use/open-data;;0.9704433497536946;;;KX510189.1;;;Kilifi_9466_21_RSVA_2010;0;0
PP_001ESTS.1;A.3.1;2010-04-29;Kenya;;"Agoti, C. N.; Munywoki, P. K.; Phan, M. V. T.; Otieno, J. R.; Kamau, E.; Bett, A.; Githinji, G.; Medley, G. F.; Cane, P. A.; Kellam, P.; Cotten, M. L.; Nokes, D. J.";KEMRI - Wellcome Trust Research Collaborative Programme, Epidemiology and Demography Department;Homo sapiens;14707;2016-08-22;PP_001ESTS;KX510190.1;Automated Ingest from INSDC/NCBI Virus by Loculus;OPEN;https://pathoplexus.org/about/terms-of-use/open-data;;0.97064039408867;;;KX510190.1;;;Kilifi_9698_26_RSVA_2010;0;0
PP_001ESUQ.1;A.3.1;2010-03-09;Kenya;;"Agoti, C. N.; Munywoki, P. K.; Phan, M. V. T.; Otieno, J. R.; Kamau, E.; Bett, A.; Githinji, G.; Medley, G. F.; Cane, P. A.; Kellam, P.; Cotten, M. L.; Nokes, D. J.";KEMRI - Wellcome Trust Research Collaborative Programme, Epidemiology and Demography Department;Homo sapiens;14707;2016-08-22;PP_001ESUQ;KX510191.1;Automated Ingest from INSDC/NCBI Virus by Loculus;OPEN;https://pathoplexus.org/about/terms-of-use/open-data;;0.97064039408867;;;KX510191.1;;;Kilifi_11863_10_RSVA_2010;0;0
PP_001ESZE.1;A.3.1;2010-04-26;Kenya;;"Agoti, C. N.; Munywoki, P. K.; Phan, M. V. T.; Otieno, J. R.; Kamau, E.; Bett, A.; Githinji, G.; Medley, G. F.; Cane, P. A.; Kellam, P.; Cotten, M. L.; Nokes, D. J.";KEMRI - Wellcome Trust Research Collaborative Programme, Epidemiology and Demography Department;Homo sapiens;14707;2016-08-22;PP_001ESZE;KX510196.1;Automated Ingest from INSDC/NCBI Virus by Loculus;OPEN;https://pathoplexus.org/about/terms-of-use/open-data;;0.97064039408867;;;KX510196.1;;;Kilifi_9698_22_RSVA_2010;0;0
PP_001ET52.1;A.3.1;2010-03-08;Kenya;;"Agoti, C. N.; Munywoki, P. K.; Phan, M. V. T.; Otieno, J. R.; Kamau, E.; Bett, A.; Githinji, G.; Medley, G. F.; Cane, P. A.; Kellam, P.; Cotten, M. L.; Nokes, D. J.";KEMRI - Wellcome Trust Research Collaborative Programme, Epidemiology and Demography Department;Homo sapiens;14701;2016-08-22;PP_001ET52;KX510202.1;Automated Ingest from INSDC/NCBI Virus by Loculus;OPEN;https://pathoplexus.org/about/terms-of-use/open-data;;0.9704433497536946;;;KX510202.1;;;Kilifi_9466_22_RSVA_2010;0;0
PP_001ET8W.1;A.3.1;2010-03-07;Kenya;;"Agoti, C. N.; Munywoki, P. K.; Phan, M. V. T.; Otieno, J. R.; Kamau, E.; Bett, A.; Githinji, G.; Medley, G. F.; Cane, P. A.; Kellam, P.; Cotten, M. L.; Nokes, D. J.";KEMRI - Wellcome Trust Research Collaborative Programme, Epidemiology and Demography Department;Homo sapiens;14707;2016-08-22;PP_001ET8W;KX510205.1;Automated Ingest from INSDC/NCBI Virus by Loculus;OPEN;https://pathoplexus.org/about/terms-of-use/open-data;;0.9705747126436781;;;KX510205.1;;;Kilifi_10028_1_RSVA_2010;0;0
PP_001ET9U.1;A.3.1;2010-03-03;Kenya;;"Agoti, C. N.; Munywoki, P. K.; Phan, M. V. T.; Otieno, J. R.; Kamau, E.; Bett, A.; Githinji, G.; Medley, G. F.; Cane, P. A.; Kellam, P.; Cotten, M. L.; Nokes, D. J.";KEMRI - Wellcome Trust Research Collaborative Programme, Epidemiology and Demography Department;Homo sapiens;14703;2016-08-22;PP_001ET9U;KX510206.1;Automated Ingest from INSDC/NCBI Virus by Loculus;OPEN;https://pathoplexus.org/about/terms-of-use/open-data;;0.9691954022988506;;;KX510206.1;;;Kilifi_10010_60_RSVA_2010;0;18
PP_001ETJ9.1;A.3.1;2010-02-22;Kenya;;"Agoti, C. N.; Munywoki, P. K.; Phan, M. V. T.; Otieno, J. R.; Kamau, E.; Bett, A.; Githinji, G.; Medley, G. F.; Cane, P. A.; Kellam, P.; Cotten, M. L.; Nokes, D. J.";KEMRI - Wellcome Trust Research Collaborative Programme, Epidemiology and Demography Department;Homo sapiens;14701;2016-08-22;PP_001ETJ9;KX510215.1;Automated Ingest from INSDC/NCBI Virus by Loculus;OPEN;https://pathoplexus.org/about/terms-of-use/open-data;;0.9704433497536946;;;KX510215.1;;;Kilifi_9466_17_RSVA_2010;0;0
PP_001ETPZ.1;A.3.1;2010-03-11;Kenya;;"Agoti, C. N.; Munywoki, P. K.; Phan, M. V. T.; Otieno, J. R.; Kamau, E.; Bett, A.; Githinji, G.; Medley, G. F.; Cane, P. A.; Kellam, P.; Cotten, M. L.; Nokes, D. J.";KEMRI - Wellcome Trust Research Collaborative Programme, Epidemiology and Demography Department;Homo sapiens;14701;2016-08-22;PP_001ETPZ;KX510220.1;Automated Ingest from INSDC/NCBI Virus by Loculus;OPEN;https://pathoplexus.org/about/terms-of-use/open-data;;0.9704433497536946;;;KX510220.1;;;Kilifi_9466_23_RSVA_2010;0;0
PP_001ETRV.1;A.3.1;2010-04-29;Kenya;;"Agoti, C. N.; Munywoki, P. K.; Phan, M. V. T.; Otieno, J. R.; Kamau, E.; Bett, A.; Githinji, G.; Medley, G. F.; Cane, P. A.; Kellam, P.; Cotten, M. L.; Nokes, D. J.";KEMRI - Wellcome Trust Research Collaborative Programme, Epidemiology and Demography Department;Homo sapiens;14707;2016-08-22;PP_001ETRV;KX510222.1;Automated Ingest from INSDC/NCBI Virus by Loculus;OPEN;https://pathoplexus.org/about/terms-of-use/open-data;;0.97064039408867;;;KX510222.1;;;Kilifi_10589_25_RSVA_2010;0;0
PP_001ETUP.1;A.3.1;2010-03-15;Kenya;;"Agoti, C. N.; Munywoki, P. K.; Phan, M. V. T.; Otieno, J. R.; Kamau, E.; Bett, A.; Githinji, G.; Medley, G. F.; Cane, P. A.; Kellam, P.; Cotten, M. L.; Nokes, D. J.";KEMRI - Wellcome Trust Research Collaborative Programme, Epidemiology and Demography Department;Homo sapiens;14707;2016-08-22;PP_001ETUP;KX510225.1;Automated Ingest from INSDC/NCBI Virus by Loculus;OPEN;https://pathoplexus.org/about/terms-of-use/open-data;;0.97064039408867;;;KX510225.1;;;Kilifi_10899_34_RSVA_2010;0;0
PP_001ETVM.1;A.3.1;2010-04-09;Kenya;;"Agoti, C. N.; Munywoki, P. K.; Phan, M. V. T.; Otieno, J. R.; Kamau, E.; Bett, A.; Githinji, G.; Medley, G. F.; Cane, P. A.; Kellam, P.; Cotten, M. L.; Nokes, D. J.";KEMRI - Wellcome Trust Research Collaborative Programme, Epidemiology and Demography Department;Homo sapiens;14703;2016-08-22;PP_001ETVM;KX510226.1;Automated Ingest from INSDC/NCBI Virus by Loculus;OPEN;https://pathoplexus.org/about/terms-of-use/open-data;;0.9703776683087028;;;KX510226.1;;;Kilifi_10025_29_RSVA_2010;0;0
PP_001ETYF.1;A.3.1;2010-04-02;Kenya;;"Agoti, C. N.; Munywoki, P. K.; Phan, M. V. T.; Otieno, J. R.; Kamau, E.; Bett, A.; Githinji, G.; Medley, G. F.; Cane, P. A.; Kellam, P.; Cotten, M. L.; Nokes, D. J.";KEMRI - Wellcome Trust Research Collaborative Programme, Epidemiology and Demography Department;Homo sapiens;14702;2016-08-22;PP_001ETYF;KX510229.1;Automated Ingest from INSDC/NCBI Virus by Loculus;OPEN;https://pathoplexus.org/about/terms-of-use/open-data;;0.9703776683087028;;;KX510229.1;;;Kilifi_10025_25_RSVA_2010;0;0
PP_001EU0B.1;A.3.1;2010-03-10;Kenya;;"Agoti, C. N.; Munywoki, P. K.; Phan, M. V. T.; Otieno, J. R.; Kamau, E.; Bett, A.; Githinji, G.; Medley, G. F.; Cane, P. A.; Kellam, P.; Cotten, M. L.; Nokes, D. J.";KEMRI - Wellcome Trust Research Collaborative Programme, Epidemiology and Demography Department;Homo sapiens;14706;2016-08-22;PP_001EU0B;KX510231.1;Automated Ingest from INSDC/NCBI Virus by Loculus;OPEN;https://pathoplexus.org/about/terms-of-use/open-data;;0.9696551724137931;;;KX510231.1;;;Kilifi_10028_3_RSVA_2010;0;14
PP_001EU35.1;A.3.1;2010-04-05;Kenya;;"Agoti, C. N.; Munywoki, P. K.; Phan, M. V. T.; Otieno, J. R.; Kamau, E.; Bett, A.; Githinji, G.; Medley, G. F.; Cane, P. A.; Kellam, P.; Cotten, M. L.; Nokes, D. J.";KEMRI - Wellcome Trust Research Collaborative Programme, Epidemiology and Demography Department;Homo sapiens;14702;2016-08-22;PP_001EU35;KX510234.1;Automated Ingest from INSDC/NCBI Virus by Loculus;OPEN;https://pathoplexus.org/about/terms-of-use/open-data;;0.9703776683087028;;;KX510234.1;;;Kilifi_11866_64_RSVA_2010;0;0
PP_001EUBP.1;A.3.1;2010-04-26;Kenya;;"Agoti, C. N.; Munywoki, P. K.; Phan, M. V. T.; Otieno, J. R.; Kamau, E.; Bett, A.; Githinji, G.; Medley, G. F.; Cane, P. A.; Kellam, P.; Cotten, M. L.; Nokes, D. J.";KEMRI - Wellcome Trust Research Collaborative Programme, Epidemiology and Demography Department;Homo sapiens;14707;2016-08-22;PP_001EUBP;KX510242.1;Automated Ingest from INSDC/NCBI Virus by Loculus;OPEN;https://pathoplexus.org/about/terms-of-use/open-data;;0.97064039408867;;;KX510242.1;;;Kilifi_11862_23_RSVA_2010;0;0
PP_001EUGD.1;A.3.1;2010-04-07;Kenya;;"Agoti, C. N.; Munywoki, P. K.; Phan, M. V. T.; Otieno, J. R.; Kamau, E.; Bett, A.; Githinji, G.; Medley, G. F.; Cane, P. A.; Kellam, P.; Cotten, M. L.; Nokes, D. J.";KEMRI - Wellcome Trust Research Collaborative Programme, Epidemiology and Demography Department;Homo sapiens;14706;2016-08-22;PP_001EUGD;KX510247.1;Automated Ingest from INSDC/NCBI Virus by Loculus;OPEN;https://pathoplexus.org/about/terms-of-use/open-data;;0.9705747126436781;;;KX510247.1;;;Kilifi_10028_8_RSVA_2010;0;0
PP_001EUL4.1;A.3.1;2010-02-26;Kenya;;"Agoti, C. N.; Munywoki, P. K.; Phan, M. V. T.; Otieno, J. R.; Kamau, E.; Bett, A.; Githinji, G.; Medley, G. F.; Cane, P. A.; Kellam, P.; Cotten, M. L.; Nokes, D. J.";KEMRI - Wellcome Trust Research Collaborative Programme, Epidemiology and Demography Department;Homo sapiens;14701;2016-08-22;PP_001EUL4;KX510251.1;Automated Ingest from INSDC/NCBI Virus by Loculus;OPEN;https://pathoplexus.org/about/terms-of-use/open-data;;0.9704433497536946;;;KX510251.1;;;Kilifi_9466_18_RSVA_2010;0;0
PP_001EUPY.1;A.3.1;2010-04-26;Kenya;;"Agoti, C. N.; Munywoki, P. K.; Phan, M. V. T.; Otieno, J. R.; Kamau, E.; Bett, A.; Githinji, G.; Medley, G. F.; Cane, P. A.; Kellam, P.; Cotten, M. L.; Nokes, D. J.";KEMRI - Wellcome Trust Research Collaborative Programme, Epidemiology and Demography Department;Homo sapiens;14707;2016-08-22;PP_001EUPY;KX510254.1;Automated Ingest from INSDC/NCBI Virus by Loculus;OPEN;https://pathoplexus.org/about/terms-of-use/open-data;;0.97064039408867;;;KX510254.1;;;Kilifi_11862_26_RSVA_2010;0;0
PP_001EUVL.1;A.3.1;2010-04-15;Kenya;;"Agoti, C. N.; Munywoki, P. K.; Phan, M. V. T.; Otieno, J. R.; Kamau, E.; Bett, A.; Githinji, G.; Medley, G. F.; Cane, P. A.; Kellam, P.; Cotten, M. L.; Nokes, D. J.";KEMRI - Wellcome Trust Research Collaborative Programme, Epidemiology and Demography Department;Homo sapiens;14707;2016-08-22;PP_001EUVL;KX510260.1;Automated Ingest from INSDC/NCBI Virus by Loculus;OPEN;https://pathoplexus.org/about/terms-of-use/open-data;;0.97064039408867;;;KX510260.1;;;Kilifi_10590_39_RSVA_2010;0;0
PP_001EUZC.1;A.3.1;2010-03-18;Kenya;;"Agoti, C. N.; Munywoki, P. K.; Phan, M. V. T.; Otieno, J. R.; Kamau, E.; Bett, A.; Githinji, G.; Medley, G. F.; Cane, P. A.; Kellam, P.; Cotten, M. L.; Nokes, D. J.";KEMRI - Wellcome Trust Research Collaborative Programme, Epidemiology and Demography Department;Homo sapiens;14703;2016-08-22;PP_001EUZC;KX510264.1;Automated Ingest from INSDC/NCBI Virus by Loculus;OPEN;https://pathoplexus.org/about/terms-of-use/open-data;;0.9592775041050903;;;KX510264.1;;;Kilifi_10014_39_RSVA_2010;0;169
PP_001F52U.2;A.3.1;2012-02-21;Jordan;Amman;"Shabman, R.; Das, S. R.; Puri, V.; Fedorova, N.; Amedeo, P.; Williams, M.; Shrivastava, S.; Halasa, N.";J. Craig Venter Institute;Homo sapiens;15105;2016-08-15;PP_001F52U;KX655615.1;Automated Ingest from INSDC/NCBI Virus by Loculus;OPEN;https://pathoplexus.org/about/terms-of-use/open-data;;0.9965845648604269;;;KX655615.1;;;RSVA/Homo sapiens/JOR/A0430/2012;0;0
PP_001F54Q.2;A.3.1;2011-02-21;Jordan;Amman;"Shabman, R.; Das, S. R.; Puri, V.; Fedorova, N.; Amedeo, P.; Williams, M.; Shrivastava, S.; Halasa, N.";J. Craig Venter Institute;Homo sapiens;15099;2016-08-15;PP_001F54Q;KX655617.1;Automated Ingest from INSDC/NCBI Virus by Loculus;OPEN;https://pathoplexus.org/about/terms-of-use/open-data;;0.9965845648604269;;;KX655617.1;;;RSVA/Homo sapiens/JOR/A0154/2011;0;0
PP_001F57J.2;A.3.1;2012-04-12;Jordan;Amman;"Shabman, R.; Das, S. R.; Puri, V.; Fedorova, N.; Amedeo, P.; Williams, M.; Shrivastava, S.; Halasa, N.";J. Craig Venter Institute;Homo sapiens;14958;2016-08-15;PP_001F57J;KX655620.1;Automated Ingest from INSDC/NCBI Virus by Loculus;OPEN;https://pathoplexus.org/about/terms-of-use/open-data;;0.9872577996715928;;;KX655620.1;;;RSVA/Homo sapiens/JOR/D3491/2012;0;0
PP_001F59E.2;A.3.1;2011-03-02;Jordan;Amman;"Shabman, R.; Das, S. R.; Puri, V.; Fedorova, N.; Amedeo, P.; Williams, M.; Shrivastava, S.; Halasa, N.";J. Craig Venter Institute;Homo sapiens;15099;2016-08-15;PP_001F59E;KX655622.1;Automated Ingest from INSDC/NCBI Virus by Loculus;OPEN;https://pathoplexus.org/about/terms-of-use/open-data;;0.9965845648604269;;;KX655622.1;;;RSVA/Homo sapiens/JOR/D3145/2011;0;0
PP_001F5AC.2;A.3.1;2011-02-02;Jordan;Amman;"Shabman, R.; Das, S. R.; Puri, V.; Fedorova, N.; Amedeo, P.; Williams, M.; Shrivastava, S.; Halasa, N.";J. Craig Venter Institute;Homo sapiens;14989;2016-08-15;PP_001F5AC;KX655623.1;Automated Ingest from INSDC/NCBI Virus by Loculus;OPEN;https://pathoplexus.org/about/terms-of-use/open-data;;0.9892939244663382;;;KX655623.1;;;RSVA/Homo sapiens/JOR/B1148/2011;0;0
PP_001F5F2.2;A.3.1;2011-03-08;Jordan;Amman;"Shabman, R.; Das, S. R.; Puri, V.; Fedorova, N.; Amedeo, P.; Williams, M.; Shrivastava, S.; Halasa, N.";J. Craig Venter Institute;Homo sapiens;14995;2016-08-15;PP_001F5F2;KX655631.1;Automated Ingest from INSDC/NCBI Virus by Loculus;OPEN;https://pathoplexus.org/about/terms-of-use/open-data;;0.989688013136289;;;KX655631.1;;;RSVA/Homo sapiens/JOR/C2186/2011;0;0
PP_001F5JV.2;A.3.1;2012-01-22;Jordan;Amman;"Shabman, R.; Das, S. R.; Puri, V.; Fedorova, N.; Amedeo, P.; Williams, M.; Shrivastava, S.; Halasa, N.";J. Craig Venter Institute;Homo sapiens;14987;2016-08-15;PP_001F5JV;KX655635.1;Automated Ingest from INSDC/NCBI Virus by Loculus;OPEN;https://pathoplexus.org/about/terms-of-use/open-data;;0.9892282430213465;;;KX655635.1;;;RSVA/Homo sapiens/JOR/A0384/2012;0;0
PP_001F5KT.2;A.3.1;2011-02-27;Jordan;Amman;"Shabman, R.; Das, S. R.; Puri, V.; Fedorova, N.; Amedeo, P.; Williams, M.; Shrivastava, S.; Halasa, N.";J. Craig Venter Institute;Homo sapiens;14982;2016-08-15;PP_001F5KT;KX655636.1;Automated Ingest from INSDC/NCBI Virus by Loculus;OPEN;https://pathoplexus.org/about/terms-of-use/open-data;;0.9889655172413793;;;KX655636.1;;;RSVA/Homo sapiens/JOR/B1191/2011;0;0
PP_001F5LR.2;A.3.1;2011-01-24;Jordan;Amman;"Shabman, R.; Das, S. R.; Puri, V.; Fedorova, N.; Amedeo, P.; Williams, M.; Shrivastava, S.; Halasa, N.";J. Craig Venter Institute;Homo sapiens;15099;2016-08-15;PP_001F5LR;KX655637.1;Automated Ingest from INSDC/NCBI Virus by Loculus;OPEN;https://pathoplexus.org/about/terms-of-use/open-data;;0.9965845648604269;;;KX655637.1;;;RSVA/Homo sapiens/JOR/C2109/2011;0;0
PP_001F5NM.2;A.3.1.1;2011-02-08;Jordan;Amman;"Shabman, R.; Das, S. R.; Puri, V.; Fedorova, N.; Amedeo, P.; Williams, M.; Shrivastava, S.; Halasa, N.";J. Craig Venter Institute;Homo sapiens;15103;2016-08-15;PP_001F5NM;KX655639.1;Automated Ingest from INSDC/NCBI Virus by Loculus;OPEN;https://pathoplexus.org/about/terms-of-use/open-data;;0.9965845648604269;;;KX655639.1;;;RSVA/Homo sapiens/JOR/A0125/2011;0;0
PP_001F5QH.2;A.3.1;2011-03-14;Jordan;Amman;"Shabman, R.; Das, S. R.; Puri, V.; Fedorova, N.; Amedeo, P.; Williams, M.; Shrivastava, S.; Halasa, N.";J. Craig Venter Institute;Homo sapiens;15007;2016-08-15;PP_001F5QH;KX655643.1;Automated Ingest from INSDC/NCBI Virus by Loculus;OPEN;https://pathoplexus.org/about/terms-of-use/open-data;;0.9904105090311986;;;KX655643.1;;;RSVA/Homo sapiens/JOR/D3156/2011;0;0
PP_001F5SD.2;A.3.1;2012-01-31;Jordan;Amman;"Shabman, R.; Das, S. R.; Puri, V.; Fedorova, N.; Amedeo, P.; Williams, M.; Shrivastava, S.; Halasa, N.";J. Craig Venter Institute;Homo sapiens;15097;2016-08-15;PP_001F5SD;KX655647.1;Automated Ingest from INSDC/NCBI Virus by Loculus;OPEN;https://pathoplexus.org/about/terms-of-use/open-data;;0.9965845648604269;;;KX655647.1;;;RSVA/Homo sapiens/JOR/A0400/2012;0;0
PP_001F5TB.2;A.3.1;2011-02-09;Jordan;Amman;"Shabman, R.; Das, S. R.; Puri, V.; Fedorova, N.; Amedeo, P.; Williams, M.; Shrivastava, S.; Halasa, N.";J. Craig Venter Institute;Homo sapiens;15100;2016-08-15;PP_001F5TB;KX655650.1;Automated Ingest from INSDC/NCBI Virus by Loculus;OPEN;https://pathoplexus.org/about/terms-of-use/open-data;;0.9965845648604269;;;KX655650.1;;;RSVA/Homo sapiens/JOR/C2147/2011;0;0
PP_001F5W5.2;A.3.1;2010-03-22;Jordan;Amman;"Shabman, R.; Das, S. R.; Puri, V.; Fedorova, N.; Amedeo, P.; Williams, M.; Shrivastava, S.; Halasa, N.";J. Craig Venter Institute;Homo sapiens;14984;2016-08-15;PP_001F5W5;KX655656.1;Automated Ingest from INSDC/NCBI Virus by Loculus;OPEN;https://pathoplexus.org/about/terms-of-use/open-data;;0.9890968801313629;;;KX655656.1;;;RSVA/Homo sapiens/JOR/D3007/2010;0;0
PP_001F5ZZ.2;A.3.1;2011-01-19;Jordan;Amman;"Shabman, R.; Das, S. R.; Puri, V.; Fedorova, N.; Amedeo, P.; Williams, M.; Shrivastava, S.; Halasa, N.";J. Craig Venter Institute;Homo sapiens;15157;2016-08-15;PP_001F5ZZ;KX655659.1;Automated Ingest from INSDC/NCBI Virus by Loculus;OPEN;https://pathoplexus.org/about/terms-of-use/open-data;;1.0;;;KX655659.1;;;RSVA/Homo sapiens/JOR/D3090/2011;0;0
PP_001F60X.2;A.3.1;2011-12-19;Jordan;Amman;"Shabman, R.; Das, S. R.; Puri, V.; Fedorova, N.; Amedeo, P.; Williams, M.; Shrivastava, S.; Halasa, N.";J. Craig Venter Institute;Homo sapiens;15100;2016-08-15;PP_001F60X;KX655662.1;Automated Ingest from INSDC/NCBI Virus by Loculus;OPEN;https://pathoplexus.org/about/terms-of-use/open-data;;0.9965845648604269;;;KX655662.1;;;RSVA/Homo sapiens/JOR/D3317/2011;0;0
PP_001F63R.2;A.3.1.1;2011-03-01;Jordan;Amman;"Shabman, R.; Das, S. R.; Puri, V.; Fedorova, N.; Amedeo, P.; Williams, M.; Shrivastava, S.; Halasa, N.";J. Craig Venter Institute;Homo sapiens;15028;2016-08-15;PP_001F63R;KX655666.1;Automated Ingest from INSDC/NCBI Virus by Loculus;OPEN;https://pathoplexus.org/about/terms-of-use/open-data;;0.991855500821018;;;KX655666.1;;;RSVA/Homo sapiens/JOR/D3141/2011;0;0
PP_001F64P.2;A.3.1;2012-02-20;Jordan;Amman;"Shabman, R.; Das, S. R.; Puri, V.; Fedorova, N.; Amedeo, P.; Williams, M.; Shrivastava, S.; Halasa, N.";J. Craig Venter Institute;Homo sapiens;15019;2016-08-15;PP_001F64P;KX655667.1;Automated Ingest from INSDC/NCBI Virus by Loculus;OPEN;https://pathoplexus.org/about/terms-of-use/open-data;;0.9911330049261083;;;KX655667.1;;;RSVA/Homo sapiens/JOR/C2408/2012;0;0
PP_001F6AB.2;A.3.1;2012-01-30;Jordan;Amman;"Shabman, R.; Das, S. R.; Puri, V.; Fedorova, N.; Amedeo, P.; Williams, M.; Shrivastava, S.; Halasa, N.";J. Craig Venter Institute;Homo sapiens;15094;2016-08-15;PP_001F6AB;KX655676.1;Automated Ingest from INSDC/NCBI Virus by Loculus;OPEN;https://pathoplexus.org/about/terms-of-use/open-data;;0.9961904761904762;;;KX655676.1;;;RSVA/Homo sapiens/JOR/B1432/2012;0;0
PP_001F6C7.2;A.3.1;2011-02-06;Jordan;Amman;"Shabman, R.; Das, S. R.; Puri, V.; Fedorova, N.; Amedeo, P.; Williams, M.; Shrivastava, S.; Halasa, N.";J. Craig Venter Institute;Homo sapiens;15099;2016-08-15;PP_001F6C7;KX655678.1;Automated Ingest from INSDC/NCBI Virus by Loculus;OPEN;https://pathoplexus.org/about/terms-of-use/open-data;;0.9965845648604269;;;KX655678.1;;;RSVA/Homo sapiens/JOR/A0108/2011;0;0
PP_001F6E3.2;A.3.1;2012-02-09;Jordan;Amman;"Shabman, R.; Das, S. R.; Puri, V.; Fedorova, N.; Amedeo, P.; Williams, M.; Shrivastava, S.; Halasa, N.";J. Craig Venter Institute;Homo sapiens;15093;2016-08-15;PP_001F6E3;KX655680.1;Automated Ingest from INSDC/NCBI Virus by Loculus;OPEN;https://pathoplexus.org/about/terms-of-use/open-data;;0.9961247947454844;;;KX655680.1;;;RSVA/Homo sapiens/JOR/B1442/2012;0;0
PP_001F6KS.2;A.3.1;2012-02-05;Jordan;Amman;"Shabman, R.; Das, S. R.; Puri, V.; Fedorova, N.; Amedeo, P.; Williams, M.; Shrivastava, S.; Halasa, N.";J. Craig Venter Institute;Homo sapiens;15102;2016-08-15;PP_001F6KS;KX655691.1;Automated Ingest from INSDC/NCBI Virus by Loculus;OPEN;https://pathoplexus.org/about/terms-of-use/open-data;;0.9965845648604269;;;KX655691.1;;;RSVA/Homo sapiens/JOR/D3371/2012;0;0
PP_001F6LQ.2;A.3.1;2011-03-20;Jordan;Amman;"Shabman, R.; Das, S. R.; Puri, V.; Fedorova, N.; Amedeo, P.; Williams, M.; Shrivastava, S.; Halasa, N.";J. Craig Venter Institute;Homo sapiens;15065;2016-08-15;PP_001F6LQ;KX655692.1;Automated Ingest from INSDC/NCBI Virus by Loculus;OPEN;https://pathoplexus.org/about/terms-of-use/open-data;;0.9942200328407225;;;KX655692.1;;;RSVA/Homo sapiens/JOR/C2196/2011;0;0
PP_001F6MN.2;A.3.1;2011-04-18;Jordan;Amman;"Shabman, R.; Das, S. R.; Puri, V.; Fedorova, N.; Amedeo, P.; Williams, M.; Shrivastava, S.; Halasa, N.";J. Craig Venter Institute;Homo sapiens;15120;2016-08-15;PP_001F6MN;KX655694.1;Automated Ingest from INSDC/NCBI Virus by Loculus;OPEN;https://pathoplexus.org/about/terms-of-use/open-data;;0.9932348111658457;;;KX655694.1;;;RSVA/Homo sapiens/JOR/A0215/2011;0;0
PP_001F6NL.2;A.3.1;2012-01-23;Jordan;Amman;"Shabman, R.; Das, S. R.; Puri, V.; Fedorova, N.; Amedeo, P.; Williams, M.; Shrivastava, S.; Halasa, N.";J. Craig Venter Institute;Homo sapiens;14954;2016-08-15;PP_001F6NL;KX655695.1;Automated Ingest from INSDC/NCBI Virus by Loculus;OPEN;https://pathoplexus.org/about/terms-of-use/open-data;;0.9869293924466338;;;KX655695.1;;;RSVA/Homo sapiens/JOR/C2354/2012;0;0
PP_001F6PJ.2;A.3.1;2011-01-26;Jordan;Amman;"Shabman, R.; Das, S. R.; Puri, V.; Fedorova, N.; Amedeo, P.; Williams, M.; Shrivastava, S.; Halasa, N.";J. Craig Venter Institute;Homo sapiens;15101;2016-08-15;PP_001F6PJ;KX655696.1;Automated Ingest from INSDC/NCBI Virus by Loculus;OPEN;https://pathoplexus.org/about/terms-of-use/open-data;;0.9965845648604269;;;KX655696.1;;;RSVA/Homo sapiens/JOR/C2121/2011;0;0
PP_001F6W4.2;A.D;2015-06-28;New Zealand;Christchurch;"Shabman, R.; Das, S. R.; Shilts, M.; Fedorova, N.; Puri, V.; Shrivastava, S.; Amedeo, P.; Williams, M.; Barratt, K.; Mitchell, J.; Jennings, L.";J. Craig Venter Institute;Homo sapiens;15224;2016-10-01;PP_001F6W4;KX765887.1;Automated Ingest from INSDC/NCBI Virus by Loculus;OPEN;https://pathoplexus.org/about/terms-of-use/open-data;;1.0;;;KX765887.1;;;RSVA/Homo sapiens/NZL/LJRSV05/2015;0;0
PP_001F6Y0.2;A.3.1.1;2011-09-18;New Zealand;Christchurch;"Shabman, R.; Das, S. R.; Shilts, M.; Fedorova, N.; Puri, V.; Shrivastava, S.; Amedeo, P.; Williams, M.; Barratt, K.; Mitchell, J.; Jennings, L.";J. Craig Venter Institute;Homo sapiens;15226;2016-10-01;PP_001F6Y0;KX765894.1;Automated Ingest from INSDC/NCBI Virus by Loculus;OPEN;https://pathoplexus.org/about/terms-of-use/open-data;;1.0;;;KX765894.1;;;RSVA/Homo sapiens/NZL/LJRSV84/2011;0;0
PP_001F72S.2;A.D;2014-07-30;New Zealand;Christchurch;"Shabman, R.; Das, S. R.; Shilts, M.; Fedorova, N.; Puri, V.; Shrivastava, S.; Amedeo, P.; Williams, M.; Barratt, K.; Mitchell, J.; Jennings, L.";J. Craig Venter Institute;Homo sapiens;15225;2016-10-01;PP_001F72S;KX765902.1;Automated Ingest from INSDC/NCBI Virus by Loculus;OPEN;https://pathoplexus.org/about/terms-of-use/open-data;;1.0;;;KX765902.1;;;RSVA/Homo sapiens/NZL/LJRSV33/2014;0;0
PP_001F74N.2;A.3.1;2011-06-23;New Zealand;Christchurch;"Shabman, R.; Das, S. R.; Shilts, M.; Fedorova, N.; Puri, V.; Shrivastava, S.; Amedeo, P.; Williams, M.; Barratt, K.; Mitchell, J.; Jennings, L.";J. Craig Venter Institute;Homo sapiens;15098;2016-10-01;PP_001F74N;KX765910.1;Automated Ingest from INSDC/NCBI Virus by Loculus;OPEN;https://pathoplexus.org/about/terms-of-use/open-data;;0.9964532019704434;;;KX765910.1;;;RSVA/Homo sapiens/NZL/LJRSV69/2011;0;0
PP_001F75L.2;A.3.1.1;2011-07-17;New Zealand;Christchurch;"Shabman, R.; Das, S. R.; Shilts, M.; Fedorova, N.; Puri, V.; Shrivastava, S.; Amedeo, P.; Williams, M.; Barratt, K.; Mitchell, J.; Jennings, L.";J. Craig Venter Institute;Homo sapiens;15226;2016-10-01;PP_001F75L;KX765911.1;Automated Ingest from INSDC/NCBI Virus by Loculus;OPEN;https://pathoplexus.org/about/terms-of-use/open-data;;1.0;;;KX765911.1;;;RSVA/Homo sapiens/NZL/LJRSV75/2011;0;0
PP_001F79C.2;A.D;2015-06-19;New Zealand;Christchurch;"Shabman, R.; Das, S. R.; Shilts, M.; Fedorova, N.; Puri, V.; Shrivastava, S.; Amedeo, P.; Williams, M.; Barratt, K.; Mitchell, J.; Jennings, L.";J. Craig Venter Institute;Homo sapiens;15226;2016-10-01;PP_001F79C;KX765916.1;Automated Ingest from INSDC/NCBI Virus by Loculus;OPEN;https://pathoplexus.org/about/terms-of-use/open-data;;1.0;;;KX765916.1;;;RSVA/Homo sapiens/NZL/LJRSV02/2015;0;0
PP_001F7AA.2;A.D;2014-06-16;New Zealand;Christchurch;"Shabman, R.; Das, S. R.; Shilts, M.; Fedorova, N.; Puri, V.; Shrivastava, S.; Amedeo, P.; Williams, M.; Barratt, K.; Mitchell, J.; Jennings, L.";J. Craig Venter Institute;Homo sapiens;15228;2016-10-01;PP_001F7AA;KX765917.1;Automated Ingest from INSDC/NCBI Virus by Loculus;OPEN;https://pathoplexus.org/about/terms-of-use/open-data;;1.0;;;KX765917.1;;;RSVA/Homo sapiens/NZL/LJRSV28/2014;0;0
PP_001F7B8.2;A.3.1;2011-07-09;New Zealand;Christchurch;"Shabman, R.; Das, S. R.; Shilts, M.; Fedorova, N.; Puri, V.; Shrivastava, S.; Amedeo, P.; Williams, M.; Barratt, K.; Mitchell, J.; Jennings, L.";J. Craig Venter Institute;Homo sapiens;15102;2016-10-01;PP_001F7B8;KX765918.1;Automated Ingest from INSDC/NCBI Virus by Loculus;OPEN;https://pathoplexus.org/about/terms-of-use/open-data;;0.9965845648604269;;;KX765918.1;;;RSVA/Homo sapiens/NZL/LJRSV77/2011;0;0
PP_001F7C6.2;A.D;2013-06-09;New Zealand;Christchurch;"Shabman, R.; Das, S. R.; Shilts, M.; Fedorova, N.; Puri, V.; Shrivastava, S.; Amedeo, P.; Williams, M.; Barratt, K.; Mitchell, J.; Jennings, L.";J. Craig Venter Institute;Homo sapiens;15224;2016-10-01;PP_001F7C6;KX765919.1;Automated Ingest from INSDC/NCBI Virus by Loculus;OPEN;https://pathoplexus.org/about/terms-of-use/open-data;;1.0;;;KX765919.1;;;RSVA/Homo sapiens/NZL/LJRSV37/2013;0;0
PP_001F7F0.2;A.D;2015-07-09;New Zealand;Christchurch;"Shabman, R.; Das, S. R.; Shilts, M.; Fedorova, N.; Puri, V.; Shrivastava, S.; Amedeo, P.; Williams, M.; Barratt, K.; Mitchell, J.; Jennings, L.";J. Craig Venter Institute;Homo sapiens;15225;2016-10-01;PP_001F7F0;KX765925.1;Automated Ingest from INSDC/NCBI Virus by Loculus;OPEN;https://pathoplexus.org/about/terms-of-use/open-data;;1.0;;;KX765925.1;;;RSVA/Homo sapiens/NZL/LJRSV13/2015;0;0
PP_001F7HV.2;A.3.1;2011-09-18;New Zealand;Christchurch;"Shabman, R.; Das, S. R.; Shilts, M.; Fedorova, N.; Puri, V.; Shrivastava, S.; Amedeo, P.; Williams, M.; Barratt, K.; Mitchell, J.; Jennings, L.";J. Craig Venter Institute;Homo sapiens;15159;2016-10-01;PP_001F7HV;KX765928.1;Automated Ingest from INSDC/NCBI Virus by Loculus;OPEN;https://pathoplexus.org/about/terms-of-use/open-data;;1.0;;;KX765928.1;;;RSVA/Homo sapiens/NZL/LJRSV83/2011;0;0
PP_001F7SB.2;A.D;2013-08-26;New Zealand;Christchurch;"Shabman, R.; Das, S. R.; Shilts, M.; Fedorova, N.; Puri, V.; Shrivastava, S.; Amedeo, P.; Williams, M.; Barratt, K.; Mitchell, J.; Jennings, L.";J. Craig Venter Institute;Homo sapiens;15224;2016-10-01;PP_001F7SB;KX765940.1;Automated Ingest from INSDC/NCBI Virus by Loculus;OPEN;https://pathoplexus.org/about/terms-of-use/open-data;;1.0;;;KX765940.1;;;RSVA/Homo sapiens/NZL/LJRSV47/2013;0;0
PP_001F7U7.2;A.3.1;2011-09-05;New Zealand;Christchurch;"Shabman, R.; Das, S. R.; Shilts, M.; Fedorova, N.; Puri, V.; Shrivastava, S.; Amedeo, P.; Williams, M.; Barratt, K.; Mitchell, J.; Jennings, L.";J. Craig Venter Institute;Homo sapiens;15163;2016-10-01;PP_001F7U7;KX765942.1;Automated Ingest from INSDC/NCBI Virus by Loculus;OPEN;https://pathoplexus.org/about/terms-of-use/open-data;;1.0;;;KX765942.1;;;RSVA/Homo sapiens/NZL/LJRSV80/2011;0;0
PP_001F7V5.2;A.D;2015-06-29;New Zealand;Christchurch;"Shabman, R.; Das, S. R.; Shilts, M.; Fedorova, N.; Puri, V.; Shrivastava, S.; Amedeo, P.; Williams, M.; Barratt, K.; Mitchell, J.; Jennings, L.";J. Craig Venter Institute;Homo sapiens;15226;2016-10-01;PP_001F7V5;KX765944.1;Automated Ingest from INSDC/NCBI Virus by Loculus;OPEN;https://pathoplexus.org/about/terms-of-use/open-data;;1.0;;;KX765944.1;;;RSVA/Homo sapiens/NZL/LJRSV08/2015;0;0
PP_001F7W3.2;A.3.1;2012-07-30;New Zealand;Christchurch;"Shabman, R.; Das, S. R.; Shilts, M.; Fedorova, N.; Puri, V.; Shrivastava, S.; Amedeo, P.; Williams, M.; Barratt, K.; Mitchell, J.; Jennings, L.";J. Craig Venter Institute;Homo sapiens;14973;2016-10-01;PP_001F7W3;KX765946.1;Automated Ingest from INSDC/NCBI Virus by Loculus;OPEN;https://pathoplexus.org/about/terms-of-use/open-data;;0.9882430213464696;;;KX765946.1;;;RSVA/Homo sapiens/NZL/LJRSV57/2012;0;0
PP_001F7X1.2;A.D;2015-07-10;New Zealand;Christchurch;"Shabman, R.; Das, S. R.; Shilts, M.; Fedorova, N.; Puri, V.; Shrivastava, S.; Amedeo, P.; Williams, M.; Barratt, K.; Mitchell, J.; Jennings, L.";J. Craig Venter Institute;Homo sapiens;15224;2016-10-01;PP_001F7X1;KX765948.1;Automated Ingest from INSDC/NCBI Virus by Loculus;OPEN;https://pathoplexus.org/about/terms-of-use/open-data;;1.0;;;KX765948.1;;;RSVA/Homo sapiens/NZL/LJRSV17/2015;0;0
PP_001F7YZ.2;A.D;2015-07-08;New Zealand;Christchurch;"Shabman, R.; Das, S. R.; Shilts, M.; Fedorova, N.; Puri, V.; Shrivastava, S.; Amedeo, P.; Williams, M.; Barratt, K.; Mitchell, J.; Jennings, L.";J. Craig Venter Institute;Homo sapiens;15224;2016-10-01;PP_001F7YZ;KX765950.1;Automated Ingest from INSDC/NCBI Virus by Loculus;OPEN;https://pathoplexus.org/about/terms-of-use/open-data;;1.0;;;KX765950.1;;;RSVA/Homo sapiens/NZL/LJRSV11/2015;0;0
PP_001F7ZX.2;A.D;2015-07-09;New Zealand;Christchurch;"Shabman, R.; Das, S. R.; Shilts, M.; Fedorova, N.; Puri, V.; Shrivastava, S.; Amedeo, P.; Williams, M.; Barratt, K.; Mitchell, J.; Jennings, L.";J. Craig Venter Institute;Homo sapiens;15224;2016-10-01;PP_001F7ZX;KX765951.1;Automated Ingest from INSDC/NCBI Virus by Loculus;OPEN;https://pathoplexus.org/about/terms-of-use/open-data;;1.0;;;KX765951.1;;;RSVA/Homo sapiens/NZL/LJRSV15/2015;0;0
PP_001F88D.2;A.D;2014-06-27;New Zealand;Christchurch;"Shabman, R.; Das, S. R.; Shilts, M.; Fedorova, N.; Puri, V.; Shrivastava, S.; Amedeo, P.; Williams, M.; Barratt, K.; Mitchell, J.; Jennings, L.";J. Craig Venter Institute;Homo sapiens;15225;2016-10-01;PP_001F88D;KX765970.1;Automated Ingest from INSDC/NCBI Virus by Loculus;OPEN;https://pathoplexus.org/about/terms-of-use/open-data;;1.0;;;KX765970.1;;;RSVA/Homo sapiens/NZL/LJRSV31/2014;0;0
PP_001F8C5.2;A.D;2014-02-12;New Zealand;Christchurch;"Shabman, R.; Das, S. R.; Shilts, M.; Fedorova, N.; Puri, V.; Shrivastava, S.; Amedeo, P.; Williams, M.; Barratt, K.; Mitchell, J.; Jennings, L.";J. Craig Venter Institute;Homo sapiens;15226;2016-10-01;PP_001F8C5;KX765977.1;Automated Ingest from INSDC/NCBI Virus by Loculus;OPEN;https://pathoplexus.org/about/terms-of-use/open-data;;1.0;;;KX765977.1;;;RSVA/Homo sapiens/NZL/LJRSV18/2014;0;0
PP_001F9QD.2;A.3.1.1;2012-12-05;USA;;"Shabman, R.; Das, S. R.; Shilts, M.; Fedorova, N.; Puri, V.; Shrivastava, S.; Amedeo, P.; Hu, L.; Durbin, A.; Rocchi, I.; Williams, T.; Hartert, T.";J. Craig Venter Institute;Homo sapiens;15102;2016-10-31;PP_001F9QD;KX894796.1;Automated Ingest from INSDC/NCBI Virus by Loculus;OPEN;https://pathoplexus.org/about/terms-of-use/open-data;;0.9965845648604269;;;KX894796.1;;;RSVA/Homo sapiens/USA/LA2_00030P/2012;0;0
PP_001F9RB.2;A.D;2013-03-07;USA;;"Shabman, R.; Das, S. R.; Shilts, M.; Fedorova, N.; Puri, V.; Shrivastava, S.; Amedeo, P.; Hu, L.; Durbin, A.; Rocchi, I.; Williams, T.; Hartert, T.";J. Craig Venter Institute;Homo sapiens;15173;2016-10-31;PP_001F9RB;KX894797.1;Automated Ingest from INSDC/NCBI Virus by Loculus;OPEN;https://pathoplexus.org/about/terms-of-use/open-data;;0.9965845648604269;;;KX894797.1;;;RSVA/Homo sapiens/USA/TH_10305P/2013;0;0
PP_001F9S9.2;A.2.1.1;2013-03-04;USA;;"Shabman, R.; Das, S. R.; Shilts, M.; Fedorova, N.; Puri, V.; Shrivastava, S.; Amedeo, P.; Hu, L.; Durbin, A.; Rocchi, I.; Williams, T.; Hartert, T.";J. Craig Venter Institute;Homo sapiens;15111;2016-10-31;PP_001F9S9;KX894798.1;Automated Ingest from INSDC/NCBI Virus by Loculus;OPEN;https://pathoplexus.org/about/terms-of-use/open-data;;0.9965845648604269;;;KX894798.1;;;RSVA/Homo sapiens/USA/LA2_00084P/2013;0;0
PP_001F9YX.2;A.D;2013-03-04;USA;;"Shabman, R.; Das, S. R.; Shilts, M.; Fedorova, N.; Puri, V.; Shrivastava, S.; Amedeo, P.; Hu, L.; Durbin, A.; Rocchi, I.; Williams, T.; Hartert, T.";J. Craig Venter Institute;Homo sapiens;15173;2016-10-31;PP_001F9YX;KX894805.1;Automated Ingest from INSDC/NCBI Virus by Loculus;OPEN;https://pathoplexus.org/about/terms-of-use/open-data;;0.9965845648604269;;;KX894805.1;;;RSVA/Homo sapiens/USA/TH_10293P/2013;0;0
PP_001FU09.1;A.3.1.1;2012-02-08;Philippines;;"Malasao, R.; Furuse, Y.; Okamoto, M.; Dapat, C.; Saito, M.; Saito-Obata, M.; Tamaki, R.; Segubre-Mercado, E.; Lupisan, S.; Oshitani, H.";Graduate School of Medicine, Tohoku University, Virology;Homo sapiens;15204;2017-04-03;PP_001FU09;KY654506.1;Automated Ingest from INSDC/NCBI Virus by Loculus;OPEN;https://pathoplexus.org/about/terms-of-use/open-data;;1.0;;;KY654506.1;;;TTa-12-054;0;0
PP_001FU17.1;A.3.1.1;2012-12-12;Philippines;;"Malasao, R.; Furuse, Y.; Okamoto, M.; Dapat, C.; Saito, M.; Saito-Obata, M.; Tamaki, R.; Segubre-Mercado, E.; Lupisan, S.; Oshitani, H.";Graduate School of Medicine, Tohoku University, Virology;Homo sapiens;15204;2017-04-03;PP_001FU17;KY654507.1;Automated Ingest from INSDC/NCBI Virus by Loculus;OPEN;https://pathoplexus.org/about/terms-of-use/open-data;;1.0;;;KY654507.1;;;TEv-12-125;0;0
PP_001FU25.1;A.3.1.1;2012-10-31;Philippines;;"Malasao, R.; Furuse, Y.; Okamoto, M.; Dapat, C.; Saito, M.; Saito-Obata, M.; Tamaki, R.; Segubre-Mercado, E.; Lupisan, S.; Oshitani, H.";Graduate School of Medicine, Tohoku University, Virology;Homo sapiens;15204;2017-04-03;PP_001FU25;KY654508.1;Automated Ingest from INSDC/NCBI Virus by Loculus;OPEN;https://pathoplexus.org/about/terms-of-use/open-data;;1.0;;;KY654508.1;;;TEv-12-111;0;0
PP_001FU41.1;A.3.1.1;2012-09-22;Philippines;;"Malasao, R.; Furuse, Y.; Okamoto, M.; Dapat, C.; Saito, M.; Saito-Obata, M.; Tamaki, R.; Segubre-Mercado, E.; Lupisan, S.; Oshitani, H.";Graduate School of Medicine, Tohoku University, Virology;Homo sapiens;15204;2017-04-03;PP_001FU41;KY654510.1;Automated Ingest from INSDC/NCBI Virus by Loculus;OPEN;https://pathoplexus.org/about/terms-of-use/open-data;;1.0;;;KY654510.1;;;TOp-12-061;0;0
PP_001FUBM.1;A.D;2013-06-10;Philippines;;"Malasao, R.; Furuse, Y.; Okamoto, M.; Dapat, C.; Saito, M.; Saito-Obata, M.; Tamaki, R.; Segubre-Mercado, E.; Lupisan, S.; Oshitani, H.";Graduate School of Medicine, Tohoku University, Virology;Homo sapiens;15277;2017-04-03;PP_001FUBM;KY654517.1;Automated Ingest from INSDC/NCBI Virus by Loculus;OPEN;https://pathoplexus.org/about/terms-of-use/open-data;;1.0;;;KY654517.1;;;TOp-13-203;0;0
PP_001FUCK.1;A.D;2013-01-28;Philippines;;"Malasao, R.; Furuse, Y.; Okamoto, M.; Dapat, C.; Saito, M.; Saito-Obata, M.; Tamaki, R.; Segubre-Mercado, E.; Lupisan, S.; Oshitani, H.";Graduate School of Medicine, Tohoku University, Virology;Homo sapiens;15277;2017-04-03;PP_001FUCK;KY654518.1;Automated Ingest from INSDC/NCBI Virus by Loculus;OPEN;https://pathoplexus.org/about/terms-of-use/open-data;;1.0;;;KY654518.1;;;TBp-13-044;0;0
PP_001FV9Q.2;A.3.1;2009-09-01;China;;"Zhu, C.; Fu, S.; Yu, L.; Zhou, X.";Lanzhou Institute of Biological Products, Co., Ltd., The Second Department;Homo sapiens;15204;2017-05-07;PP_001FV9Q;KY782635.1;Automated Ingest from INSDC/NCBI Virus by Loculus;OPEN;https://pathoplexus.org/about/terms-of-use/open-data;;1.0;;;KY782635.1;;;LZ01/09;0;0
PP_001FXWD.1;A.D;2015-04-30;Argentina;;"Goya, S.; Valinotto, L. E.; Tittarelli, E.; Rojo, G. L.; Greninger, A.; Zaiat, J.; Marti, M.; Mistchenko, A. S.; Viegas, M.; Luso, S.; Natale, M.";Ricardo Gutierrez Children's Hospital, Virology Laboratory;Homo sapiens;15222;2017-12-01;PP_001FXWD;KY883566.2;Automated Ingest from INSDC/NCBI Virus by Loculus;OPEN;https://pathoplexus.org/about/terms-of-use/open-data;;0.9996059113300493;;;KY883566.2;;;HRSV/A/BuenosAires/ARG/001/2015;0;1
PP_001FXXB.1;A.D;2015-04-30;Argentina;;"Goya, S.; Valinotto, L. E.; Tittarelli, E.; Rojo, G. L.; Greninger, A.; Zaiat, J.; Marti, M.; Mistchenko, A. S.; Viegas, M.; Luso, S.; Natale, M.";Ricardo Gutierrez Children's Hospital, Virology Laboratory;Homo sapiens;15165;2017-12-01;PP_001FXXB;KY883567.1;Automated Ingest from INSDC/NCBI Virus by Loculus;OPEN;https://pathoplexus.org/about/terms-of-use/open-data;;0.9959277504105091;;;KY883567.1;;;HRSV/A/BuenosAires/ARG/001sanger/2015;0;0
PP_001FXY9.1;A.D;2015-07-06;Argentina;;"Goya, S.; Valinotto, L. E.; Tittarelli, E.; Rojo, G. L.; Greninger, A.; Zaiat, J.; Marti, M.; Mistchenko, A. S.; Viegas, M.; Luso, S.; Natale, M.";Ricardo Gutierrez Children's Hospital, Virology Laboratory;Homo sapiens;14908;2017-12-01;PP_001FXY9;KY883572.2;Automated Ingest from INSDC/NCBI Virus by Loculus;OPEN;https://pathoplexus.org/about/terms-of-use/open-data;;0.9649917898193761;;;KY883572.2;;;HRSV/A/BuenosAires/ARG/003/2015;0;215
PP_001FZCE.2;A.D.1;2015;USA;;"Greninger, A. L.; Makhsous, N.; Kuypers, J.; Shean, R. C.; Jerome, K. R.; Kuypers, J. M.";UW, Lab Medicine;Homo sapiens;15203;2017-05-28;PP_001FZCE;KY967363.2;Automated Ingest from INSDC/NCBI Virus by Loculus;OPEN;https://pathoplexus.org/about/terms-of-use/open-data;SAMN07309660;0.9985550082101806;;;KY967363.2;SRR5872094;;SC2745;0;0
PP_001FZH3.2;A.D;2013-01-03;USA;Tennessee;"Shrivastava, S.; Halpin, R. A.; Puri, V.; Fedorova, N. B.; Stockwell, T.; Amedeo, P.; Katzel, D.; Schobel, S.; Pickett, B. E.; Moore, M.; Chappell, J.; Larkin, E.; Wentworth, D. E.; Anderson, L. J.; Hartert, T.";J. Craig Venter Institute;Homo sapiens;15222;2017-05-14;PP_001FZH3;KY982517.1;Automated Ingest from INSDC/NCBI Virus by Loculus;OPEN;https://pathoplexus.org/about/terms-of-use/open-data;;1.0;;;KY982517.1;;;RSVA/Homo sapiens/USA/LA2_03/2013;0;0
PP_001GKN5.2;A.D;2014-04-03;USA;;"Suwa, R.; Kume, Y.; Kawase, M.; Chishiki, M.; Ono, T.; Norito, S.; Sato, K.; Okamoto, M.; Kumaki, S.; Nagai, Y.; Hosoya, M.; Takeda, M.; Nishimura, H.; Hashimoto, K.; Shirato, K.; Sugimoto, S.; Kakizaki, M.; Okabe, H.; Dapat, I.; Nao, N.; Omiya, S.; Matsuyama, S.";"Virology III; 4-7-1 Gakuen, Musashimurayama, Tokyo 208-0011";Homo sapiens;15228;2019-07-23;PP_001GKN5;LC474556.1;Automated Ingest from INSDC/NCBI Virus by Loculus;OPEN;https://pathoplexus.org/about/terms-of-use/open-data;;0.9996059113300493;;;LC474556.1;;;RSV/A/NIID/2347/14;0;0
PP_001GKQ1.2;A.D;2014-07-08;USA;;"Suwa, R.; Kume, Y.; Kawase, M.; Chishiki, M.; Ono, T.; Norito, S.; Sato, K.; Okamoto, M.; Kumaki, S.; Nagai, Y.; Hosoya, M.; Takeda, M.; Nishimura, H.; Hashimoto, K.; Shirato, K.; Sugimoto, S.; Kakizaki, M.; Okabe, H.; Ujike, M.; Go, H.; Dapat, I.; Nao, N.; Omiya, S.; Matsuyama, S.";"Virology III; 4-7-1 Gakuen, Musashimurayama, Tokyo 208-0011";Homo sapiens;15231;2019-07-23;PP_001GKQ1;LC474558.1;Automated Ingest from INSDC/NCBI Virus by Loculus;OPEN;https://pathoplexus.org/about/terms-of-use/open-data;;0.9998029556650246;;;LC474558.1;;;RSV/A/NIID/2370/14;0;0
PP_001GUG9.1;A.D.2.2;2021;Japan;Kanagawa;"Takai-Todaka, R.; Ito, T.; Haga, K.; Ishiyama, R.; Igarashi, T.; Katayama, Y.; Nakayama, T.; Katayama, K.";"Kitasato University, Infection Control and Immunology; 5-9-1 Shirokane, Minato-ku, Tokyo 108-8641";Homo sapiens;15278;2023-09-27;PP_001GUG9;LC780103.1;Automated Ingest from INSDC/NCBI Virus by Loculus;OPEN;https://pathoplexus.org/about/terms-of-use/open-data;;1.0;;;LC780103.1;;;RSV/A/Sagamihara JPN/2021;0;0
PP_001GUH6.2;A.D.3.7;2022-10-26;Japan;;"Ichikawa, Y.; Saito, R.";"Division of International Health; 1-757 Asahimachi dori, Niigata, Niigata 951-8510";Homo sapiens;15232;2024-05-17;PP_001GUH6;LC816567.1;Automated Ingest from INSDC/NCBI Virus by Loculus;OPEN;https://pathoplexus.org/about/terms-of-use/open-data;;1.0;;;LC816567.1;;;HRSV/A/Japan/22U032iso/2022;0;0
PP_001GW6T.1;A.D.3.12;2024-04-22;Japan;;"Ichikawa, Y.; Saito, R.";"Division of International Health; 1-757 Asahimachi dori, Niigata, Niigata 951-8510";Homo sapiens;15226;2025-02-04;PP_001GW6T;LC862018.1;Automated Ingest from INSDC/NCBI Virus by Loculus;OPEN;https://pathoplexus.org/about/terms-of-use/open-data;;1.0;;;LC862018.1;;;HRSV/A/Japan/23RS040iso/2024;0;0
PP_001GW9M.1;A.D.1.9;2024-04-30;Japan;;"Ichikawa, Y.; Saito, R.";"Division of International Health; 1-757 Asahimachi dori, Niigata, Niigata 951-8510";Homo sapiens;15223;2025-02-04;PP_001GW9M;LC862021.1;Automated Ingest from INSDC/NCBI Virus by Loculus;OPEN;https://pathoplexus.org/about/terms-of-use/open-data;;1.0;;;LC862021.1;;;HRSV/A/Japan/23U009iso/2024;0;0
PP_001GWH4.1;A.D.3.7;2024-06-19;Japan;;"Ichikawa, Y.; Saito, R.";"Division of International Health; 1-757 Asahimachi dori, Niigata, Niigata 951-8510";Homo sapiens;15232;2025-02-04;PP_001GWH4;LC862029.1;Automated Ingest from INSDC/NCBI Virus by Loculus;OPEN;https://pathoplexus.org/about/terms-of-use/open-data;;1.0;;;LC862029.1;;;HRSV/A/Japan/23U044iso/2024;0;0
PP_001GWK0.1;A.D;2022-09-20;Japan;;"Ichikawa, Y.; Saito, R.";"Division of International Health; 1-757 Asahimachi dori, Niigata, Niigata 951-8510";Homo sapiens;15225;2025-02-04;PP_001GWK0;LC862031.1;Automated Ingest from INSDC/NCBI Virus by Loculus;OPEN;https://pathoplexus.org/about/terms-of-use/open-data;;1.0;;;LC862031.1;;;HRSV/A/Japan/22RS007iso/2022;0;0
PP_001GX9L.1;A.D.2.2;2021-08-30;Japan;;"Ichikawa, Y.; Saito, R.";"Division of International Health; 1-757 Asahimachi dori, Niigata, Niigata 951-8510";Homo sapiens;15225;2025-02-04;PP_001GX9L;LC862055.1;Automated Ingest from INSDC/NCBI Virus by Loculus;OPEN;https://pathoplexus.org/about/terms-of-use/open-data;;1.0;;;LC862055.1;;;HRSV/A/Japan/21RS044iso/2021;0;0
PP_001GXBG.1;A.D.3;2022-06-16;Japan;;"Ichikawa, Y.; Saito, R.";"Division of International Health; 1-757 Asahimachi dori, Niigata, Niigata 951-8510";Homo sapiens;15225;2025-02-04;PP_001GXBG;LC862057.1;Automated Ingest from INSDC/NCBI Virus by Loculus;OPEN;https://pathoplexus.org/about/terms-of-use/open-data;;1.0;;;LC862057.1;;;HRSV/A/Japan/21RS059iso/2022;0;0
PP_001GXF8.1;A.D;2021-10-06;Japan;;"Ichikawa, Y.; Saito, R.";"Division of International Health; 1-757 Asahimachi dori, Niigata, Niigata 951-8510";Homo sapiens;15225;2025-02-04;PP_001GXF8;LC862061.1;Automated Ingest from INSDC/NCBI Virus by Loculus;OPEN;https://pathoplexus.org/about/terms-of-use/open-data;;1.0;;;LC862061.1;;;HRSV/A/Japan/21U035iso/2021;0;0
PP_001GXLX.1;A.D;2021-11-13;Japan;;"Ichikawa, Y.; Saito, R.";"Division of International Health; 1-757 Asahimachi dori, Niigata, Niigata 951-8510";Homo sapiens;15224;2025-02-04;PP_001GXLX;LC862066.1;Automated Ingest from INSDC/NCBI Virus by Loculus;OPEN;https://pathoplexus.org/about/terms-of-use/open-data;;1.0;;;LC862066.1;;;HRSV/A/Japan/21U094iso/2021;0;0
PP_001GXRM.1;A.D.3;2021-04-20;Japan;;"Ichikawa, Y.; Saito, R.";"Division of International Health; 1-757 Asahimachi dori, Niigata, Niigata 951-8510";Homo sapiens;15227;2025-02-04;PP_001GXRM;LC862071.1;Automated Ingest from INSDC/NCBI Virus by Loculus;OPEN;https://pathoplexus.org/about/terms-of-use/open-data;;1.0;;;LC862071.1;;;HRSV/A/Japan/20RS061iso/2021;0;0
PP_001GY4V.2;A.D;2018-09-08;Japan;;"Tamura, T.; Saito, R.";"Division of International Health; 1-757 Asahimachi dori, Niigata, Niigata 951-8510";Homo sapiens;15229;2025-05-02;PP_001GY4V;LC871582.1;Automated Ingest from INSDC/NCBI Virus by Loculus;OPEN;https://pathoplexus.org/about/terms-of-use/open-data;;1.0;;;LC871582.1;;;HRSV/A/Japan/18RS023iso/2018;0;0
PP_001GYCD.2;A.D;2018-09-11;Japan;;"Tamura, T.; Saito, R.";"Division of International Health; 1-757 Asahimachi dori, Niigata, Niigata 951-8510";Homo sapiens;15224;2025-05-02;PP_001GYCD;LC871590.1;Automated Ingest from INSDC/NCBI Virus by Loculus;OPEN;https://pathoplexus.org/about/terms-of-use/open-data;;1.0;;;LC871590.1;;;HRSV/A/Japan/18U013iso/2018;0;0
PP_001GYX8.2;A.D.3;2019-08-02;Japan;;"Tamura, T.; Saito, R.";"Division of International Health; 1-757 Asahimachi dori, Niigata, Niigata 951-8510";Homo sapiens;15227;2025-05-02;PP_001GYX8;LC871609.1;Automated Ingest from INSDC/NCBI Virus by Loculus;OPEN;https://pathoplexus.org/about/terms-of-use/open-data;;1.0;;;LC871609.1;;;HRSV/A/Japan/19U005iso/2019;0;0
PP_001GZSH.2;A.D;2018-01-18;United Kingdom;;Lin, G.-L.;UNIVERSITY OF OXFORD, Centre for Clinical Vaccinology and Tropical Medicine , Churchill Hospital, Old Road, Headington, Oxford, OX3 7LE;Homo sapiens;15275;2020-09-01;PP_001GZSH;LR699734.1;Automated Ingest from INSDC/NCBI Virus by Loculus;OPEN;https://pathoplexus.org/about/terms-of-use/open-data;;1.0;;;LR699734.1;;;GB03/OX02_8575_V1;0;0
PP_001GZTF.2;A.D.1;2018-01-08;United Kingdom;;Lin, G.-L.;UNIVERSITY OF OXFORD, Centre for Clinical Vaccinology and Tropical Medicine , Churchill Hospital, Old Road, Headington, Oxford, OX3 7LE;Homo sapiens;15276;2020-09-01;PP_001GZTF;LR699736.1;Automated Ingest from INSDC/NCBI Virus by Loculus;OPEN;https://pathoplexus.org/about/terms-of-use/open-data;;1.0;;;LR699736.1;;;GB05/OX02_8711_V1;0;0
PP_001GZUD.2;A.D.2.2.1;2017-12-19;United Kingdom;;Lin, G.-L.;UNIVERSITY OF OXFORD, Centre for Clinical Vaccinology and Tropical Medicine , Churchill Hospital, Old Road, Headington, Oxford, OX3 7LE;Homo sapiens;15274;2020-09-01;PP_001GZUD;LR699737.1;Automated Ingest from INSDC/NCBI Virus by Loculus;OPEN;https://pathoplexus.org/about/terms-of-use/open-data;;1.0;;;LR699737.1;;;GB06/OX02_8948_V1;0;0
PP_001H0G0.2;A.3.1.1;2015;USA;;"Greninger, A. L.; Makhsous, N.; Kuypers, J.; Shean, R. C.; Jerome, K. R.; Kuypers, J. M.";UW, Lab Medicine;Homo sapiens;14981;2017-05-28;PP_001H0G0;MF001039.1;Automated Ingest from INSDC/NCBI Virus by Loculus;OPEN;https://pathoplexus.org/about/terms-of-use/open-data;;0.988440065681445;;;MF001039.1;;;1O1;0;4
PP_001H0JV.2;A.3.1.1;2015;USA;;"Greninger, A. L.; Makhsous, N.; Kuypers, J.; Shean, R. C.; Jerome, K. R.; Kuypers, J. M.";UW, Lab Medicine;Homo sapiens;15117;2017-05-28;PP_001H0JV;MF001043.1;Automated Ingest from INSDC/NCBI Virus by Loculus;OPEN;https://pathoplexus.org/about/terms-of-use/open-data;;0.9976354679802956;;;MF001043.1;;;6A7;0;0
PP_001H0MP.2;A.3.1.1;2015;USA;;"Greninger, A. L.; Makhsous, N.; Kuypers, J.; Shean, R. C.; Jerome, K. R.; Kuypers, J. M.";UW, Lab Medicine;Homo sapiens;15137;2017-05-28;PP_001H0MP;MF001050.1;Automated Ingest from INSDC/NCBI Virus by Loculus;OPEN;https://pathoplexus.org/about/terms-of-use/open-data;;0.9988834154351396;;;MF001050.1;;;8P3;0;0
PP_001H0QH.2;A.3.1.1;2015;USA;;"Greninger, A. L.; Makhsous, N.; Kuypers, J.; Shean, R. C.; Jerome, K. R.; Kuypers, J. M.";UW, Lab Medicine;Homo sapiens;15083;2017-05-28;PP_001H0QH;MF001053.1;Automated Ingest from INSDC/NCBI Virus by Loculus;OPEN;https://pathoplexus.org/about/terms-of-use/open-data;;0.9973727422003285;;;MF001053.1;;;8Q1;0;3
PP_001H0SD.2;A.3.1.1;2015;USA;;"Greninger, A. L.; Makhsous, N.; Kuypers, J.; Shean, R. C.; Jerome, K. R.; Kuypers, J. M.";UW, Lab Medicine;Homo sapiens;15020;2017-05-28;PP_001H0SD;MF001056.1;Automated Ingest from INSDC/NCBI Virus by Loculus;OPEN;https://pathoplexus.org/about/terms-of-use/open-data;;0.9908045977011494;;;MF001056.1;;;8Q7;0;0
PP_001HKRW.1;A.D;2012-11;China;;"Cui, G.; Zhu, R.; Deng, J.; Zhao, L.; Sun, Y.; Wang, F.; Qian, Y.";"Capital Institute of Pediatrics, Beijing Key Laboratory of Etiology of Viral Diseases in Children; Laboratory of Virology";Homo sapiens;15231;2017-09-03;PP_001HKRW;MF614946.1;Automated Ingest from INSDC/NCBI Virus by Loculus;OPEN;https://pathoplexus.org/about/terms-of-use/open-data;;1.0;;;MF614946.1;;;BJ/40180;0;0
PP_001HKVN.2;A.3;2010;USA;;"Greninger, A. L.; Makhsous, N.; Kuypers, J.; Shean, R. C.; Jerome, K. R.; Kuypers, J. M.";UW, Lab Medicine;Homo sapiens;15196;2017-11-18;PP_001HKVN;MF973159.2;Automated Ingest from INSDC/NCBI Virus by Loculus;OPEN;https://pathoplexus.org/about/terms-of-use/open-data;SAMN34104464;1.0;;;MF973159.2;SRR24117174;;hRSV/A/Seattle/USA/7C3/2010;0;0
PP_001HRG9.1;A.2.1;2003;USA;;"Newman, R. M.; Zody, M. C.; DeVincenzo, J. P.; Grad, Y.; Lipsitch, M.; Murphy, R.; Fitzgerald, M.; Young, S.; Gargeya, S.; Poon, T. W.; Charlebois, P.; Weiner, B.; Yang, X.; Piper, M. E.; McCowan, C.; Ireland, A.; Levin, J.; Malboeuf, C.; Qu, J.; Chapman, S. B.; Murphy, C.; Wortman, J.; Nusbaum, C.; Birren, B.";Broad Institute, Infectious Disease Initiative;Homo sapiens;15334;2017-12-27;PP_001HRG9;MG027860.1;Automated Ingest from INSDC/NCBI Virus by Loculus;OPEN;https://pathoplexus.org/about/terms-of-use/open-data;SAMN06677517;0.9982922824302135;;;MG027860.1;SRR5408822;;RSV-A/US/BID-V8534/2003;0;22
PP_001HRJ4.1;A.2.1.1;2003;USA;;"Newman, R. M.; Zody, M. C.; DeVincenzo, J. P.; Grad, Y.; Lipsitch, M.; Murphy, R.; Fitzgerald, M.; Young, S.; Gargeya, S.; Poon, T. W.; Charlebois, P.; Weiner, B.; Yang, X.; Piper, M. E.; McCowan, C.; Ireland, A.; Levin, J.; Malboeuf, C.; Qu, J.; Chapman, S. B.; Murphy, C.; Wortman, J.; Nusbaum, C.; Birren, B.";Broad Institute, Infectious Disease Initiative;Homo sapiens;15171;2017-12-27;PP_001HRJ4;MG027862.1;Automated Ingest from INSDC/NCBI Virus by Loculus;OPEN;https://pathoplexus.org/about/terms-of-use/open-data;SAMN06677492;0.9992775041050903;;;MG027862.1;SRR5408827;;RSV-A/US/BID-V8392/2003;0;0
PP_001HRXC.1;A.3.1;2010-03-31;Brazil;;"Di Paola, N.; Cunha, M. P.; Oliveira, D. B. L.; Durigon, E.; Durigon, G. S.; Zanotto, P. M. A.";Institute of Biological Sciences, Universeity of Sao Paulo, Microbiology;Homo sapiens;15181;2017-12-26;PP_001HRXC;MG431255.1;Automated Ingest from INSDC/NCBI Virus by Loculus;OPEN;https://pathoplexus.org/about/terms-of-use/open-data;;1.0;;;MG431255.1;;;STA839;0;0
PP_001HRYA.2;A;1981;USA;Rochester, NY;"Shabman, R.; Fedorova, N.; Puri, V.; Shrivastava, S.; Amedeo, P.; Isom, R.; Hu, L.; Pickett, B.; Novotny, M.; Durbin, A.; Rocchi, I.; Williams, T.; Hall, C. B.; Tesini, B. L.; Schnabel, K. C.; Walsh, E. E.; Caserta, M.";J. Craig Venter Institute;Homo sapiens;15110;2017-12-13;PP_001HRYA;MG642024.1;Automated Ingest from INSDC/NCBI Virus by Loculus;OPEN;https://pathoplexus.org/about/terms-of-use/open-data;;0.9965188834154352;;;MG642024.1;;;RSVA/Homo sapiens/USA/MCRSV_223/1981;0;0
PP_001HRZ8.2;A.3;1982;USA;Rochester, NY;"Shabman, R.; Fedorova, N.; Puri, V.; Shrivastava, S.; Amedeo, P.; Isom, R.; Hu, L.; Pickett, B.; Novotny, M.; Durbin, A.; Rocchi, I.; Williams, T.; Hall, C. B.; Tesini, B. L.; Schnabel, K. C.; Walsh, E. E.; Caserta, M.";J. Craig Venter Institute;Homo sapiens;15109;2017-12-13;PP_001HRZ8;MG642026.1;Automated Ingest from INSDC/NCBI Virus by Loculus;OPEN;https://pathoplexus.org/about/terms-of-use/open-data;;0.9965845648604269;;;MG642026.1;;;RSVA/Homo sapiens/USA/MCRSV_233/1982;0;0
PP_001HS06.2;A;1980;USA;Rochester, NY;"Shabman, R.; Fedorova, N.; Puri, V.; Shrivastava, S.; Amedeo, P.; Isom, R.; Hu, L.; Pickett, B.; Novotny, M.; Durbin, A.; Rocchi, I.; Williams, T.; Hall, C. B.; Tesini, B. L.; Schnabel, K. C.; Walsh, E. E.; Caserta, M.";J. Craig Venter Institute;Homo sapiens;15111;2017-12-13;PP_001HS06;MG642028.1;Automated Ingest from INSDC/NCBI Virus by Loculus;OPEN;https://pathoplexus.org/about/terms-of-use/open-data;;0.9965188834154352;;;MG642028.1;;;RSVA/Homo sapiens/USA/MCRSV_220/1980;0;0
PP_001HS14.2;A.3;1988;USA;Rochester, NY;"Shabman, R.; Fedorova, N.; Puri, V.; Shrivastava, S.; Amedeo, P.; Isom, R.; Hu, L.; Pickett, B.; Novotny, M.; Durbin, A.; Rocchi, I.; Williams, T.; Hall, C. B.; Tesini, B. L.; Schnabel, K. C.; Walsh, E. E.; Caserta, M.";J. Craig Venter Institute;Homo sapiens;15108;2017-12-13;PP_001HS14;MG642030.1;Automated Ingest from INSDC/NCBI Virus by Loculus;OPEN;https://pathoplexus.org/about/terms-of-use/open-data;;0.9965845648604269;;;MG642030.1;;;RSVA/Homo sapiens/USA/MCRSV_256/1988;0;0
PP_001HS22.2;A.2;1982;USA;Rochester, NY;"Shabman, R.; Fedorova, N.; Puri, V.; Shrivastava, S.; Amedeo, P.; Isom, R.; Hu, L.; Pickett, B.; Novotny, M.; Durbin, A.; Rocchi, I.; Williams, T.; Hall, C. B.; Tesini, B. L.; Schnabel, K. C.; Walsh, E. E.; Caserta, M.";J. Craig Venter Institute;Homo sapiens;15111;2017-12-13;PP_001HS22;MG642031.1;Automated Ingest from INSDC/NCBI Virus by Loculus;OPEN;https://pathoplexus.org/about/terms-of-use/open-data;;0.9965845648604269;;;MG642031.1;;;RSVA/Homo sapiens/USA/MCRSV_236/1982;0;0
PP_001HS30.2;A;1980;USA;Rochester, NY;"Shabman, R.; Fedorova, N.; Puri, V.; Shrivastava, S.; Amedeo, P.; Isom, R.; Hu, L.; Pickett, B.; Novotny, M.; Durbin, A.; Rocchi, I.; Williams, T.; Hall, C. B.; Tesini, B. L.; Schnabel, K. C.; Walsh, E. E.; Caserta, M.";J. Craig Venter Institute;Homo sapiens;15111;2017-12-13;PP_001HS30;MG642032.1;Automated Ingest from INSDC/NCBI Virus by Loculus;OPEN;https://pathoplexus.org/about/terms-of-use/open-data;;0.9965188834154352;;;MG642032.1;;;RSVA/Homo sapiens/USA/MCRSV_221/1980;0;0
PP_001HS4Y.2;A.3;1994;USA;Rochester, NY;"Shabman, R.; Fedorova, N.; Puri, V.; Shrivastava, S.; Amedeo, P.; Isom, R.; Hu, L.; Pickett, B.; Novotny, M.; Durbin, A.; Rocchi, I.; Williams, T.; Hall, C. B.; Tesini, B. L.; Schnabel, K. C.; Walsh, E. E.; Caserta, M.";J. Craig Venter Institute;Homo sapiens;15112;2017-12-13;PP_001HS4Y;MG642033.1;Automated Ingest from INSDC/NCBI Virus by Loculus;OPEN;https://pathoplexus.org/about/terms-of-use/open-data;;0.9965845648604269;;;MG642033.1;;;RSVA/Homo sapiens/USA/MCRSV_265/1994;0;0
PP_001HS5W.2;A.3;1985;USA;Rochester, NY;"Shabman, R.; Fedorova, N.; Puri, V.; Shrivastava, S.; Amedeo, P.; Isom, R.; Hu, L.; Pickett, B.; Novotny, M.; Durbin, A.; Rocchi, I.; Williams, T.; Hall, C. B.; Tesini, B. L.; Schnabel, K. C.; Walsh, E. E.; Caserta, M.";J. Craig Venter Institute;Homo sapiens;15109;2017-12-13;PP_001HS5W;MG642034.1;Automated Ingest from INSDC/NCBI Virus by Loculus;OPEN;https://pathoplexus.org/about/terms-of-use/open-data;;0.9965845648604269;;;MG642034.1;;;RSVA/Homo sapiens/USA/MCRSV_244/1985;0;0
PP_001HS6U.2;A.3;1984;USA;Rochester, NY;"Shabman, R.; Fedorova, N.; Puri, V.; Shrivastava, S.; Amedeo, P.; Isom, R.; Hu, L.; Pickett, B.; Novotny, M.; Durbin, A.; Rocchi, I.; Williams, T.; Hall, C. B.; Tesini, B. L.; Schnabel, K. C.; Walsh, E. E.; Caserta, M.";J. Craig Venter Institute;Homo sapiens;15112;2017-12-13;PP_001HS6U;MG642035.1;Automated Ingest from INSDC/NCBI Virus by Loculus;OPEN;https://pathoplexus.org/about/terms-of-use/open-data;;0.9965845648604269;;;MG642035.1;;;RSVA/Homo sapiens/USA/MCRSV_240/1984;0;0
PP_001HS7S.2;A.1;1985;USA;Rochester, NY;"Shabman, R.; Fedorova, N.; Puri, V.; Shrivastava, S.; Amedeo, P.; Isom, R.; Hu, L.; Pickett, B.; Novotny, M.; Durbin, A.; Rocchi, I.; Williams, T.; Hall, C. B.; Tesini, B. L.; Schnabel, K. C.; Walsh, E. E.; Caserta, M.";J. Craig Venter Institute;Homo sapiens;15111;2017-12-13;PP_001HS7S;MG642038.1;Automated Ingest from INSDC/NCBI Virus by Loculus;OPEN;https://pathoplexus.org/about/terms-of-use/open-data;;0.9963875205254515;;;MG642038.1;;;RSVA/Homo sapiens/USA/MCRSV_246/1985;0;0
PP_001HS8Q.2;A;1980;USA;Rochester, NY;"Shabman, R.; Fedorova, N.; Puri, V.; Shrivastava, S.; Amedeo, P.; Isom, R.; Hu, L.; Pickett, B.; Novotny, M.; Durbin, A.; Rocchi, I.; Williams, T.; Hall, C. B.; Tesini, B. L.; Schnabel, K. C.; Walsh, E. E.; Caserta, M.";J. Craig Venter Institute;Homo sapiens;15111;2017-12-13;PP_001HS8Q;MG642040.1;Automated Ingest from INSDC/NCBI Virus by Loculus;OPEN;https://pathoplexus.org/about/terms-of-use/open-data;;0.9965188834154352;;;MG642040.1;;;RSVA/Homo sapiens/USA/MCRSV_214/1980;0;0
PP_001HSAL.2;A.2;1990;USA;Rochester, NY;"Shabman, R.; Fedorova, N.; Puri, V.; Shrivastava, S.; Amedeo, P.; Isom, R.; Hu, L.; Pickett, B.; Novotny, M.; Durbin, A.; Rocchi, I.; Williams, T.; Hall, C. B.; Tesini, B. L.; Schnabel, K. C.; Walsh, E. E.; Caserta, M.";J. Craig Venter Institute;Homo sapiens;15110;2017-12-13;PP_001HSAL;MG642048.1;Automated Ingest from INSDC/NCBI Virus by Loculus;OPEN;https://pathoplexus.org/about/terms-of-use/open-data;;0.9965845648604269;;;MG642048.1;;;RSVA/Homo sapiens/USA/MCRSV_258/1990;0;0
PP_001HSBJ.2;A.3;1994;USA;Rochester, NY;"Shabman, R.; Fedorova, N.; Puri, V.; Shrivastava, S.; Amedeo, P.; Isom, R.; Hu, L.; Pickett, B.; Novotny, M.; Durbin, A.; Rocchi, I.; Williams, T.; Hall, C. B.; Tesini, B. L.; Schnabel, K. C.; Walsh, E. E.; Caserta, M.";J. Craig Venter Institute;Homo sapiens;15114;2017-12-13;PP_001HSBJ;MG642050.1;Automated Ingest from INSDC/NCBI Virus by Loculus;OPEN;https://pathoplexus.org/about/terms-of-use/open-data;;0.9965845648604269;;;MG642050.1;;;RSVA/Homo sapiens/USA/MCRSV_261/1994;0;0
PP_001HSCG.2;A.2;1994;USA;Rochester, NY;"Shabman, R.; Fedorova, N.; Puri, V.; Shrivastava, S.; Amedeo, P.; Isom, R.; Hu, L.; Pickett, B.; Novotny, M.; Durbin, A.; Rocchi, I.; Williams, T.; Hall, C. B.; Tesini, B. L.; Schnabel, K. C.; Walsh, E. E.; Caserta, M.";J. Craig Venter Institute;Homo sapiens;15117;2017-12-13;PP_001HSCG;MG642052.1;Automated Ingest from INSDC/NCBI Virus by Loculus;OPEN;https://pathoplexus.org/about/terms-of-use/open-data;;0.9965845648604269;;;MG642052.1;;;RSVA/Homo sapiens/USA/MCRSV_263/1994;0;0
PP_001HSDE.2;A.2;1990;USA;Rochester, NY;"Shabman, R.; Fedorova, N.; Puri, V.; Shrivastava, S.; Amedeo, P.; Isom, R.; Hu, L.; Pickett, B.; Novotny, M.; Durbin, A.; Rocchi, I.; Williams, T.; Hall, C. B.; Tesini, B. L.; Schnabel, K. C.; Walsh, E. E.; Caserta, M.";J. Craig Venter Institute;Homo sapiens;15109;2017-12-13;PP_001HSDE;MG642055.1;Automated Ingest from INSDC/NCBI Virus by Loculus;OPEN;https://pathoplexus.org/about/terms-of-use/open-data;;0.9965845648604269;;;MG642055.1;;;RSVA/Homo sapiens/USA/MCRSV_259/1990;0;0
PP_001HSEC.2;A.3;1982;USA;Rochester, NY;"Shabman, R.; Fedorova, N.; Puri, V.; Shrivastava, S.; Amedeo, P.; Isom, R.; Hu, L.; Pickett, B.; Novotny, M.; Durbin, A.; Rocchi, I.; Williams, T.; Hall, C. B.; Tesini, B. L.; Schnabel, K. C.; Walsh, E. E.; Caserta, M.";J. Craig Venter Institute;Homo sapiens;15109;2017-12-13;PP_001HSEC;MG642056.1;Automated Ingest from INSDC/NCBI Virus by Loculus;OPEN;https://pathoplexus.org/about/terms-of-use/open-data;;0.9965845648604269;;;MG642056.1;;;RSVA/Homo sapiens/USA/MCRSV_229/1982;0;0
PP_001HSFA.2;A;1980;USA;Rochester, NY;"Shabman, R.; Fedorova, N.; Puri, V.; Shrivastava, S.; Amedeo, P.; Isom, R.; Hu, L.; Pickett, B.; Novotny, M.; Durbin, A.; Rocchi, I.; Williams, T.; Hall, C. B.; Tesini, B. L.; Schnabel, K. C.; Walsh, E. E.; Caserta, M.";J. Craig Venter Institute;Homo sapiens;15111;2017-12-13;PP_001HSFA;MG642058.1;Automated Ingest from INSDC/NCBI Virus by Loculus;OPEN;https://pathoplexus.org/about/terms-of-use/open-data;;0.9965188834154352;;;MG642058.1;;;RSVA/Homo sapiens/USA/MCRSV_218/1980;0;0
PP_001HSG8.2;A.1;1980;USA;Rochester, NY;"Shabman, R.; Fedorova, N.; Puri, V.; Shrivastava, S.; Amedeo, P.; Isom, R.; Hu, L.; Pickett, B.; Novotny, M.; Durbin, A.; Rocchi, I.; Williams, T.; Hall, C. B.; Tesini, B. L.; Schnabel, K. C.; Walsh, E. E.; Caserta, M.";J. Craig Venter Institute;Homo sapiens;15120;2017-12-13;PP_001HSG8;MG642060.1;Automated Ingest from INSDC/NCBI Virus by Loculus;OPEN;https://pathoplexus.org/about/terms-of-use/open-data;;0.9963875205254515;;;MG642060.1;;;RSVA/Homo sapiens/USA/MCRSV_211/1980;0;0
PP_001HSH5.2;A.2;1994;USA;Rochester, NY;"Shabman, R.; Fedorova, N.; Puri, V.; Shrivastava, S.; Amedeo, P.; Isom, R.; Hu, L.; Pickett, B.; Novotny, M.; Durbin, A.; Rocchi, I.; Williams, T.; Hall, C. B.; Tesini, B. L.; Schnabel, K. C.; Walsh, E. E.; Caserta, M.";J. Craig Venter Institute;Homo sapiens;15117;2017-12-13;PP_001HSH5;MG642061.1;Automated Ingest from INSDC/NCBI Virus by Loculus;OPEN;https://pathoplexus.org/about/terms-of-use/open-data;;0.9965845648604269;;;MG642061.1;;;RSVA/Homo sapiens/USA/MCRSV_262/1994;0;0
PP_001HSJ3.2;A.3;1982;USA;Rochester, NY;"Shabman, R.; Fedorova, N.; Puri, V.; Shrivastava, S.; Amedeo, P.; Isom, R.; Hu, L.; Pickett, B.; Novotny, M.; Durbin, A.; Rocchi, I.; Williams, T.; Hall, C. B.; Tesini, B. L.; Schnabel, K. C.; Walsh, E. E.; Caserta, M.";J. Craig Venter Institute;Homo sapiens;15110;2017-12-13;PP_001HSJ3;MG642063.1;Automated Ingest from INSDC/NCBI Virus by Loculus;OPEN;https://pathoplexus.org/about/terms-of-use/open-data;;0.9965845648604269;;;MG642063.1;;;RSVA/Homo sapiens/USA/MCRSV_226/1982;0;0
PP_001HSK1.2;A.1;1987;USA;Rochester, NY;"Shabman, R.; Fedorova, N.; Puri, V.; Shrivastava, S.; Amedeo, P.; Isom, R.; Hu, L.; Pickett, B.; Novotny, M.; Durbin, A.; Rocchi, I.; Williams, T.; Hall, C. B.; Tesini, B. L.; Schnabel, K. C.; Walsh, E. E.; Caserta, M.";J. Craig Venter Institute;Homo sapiens;15112;2017-12-13;PP_001HSK1;MG642067.1;Automated Ingest from INSDC/NCBI Virus by Loculus;OPEN;https://pathoplexus.org/about/terms-of-use/open-data;;0.9964532019704434;;;MG642067.1;;;RSVA/Homo sapiens/USA/MCRSV_254/1987;0;0
PP_001HSLZ.2;A.1;1985;USA;Rochester, NY;"Shabman, R.; Fedorova, N.; Puri, V.; Shrivastava, S.; Amedeo, P.; Isom, R.; Hu, L.; Pickett, B.; Novotny, M.; Durbin, A.; Rocchi, I.; Williams, T.; Hall, C. B.; Tesini, B. L.; Schnabel, K. C.; Walsh, E. E.; Caserta, M.";J. Craig Venter Institute;Homo sapiens;15112;2017-12-13;PP_001HSLZ;MG642069.1;Automated Ingest from INSDC/NCBI Virus by Loculus;OPEN;https://pathoplexus.org/about/terms-of-use/open-data;;0.9963875205254515;;;MG642069.1;;;RSVA/Homo sapiens/USA/MCRSV_245/1985;0;0
PP_001HSMX.2;A.3;1986;USA;Rochester, NY;"Shabman, R.; Fedorova, N.; Puri, V.; Shrivastava, S.; Amedeo, P.; Isom, R.; Hu, L.; Pickett, B.; Novotny, M.; Durbin, A.; Rocchi, I.; Williams, T.; Hall, C. B.; Tesini, B. L.; Schnabel, K. C.; Walsh, E. E.; Caserta, M.";J. Craig Venter Institute;Homo sapiens;15107;2017-12-13;PP_001HSMX;MG642070.1;Automated Ingest from INSDC/NCBI Virus by Loculus;OPEN;https://pathoplexus.org/about/terms-of-use/open-data;;0.9965845648604269;;;MG642070.1;;;RSVA/Homo sapiens/USA/MCRSV_247/1986;0;0
PP_001HSNV.2;A.3;1984;USA;Rochester, NY;"Shabman, R.; Fedorova, N.; Puri, V.; Shrivastava, S.; Amedeo, P.; Isom, R.; Hu, L.; Pickett, B.; Novotny, M.; Durbin, A.; Rocchi, I.; Williams, T.; Hall, C. B.; Tesini, B. L.; Schnabel, K. C.; Walsh, E. E.; Caserta, M.";J. Craig Venter Institute;Homo sapiens;15112;2017-12-13;PP_001HSNV;MG642071.1;Automated Ingest from INSDC/NCBI Virus by Loculus;OPEN;https://pathoplexus.org/about/terms-of-use/open-data;;0.9965845648604269;;;MG642071.1;;;RSVA/Homo sapiens/USA/MCRSV_238/1984;0;0
PP_001HSQR.2;A;1980;USA;Rochester, NY;"Shabman, R.; Fedorova, N.; Puri, V.; Shrivastava, S.; Amedeo, P.; Isom, R.; Hu, L.; Pickett, B.; Novotny, M.; Durbin, A.; Rocchi, I.; Williams, T.; Hall, C. B.; Tesini, B. L.; Schnabel, K. C.; Walsh, E. E.; Caserta, M.";J. Craig Venter Institute;Homo sapiens;15117;2017-12-13;PP_001HSQR;MG642074.1;Automated Ingest from INSDC/NCBI Virus by Loculus;OPEN;https://pathoplexus.org/about/terms-of-use/open-data;;0.9965845648604269;;;MG642074.1;;;RSVA/Homo sapiens/USA/MCRSV_209/1980;0;0
PP_001HSRP.2;A.1;1986;USA;Rochester, NY;"Shabman, R.; Fedorova, N.; Puri, V.; Shrivastava, S.; Amedeo, P.; Isom, R.; Hu, L.; Pickett, B.; Novotny, M.; Durbin, A.; Rocchi, I.; Williams, T.; Hall, C. B.; Tesini, B. L.; Schnabel, K. C.; Walsh, E. E.; Caserta, M.";J. Craig Venter Institute;Homo sapiens;15113;2017-12-13;PP_001HSRP;MG642075.1;Automated Ingest from INSDC/NCBI Virus by Loculus;OPEN;https://pathoplexus.org/about/terms-of-use/open-data;;0.9963875205254515;;;MG642075.1;;;RSVA/Homo sapiens/USA/MCRSV_248/1986;0;0
PP_001HSSM.2;A.3;1987;USA;Rochester, NY;"Shabman, R.; Fedorova, N.; Puri, V.; Shrivastava, S.; Amedeo, P.; Isom, R.; Hu, L.; Pickett, B.; Novotny, M.; Durbin, A.; Rocchi, I.; Williams, T.; Hall, C. B.; Tesini, B. L.; Schnabel, K. C.; Walsh, E. E.; Caserta, M.";J. Craig Venter Institute;Homo sapiens;15112;2017-12-13;PP_001HSSM;MG642077.1;Automated Ingest from INSDC/NCBI Virus by Loculus;OPEN;https://pathoplexus.org/about/terms-of-use/open-data;;0.9965188834154352;;;MG642077.1;;;RSVA/Homo sapiens/USA/MCRSV_250/1987;0;0
PP_001HSTK.2;A.2;1982;USA;Rochester, NY;"Shabman, R.; Fedorova, N.; Puri, V.; Shrivastava, S.; Amedeo, P.; Isom, R.; Hu, L.; Pickett, B.; Novotny, M.; Durbin, A.; Rocchi, I.; Williams, T.; Hall, C. B.; Tesini, B. L.; Schnabel, K. C.; Walsh, E. E.; Caserta, M.";J. Craig Venter Institute;Homo sapiens;15111;2017-12-13;PP_001HSTK;MG642079.1;Automated Ingest from INSDC/NCBI Virus by Loculus;OPEN;https://pathoplexus.org/about/terms-of-use/open-data;;0.9965845648604269;;;MG642079.1;;;RSVA/Homo sapiens/USA/MCRSV_237/1982;0;0
PP_001HSUH.2;A.3;1994;USA;Rochester, NY;"Shabman, R.; Fedorova, N.; Puri, V.; Shrivastava, S.; Amedeo, P.; Isom, R.; Hu, L.; Pickett, B.; Novotny, M.; Durbin, A.; Rocchi, I.; Williams, T.; Hall, C. B.; Tesini, B. L.; Schnabel, K. C.; Walsh, E. E.; Caserta, M.";J. Craig Venter Institute;Homo sapiens;15114;2017-12-13;PP_001HSUH;MG642080.1;Automated Ingest from INSDC/NCBI Virus by Loculus;OPEN;https://pathoplexus.org/about/terms-of-use/open-data;;0.9965845648604269;;;MG642080.1;;;RSVA/Homo sapiens/USA/MCRSV_264/1994;0;0
PP_001HSVF.2;A.3;1982;USA;Rochester, NY;"Shabman, R.; Fedorova, N.; Puri, V.; Shrivastava, S.; Amedeo, P.; Isom, R.; Hu, L.; Pickett, B.; Novotny, M.; Durbin, A.; Rocchi, I.; Williams, T.; Hall, C. B.; Tesini, B. L.; Schnabel, K. C.; Walsh, E. E.; Caserta, M.";J. Craig Venter Institute;Homo sapiens;15109;2017-12-13;PP_001HSVF;MG642081.1;Automated Ingest from INSDC/NCBI Virus by Loculus;OPEN;https://pathoplexus.org/about/terms-of-use/open-data;;0.9965845648604269;;;MG642081.1;;;RSVA/Homo sapiens/USA/MCRSV_235/1982;0;0
PP_001HSWD.2;A.2;1987;USA;Rochester, NY;"Shabman, R.; Fedorova, N.; Puri, V.; Shrivastava, S.; Amedeo, P.; Isom, R.; Hu, L.; Pickett, B.; Novotny, M.; Durbin, A.; Rocchi, I.; Williams, T.; Hall, C. B.; Tesini, B. L.; Schnabel, K. C.; Walsh, E. E.; Caserta, M.";J. Craig Venter Institute;Homo sapiens;15106;2017-12-13;PP_001HSWD;MG642083.1;Automated Ingest from INSDC/NCBI Virus by Loculus;OPEN;https://pathoplexus.org/about/terms-of-use/open-data;;0.9965845648604269;;;MG642083.1;;;RSVA/Homo sapiens/USA/MCRSV_253/1987;0;0
PP_001HT21.1;A.D;2013-01-11;USA;;"Piedra, F.-A.; Qiu, X.; Avadhanula, V.; Machado, A. A.; Kim, D.-K.; Hixson, J.; Bahl, J.; Piedra, P. A.";School of Public Health, University of Texas Health Science Center, Center for Infectious Diseases;Homo sapiens;15079;2020-01-17;PP_001HT21;MG813977.1;Automated Ingest from INSDC/NCBI Virus by Loculus;OPEN;https://pathoplexus.org/about/terms-of-use/open-data;;0.9902791461412151;;;MG813977.1;;;A-TX-1043-2013-WGS;3;0
PP_001HT8P.1;A.D;2012-11-06;USA;;"Piedra, F.-A.; Qiu, X.; Avadhanula, V.; Machado, A. A.; Kim, D.-K.; Hixson, J.; Bahl, J.; Piedra, P. A.";School of Public Health, University of Texas Health Science Center, Center for Infectious Diseases;Homo sapiens;15079;2020-01-17;PP_001HT8P;MG813983.1;Automated Ingest from INSDC/NCBI Virus by Loculus;OPEN;https://pathoplexus.org/about/terms-of-use/open-data;;0.9904761904761905;;;MG813983.1;;;A-TX-032b-2012-WGS;0;0
PP_001HT9M.1;A.D;2014-11-24;USA;;"Piedra, F.-A.; Qiu, X.; Avadhanula, V.; Machado, A. A.; Kim, D.-K.; Hixson, J.; Bahl, J.; Piedra, P. A.";School of Public Health, University of Texas Health Science Center, Center for Infectious Diseases;Homo sapiens;15080;2020-01-17;PP_001HT9M;MG813984.1;Automated Ingest from INSDC/NCBI Virus by Loculus;OPEN;https://pathoplexus.org/about/terms-of-use/open-data;;0.9904761904761905;;;MG813984.1;;;A-TX-010a-2014-WGS;0;0
PP_001HTAK.1;A.D;2014-11-24;USA;;"Piedra, F.-A.; Qiu, X.; Avadhanula, V.; Machado, A. A.; Kim, D.-K.; Hixson, J.; Bahl, J.; Piedra, P. A.";School of Public Health, University of Texas Health Science Center, Center for Infectious Diseases;Homo sapiens;15080;2020-01-17;PP_001HTAK;MG813985.1;Automated Ingest from INSDC/NCBI Virus by Loculus;OPEN;https://pathoplexus.org/about/terms-of-use/open-data;;0.9904761904761905;;;MG813985.1;;;A-TX-010b-2014-WGS;0;0
PP_001HTBH.1;A.D;2015;USA;;"Piedra, F.-A.; Qiu, X.; Avadhanula, V.; Machado, A. A.; Kim, D.-K.; Hixson, J.; Bahl, J.; Piedra, P. A.";School of Public Health, University of Texas Health Science Center, Center for Infectious Diseases;Homo sapiens;15081;2020-01-17;PP_001HTBH;MG813986.1;Automated Ingest from INSDC/NCBI Virus by Loculus;OPEN;https://pathoplexus.org/about/terms-of-use/open-data;;0.9877832512315271;;;MG813986.1;;;A-TX-012a-2015-WGS;0;41
PP_001HTEB.1;A.1;1989;USA;;"Piedra, F.-A.; Qiu, X.; Avadhanula, V.; Machado, A. A.; Kim, D.-K.; Hixson, J.; Bahl, J.; Piedra, P. A.";School of Public Health, University of Texas Health Science Center, Center for Infectious Diseases;Homo sapiens;15022;2020-01-17;PP_001HTEB;MG813989.1;Automated Ingest from INSDC/NCBI Virus by Loculus;OPEN;https://pathoplexus.org/about/terms-of-use/open-data;;0.9903448275862069;;;MG813989.1;;;A-TX-Tracy-1989-WGS;2;0
PP_001HTG7.1;A.D;2012-03-07;USA;;"Piedra, F.-A.; Qiu, X.; Avadhanula, V.; Machado, A. A.; Kim, D.-K.; Hixson, J.; Bahl, J.; Piedra, P. A.";School of Public Health, University of Texas Health Science Center, Center for Infectious Diseases;Homo sapiens;15080;2020-01-17;PP_001HTG7;MG813991.1;Automated Ingest from INSDC/NCBI Virus by Loculus;OPEN;https://pathoplexus.org/about/terms-of-use/open-data;;0.9904761904761905;;;MG813991.1;;;A-TX-018b-2012-WGS;0;0
PP_001HTK0.1;A.D;2015-06-10;Argentina;;"Goya, S.; Valinotto, L. E.; Tittarelli, E.; Rojo, G. L.; Nabaes Jodar, M. S.; Greninger, A. L.; Zaiat, J. J.; Marti, M. A.; Mistchenko, A. S.; Viegas, M.";Ricardo Gutierrez Children's Hospital, Virology Laboratory;Homo sapiens;15221;2018-07-25;PP_001HTK0;MG839543.1;Automated Ingest from INSDC/NCBI Virus by Loculus;OPEN;https://pathoplexus.org/about/terms-of-use/open-data;;0.9993431855500821;;;MG839543.1;;;HRSV/A/BuenosAires/ARG/012/2015;5;0
PP_001JDZJ.1;A.3.1;2011-12-28;Kenya;;"Otieno, J. R.; Kamau, E. M.; Oketch, J. W.; Ngoi, J. M.; Gichuki, A. M.; Binter, S.; Otieno, G. P.; Ngama, M.; Agoti, C. N.; Cane, P. A.; Kellam, P.; Cotten, M.; Lemey, P.; Nokes, D. J.";KEMRI-Wellcome Trust Research Programme, Epidemiology and Demography Department;Homo sapiens;14912;2018-09-28;PP_001JDZJ;MH181878.1;Automated Ingest from INSDC/NCBI Virus by Loculus;OPEN;https://pathoplexus.org/about/terms-of-use/open-data;;0.9841050903119869;;;MH181878.1;;;KEN/KILIFI/WGS/1022_28/12/2011;0;0
PP_001JE3A.1;A.3.1;2012-03-03;Kenya;;"Otieno, J. R.; Kamau, E. M.; Oketch, J. W.; Ngoi, J. M.; Gichuki, A. M.; Binter, S.; Otieno, G. P.; Ngama, M.; Agoti, C. N.; Cane, P. A.; Kellam, P.; Cotten, M.; Lemey, P.; Nokes, D. J.";KEMRI-Wellcome Trust Research Programme, Epidemiology and Demography Department;Homo sapiens;14903;2018-09-28;PP_001JE3A;MH181882.1;Automated Ingest from INSDC/NCBI Virus by Loculus;OPEN;https://pathoplexus.org/about/terms-of-use/open-data;;0.9808866995073892;;;MH181882.1;;;KEN/KILIFI/WGS/1029_03/03/2012;0;43
PP_001JE9Y.1;A.3.1;2012-04-15;Kenya;;"Otieno, J. R.; Kamau, E. M.; Oketch, J. W.; Ngoi, J. M.; Gichuki, A. M.; Binter, S.; Otieno, G. P.; Ngama, M.; Agoti, C. N.; Cane, P. A.; Kellam, P.; Cotten, M.; Lemey, P.; Nokes, D. J.";KEMRI-Wellcome Trust Research Programme, Epidemiology and Demography Department;Homo sapiens;14697;2018-09-28;PP_001JE9Y;MH181888.1;Automated Ingest from INSDC/NCBI Virus by Loculus;OPEN;https://pathoplexus.org/about/terms-of-use/open-data;;0.9697865353037767;;;MH181888.1;;;KEN/KILIFI/WGS/1047_15/04/2012;0;0
PP_001JEBU.1;A.3.1;2012-04-17;Kenya;;"Otieno, J. R.; Kamau, E. M.; Oketch, J. W.; Ngoi, J. M.; Gichuki, A. M.; Binter, S.; Otieno, G. P.; Ngama, M.; Agoti, C. N.; Cane, P. A.; Kellam, P.; Cotten, M.; Lemey, P.; Nokes, D. J.";KEMRI-Wellcome Trust Research Programme, Epidemiology and Demography Department;Homo sapiens;14876;2018-09-28;PP_001JEBU;MH181890.1;Automated Ingest from INSDC/NCBI Virus by Loculus;OPEN;https://pathoplexus.org/about/terms-of-use/open-data;;0.9768144499178982;;;MH181890.1;;;KEN/KILIFI/WGS/1049_17/04/2012;0;76
PP_001JEM7.1;A.3.1.1;2013-02-07;Kenya;;"Otieno, J. R.; Kamau, E. M.; Oketch, J. W.; Ngoi, J. M.; Gichuki, A. M.; Binter, S.; Otieno, G. P.; Ngama, M.; Agoti, C. N.; Cane, P. A.; Kellam, P.; Cotten, M.; Lemey, P.; Nokes, D. J.";KEMRI-Wellcome Trust Research Programme, Epidemiology and Demography Department;Homo sapiens;14978;2018-09-28;PP_001JEM7;MH181900.1;Automated Ingest from INSDC/NCBI Virus by Loculus;OPEN;https://pathoplexus.org/about/terms-of-use/open-data;;0.9885714285714285;;;MH181900.1;;;KEN/KILIFI/WGS/1149_07/02/2013;0;0
PP_001JEP3.1;A.3.1;2013-05-24;Kenya;;"Otieno, J. R.; Kamau, E. M.; Oketch, J. W.; Ngoi, J. M.; Gichuki, A. M.; Binter, S.; Otieno, G. P.; Ngama, M.; Agoti, C. N.; Cane, P. A.; Kellam, P.; Cotten, M.; Lemey, P.; Nokes, D. J.";KEMRI-Wellcome Trust Research Programme, Epidemiology and Demography Department;Homo sapiens;14981;2018-09-28;PP_001JEP3;MH181902.1;Automated Ingest from INSDC/NCBI Virus by Loculus;OPEN;https://pathoplexus.org/about/terms-of-use/open-data;;0.9885714285714285;;;MH181902.1;;;KEN/KILIFI/WGS/1159_24/05/2013;0;0
PP_001JEQ1.1;A.3.1;2013-05-31;Kenya;;"Otieno, J. R.; Kamau, E. M.; Oketch, J. W.; Ngoi, J. M.; Gichuki, A. M.; Binter, S.; Otieno, G. P.; Ngama, M.; Agoti, C. N.; Cane, P. A.; Kellam, P.; Cotten, M.; Lemey, P.; Nokes, D. J.";KEMRI-Wellcome Trust Research Programme, Epidemiology and Demography Department;Homo sapiens;14765;2018-09-28;PP_001JEQ1;MH181903.1;Automated Ingest from INSDC/NCBI Virus by Loculus;OPEN;https://pathoplexus.org/about/terms-of-use/open-data;;0.9528407224958949;;;MH181903.1;;;KEN/KILIFI/WGS/1160_31/05/2013;1;330
PP_001JEUT.1;A.3.1.1;2015-04-17;Kenya;;"Otieno, J. R.; Kamau, E. M.; Oketch, J. W.; Ngoi, J. M.; Gichuki, A. M.; Binter, S.; Otieno, G. P.; Ngama, M.; Agoti, C. N.; Cane, P. A.; Kellam, P.; Cotten, M.; Lemey, P.; Nokes, D. J.";KEMRI-Wellcome Trust Research Programme, Epidemiology and Demography Department;Homo sapiens;14725;2018-09-28;PP_001JEUT;MH181907.1;Automated Ingest from INSDC/NCBI Virus by Loculus;OPEN;https://pathoplexus.org/about/terms-of-use/open-data;;0.9720853858784894;;;MH181907.1;;;KEN/KILIFI/WGS/1322_17/04/2014;0;0
PP_001JEVR.1;A.D;2012-02-13;Kenya;;"Otieno, J. R.; Kamau, E. M.; Oketch, J. W.; Ngoi, J. M.; Gichuki, A. M.; Binter, S.; Otieno, G. P.; Ngama, M.; Agoti, C. N.; Cane, P. A.; Kellam, P.; Cotten, M.; Lemey, P.; Nokes, D. J.";KEMRI-Wellcome Trust Research Programme, Epidemiology and Demography Department;Homo sapiens;15168;2018-09-28;PP_001JEVR;MH181908.1;Automated Ingest from INSDC/NCBI Virus by Loculus;OPEN;https://pathoplexus.org/about/terms-of-use/open-data;;0.9962561576354679;;;MH181908.1;;;KEN/KILIFI/WGS/1025_13/02/2012;0;0
PP_001JEWP.1;A.D;2012-03-07;Kenya;;"Otieno, J. R.; Kamau, E. M.; Oketch, J. W.; Ngoi, J. M.; Gichuki, A. M.; Binter, S.; Otieno, G. P.; Ngama, M.; Agoti, C. N.; Cane, P. A.; Kellam, P.; Cotten, M.; Lemey, P.; Nokes, D. J.";KEMRI-Wellcome Trust Research Programme, Epidemiology and Demography Department;Homo sapiens;15070;2018-09-28;PP_001JEWP;MH181909.1;Automated Ingest from INSDC/NCBI Virus by Loculus;OPEN;https://pathoplexus.org/about/terms-of-use/open-data;;0.9898193760262726;;;MH181909.1;;;KEN/KILIFI/WGS/1032_07/03/2012;0;0
PP_001JF55.1;A.D;2012-04-10;Kenya;;"Otieno, J. R.; Kamau, E. M.; Oketch, J. W.; Ngoi, J. M.; Gichuki, A. M.; Binter, S.; Otieno, G. P.; Ngama, M.; Agoti, C. N.; Cane, P. A.; Kellam, P.; Cotten, M.; Lemey, P.; Nokes, D. J.";KEMRI-Wellcome Trust Research Programme, Epidemiology and Demography Department;Homo sapiens;15164;2018-09-28;PP_001JF55;MH181918.1;Automated Ingest from INSDC/NCBI Virus by Loculus;OPEN;https://pathoplexus.org/about/terms-of-use/open-data;;0.9959934318555008;;;MH181918.1;;;KEN/KILIFI/WGS/1044_10/04/2012;0;0
PP_001JF71.1;A.D;2012-04-26;Kenya;;"Otieno, J. R.; Kamau, E. M.; Oketch, J. W.; Ngoi, J. M.; Gichuki, A. M.; Binter, S.; Otieno, G. P.; Ngama, M.; Agoti, C. N.; Cane, P. A.; Kellam, P.; Cotten, M.; Lemey, P.; Nokes, D. J.";KEMRI-Wellcome Trust Research Programme, Epidemiology and Demography Department;Homo sapiens;15116;2018-09-28;PP_001JF71;MH181920.1;Automated Ingest from INSDC/NCBI Virus by Loculus;OPEN;https://pathoplexus.org/about/terms-of-use/open-data;;0.992840722495895;;;MH181920.1;;;KEN/KILIFI/WGS/1053_26/04/2012;0;0
PP_001JF9X.1;A.D;2012-05-30;Kenya;;"Otieno, J. R.; Kamau, E. M.; Oketch, J. W.; Ngoi, J. M.; Gichuki, A. M.; Binter, S.; Otieno, G. P.; Ngama, M.; Agoti, C. N.; Cane, P. A.; Kellam, P.; Cotten, M.; Lemey, P.; Nokes, D. J.";KEMRI-Wellcome Trust Research Programme, Epidemiology and Demography Department;Homo sapiens;15049;2018-09-28;PP_001JF9X;MH181922.1;Automated Ingest from INSDC/NCBI Virus by Loculus;OPEN;https://pathoplexus.org/about/terms-of-use/open-data;;0.988440065681445;;;MH181922.1;;;KEN/KILIFI/WGS/1056_30/05/2012;0;0
PP_001JFAV.1;A.D;2012-06-08;Kenya;;"Otieno, J. R.; Kamau, E. M.; Oketch, J. W.; Ngoi, J. M.; Gichuki, A. M.; Binter, S.; Otieno, G. P.; Ngama, M.; Agoti, C. N.; Cane, P. A.; Kellam, P.; Cotten, M.; Lemey, P.; Nokes, D. J.";KEMRI-Wellcome Trust Research Programme, Epidemiology and Demography Department;Homo sapiens;15106;2018-09-28;PP_001JFAV;MH181923.1;Automated Ingest from INSDC/NCBI Virus by Loculus;OPEN;https://pathoplexus.org/about/terms-of-use/open-data;;0.9910016420361248;;;MH181923.1;;;KEN/KILIFI/WGS/1058_08/06/2012;0;0
PP_001JFHE.1;A.D;2012-07-10;Kenya;;"Otieno, J. R.; Kamau, E. M.; Oketch, J. W.; Ngoi, J. M.; Gichuki, A. M.; Binter, S.; Otieno, G. P.; Ngama, M.; Agoti, C. N.; Cane, P. A.; Kellam, P.; Cotten, M.; Lemey, P.; Nokes, D. J.";KEMRI-Wellcome Trust Research Programme, Epidemiology and Demography Department;Homo sapiens;15207;2018-09-28;PP_001JFHE;MH181930.1;Automated Ingest from INSDC/NCBI Virus by Loculus;OPEN;https://pathoplexus.org/about/terms-of-use/open-data;;0.998752052545156;;;MH181930.1;;;KEN/KILIFI/WGS/1068_10/07/2012;0;0
PP_001JFM6.1;A.D;2012-10-30;Kenya;;"Otieno, J. R.; Kamau, E. M.; Oketch, J. W.; Ngoi, J. M.; Gichuki, A. M.; Binter, S.; Otieno, G. P.; Ngama, M.; Agoti, C. N.; Cane, P. A.; Kellam, P.; Cotten, M.; Lemey, P.; Nokes, D. J.";KEMRI-Wellcome Trust Research Programme, Epidemiology and Demography Department;Homo sapiens;15068;2018-09-28;PP_001JFM6;MH181934.1;Automated Ingest from INSDC/NCBI Virus by Loculus;OPEN;https://pathoplexus.org/about/terms-of-use/open-data;;0.989688013136289;;;MH181934.1;;;KEN/KILIFI/WGS/1076_30/10/2012;0;0
PP_001JFVQ.1;A.D;2012-11-15;Kenya;;"Otieno, J. R.; Kamau, E. M.; Oketch, J. W.; Ngoi, J. M.; Gichuki, A. M.; Binter, S.; Otieno, G. P.; Ngama, M.; Agoti, C. N.; Cane, P. A.; Kellam, P.; Cotten, M.; Lemey, P.; Nokes, D. J.";KEMRI-Wellcome Trust Research Programme, Epidemiology and Demography Department;Homo sapiens;14959;2018-09-28;PP_001JFVQ;MH181942.1;Automated Ingest from INSDC/NCBI Virus by Loculus;OPEN;https://pathoplexus.org/about/terms-of-use/open-data;;0.9814778325123152;;;MH181942.1;;;KEN/KILIFI/WGS/1084_15/11/2012;0;16
PP_001JFXL.1;A.D;2012-11-17;Kenya;;"Otieno, J. R.; Kamau, E. M.; Oketch, J. W.; Ngoi, J. M.; Gichuki, A. M.; Binter, S.; Otieno, G. P.; Ngama, M.; Agoti, C. N.; Cane, P. A.; Kellam, P.; Cotten, M.; Lemey, P.; Nokes, D. J.";KEMRI-Wellcome Trust Research Programme, Epidemiology and Demography Department;Homo sapiens;15049;2018-09-28;PP_001JFXL;MH181944.1;Automated Ingest from INSDC/NCBI Virus by Loculus;OPEN;https://pathoplexus.org/about/terms-of-use/open-data;;0.988440065681445;;;MH181944.1;;;KEN/KILIFI/WGS/1087_17/11/2012;0;0
PP_001JFYJ.1;A.D;2012-11-19;Kenya;;"Otieno, J. R.; Kamau, E. M.; Oketch, J. W.; Ngoi, J. M.; Gichuki, A. M.; Binter, S.; Otieno, G. P.; Ngama, M.; Agoti, C. N.; Cane, P. A.; Kellam, P.; Cotten, M.; Lemey, P.; Nokes, D. J.";KEMRI-Wellcome Trust Research Programme, Epidemiology and Demography Department;Homo sapiens;15171;2018-09-28;PP_001JFYJ;MH181945.1;Automated Ingest from INSDC/NCBI Virus by Loculus;OPEN;https://pathoplexus.org/about/terms-of-use/open-data;;0.9964532019704434;;;MH181945.1;;;KEN/KILIFI/WGS/1088_19/11/2012;0;0
PP_001JG38.1;A.D;2012-11-23;Kenya;;"Otieno, J. R.; Kamau, E. M.; Oketch, J. W.; Ngoi, J. M.; Gichuki, A. M.; Binter, S.; Otieno, G. P.; Ngama, M.; Agoti, C. N.; Cane, P. A.; Kellam, P.; Cotten, M.; Lemey, P.; Nokes, D. J.";KEMRI-Wellcome Trust Research Programme, Epidemiology and Demography Department;Homo sapiens;15150;2018-09-28;PP_001JG38;MH181950.1;Automated Ingest from INSDC/NCBI Virus by Loculus;OPEN;https://pathoplexus.org/about/terms-of-use/open-data;;0.9951395730706075;;;MH181950.1;;;KEN/KILIFI/WGS/1093_23/11/2012;0;0
PP_001JG8Y.1;A.D;2012-11-25;Kenya;;"Otieno, J. R.; Kamau, E. M.; Oketch, J. W.; Ngoi, J. M.; Gichuki, A. M.; Binter, S.; Otieno, G. P.; Ngama, M.; Agoti, C. N.; Cane, P. A.; Kellam, P.; Cotten, M.; Lemey, P.; Nokes, D. J.";KEMRI-Wellcome Trust Research Programme, Epidemiology and Demography Department;Homo sapiens;15232;2018-09-28;PP_001JG8Y;MH181955.1;Automated Ingest from INSDC/NCBI Virus by Loculus;OPEN;https://pathoplexus.org/about/terms-of-use/open-data;;0.9990147783251232;;;MH181955.1;;;KEN/KILIFI/WGS/1098_25/11/2012;0;0
PP_001JGHD.1;A.D;2012-11-29;Kenya;;"Otieno, J. R.; Kamau, E. M.; Oketch, J. W.; Ngoi, J. M.; Gichuki, A. M.; Binter, S.; Otieno, G. P.; Ngama, M.; Agoti, C. N.; Cane, P. A.; Kellam, P.; Cotten, M.; Lemey, P.; Nokes, D. J.";KEMRI-Wellcome Trust Research Programme, Epidemiology and Demography Department;Homo sapiens;15232;2018-09-28;PP_001JGHD;MH181964.1;Automated Ingest from INSDC/NCBI Virus by Loculus;OPEN;https://pathoplexus.org/about/terms-of-use/open-data;;0.9990147783251232;;;MH181964.1;;;KEN/KILIFI/WGS/1109_29/11/2012;0;0
PP_001JGSV.1;A.D;2012-12-19;Kenya;;"Otieno, J. R.; Kamau, E. M.; Oketch, J. W.; Ngoi, J. M.; Gichuki, A. M.; Binter, S.; Otieno, G. P.; Ngama, M.; Agoti, C. N.; Cane, P. A.; Kellam, P.; Cotten, M.; Lemey, P.; Nokes, D. J.";KEMRI-Wellcome Trust Research Programme, Epidemiology and Demography Department;Homo sapiens;15099;2018-09-28;PP_001JGSV;MH181973.1;Automated Ingest from INSDC/NCBI Virus by Loculus;OPEN;https://pathoplexus.org/about/terms-of-use/open-data;;0.9917241379310345;;;MH181973.1;;;KEN/KILIFI/WGS/1120_19/12/2012;0;0
PP_001JGYH.1;A.D;2013-01-07;Kenya;;"Otieno, J. R.; Kamau, E. M.; Oketch, J. W.; Ngoi, J. M.; Gichuki, A. M.; Binter, S.; Otieno, G. P.; Ngama, M.; Agoti, C. N.; Cane, P. A.; Kellam, P.; Cotten, M.; Lemey, P.; Nokes, D. J.";KEMRI-Wellcome Trust Research Programme, Epidemiology and Demography Department;Homo sapiens;15075;2018-09-28;PP_001JGYH;MH181979.1;Automated Ingest from INSDC/NCBI Virus by Loculus;OPEN;https://pathoplexus.org/about/terms-of-use/open-data;;0.9901477832512315;;;MH181979.1;;;KEN/KILIFI/WGS/1128_07/01/2013;0;0
PP_001JGZF.1;A.D;2013-01-08;Kenya;;"Otieno, J. R.; Kamau, E. M.; Oketch, J. W.; Ngoi, J. M.; Gichuki, A. M.; Binter, S.; Otieno, G. P.; Ngama, M.; Agoti, C. N.; Cane, P. A.; Kellam, P.; Cotten, M.; Lemey, P.; Nokes, D. J.";KEMRI-Wellcome Trust Research Programme, Epidemiology and Demography Department;Homo sapiens;15169;2018-09-28;PP_001JGZF;MH181980.1;Automated Ingest from INSDC/NCBI Virus by Loculus;OPEN;https://pathoplexus.org/about/terms-of-use/open-data;;0.9963218390804598;;;MH181980.1;;;KEN/KILIFI/WGS/1129_08/01/2013;0;0
PP_001JH53.1;A.D;2013-01-17;Kenya;;"Otieno, J. R.; Kamau, E. M.; Oketch, J. W.; Ngoi, J. M.; Gichuki, A. M.; Binter, S.; Otieno, G. P.; Ngama, M.; Agoti, C. N.; Cane, P. A.; Kellam, P.; Cotten, M.; Lemey, P.; Nokes, D. J.";KEMRI-Wellcome Trust Research Programme, Epidemiology and Demography Department;Homo sapiens;15160;2018-09-28;PP_001JH53;MH181986.1;Automated Ingest from INSDC/NCBI Virus by Loculus;OPEN;https://pathoplexus.org/about/terms-of-use/open-data;;0.9957307060755337;;;MH181986.1;;;KEN/KILIFI/WGS/1141_17/01/2013;0;0
PP_001JHAT.1;A.D.4;2013-10-12;Kenya;;"Otieno, J. R.; Kamau, E. M.; Oketch, J. W.; Ngoi, J. M.; Gichuki, A. M.; Binter, S.; Otieno, G. P.; Ngama, M.; Agoti, C. N.; Cane, P. A.; Kellam, P.; Cotten, M.; Lemey, P.; Nokes, D. J.";KEMRI-Wellcome Trust Research Programme, Epidemiology and Demography Department;Homo sapiens;15047;2018-09-28;PP_001JHAT;MH181991.1;Automated Ingest from INSDC/NCBI Virus by Loculus;OPEN;https://pathoplexus.org/about/terms-of-use/open-data;;0.9883743842364532;;;MH181991.1;;;KEN/KILIFI/WGS/1162_12/10/2013;0;0
PP_001JHBR.1;A.D.4;2013-10-15;Kenya;;"Otieno, J. R.; Kamau, E. M.; Oketch, J. W.; Ngoi, J. M.; Gichuki, A. M.; Binter, S.; Otieno, G. P.; Ngama, M.; Agoti, C. N.; Cane, P. A.; Kellam, P.; Cotten, M.; Lemey, P.; Nokes, D. J.";KEMRI-Wellcome Trust Research Programme, Epidemiology and Demography Department;Homo sapiens;15053;2018-09-28;PP_001JHBR;MH181992.1;Automated Ingest from INSDC/NCBI Virus by Loculus;OPEN;https://pathoplexus.org/about/terms-of-use/open-data;;0.9887684729064039;;;MH181992.1;;;KEN/KILIFI/WGS/1163_15/10/2013;0;0
PP_001JHGF.1;A.D.4;2013-11-19;Kenya;;"Otieno, J. R.; Kamau, E. M.; Oketch, J. W.; Ngoi, J. M.; Gichuki, A. M.; Binter, S.; Otieno, G. P.; Ngama, M.; Agoti, C. N.; Cane, P. A.; Kellam, P.; Cotten, M.; Lemey, P.; Nokes, D. J.";KEMRI-Wellcome Trust Research Programme, Epidemiology and Demography Department;Homo sapiens;15052;2018-09-28;PP_001JHGF;MH181997.1;Automated Ingest from INSDC/NCBI Virus by Loculus;OPEN;https://pathoplexus.org/about/terms-of-use/open-data;;0.9886371100164204;;;MH181997.1;;;KEN/KILIFI/WGS/1173_19/11/2013;0;0
PP_001JHHC.1;A.D.4;2014-04-01;Kenya;;"Otieno, J. R.; Kamau, E. M.; Oketch, J. W.; Ngoi, J. M.; Gichuki, A. M.; Binter, S.; Otieno, G. P.; Ngama, M.; Agoti, C. N.; Cane, P. A.; Kellam, P.; Cotten, M.; Lemey, P.; Nokes, D. J.";KEMRI-Wellcome Trust Research Programme, Epidemiology and Demography Department;Homo sapiens;15026;2018-09-28;PP_001JHHC;MH181998.1;Automated Ingest from INSDC/NCBI Virus by Loculus;OPEN;https://pathoplexus.org/about/terms-of-use/open-data;;0.9869293924466338;;;MH181998.1;;;KEN/Kilifi/WGS/1582_01/04/2014;0;0
PP_001JHK8.1;A.D.4;2014-04-23;Kenya;;"Otieno, J. R.; Kamau, E. M.; Oketch, J. W.; Ngoi, J. M.; Gichuki, A. M.; Binter, S.; Otieno, G. P.; Ngama, M.; Agoti, C. N.; Cane, P. A.; Kellam, P.; Cotten, M.; Lemey, P.; Nokes, D. J.";KEMRI-Wellcome Trust Research Programme, Epidemiology and Demography Department;Homo sapiens;14868;2018-09-28;PP_001JHK8;MH182000.1;Automated Ingest from INSDC/NCBI Virus by Loculus;OPEN;https://pathoplexus.org/about/terms-of-use/open-data;;0.9569786535303777;;;MH182000.1;;;KEN/Kilifi/WGS/1584_23/04/2014;0;299
PP_001JHP0.1;A.D.4;2014-12-06;Kenya;;"Otieno, J. R.; Kamau, E. M.; Oketch, J. W.; Ngoi, J. M.; Gichuki, A. M.; Binter, S.; Otieno, G. P.; Ngama, M.; Agoti, C. N.; Cane, P. A.; Kellam, P.; Cotten, M.; Lemey, P.; Nokes, D. J.";KEMRI-Wellcome Trust Research Programme, Epidemiology and Demography Department;Homo sapiens;14825;2018-09-28;PP_001JHP0;MH182004.1;Automated Ingest from INSDC/NCBI Virus by Loculus;OPEN;https://pathoplexus.org/about/terms-of-use/open-data;;0.9737931034482759;;;MH182004.1;;;KEN/KILIFI/WGS/1250_06/12/2014;0;0
PP_001JHQY.1;A.D.4;2014-12-06;Kenya;;"Otieno, J. R.; Kamau, E. M.; Oketch, J. W.; Ngoi, J. M.; Gichuki, A. M.; Binter, S.; Otieno, G. P.; Ngama, M.; Agoti, C. N.; Cane, P. A.; Kellam, P.; Cotten, M.; Lemey, P.; Nokes, D. J.";KEMRI-Wellcome Trust Research Programme, Epidemiology and Demography Department;Homo sapiens;14802;2018-09-28;PP_001JHQY;MH182005.1;Automated Ingest from INSDC/NCBI Virus by Loculus;OPEN;https://pathoplexus.org/about/terms-of-use/open-data;;0.9722167487684729;;;MH182005.1;;;KEN/KILIFI/WGS/1251_06/12/2014;0;0
PP_001JHRW.1;A.D.4;2014-12-07;Kenya;;"Otieno, J. R.; Kamau, E. M.; Oketch, J. W.; Ngoi, J. M.; Gichuki, A. M.; Binter, S.; Otieno, G. P.; Ngama, M.; Agoti, C. N.; Cane, P. A.; Kellam, P.; Cotten, M.; Lemey, P.; Nokes, D. J.";KEMRI-Wellcome Trust Research Programme, Epidemiology and Demography Department;Homo sapiens;15043;2018-09-28;PP_001JHRW;MH182006.1;Automated Ingest from INSDC/NCBI Virus by Loculus;OPEN;https://pathoplexus.org/about/terms-of-use/open-data;;0.9879146141215107;;;MH182006.1;;;KEN/KILIFI/WGS/1252_07/12/2014;0;3
PP_001JHSU.1;A.D.4;2014-12-08;Kenya;;"Otieno, J. R.; Kamau, E. M.; Oketch, J. W.; Ngoi, J. M.; Gichuki, A. M.; Binter, S.; Otieno, G. P.; Ngama, M.; Agoti, C. N.; Cane, P. A.; Kellam, P.; Cotten, M.; Lemey, P.; Nokes, D. J.";KEMRI-Wellcome Trust Research Programme, Epidemiology and Demography Department;Homo sapiens;15047;2018-09-28;PP_001JHSU;MH182007.1;Automated Ingest from INSDC/NCBI Virus by Loculus;OPEN;https://pathoplexus.org/about/terms-of-use/open-data;;0.9883743842364532;;;MH182007.1;;;KEN/KILIFI/WGS/1253_08/12/2014;0;0
PP_001JHTS.1;A.D.4;2014-12-08;Kenya;;"Otieno, J. R.; Kamau, E. M.; Oketch, J. W.; Ngoi, J. M.; Gichuki, A. M.; Binter, S.; Otieno, G. P.; Ngama, M.; Agoti, C. N.; Cane, P. A.; Kellam, P.; Cotten, M.; Lemey, P.; Nokes, D. J.";KEMRI-Wellcome Trust Research Programme, Epidemiology and Demography Department;Homo sapiens;15052;2018-09-28;PP_001JHTS;MH182008.1;Automated Ingest from INSDC/NCBI Virus by Loculus;OPEN;https://pathoplexus.org/about/terms-of-use/open-data;;0.9887027914614122;;;MH182008.1;;;KEN/KILIFI/WGS/1254_08/12/2014;0;0
PP_001JHUQ.1;A.D.4;2014-12-09;Kenya;;"Otieno, J. R.; Kamau, E. M.; Oketch, J. W.; Ngoi, J. M.; Gichuki, A. M.; Binter, S.; Otieno, G. P.; Ngama, M.; Agoti, C. N.; Cane, P. A.; Kellam, P.; Cotten, M.; Lemey, P.; Nokes, D. J.";KEMRI-Wellcome Trust Research Programme, Epidemiology and Demography Department;Homo sapiens;15167;2018-09-28;PP_001JHUQ;MH182009.1;Automated Ingest from INSDC/NCBI Virus by Loculus;OPEN;https://pathoplexus.org/about/terms-of-use/open-data;;0.9941543513957307;;;MH182009.1;;;KEN/KILIFI/WGS/1256_09/12/2014;0;30
PP_001JHWL.1;A.D.4;2014-12-11;Kenya;;"Otieno, J. R.; Kamau, E. M.; Oketch, J. W.; Ngoi, J. M.; Gichuki, A. M.; Binter, S.; Otieno, G. P.; Ngama, M.; Agoti, C. N.; Cane, P. A.; Kellam, P.; Cotten, M.; Lemey, P.; Nokes, D. J.";KEMRI-Wellcome Trust Research Programme, Epidemiology and Demography Department;Homo sapiens;15058;2018-09-28;PP_001JHWL;MH182011.1;Automated Ingest from INSDC/NCBI Virus by Loculus;OPEN;https://pathoplexus.org/about/terms-of-use/open-data;;0.9890311986863711;;;MH182011.1;;;KEN/KILIFI/WGS/1258_11/12/2014;0;0
PP_001JHYG.1;A.D.4;2014-12-14;Kenya;;"Otieno, J. R.; Kamau, E. M.; Oketch, J. W.; Ngoi, J. M.; Gichuki, A. M.; Binter, S.; Otieno, G. P.; Ngama, M.; Agoti, C. N.; Cane, P. A.; Kellam, P.; Cotten, M.; Lemey, P.; Nokes, D. J.";KEMRI-Wellcome Trust Research Programme, Epidemiology and Demography Department;Homo sapiens;15047;2018-09-28;PP_001JHYG;MH182013.1;Automated Ingest from INSDC/NCBI Virus by Loculus;OPEN;https://pathoplexus.org/about/terms-of-use/open-data;;0.9883743842364532;;;MH182013.1;;;KEN/KILIFI/WGS/1261_14/12/2014;0;0
PP_001JHZE.1;A.D.4;2014-12-15;Kenya;;"Otieno, J. R.; Kamau, E. M.; Oketch, J. W.; Ngoi, J. M.; Gichuki, A. M.; Binter, S.; Otieno, G. P.; Ngama, M.; Agoti, C. N.; Cane, P. A.; Kellam, P.; Cotten, M.; Lemey, P.; Nokes, D. J.";KEMRI-Wellcome Trust Research Programme, Epidemiology and Demography Department;Homo sapiens;15180;2018-09-28;PP_001JHZE;MH182014.1;Automated Ingest from INSDC/NCBI Virus by Loculus;OPEN;https://pathoplexus.org/about/terms-of-use/open-data;;0.9971100164203612;;;MH182014.1;;;KEN/KILIFI/WGS/1263_15/12/2014;0;0
PP_001JJ28.1;A.D.4;2014-12-17;Kenya;;"Otieno, J. R.; Kamau, E. M.; Oketch, J. W.; Ngoi, J. M.; Gichuki, A. M.; Binter, S.; Otieno, G. P.; Ngama, M.; Agoti, C. N.; Cane, P. A.; Kellam, P.; Cotten, M.; Lemey, P.; Nokes, D. J.";KEMRI-Wellcome Trust Research Programme, Epidemiology and Demography Department;Homo sapiens;15148;2018-09-28;PP_001JJ28;MH182017.1;Automated Ingest from INSDC/NCBI Virus by Loculus;OPEN;https://pathoplexus.org/about/terms-of-use/open-data;;0.9915927750410509;;;MH182017.1;;;KEN/KILIFI/WGS/1268_17/12/2014;0;52
PP_001JJ44.1;A.D.4;2014-12-18;Kenya;;"Otieno, J. R.; Kamau, E. M.; Oketch, J. W.; Ngoi, J. M.; Gichuki, A. M.; Binter, S.; Otieno, G. P.; Ngama, M.; Agoti, C. N.; Cane, P. A.; Kellam, P.; Cotten, M.; Lemey, P.; Nokes, D. J.";KEMRI-Wellcome Trust Research Programme, Epidemiology and Demography Department;Homo sapiens;15098;2018-09-28;PP_001JJ44;MH182019.1;Automated Ingest from INSDC/NCBI Virus by Loculus;OPEN;https://pathoplexus.org/about/terms-of-use/open-data;;0.9915927750410509;;;MH182019.1;;;KEN/KILIFI/WGS/1271_18/12/2014;0;0
PP_001JJ52.1;A.D.4;2014-12-19;Kenya;;"Otieno, J. R.; Kamau, E. M.; Oketch, J. W.; Ngoi, J. M.; Gichuki, A. M.; Binter, S.; Otieno, G. P.; Ngama, M.; Agoti, C. N.; Cane, P. A.; Kellam, P.; Cotten, M.; Lemey, P.; Nokes, D. J.";KEMRI-Wellcome Trust Research Programme, Epidemiology and Demography Department;Homo sapiens;15053;2018-09-28;PP_001JJ52;MH182020.1;Automated Ingest from INSDC/NCBI Virus by Loculus;OPEN;https://pathoplexus.org/about/terms-of-use/open-data;;0.9887684729064039;;;MH182020.1;;;KEN/KILIFI/WGS/1273_19/12/2014;0;0
PP_001JJ60.1;A.D.4;2014-12-21;Kenya;;"Otieno, J. R.; Kamau, E. M.; Oketch, J. W.; Ngoi, J. M.; Gichuki, A. M.; Binter, S.; Otieno, G. P.; Ngama, M.; Agoti, C. N.; Cane, P. A.; Kellam, P.; Cotten, M.; Lemey, P.; Nokes, D. J.";KEMRI-Wellcome Trust Research Programme, Epidemiology and Demography Department;Homo sapiens;15184;2018-09-28;PP_001JJ60;MH182021.1;Automated Ingest from INSDC/NCBI Virus by Loculus;OPEN;https://pathoplexus.org/about/terms-of-use/open-data;;0.9972413793103448;;;MH182021.1;;;KEN/KILIFI/WGS/1274_21/12/2014;0;0
PP_001JJ7Y.1;A.D.4;2014-12-22;Kenya;;"Otieno, J. R.; Kamau, E. M.; Oketch, J. W.; Ngoi, J. M.; Gichuki, A. M.; Binter, S.; Otieno, G. P.; Ngama, M.; Agoti, C. N.; Cane, P. A.; Kellam, P.; Cotten, M.; Lemey, P.; Nokes, D. J.";KEMRI-Wellcome Trust Research Programme, Epidemiology and Demography Department;Homo sapiens;15047;2018-09-28;PP_001JJ7Y;MH182022.1;Automated Ingest from INSDC/NCBI Virus by Loculus;OPEN;https://pathoplexus.org/about/terms-of-use/open-data;;0.9883743842364532;;;MH182022.1;;;KEN/KILIFI/WGS/1275_22/12/2014;0;0
PP_001JJ8W.1;A.D.4;2014-12-25;Kenya;;"Otieno, J. R.; Kamau, E. M.; Oketch, J. W.; Ngoi, J. M.; Gichuki, A. M.; Binter, S.; Otieno, G. P.; Ngama, M.; Agoti, C. N.; Cane, P. A.; Kellam, P.; Cotten, M.; Lemey, P.; Nokes, D. J.";KEMRI-Wellcome Trust Research Programme, Epidemiology and Demography Department;Homo sapiens;15155;2018-09-28;PP_001JJ8W;MH182023.1;Automated Ingest from INSDC/NCBI Virus by Loculus;OPEN;https://pathoplexus.org/about/terms-of-use/open-data;;0.9952052545155994;;;MH182023.1;;;KEN/KILIFI/WGS/1278_25/12/2014;0;1
PP_001JJ9U.1;A.D.4;2014-12-27;Kenya;;"Otieno, J. R.; Kamau, E. M.; Oketch, J. W.; Ngoi, J. M.; Gichuki, A. M.; Binter, S.; Otieno, G. P.; Ngama, M.; Agoti, C. N.; Cane, P. A.; Kellam, P.; Cotten, M.; Lemey, P.; Nokes, D. J.";KEMRI-Wellcome Trust Research Programme, Epidemiology and Demography Department;Homo sapiens;14824;2018-09-28;PP_001JJ9U;MH182024.1;Automated Ingest from INSDC/NCBI Virus by Loculus;OPEN;https://pathoplexus.org/about/terms-of-use/open-data;;0.9737931034482759;;;MH182024.1;;;KEN/KILIFI/WGS/1279_27/12/2014;0;0
PP_001JJAS.1;A.D;2014-12-30;Kenya;;"Otieno, J. R.; Kamau, E. M.; Oketch, J. W.; Ngoi, J. M.; Gichuki, A. M.; Binter, S.; Otieno, G. P.; Ngama, M.; Agoti, C. N.; Cane, P. A.; Kellam, P.; Cotten, M.; Lemey, P.; Nokes, D. J.";KEMRI-Wellcome Trust Research Programme, Epidemiology and Demography Department;Homo sapiens;15164;2018-09-28;PP_001JJAS;MH182025.1;Automated Ingest from INSDC/NCBI Virus by Loculus;OPEN;https://pathoplexus.org/about/terms-of-use/open-data;;0.9959934318555008;;;MH182025.1;;;KEN/KILIFI/WGS/1281_30/12/2014;0;0
PP_001JJEJ.1;A.D.4;2015-01-04;Kenya;;"Otieno, J. R.; Kamau, E. M.; Oketch, J. W.; Ngoi, J. M.; Gichuki, A. M.; Binter, S.; Otieno, G. P.; Ngama, M.; Agoti, C. N.; Cane, P. A.; Kellam, P.; Cotten, M.; Lemey, P.; Nokes, D. J.";KEMRI-Wellcome Trust Research Programme, Epidemiology and Demography Department;Homo sapiens;15056;2018-09-28;PP_001JJEJ;MH182029.1;Automated Ingest from INSDC/NCBI Virus by Loculus;OPEN;https://pathoplexus.org/about/terms-of-use/open-data;;0.9889655172413793;;;MH182029.1;;;KEN/KILIFI/WGS/1286_04/01/2015;0;0
PP_001JJTR.1;A.D.4;2015-02-21;Kenya;;"Otieno, J. R.; Kamau, E. M.; Oketch, J. W.; Ngoi, J. M.; Gichuki, A. M.; Binter, S.; Otieno, G. P.; Ngama, M.; Agoti, C. N.; Cane, P. A.; Kellam, P.; Cotten, M.; Lemey, P.; Nokes, D. J.";KEMRI-Wellcome Trust Research Programme, Epidemiology and Demography Department;Homo sapiens;15102;2018-09-28;PP_001JJTR;MH182042.1;Automated Ingest from INSDC/NCBI Virus by Loculus;OPEN;https://pathoplexus.org/about/terms-of-use/open-data;;0.9847619047619047;;;MH182042.1;;;KEN/KILIFI/WGS/1305_21/02/2015;0;107
PP_001JJVM.1;A.D.4;2015-03-05;Kenya;;"Otieno, J. R.; Kamau, E. M.; Oketch, J. W.; Ngoi, J. M.; Gichuki, A. M.; Binter, S.; Otieno, G. P.; Ngama, M.; Agoti, C. N.; Cane, P. A.; Kellam, P.; Cotten, M.; Lemey, P.; Nokes, D. J.";KEMRI-Wellcome Trust Research Programme, Epidemiology and Demography Department;Homo sapiens;15201;2018-09-28;PP_001JJVM;MH182044.1;Automated Ingest from INSDC/NCBI Virus by Loculus;OPEN;https://pathoplexus.org/about/terms-of-use/open-data;;0.9982922824302135;;;MH182044.1;;;KEN/KILIFI/WGS/1308_05/03/2015;0;0
PP_001JJXH.1;A.D.4;2015-03-21;Kenya;;"Otieno, J. R.; Kamau, E. M.; Oketch, J. W.; Ngoi, J. M.; Gichuki, A. M.; Binter, S.; Otieno, G. P.; Ngama, M.; Agoti, C. N.; Cane, P. A.; Kellam, P.; Cotten, M.; Lemey, P.; Nokes, D. J.";KEMRI-Wellcome Trust Research Programme, Epidemiology and Demography Department;Homo sapiens;14740;2018-09-28;PP_001JJXH;MH182046.1;Automated Ingest from INSDC/NCBI Virus by Loculus;OPEN;https://pathoplexus.org/about/terms-of-use/open-data;;0.9680788177339902;;;MH182046.1;;;KEN/KILIFI/WGS/1311_21/03/2015;0;0
PP_001JK0B.1;A.D.4;2015-04-01;Kenya;;"Otieno, J. R.; Kamau, E. M.; Oketch, J. W.; Ngoi, J. M.; Gichuki, A. M.; Binter, S.; Otieno, G. P.; Ngama, M.; Agoti, C. N.; Cane, P. A.; Kellam, P.; Cotten, M.; Lemey, P.; Nokes, D. J.";KEMRI-Wellcome Trust Research Programme, Epidemiology and Demography Department;Homo sapiens;15066;2018-09-28;PP_001JK0B;MH182049.1;Automated Ingest from INSDC/NCBI Virus by Loculus;OPEN;https://pathoplexus.org/about/terms-of-use/open-data;;0.9896223316912972;;;MH182049.1;;;KEN/KILIFI/WGS/1315_01/04/2015;0;0
PP_001JK19.1;A.D.4;2015-04-08;Kenya;;"Otieno, J. R.; Kamau, E. M.; Oketch, J. W.; Ngoi, J. M.; Gichuki, A. M.; Binter, S.; Otieno, G. P.; Ngama, M.; Agoti, C. N.; Cane, P. A.; Kellam, P.; Cotten, M.; Lemey, P.; Nokes, D. J.";KEMRI-Wellcome Trust Research Programme, Epidemiology and Demography Department;Homo sapiens;15202;2018-09-28;PP_001JK19;MH182050.1;Automated Ingest from INSDC/NCBI Virus by Loculus;OPEN;https://pathoplexus.org/about/terms-of-use/open-data;;0.9984893267651889;;;MH182050.1;;;KEN/KILIFI/WGS/1318_08/04/2015;0;0
PP_001JKBP.1;A.D.4;2016-01-18;Kenya;;"Otieno, J. R.; Kamau, E. M.; Oketch, J. W.; Ngoi, J. M.; Gichuki, A. M.; Binter, S.; Otieno, G. P.; Ngama, M.; Agoti, C. N.; Cane, P. A.; Kellam, P.; Cotten, M.; Lemey, P.; Nokes, D. J.";KEMRI-Wellcome Trust Research Programme, Epidemiology and Demography Department;Homo sapiens;15026;2018-09-28;PP_001JKBP;MH182060.1;Automated Ingest from INSDC/NCBI Virus by Loculus;OPEN;https://pathoplexus.org/about/terms-of-use/open-data;;0.9869950738916257;;;MH182060.1;;;KEN/Kilifi/WGS/1591_18/01/2016;0;0
PP_001JKCM.1;A.D.4;2016-04-07;Kenya;;"Otieno, J. R.; Kamau, E. M.; Oketch, J. W.; Ngoi, J. M.; Gichuki, A. M.; Binter, S.; Otieno, G. P.; Ngama, M.; Agoti, C. N.; Cane, P. A.; Kellam, P.; Cotten, M.; Lemey, P.; Nokes, D. J.";KEMRI-Wellcome Trust Research Programme, Epidemiology and Demography Department;Homo sapiens;15078;2018-09-28;PP_001JKCM;MH182061.1;Automated Ingest from INSDC/NCBI Virus by Loculus;OPEN;https://pathoplexus.org/about/terms-of-use/open-data;;0.9902791461412151;;;MH182061.1;;;KEN/Kilifi/WGS/1592_07/04/2016;0;0
PP_001JM41.2;A.D;2017-11;China;;"Qiao, R.; Chen, J.; Wu, H.; Yu, D.";Pathogen Laboratory, Gansu Center for Disease Control and Prevention;Homo sapiens;15172;2018-06-16;PP_001JM41;MH279547.1;Automated Ingest from INSDC/NCBI Virus by Loculus;OPEN;https://pathoplexus.org/about/terms-of-use/open-data;;1.0;;;MH279547.1;;;LZ170020448/17;0;0
PP_001JM5Z.2;A.D;2017-11;China;;"Qiao, R.; Chen, J.; Wu, H.; Yu, D.";Pathogen Laboratory, Gansu Center for Disease Control and Prevention;Homo sapiens;15222;2018-06-16;PP_001JM5Z;MH290724.1;Automated Ingest from INSDC/NCBI Virus by Loculus;OPEN;https://pathoplexus.org/about/terms-of-use/open-data;;1.0;;;MH290724.1;;;LZ170020467/17;0;0
PP_001JM6X.1;A.D.2.2;2014-11-28;Lebanon;;"Hamdan, F.; Ezzeddine, A.; Elbahesh, H.; Zaraket, H.";American University of Beirut, Experimental Pathology, Immunology, and Microbiology;Homo sapiens;15164;2019-06-02;PP_001JM6X;MH383066.1;Automated Ingest from INSDC/NCBI Virus by Loculus;OPEN;https://pathoplexus.org/about/terms-of-use/open-data;;0.999080459770115;;;MH383066.1;;;JF204;0;0
PP_001JNUK.1;A.D;2011-08-22;Thailand;;Thongpan, I.;Chulalongkorn, Department of Pediatrics, Center of Excellence in Clinical Virology;Homo sapiens;15220;2019-03-13;PP_001JNUK;MH447951.1;Automated Ingest from INSDC/NCBI Virus by Loculus;OPEN;https://pathoplexus.org/about/terms-of-use/open-data;;0.9978981937602627;;;MH447951.1;;;TH/CU91/2011;0;0
PP_001JNWF.1;A.D;2013-11-01;Thailand;;Thongpan, I.;Chulalongkorn, Department of Pediatrics, Center of Excellence in Clinical Virology;Homo sapiens;15207;2019-03-13;PP_001JNWF;MH447953.1;Automated Ingest from INSDC/NCBI Virus by Loculus;OPEN;https://pathoplexus.org/about/terms-of-use/open-data;;0.9978981937602627;;;MH447953.1;;;TH/CB124/2013;0;0
PP_001JNXD.1;A.D;2013-11-01;Thailand;;Thongpan, I.;Chulalongkorn, Department of Pediatrics, Center of Excellence in Clinical Virology;Homo sapiens;15216;2019-03-13;PP_001JNXD;MH447954.1;Automated Ingest from INSDC/NCBI Virus by Loculus;OPEN;https://pathoplexus.org/about/terms-of-use/open-data;;0.998423645320197;;;MH447954.1;;;TH/CB135/2013;0;0
PP_001JNYB.1;A.D;2014-08-09;Thailand;;Thongpan, I.;Chulalongkorn, Department of Pediatrics, Center of Excellence in Clinical Virology;Homo sapiens;15225;2019-03-13;PP_001JNYB;MH447955.1;Automated Ingest from INSDC/NCBI Virus by Loculus;OPEN;https://pathoplexus.org/about/terms-of-use/open-data;;0.9981609195402299;;;MH447955.1;;;TH/B10625/2014;0;0
PP_001JNZ9.1;A.D;2014-08-27;Thailand;;Thongpan, I.;Chulalongkorn, Department of Pediatrics, Center of Excellence in Clinical Virology;Homo sapiens;15222;2019-03-13;PP_001JNZ9;MH447956.1;Automated Ingest from INSDC/NCBI Virus by Loculus;OPEN;https://pathoplexus.org/about/terms-of-use/open-data;;0.9981609195402299;;;MH447956.1;;;TH/B10806/2014;0;0
PP_001JP15.1;A.D.2.2;2016-09-04;Thailand;;Thongpan, I.;Chulalongkorn, Department of Pediatrics, Center of Excellence in Clinical Virology;Homo sapiens;15216;2019-03-13;PP_001JP15;MH447958.1;Automated Ingest from INSDC/NCBI Virus by Loculus;OPEN;https://pathoplexus.org/about/terms-of-use/open-data;;0.9981609195402299;;;MH447958.1;;;TH/B18247/2016;0;0
PP_001JP23.1;A.D;2017-08-12;Thailand;;Thongpan, I.;Chulalongkorn, Department of Pediatrics, Center of Excellence in Clinical Virology;Homo sapiens;15220;2019-03-13;PP_001JP23;MH447959.1;Automated Ingest from INSDC/NCBI Virus by Loculus;OPEN;https://pathoplexus.org/about/terms-of-use/open-data;;0.9980952380952381;;;MH447959.1;;;TH/B23576/2017;0;0
PP_001JVH0.2;A.D.2.2;2016-06-05;Australia;;"Di Giallonardo, F.; Kok, J.; Fernandez, M.; Carter, I.; Geoghegan, J. L.; Dwyer, D. E.; Holmes, E. C.; Eden, J. S.; Eden, J.-S.";The University of Sydney, Marie Bashir Institute for Infectious Diseases and Biosecurity & Sydney Medical School;Homo sapiens;14962;2018-09-25;PP_001JVH0;MH760590.1;Automated Ingest from INSDC/NCBI Virus by Loculus;OPEN;https://pathoplexus.org/about/terms-of-use/open-data;;0.9825944170771757;;;MH760590.1;;;A/NSW/WM2021A/16;0;0
PP_001JVJY.2;A.D;2016-01-04;Australia;;"Di Giallonardo, F.; Kok, J.; Fernandez, M.; Carter, I.; Geoghegan, J. L.; Dwyer, D. E.; Holmes, E. C.; Eden, J. S.; Eden, J.-S.";The University of Sydney, Marie Bashir Institute for Infectious Diseases and Biosecurity & Sydney Medical School;Homo sapiens;14960;2018-09-25;PP_001JVJY;MH760591.1;Automated Ingest from INSDC/NCBI Virus by Loculus;OPEN;https://pathoplexus.org/about/terms-of-use/open-data;;0.9825944170771757;;;MH760591.1;;;A/NSW/WM1734B/16;0;0
PP_001JVTE.2;A.3.1.1;2011-09-22;Australia;;"Di Giallonardo, F.; Kok, J.; Fernandez, M.; Carter, I.; Geoghegan, J. L.; Dwyer, D. E.; Holmes, E. C.; Eden, J. S.; Eden, J.-S.";The University of Sydney, Marie Bashir Institute for Infectious Diseases and Biosecurity & Sydney Medical School;Homo sapiens;14887;2018-09-25;PP_001JVTE;MH760600.1;Automated Ingest from INSDC/NCBI Virus by Loculus;OPEN;https://pathoplexus.org/about/terms-of-use/open-data;;0.9825944170771757;;;MH760600.1;;;A/NSW/WM4173A/11;0;0
PP_001JW00.2;A.D;2013-07-08;Australia;;"Di Giallonardo, F.; Kok, J.; Fernandez, M.; Carter, I.; Geoghegan, J. L.; Dwyer, D. E.; Holmes, E. C.; Eden, J. S.; Eden, J.-S.";The University of Sydney, Marie Bashir Institute for Infectious Diseases and Biosecurity & Sydney Medical School;Homo sapiens;14960;2018-09-25;PP_001JW00;MH760607.1;Automated Ingest from INSDC/NCBI Virus by Loculus;OPEN;https://pathoplexus.org/about/terms-of-use/open-data;;0.9825944170771757;;;MH760607.1;;;A/NSW/WM3453A/13;0;0
PP_001JW5Q.2;A.D;2016-11-10;Australia;;"Di Giallonardo, F.; Kok, J.; Fernandez, M.; Carter, I.; Geoghegan, J. L.; Dwyer, D. E.; Holmes, E. C.; Eden, J. S.; Eden, J.-S.";The University of Sydney, Marie Bashir Institute for Infectious Diseases and Biosecurity & Sydney Medical School;Homo sapiens;14960;2018-09-25;PP_001JW5Q;MH760612.1;Automated Ingest from INSDC/NCBI Virus by Loculus;OPEN;https://pathoplexus.org/about/terms-of-use/open-data;;0.9825944170771757;;;MH760612.1;;;A/NSW/WM0166A/16;0;0
PP_001JW6N.2;A.D;2016-10-03;Australia;;"Di Giallonardo, F.; Kok, J.; Fernandez, M.; Carter, I.; Geoghegan, J. L.; Dwyer, D. E.; Holmes, E. C.; Eden, J. S.; Eden, J.-S.";The University of Sydney, Marie Bashir Institute for Infectious Diseases and Biosecurity & Sydney Medical School;Homo sapiens;14958;2018-09-25;PP_001JW6N;MH760613.1;Automated Ingest from INSDC/NCBI Virus by Loculus;OPEN;https://pathoplexus.org/about/terms-of-use/open-data;;0.9825944170771757;;;MH760613.1;;;A/NSW/WM0672A/16;0;0
PP_001JW8J.2;A.D.2.2;2016-09-30;Australia;;"Di Giallonardo, F.; Kok, J.; Fernandez, M.; Carter, I.; Geoghegan, J. L.; Dwyer, D. E.; Holmes, E. C.; Eden, J. S.; Eden, J.-S.";The University of Sydney, Marie Bashir Institute for Infectious Diseases and Biosecurity & Sydney Medical School;Homo sapiens;14961;2018-09-25;PP_001JW8J;MH760615.1;Automated Ingest from INSDC/NCBI Virus by Loculus;OPEN;https://pathoplexus.org/about/terms-of-use/open-data;;0.9825944170771757;;;MH760615.1;;;A/NSW/WM1339A/16;0;0
PP_001JW9G.2;A.D;2016-10-02;Australia;;"Di Giallonardo, F.; Kok, J.; Fernandez, M.; Carter, I.; Geoghegan, J. L.; Dwyer, D. E.; Holmes, E. C.; Eden, J. S.; Eden, J.-S.";The University of Sydney, Marie Bashir Institute for Infectious Diseases and Biosecurity & Sydney Medical School;Homo sapiens;14960;2018-09-25;PP_001JW9G;MH760616.1;Automated Ingest from INSDC/NCBI Virus by Loculus;OPEN;https://pathoplexus.org/about/terms-of-use/open-data;;0.9825944170771757;;;MH760616.1;;;A/NSW/WM0371A/16;0;0
PP_001JWAE.2;A.D.2.2.1;2016-10-13;Australia;;"Di Giallonardo, F.; Kok, J.; Fernandez, M.; Carter, I.; Geoghegan, J. L.; Dwyer, D. E.; Holmes, E. C.; Eden, J. S.; Eden, J.-S.";The University of Sydney, Marie Bashir Institute for Infectious Diseases and Biosecurity & Sydney Medical School;Homo sapiens;14960;2018-09-25;PP_001JWAE;MH760617.1;Automated Ingest from INSDC/NCBI Virus by Loculus;OPEN;https://pathoplexus.org/about/terms-of-use/open-data;;0.9825944170771757;;;MH760617.1;;;A/NSW/WM1681A/16;0;0
PP_001JWBC.2;A.D.2.2;2016-09-28;Australia;;"Di Giallonardo, F.; Kok, J.; Fernandez, M.; Carter, I.; Geoghegan, J. L.; Dwyer, D. E.; Holmes, E. C.; Eden, J. S.; Eden, J.-S.";The University of Sydney, Marie Bashir Institute for Infectious Diseases and Biosecurity & Sydney Medical School;Homo sapiens;14960;2018-09-25;PP_001JWBC;MH760618.1;Automated Ingest from INSDC/NCBI Virus by Loculus;OPEN;https://pathoplexus.org/about/terms-of-use/open-data;;0.9825944170771757;;;MH760618.1;;;A/NSW/WM3409A/16;0;0
PP_001JWCA.2;A.D.2.2;2016-09-27;Australia;;"Di Giallonardo, F.; Kok, J.; Fernandez, M.; Carter, I.; Geoghegan, J. L.; Dwyer, D. E.; Holmes, E. C.; Eden, J. S.; Eden, J.-S.";The University of Sydney, Marie Bashir Institute for Infectious Diseases and Biosecurity & Sydney Medical School;Homo sapiens;14960;2018-09-25;PP_001JWCA;MH760619.1;Automated Ingest from INSDC/NCBI Virus by Loculus;OPEN;https://pathoplexus.org/about/terms-of-use/open-data;;0.9825944170771757;;;MH760619.1;;;A/NSW/WM3743A/16;0;0
PP_001JWLT.2;A.D;2016-08-06;Australia;;"Di Giallonardo, F.; Kok, J.; Fernandez, M.; Carter, I.; Geoghegan, J. L.; Dwyer, D. E.; Holmes, E. C.; Eden, J. S.; Eden, J.-S.";The University of Sydney, Marie Bashir Institute for Infectious Diseases and Biosecurity & Sydney Medical School;Homo sapiens;14959;2018-09-25;PP_001JWLT;MH760627.1;Automated Ingest from INSDC/NCBI Virus by Loculus;OPEN;https://pathoplexus.org/about/terms-of-use/open-data;;0.9825944170771757;;;MH760627.1;;;A/NSW/WM1045A/16;0;0
PP_001JWNP.2;A.D;2016-08-04;Australia;;"Di Giallonardo, F.; Kok, J.; Fernandez, M.; Carter, I.; Geoghegan, J. L.; Dwyer, D. E.; Holmes, E. C.; Eden, J. S.; Eden, J.-S.";The University of Sydney, Marie Bashir Institute for Infectious Diseases and Biosecurity & Sydney Medical School;Homo sapiens;14959;2018-09-25;PP_001JWNP;MH760629.1;Automated Ingest from INSDC/NCBI Virus by Loculus;OPEN;https://pathoplexus.org/about/terms-of-use/open-data;;0.9825944170771757;;;MH760629.1;;;A/NSW/WM1991A/16;0;0
PP_001JWSF.2;A.D;2016-07-31;Australia;;"Di Giallonardo, F.; Kok, J.; Fernandez, M.; Carter, I.; Geoghegan, J. L.; Dwyer, D. E.; Holmes, E. C.; Eden, J. S.; Eden, J.-S.";The University of Sydney, Marie Bashir Institute for Infectious Diseases and Biosecurity & Sydney Medical School;Homo sapiens;14959;2018-09-25;PP_001JWSF;MH760633.1;Automated Ingest from INSDC/NCBI Virus by Loculus;OPEN;https://pathoplexus.org/about/terms-of-use/open-data;;0.9825944170771757;;;MH760633.1;;;A/NSW/WM1825A/16;0;0
PP_001JWTD.2;A.D;2016-07-31;Australia;;"Di Giallonardo, F.; Kok, J.; Fernandez, M.; Carter, I.; Geoghegan, J. L.; Dwyer, D. E.; Holmes, E. C.; Eden, J. S.; Eden, J.-S.";The University of Sydney, Marie Bashir Institute for Infectious Diseases and Biosecurity & Sydney Medical School;Homo sapiens;14960;2018-09-25;PP_001JWTD;MH760634.1;Automated Ingest from INSDC/NCBI Virus by Loculus;OPEN;https://pathoplexus.org/about/terms-of-use/open-data;;0.9825944170771757;;;MH760634.1;;;A/NSW/WM1254A/16;0;0
PP_001JWUB.2;A.D.2.2;2016-07-31;Australia;;"Di Giallonardo, F.; Kok, J.; Fernandez, M.; Carter, I.; Geoghegan, J. L.; Dwyer, D. E.; Holmes, E. C.; Eden, J. S.; Eden, J.-S.";The University of Sydney, Marie Bashir Institute for Infectious Diseases and Biosecurity & Sydney Medical School;Homo sapiens;14962;2018-09-25;PP_001JWUB;MH760635.1;Automated Ingest from INSDC/NCBI Virus by Loculus;OPEN;https://pathoplexus.org/about/terms-of-use/open-data;;0.9825944170771757;;;MH760635.1;;;A/NSW/WM1670A/16;0;0
PP_001JWV9.2;A.D;2016-09-16;Australia;;"Di Giallonardo, F.; Kok, J.; Fernandez, M.; Carter, I.; Geoghegan, J. L.; Dwyer, D. E.; Holmes, E. C.; Eden, J. S.; Eden, J.-S.";The University of Sydney, Marie Bashir Institute for Infectious Diseases and Biosecurity & Sydney Medical School;Homo sapiens;14959;2018-09-25;PP_001JWV9;MH760636.1;Automated Ingest from INSDC/NCBI Virus by Loculus;OPEN;https://pathoplexus.org/about/terms-of-use/open-data;;0.9825944170771757;;;MH760636.1;;;A/NSW/WM2797A/16;0;0
PP_001JWX5.2;A.D;2016-09-18;Australia;;"Di Giallonardo, F.; Kok, J.; Fernandez, M.; Carter, I.; Geoghegan, J. L.; Dwyer, D. E.; Holmes, E. C.; Eden, J. S.; Eden, J.-S.";The University of Sydney, Marie Bashir Institute for Infectious Diseases and Biosecurity & Sydney Medical School;Homo sapiens;14959;2018-09-25;PP_001JWX5;MH760638.1;Automated Ingest from INSDC/NCBI Virus by Loculus;OPEN;https://pathoplexus.org/about/terms-of-use/open-data;;0.9825944170771757;;;MH760638.1;;;A/NSW/WM0230A/16;0;0
PP_001JWY3.2;A.D.2.2;2016-09-19;Australia;;"Di Giallonardo, F.; Kok, J.; Fernandez, M.; Carter, I.; Geoghegan, J. L.; Dwyer, D. E.; Holmes, E. C.; Eden, J. S.; Eden, J.-S.";The University of Sydney, Marie Bashir Institute for Infectious Diseases and Biosecurity & Sydney Medical School;Homo sapiens;14961;2018-09-25;PP_001JWY3;MH760639.1;Automated Ingest from INSDC/NCBI Virus by Loculus;OPEN;https://pathoplexus.org/about/terms-of-use/open-data;;0.9825944170771757;;;MH760639.1;;;A/NSW/WM4313A/16;0;0
PP_001JX0Z.2;A.3.1.1;2014-08-01;Australia;;"Di Giallonardo, F.; Kok, J.; Fernandez, M.; Carter, I.; Geoghegan, J. L.; Dwyer, D. E.; Holmes, E. C.; Eden, J. S.; Eden, J.-S.";The University of Sydney, Marie Bashir Institute for Infectious Diseases and Biosecurity & Sydney Medical School;Homo sapiens;14882;2018-09-25;PP_001JX0Z;MH760641.1;Automated Ingest from INSDC/NCBI Virus by Loculus;OPEN;https://pathoplexus.org/about/terms-of-use/open-data;;0.9825944170771757;;;MH760641.1;;;A/NSW/WM1473B/14;0;0
PP_001JX1X.2;A.D;2014-08-06;Australia;;"Di Giallonardo, F.; Kok, J.; Fernandez, M.; Carter, I.; Geoghegan, J. L.; Dwyer, D. E.; Holmes, E. C.; Eden, J. S.; Eden, J.-S.";The University of Sydney, Marie Bashir Institute for Infectious Diseases and Biosecurity & Sydney Medical School;Homo sapiens;14959;2018-09-25;PP_001JX1X;MH760642.1;Automated Ingest from INSDC/NCBI Virus by Loculus;OPEN;https://pathoplexus.org/about/terms-of-use/open-data;;0.9825944170771757;;;MH760642.1;;;A/NSW/WM2111B/14;0;0
PP_001JX4R.2;A.D.2.2;2014-09-11;Australia;;"Di Giallonardo, F.; Kok, J.; Fernandez, M.; Carter, I.; Geoghegan, J. L.; Dwyer, D. E.; Holmes, E. C.; Eden, J. S.; Eden, J.-S.";The University of Sydney, Marie Bashir Institute for Infectious Diseases and Biosecurity & Sydney Medical School;Homo sapiens;14961;2018-09-25;PP_001JX4R;MH760645.1;Automated Ingest from INSDC/NCBI Virus by Loculus;OPEN;https://pathoplexus.org/about/terms-of-use/open-data;;0.9825944170771757;;;MH760645.1;;;A/NSW/WM0279A/14;0;0
PP_001JX5P.2;A.D;2014-08-19;Australia;;"Di Giallonardo, F.; Kok, J.; Fernandez, M.; Carter, I.; Geoghegan, J. L.; Dwyer, D. E.; Holmes, E. C.; Eden, J. S.; Eden, J.-S.";The University of Sydney, Marie Bashir Institute for Infectious Diseases and Biosecurity & Sydney Medical School;Homo sapiens;14959;2018-09-25;PP_001JX5P;MH760646.1;Automated Ingest from INSDC/NCBI Virus by Loculus;OPEN;https://pathoplexus.org/about/terms-of-use/open-data;;0.9825944170771757;;;MH760646.1;;;A/NSW/WM0644C/14;0;0
PP_001JX7K.2;A.D;2015-07-09;Australia;;"Di Giallonardo, F.; Kok, J.; Fernandez, M.; Carter, I.; Geoghegan, J. L.; Dwyer, D. E.; Holmes, E. C.; Eden, J. S.; Eden, J.-S.";The University of Sydney, Marie Bashir Institute for Infectious Diseases and Biosecurity & Sydney Medical School;Homo sapiens;14959;2018-09-25;PP_001JX7K;MH760648.1;Automated Ingest from INSDC/NCBI Virus by Loculus;OPEN;https://pathoplexus.org/about/terms-of-use/open-data;;0.9825944170771757;;;MH760648.1;;;A/NSW/WM2866A/15;0;0
PP_001JX8H.2;A.D;2015-06-30;Australia;;"Di Giallonardo, F.; Kok, J.; Fernandez, M.; Carter, I.; Geoghegan, J. L.; Dwyer, D. E.; Holmes, E. C.; Eden, J. S.; Eden, J.-S.";The University of Sydney, Marie Bashir Institute for Infectious Diseases and Biosecurity & Sydney Medical School;Homo sapiens;14959;2018-09-25;PP_001JX8H;MH760649.1;Automated Ingest from INSDC/NCBI Virus by Loculus;OPEN;https://pathoplexus.org/about/terms-of-use/open-data;;0.9825944170771757;;;MH760649.1;;;A/NSW/WM1676B/15;0;0
PP_001JXC9.2;A.D;2013-10-24;Viet Nam;;"Lu, L.; Robertson, G.; Ashworth, J.; Pham Hong, A.; Shi, T.; Ivens, A.; Thwaites, G.; Baker, S.; Woolhouse, M.";University of Edinburgh, Centre for Immunity, Infection and Evolution;Homo sapiens;15277;2022-04-16;PP_001JXC9;MH828492.1;Automated Ingest from INSDC/NCBI Virus by Loculus;OPEN;https://pathoplexus.org/about/terms-of-use/open-data;;1.0;;;MH828492.1;;;RSVA/Vietnam/vzrsva2/2013;0;0
PP_001JXD7.2;A.D;2013-11-07;Viet Nam;;"Lu, L.; Robertson, G.; Ashworth, J.; Pham Hong, A.; Shi, T.; Ivens, A.; Thwaites, G.; Baker, S.; Woolhouse, M.";University of Edinburgh, Centre for Immunity, Infection and Evolution;Homo sapiens;15277;2022-04-16;PP_001JXD7;MH828493.1;Automated Ingest from INSDC/NCBI Virus by Loculus;OPEN;https://pathoplexus.org/about/terms-of-use/open-data;;1.0;;;MH828493.1;;;RSVA/Vietnam/vzrsva3/2013;0;0
PP_001JXE5.2;A.D;2015-10-02;Viet Nam;;"Lu, L.; Robertson, G.; Ashworth, J.; Pham Hong, A.; Shi, T.; Ivens, A.; Thwaites, G.; Baker, S.; Woolhouse, M.";University of Edinburgh, Centre for Immunity, Infection and Evolution;Homo sapiens;15277;2022-04-16;PP_001JXE5;MH828494.1;Automated Ingest from INSDC/NCBI Virus by Loculus;OPEN;https://pathoplexus.org/about/terms-of-use/open-data;;1.0;;;MH828494.1;;;RSVA/Vietnam/vzrsva4/2015;0;0
PP_001JXG1.2;A.D;2014-07-28;Viet Nam;;"Lu, L.; Robertson, G.; Ashworth, J.; Pham Hong, A.; Shi, T.; Ivens, A.; Thwaites, G.; Baker, S.; Woolhouse, M.";University of Edinburgh, Centre for Immunity, Infection and Evolution;Homo sapiens;15277;2022-04-16;PP_001JXG1;MH828496.1;Automated Ingest from INSDC/NCBI Virus by Loculus;OPEN;https://pathoplexus.org/about/terms-of-use/open-data;;1.0;;;MH828496.1;;;RSVA/Vietnam/vzrsva6/2014;0;0
PP_001JXHY.2;A.D;2015-09-23;Viet Nam;;"Lu, L.; Robertson, G.; Ashworth, J.; Pham Hong, A.; Shi, T.; Ivens, A.; Thwaites, G.; Baker, S.; Woolhouse, M.";University of Edinburgh, Centre for Immunity, Infection and Evolution;Homo sapiens;15277;2022-04-16;PP_001JXHY;MH828497.1;Automated Ingest from INSDC/NCBI Virus by Loculus;OPEN;https://pathoplexus.org/about/terms-of-use/open-data;;1.0;;;MH828497.1;;;RSVA/Vietnam/vzrsva7/2015;0;0
PP_001K2A6.2;A.3.1;2011-01-27;Jordan;;"Tan, G.; Pickett, B.; Fedorova, N.; Amedeo, P.; Isom, R.; Hu, L.; Christensen, J.; Miller, J.; Novotny, M.; Durbin, A.; Rocchi, I.; Williams, T.; Arumemi, F.; Das, S.";J. Craig Venter Institute;Homo sapiens;15094;2018-12-15;PP_001K2A6;MK109763.1;Automated Ingest from INSDC/NCBI Virus by Loculus;OPEN;https://pathoplexus.org/about/terms-of-use/open-data;;0.9962561576354679;;;MK109763.1;;;RSVA/Homo sapiens/JOR/A0101/2011;0;0
PP_001K2C2.2;A.3.1;2011-02-28;Jordan;;"Tan, G.; Pickett, B.; Fedorova, N.; Amedeo, P.; Isom, R.; Hu, L.; Christensen, J.; Miller, J.; Novotny, M.; Durbin, A.; Rocchi, I.; Williams, T.; Arumemi, F.; Das, S.";J. Craig Venter Institute;Homo sapiens;15101;2018-12-15;PP_001K2C2;MK109773.1;Automated Ingest from INSDC/NCBI Virus by Loculus;OPEN;https://pathoplexus.org/about/terms-of-use/open-data;;0.9965845648604269;;;MK109773.1;;;RSVA/Homo sapiens/JOR/D3140/2011;0;0
PP_001K2D0.2;A.3.1;2011-01-13;Jordan;;"Tan, G.; Pickett, B.; Fedorova, N.; Amedeo, P.; Isom, R.; Hu, L.; Christensen, J.; Miller, J.; Novotny, M.; Durbin, A.; Rocchi, I.; Williams, T.; Arumemi, F.; Das, S.";J. Craig Venter Institute;Homo sapiens;15099;2018-12-15;PP_001K2D0;MK109774.1;Automated Ingest from INSDC/NCBI Virus by Loculus;OPEN;https://pathoplexus.org/about/terms-of-use/open-data;;0.9965845648604269;;;MK109774.1;;;RSVA/Homo sapiens/JOR/C2101/2011;0;0
PP_001K2EY.2;A.3.1;2011-09-14;Jordan;;"Tan, G.; Pickett, B.; Fedorova, N.; Amedeo, P.; Isom, R.; Hu, L.; Christensen, J.; Miller, J.; Novotny, M.; Durbin, A.; Rocchi, I.; Williams, T.; Arumemi, F.; Das, S.";J. Craig Venter Institute;Homo sapiens;15099;2018-12-15;PP_001K2EY;MK109775.1;Automated Ingest from INSDC/NCBI Virus by Loculus;OPEN;https://pathoplexus.org/about/terms-of-use/open-data;;0.9965845648604269;;;MK109775.1;;;RSVA/Homo sapiens/JOR/B1318/2011;0;0
PP_001K2GU.2;A.3.1;2011-02-10;Jordan;;"Tan, G.; Pickett, B.; Fedorova, N.; Amedeo, P.; Isom, R.; Hu, L.; Christensen, J.; Miller, J.; Novotny, M.; Durbin, A.; Rocchi, I.; Williams, T.; Arumemi, F.; Das, S.";J. Craig Venter Institute;Homo sapiens;14971;2018-12-15;PP_001K2GU;MK109777.1;Automated Ingest from INSDC/NCBI Virus by Loculus;OPEN;https://pathoplexus.org/about/terms-of-use/open-data;;0.9881116584564861;;;MK109777.1;;;RSVA/Homo sapiens/JOR/D3120/2011;0;0
PP_001K2JP.2;A.3.1;2011-02-10;Jordan;;"Tan, G.; Pickett, B.; Fedorova, N.; Amedeo, P.; Isom, R.; Hu, L.; Christensen, J.; Miller, J.; Novotny, M.; Durbin, A.; Rocchi, I.; Williams, T.; Arumemi, F.; Das, S.";J. Craig Venter Institute;Homo sapiens;15153;2018-12-15;PP_001K2JP;MK109787.1;Automated Ingest from INSDC/NCBI Virus by Loculus;OPEN;https://pathoplexus.org/about/terms-of-use/open-data;;1.0;;;MK109787.1;;;RSVA/Homo sapiens/JOR/C2152/2011;0;0
PP_001K2KM.2;A.D;2011;USA;;"Greninger, A. L.; Shean, R. C.; Makhsous, N.";University of Washington, Virology;Homo sapiens;15218;2019-01-09;PP_001K2KM;MK167035.2;Automated Ingest from INSDC/NCBI Virus by Loculus;OPEN;https://pathoplexus.org/about/terms-of-use/open-data;;0.9988834154351396;;;MK167035.2;;;8L8;0;0
PP_001K2LK.2;A.3.1.1;2006;USA;;"Greninger, A. L.; Shean, R. C.; Makhsous, N.";University of Washington, Virology;Homo sapiens;15182;2019-01-09;PP_001K2LK;MK167036.1;Automated Ingest from INSDC/NCBI Virus by Loculus;OPEN;https://pathoplexus.org/about/terms-of-use/open-data;;1.0;;;MK167036.1;;;6B2;0;0
PP_001K7A1.2;A.D.2.2;2016-11-03;Nicaragua;Managua;"Tan, G.; Pickett, B.; Fedorova, N.; Amedeo, P.; Hu, L.; Christensen, J.; Miller, J.; Durbin, A.; Williams, T.; Arumemi, F.; Cadiz, C.; Alanis, R.; Balmseda, A.; Wiliams, T.; Schiller, A.; Patel, M.; Kubale, J.; Gordon, A.";J. Craig Venter Institute;Homo sapiens;15095;2019-04-29;PP_001K7A1;MK749890.1;Automated Ingest from INSDC/NCBI Virus by Loculus;OPEN;https://pathoplexus.org/about/terms-of-use/open-data;;0.9914614121510673;;;MK749890.1;;;RSVA/Homo sapiens/NIC/IIIn_16_0270_01NT/2016;0;0
PP_001K7FR.2;A.D.2;2015-11-16;Nicaragua;Managua;"Tan, G.; Pickett, B.; Fedorova, N.; Amedeo, P.; Hu, L.; Christensen, J.; Miller, J.; Durbin, A.; Williams, T.; Arumemi, F.; Cadiz, C.; Alanis, R.; Balmseda, A.; Wiliams, T.; Schiller, A.; Patel, M.; Kubale, J.; Gordon, A.";J. Craig Venter Institute;Homo sapiens;15094;2019-04-29;PP_001K7FR;MK749912.1;Automated Ingest from INSDC/NCBI Virus by Loculus;OPEN;https://pathoplexus.org/about/terms-of-use/open-data;;0.9914614121510673;;;MK749912.1;;;RSVA/Homo sapiens/NIC/IIIn_15_0256_01NT/2015;0;0
PP_001K7GP.2;A.D.2;2016-09-30;Nicaragua;Managua;"Tan, G.; Pickett, B.; Fedorova, N.; Amedeo, P.; Hu, L.; Christensen, J.; Miller, J.; Durbin, A.; Williams, T.; Arumemi, F.; Cadiz, C.; Alanis, R.; Balmseda, A.; Wiliams, T.; Schiller, A.; Patel, M.; Kubale, J.; Gordon, A.";J. Craig Venter Institute;Homo sapiens;15104;2019-04-29;PP_001K7GP;MK749913.1;Automated Ingest from INSDC/NCBI Virus by Loculus;OPEN;https://pathoplexus.org/about/terms-of-use/open-data;;0.9921182266009853;;;MK749913.1;;;RSVA/Homo sapiens/NIC/IIIn_16_0250_01NT/2016;0;0
PP_001K7HL.2;A.D.2.2;2016-11-08;Nicaragua;Managua;"Tan, G.; Pickett, B.; Fedorova, N.; Amedeo, P.; Hu, L.; Christensen, J.; Miller, J.; Durbin, A.; Williams, T.; Arumemi, F.; Cadiz, C.; Alanis, R.; Balmseda, A.; Wiliams, T.; Schiller, A.; Patel, M.; Kubale, J.; Gordon, A.";J. Craig Venter Institute;Homo sapiens;15096;2019-04-29;PP_001K7HL;MK749917.1;Automated Ingest from INSDC/NCBI Virus by Loculus;OPEN;https://pathoplexus.org/about/terms-of-use/open-data;;0.9914614121510673;;;MK749917.1;;;RSVA/Homo sapiens/NIC/IIIn_16_0265_01NT/2016;0;0
PP_001KAGL.2;A.3.1.1;2011;USA;Seattle;"Chu, H.; Scott, E.; Roychoudhury, P.";University of Washington, Medicine;Homo sapiens;15100;2020-02-26;PP_001KAGL;MN071210.1;Automated Ingest from INSDC/NCBI Virus by Loculus;OPEN;https://pathoplexus.org/about/terms-of-use/open-data;;0.9845648604269294;;;MN071210.1;;;GH100084/USA/2011;0;22
PP_001KAJF.2;A.D;2012;USA;Seattle;"Chu, H.; Scott, E.; Roychoudhury, P.";University of Washington, Medicine;Homo sapiens;14970;2020-02-26;PP_001KAJF;MN071212.1;Automated Ingest from INSDC/NCBI Virus by Loculus;OPEN;https://pathoplexus.org/about/terms-of-use/open-data;;0.9641379310344828;;;MN071212.1;;;GH120210/USA/2012;0;333
PP_001KALB.2;A.D.2.2;2015;USA;Seattle;"Chu, H.; Scott, E.; Roychoudhury, P.";University of Washington, Medicine;Homo sapiens;15015;2020-02-26;PP_001KALB;MN071214.1;Automated Ingest from INSDC/NCBI Virus by Loculus;OPEN;https://pathoplexus.org/about/terms-of-use/open-data;;0.9838423645320197;;;MN071214.1;;;GH150016/USA/2015;0;43
PP_001KAN7.2;A.D;2015;USA;Seattle;"Chu, H.; Scott, E.; Roychoudhury, P.";University of Washington, Medicine;Homo sapiens;15003;2020-02-26;PP_001KAN7;MN071216.1;Automated Ingest from INSDC/NCBI Virus by Loculus;OPEN;https://pathoplexus.org/about/terms-of-use/open-data;;0.9807553366174055;;;MN071216.1;;;GH250478/USA/2015;0;68
PP_001KASZ.2;A.D;2011;USA;Seattle;"Chu, H.; Scott, E.; Roychoudhury, P.";University of Washington, Medicine;Homo sapiens;15010;2020-02-26;PP_001KASZ;MN071220.1;Automated Ingest from INSDC/NCBI Virus by Loculus;OPEN;https://pathoplexus.org/about/terms-of-use/open-data;;0.9850903119868637;;;MN071220.1;;;GH200068/USA/2011;0;14
PP_001KATX.2;A.D;2011;USA;Seattle;"Chu, H.; Scott, E.; Roychoudhury, P.";University of Washington, Medicine;Homo sapiens;15078;2020-02-26;PP_001KATX;MN071221.1;Automated Ingest from INSDC/NCBI Virus by Loculus;OPEN;https://pathoplexus.org/about/terms-of-use/open-data;;0.9890968801313629;;;MN071221.1;;;GH200297/USA/2011;0;16
PP_001KAVT.2;A.D;2012;USA;Seattle;"Chu, H.; Scott, E.; Roychoudhury, P.";University of Washington, Medicine;Homo sapiens;15078;2020-02-26;PP_001KAVT;MN071223.1;Automated Ingest from INSDC/NCBI Virus by Loculus;OPEN;https://pathoplexus.org/about/terms-of-use/open-data;;0.9903448275862069;;;MN071223.1;;;GH220164/USA/2012;0;0
PP_001KAYM.2;A.D;2015;USA;Seattle;"Chu, H.; Scott, E.; Roychoudhury, P.";University of Washington, Medicine;Homo sapiens;14839;2020-02-26;PP_001KAYM;MN078107.1;Automated Ingest from INSDC/NCBI Virus by Loculus;OPEN;https://pathoplexus.org/about/terms-of-use/open-data;;0.9753694581280788;;;MN078107.1;;;GH250227/USA/2015;0;0
PP_001KAZK.2;A.D;2015;USA;Seattle;"Chu, H.; Scott, E.; Roychoudhury, P.";University of Washington, Medicine;Homo sapiens;14776;2020-02-26;PP_001KAZK;MN078108.1;Automated Ingest from INSDC/NCBI Virus by Loculus;OPEN;https://pathoplexus.org/about/terms-of-use/open-data;;0.9705747126436781;;;MN078108.1;;;GH250242/USA/2015;0;1
PP_001KB0H.2;A.3.1.1;2011;USA;Seattle;"Chu, H.; Scott, E.; Roychoudhury, P.";University of Washington, Medicine;Homo sapiens;14881;2020-02-26;PP_001KB0H;MN078109.1;Automated Ingest from INSDC/NCBI Virus by Loculus;OPEN;https://pathoplexus.org/about/terms-of-use/open-data;;0.9861412151067324;;;MN078109.1;;;GH300066/USA/2011;0;0
PP_001KB1F.2;A.3.1;2011;USA;Seattle;"Chu, H.; Scott, E.; Roychoudhury, P.";University of Washington, Medicine;Homo sapiens;15000;2020-02-26;PP_001KB1F;MN078110.1;Automated Ingest from INSDC/NCBI Virus by Loculus;OPEN;https://pathoplexus.org/about/terms-of-use/open-data;;0.9876518883415435;;;MN078110.1;;;GH300107/USA/2011;0;41
PP_001KB2D.2;A.3.1;2011;USA;Seattle;"Chu, H.; Scott, E.; Roychoudhury, P.";University of Washington, Medicine;Homo sapiens;14810;2020-02-26;PP_001KB2D;MN078111.1;Automated Ingest from INSDC/NCBI Virus by Loculus;OPEN;https://pathoplexus.org/about/terms-of-use/open-data;;0.9820689655172414;;;MN078111.1;;;GH300146/USA/2011;0;48
PP_001KB49.2;A.D;2011;USA;Seattle;"Chu, H.; Scott, E.; Roychoudhury, P.";University of Washington, Medicine;Homo sapiens;15010;2020-02-26;PP_001KB49;MN078113.1;Automated Ingest from INSDC/NCBI Virus by Loculus;OPEN;https://pathoplexus.org/about/terms-of-use/open-data;;0.9844334975369459;;;MN078113.1;;;GH300219/USA/2011;0;24
PP_001KB57.2;A.D;2011;USA;Seattle;"Chu, H.; Scott, E.; Roychoudhury, P.";University of Washington, Medicine;Homo sapiens;15076;2020-02-26;PP_001KB57;MN078114.1;Automated Ingest from INSDC/NCBI Virus by Loculus;OPEN;https://pathoplexus.org/about/terms-of-use/open-data;;0.9900821018062398;;;MN078114.1;;;GH300239/USA/2011;0;4
PP_001KB65.2;A.D;2011;USA;Seattle;"Chu, H.; Scott, E.; Roychoudhury, P.";University of Washington, Medicine;Homo sapiens;15018;2020-02-26;PP_001KB65;MN078115.1;Automated Ingest from INSDC/NCBI Virus by Loculus;OPEN;https://pathoplexus.org/about/terms-of-use/open-data;;0.9805582922824302;;;MN078115.1;;;GH300508/USA/2011;1;84
PP_001KB81.2;A.D;2012;USA;Seattle;"Chu, H.; Scott, E.; Roychoudhury, P.";University of Washington, Medicine;Homo sapiens;15078;2020-02-26;PP_001KB81;MN078117.1;Automated Ingest from INSDC/NCBI Virus by Loculus;OPEN;https://pathoplexus.org/about/terms-of-use/open-data;;0.9903448275862069;;;MN078117.1;;;GH320229/USA/2012;0;0
PP_001KBCT.2;A.D;2015;USA;Seattle;"Chu, H.; Scott, E.; Roychoudhury, P.";University of Washington, Medicine;Homo sapiens;14970;2020-02-26;PP_001KBCT;MN078121.1;Automated Ingest from INSDC/NCBI Virus by Loculus;OPEN;https://pathoplexus.org/about/terms-of-use/open-data;;0.9855500821018063;;;MN078121.1;;;GH650096/USA/2015;0;7
PP_001KEZF.2;A.3.1.1;2011;USA;Seattle;"Chu, H.; Scott, E.; Roychoudhury, P.";University of Washington, Medicine;Homo sapiens;14922;2020-03-03;PP_001KEZF;MN251607.1;Automated Ingest from INSDC/NCBI Virus by Loculus;OPEN;https://pathoplexus.org/about/terms-of-use/open-data;;0.9763546798029556;;;MN251607.1;;;GH100344/USA/2011;2;147
PP_001KFDM.2;A.D.3;2018;USA;;"Lin, M. J.; Tait, A.; Greninger, A. L.";UW Virology, Laboratory Medicine;Homo sapiens;15260;2019-08-25;PP_001KFDM;MN306017.1;Automated Ingest from INSDC/NCBI Virus by Loculus;OPEN;https://pathoplexus.org/about/terms-of-use/open-data;;1.0;;;MN306017.1;;;SC0135;0;0
PP_001KFJA.2;A.D.3;2019;USA;;"Lin, M. J.; Tait, A.; Greninger, A. L.";UW Virology, Laboratory Medicine;Homo sapiens;15180;2019-08-25;PP_001KFJA;MN306045.1;Automated Ingest from INSDC/NCBI Virus by Loculus;OPEN;https://pathoplexus.org/about/terms-of-use/open-data;;0.9970443349753695;;;MN306045.1;;;SC0850;0;0
PP_001KFK8.2;A.D.3;2019;USA;;"Lin, M. J.; Tait, A.; Greninger, A. L.";UW Virology, Laboratory Medicine;Homo sapiens;15235;2019-08-25;PP_001KFK8;MN306048.1;Automated Ingest from INSDC/NCBI Virus by Loculus;OPEN;https://pathoplexus.org/about/terms-of-use/open-data;;0.999671592775041;;;MN306048.1;;;SC0885;0;0
PP_001KH7X.2;A.D;2015;USA;;"Roychoudhury, P.; Chu, H.";Fred Hutchinson Cancer Research Center, Vaccine and Infectious Diseases Division;Homo sapiens;15001;2020-12-10;PP_001KH7X;MN536993.1;Automated Ingest from INSDC/NCBI Virus by Loculus;OPEN;https://pathoplexus.org/about/terms-of-use/open-data;;0.9724794745484401;;;MN536993.1;;;GH250098/USA/2015;0;194
PP_001KHN0.2;A.D;2011;USA;;"Roychoudhury, P.; Chu, H.";Fred Hutchinson Cancer Research Center, Vaccine and Infectious Diseases Division;Homo sapiens;14999;2020-12-10;PP_001KHN0;MN536994.1;Automated Ingest from INSDC/NCBI Virus by Loculus;OPEN;https://pathoplexus.org/about/terms-of-use/open-data;;0.9737931034482759;;;MN536994.1;;;GH300373/USA/2011;0;174
PP_001KHSS.2;A.D;2015;USA;;"Roychoudhury, P.; Chu, H.";Fred Hutchinson Cancer Research Center, Vaccine and Infectious Diseases Division;Homo sapiens;14989;2020-12-10;PP_001KHSS;MN536998.1;Automated Ingest from INSDC/NCBI Virus by Loculus;OPEN;https://pathoplexus.org/about/terms-of-use/open-data;;0.9742528735632184;;;MN536998.1;;;GH550274/USA/2015;0;159
PP_001KHTQ.2;A.D;2015;USA;;"Roychoudhury, P.; Chu, H.";Fred Hutchinson Cancer Research Center, Vaccine and Infectious Diseases Division;Homo sapiens;15064;2020-12-10;PP_001KHTQ;MN536999.1;Automated Ingest from INSDC/NCBI Virus by Loculus;OPEN;https://pathoplexus.org/about/terms-of-use/open-data;;0.9793103448275862;;;MN536999.1;;;GH650279/USA/2015;0;150
PP_001KHUN.1;A.3.1;2011-03;Netherlands;;"Rennick, L. J.; Nambulli, S.; Lemon, K.; Olinger, G. Y.; Crossland, N. A.; Millar, E. L.; Duprex, W. P.";University of Pittsburgh, Center for Vaccine Research;Homo sapiens;15204;2022-07-29;PP_001KHUN;MN604236.1;Automated Ingest from INSDC/NCBI Virus by Loculus;OPEN;https://pathoplexus.org/about/terms-of-use/open-data;;1.0;;;MN604236.1;;;A11;0;0
PP_001KHZC.1;A.3.1.1;2016-01-26;USA;Little Rock, Arkansas;"Kothari, A.; Kennedy, J. L.; Schwalm, K. C.; Putt, C.; Denson, J. L.; Dinwiddie, D. L.";University of New Mexico, Pediatrics;Homo sapiens;14969;2019-12-22;PP_001KHZC;MN630092.1;Automated Ingest from INSDC/NCBI Virus by Loculus;OPEN;https://pathoplexus.org/about/terms-of-use/open-data;;0.9638095238095238;;;MN630092.1;;;RSVA/USA/UAMS-DID-015/2016;0;371
PP_001KJ50.1;A.D;2016-01-17;USA;Little Rock, Arkansas;"Kothari, A.; Kennedy, J. L.; Schwalm, K. C.; Putt, C.; Denson, J. L.; Dinwiddie, D. L.";University of New Mexico, Pediatrics;Homo sapiens;15102;2019-12-22;PP_001KJ50;MN630098.1;Automated Ingest from INSDC/NCBI Virus by Loculus;OPEN;https://pathoplexus.org/about/terms-of-use/open-data;;0.990935960591133;;;MN630098.1;;;RSVA/USA/UAMS-DID-027/2016;0;13
PP_001KJ7W.1;A.D.2.2;2016-02-01;USA;Little Rock, Arkansas;"Kothari, A.; Kennedy, J. L.; Schwalm, K. C.; Putt, C.; Denson, J. L.; Dinwiddie, D. L.";University of New Mexico, Pediatrics;Homo sapiens;15236;2019-12-22;PP_001KJ7W;MN630100.1;Automated Ingest from INSDC/NCBI Virus by Loculus;OPEN;https://pathoplexus.org/about/terms-of-use/open-data;;0.9994745484400657;;;MN630100.1;;;RSVA/USA/UAMS-DID-040/2016;0;0
PP_001KJ9S.1;A.D.2.2;2016-02-29;USA;Little Rock, Arkansas;"Kothari, A.; Kennedy, J. L.; Schwalm, K. C.; Putt, C.; Denson, J. L.; Dinwiddie, D. L.";University of New Mexico, Pediatrics;Homo sapiens;15089;2019-12-22;PP_001KJ9S;MN630102.1;Automated Ingest from INSDC/NCBI Virus by Loculus;OPEN;https://pathoplexus.org/about/terms-of-use/open-data;;0.986272577996716;;;MN630102.1;;;RSVA/USA/ACRI-039/2016;0;62
PP_001KJCL.1;A.D.4;2016-03-15;USA;Little Rock, Arkansas;"Kothari, A.; Kennedy, J. L.; Schwalm, K. C.; Putt, C.; Denson, J. L.; Dinwiddie, D. L.";University of New Mexico, Pediatrics;Homo sapiens;15067;2019-12-22;PP_001KJCL;MN630105.1;Automated Ingest from INSDC/NCBI Virus by Loculus;OPEN;https://pathoplexus.org/about/terms-of-use/open-data;;0.9827257799671593;;;MN630105.1;;;RSVA/USA/ACRI-056/2016;0;106
PP_001KJDJ.1;A.D;2016-03-28;USA;Little Rock, Arkansas;"Kothari, A.; Kennedy, J. L.; Schwalm, K. C.; Putt, C.; Denson, J. L.; Dinwiddie, D. L.";University of New Mexico, Pediatrics;Homo sapiens;15160;2019-12-22;PP_001KJDJ;MN630106.1;Automated Ingest from INSDC/NCBI Virus by Loculus;OPEN;https://pathoplexus.org/about/terms-of-use/open-data;;0.9948768472906404;;;MN630106.1;;;RSVA/USA/ACRI-064/2016;0;0
PP_001LA1E.2;A.D;2016-06-19;Australia;;"Robertson, M.; Eden, J.-S.; Levy, A.; Carter, I.; Tulloch, R. L.; Cutmore, E. J.; Horsburgh, B. A.; Sikazwe, C. T.; Dwyer, D. E.; Smith, D. W.; Kok, J.";The University of Sydney, Marie Bashir Institute for Infectious Diseases and Biosecurity & Sydney Medical School;Homo sapiens;15211;2021-03-24;PP_001LA1E;MW160754.1;Automated Ingest from INSDC/NCBI Virus by Loculus;OPEN;https://pathoplexus.org/about/terms-of-use/open-data;;0.9991461412151067;;;MW160754.1;;;A/WA/PW3614982P/2016;0;0
PP_001LA2C.2;A.D;2016-06-24;Australia;;"Robertson, M.; Eden, J.-S.; Levy, A.; Carter, I.; Tulloch, R. L.; Cutmore, E. J.; Horsburgh, B. A.; Sikazwe, C. T.; Dwyer, D. E.; Smith, D. W.; Kok, J.";The University of Sydney, Marie Bashir Institute for Infectious Diseases and Biosecurity & Sydney Medical School;Homo sapiens;15219;2021-03-24;PP_001LA2C;MW160756.1;Automated Ingest from INSDC/NCBI Virus by Loculus;OPEN;https://pathoplexus.org/about/terms-of-use/open-data;;0.9992775041050903;;;MW160756.1;;;A/WA/PW7810512H/2016;0;0
PP_001LA48.2;A.D.2.2;2016-09-08;Australia;;"Robertson, M.; Eden, J.-S.; Levy, A.; Carter, I.; Tulloch, R. L.; Cutmore, E. J.; Horsburgh, B. A.; Sikazwe, C. T.; Dwyer, D. E.; Smith, D. W.; Kok, J.";The University of Sydney, Marie Bashir Institute for Infectious Diseases and Biosecurity & Sydney Medical School;Homo sapiens;15212;2021-03-24;PP_001LA48;MW160759.1;Automated Ingest from INSDC/NCBI Virus by Loculus;OPEN;https://pathoplexus.org/about/terms-of-use/open-data;;0.9991461412151067;;;MW160759.1;;;A/WA/PW3375488K/2016;0;0
PP_001LA72.2;A.D;2017-03-03;Australia;;"Robertson, M.; Eden, J.-S.; Levy, A.; Carter, I.; Tulloch, R. L.; Cutmore, E. J.; Horsburgh, B. A.; Sikazwe, C. T.; Dwyer, D. E.; Smith, D. W.; Kok, J.";The University of Sydney, Marie Bashir Institute for Infectious Diseases and Biosecurity & Sydney Medical School;Homo sapiens;15181;2021-03-24;PP_001LA72;MW160764.1;Automated Ingest from INSDC/NCBI Virus by Loculus;OPEN;https://pathoplexus.org/about/terms-of-use/open-data;;0.9968472906403941;;;MW160764.1;;;A/WA/PW7225866R/2017;0;0
PP_001LA9Y.2;A.D.2.2;2017-07-05;Australia;;"Robertson, M.; Eden, J.-S.; Levy, A.; Carter, I.; Tulloch, R. L.; Cutmore, E. J.; Horsburgh, B. A.; Sikazwe, C. T.; Dwyer, D. E.; Smith, D. W.; Kok, J.";The University of Sydney, Marie Bashir Institute for Infectious Diseases and Biosecurity & Sydney Medical School;Homo sapiens;15216;2021-03-24;PP_001LA9Y;MW160767.1;Automated Ingest from INSDC/NCBI Virus by Loculus;OPEN;https://pathoplexus.org/about/terms-of-use/open-data;;0.9992775041050903;;;MW160767.1;;;A/WA/PW3812552D/2017;0;0
PP_001LAHF.2;A.D;2017-03-22;Australia;;"Robertson, M.; Eden, J.-S.; Levy, A.; Carter, I.; Tulloch, R. L.; Cutmore, E. J.; Horsburgh, B. A.; Sikazwe, C. T.; Dwyer, D. E.; Smith, D. W.; Kok, J.";The University of Sydney, Marie Bashir Institute for Infectious Diseases and Biosecurity & Sydney Medical School;Homo sapiens;15055;2021-03-24;PP_001LAHF;MW160778.1;Automated Ingest from INSDC/NCBI Virus by Loculus;OPEN;https://pathoplexus.org/about/terms-of-use/open-data;;0.9888998357963875;;;MW160778.1;;;A/WA/PW3128124K/2017;0;0
PP_001LAJD.2;A.D;2017-04-18;Australia;;"Robertson, M.; Eden, J.-S.; Levy, A.; Carter, I.; Tulloch, R. L.; Cutmore, E. J.; Horsburgh, B. A.; Sikazwe, C. T.; Dwyer, D. E.; Smith, D. W.; Kok, J.";The University of Sydney, Marie Bashir Institute for Infectious Diseases and Biosecurity & Sydney Medical School;Homo sapiens;15183;2021-03-24;PP_001LAJD;MW160779.1;Automated Ingest from INSDC/NCBI Virus by Loculus;OPEN;https://pathoplexus.org/about/terms-of-use/open-data;;0.9972413793103448;;;MW160779.1;;;A/WA/PW4161683B/2017;0;0
PP_001LAKB.2;A.D;2017-11-04;Australia;;"Robertson, M.; Eden, J.-S.; Levy, A.; Carter, I.; Tulloch, R. L.; Cutmore, E. J.; Horsburgh, B. A.; Sikazwe, C. T.; Dwyer, D. E.; Smith, D. W.; Kok, J.";The University of Sydney, Marie Bashir Institute for Infectious Diseases and Biosecurity & Sydney Medical School;Homo sapiens;15073;2021-03-24;PP_001LAKB;MW160782.1;Automated Ingest from INSDC/NCBI Virus by Loculus;OPEN;https://pathoplexus.org/about/terms-of-use/open-data;;0.9897536945812808;;;MW160782.1;;;A/WA/PW7243266W/2017;0;0
PP_001LASX.2;A.D.2.2;2016-12-15;Australia;;"Robertson, M.; Eden, J.-S.; Levy, A.; Carter, I.; Tulloch, R. L.; Cutmore, E. J.; Horsburgh, B. A.; Sikazwe, C. T.; Dwyer, D. E.; Smith, D. W.; Kok, J.";The University of Sydney, Marie Bashir Institute for Infectious Diseases and Biosecurity & Sydney Medical School;Homo sapiens;15220;2021-03-24;PP_001LASX;MW160801.1;Automated Ingest from INSDC/NCBI Virus by Loculus;OPEN;https://pathoplexus.org/about/terms-of-use/open-data;;0.9992775041050903;;;MW160801.1;;;A/WA/PW7344936K/2016;0;0
PP_001LAUT.2;A.D.2.2;2017-01-04;Australia;;"Robertson, M.; Eden, J.-S.; Levy, A.; Carter, I.; Tulloch, R. L.; Cutmore, E. J.; Horsburgh, B. A.; Sikazwe, C. T.; Dwyer, D. E.; Smith, D. W.; Kok, J.";The University of Sydney, Marie Bashir Institute for Infectious Diseases and Biosecurity & Sydney Medical School;Homo sapiens;15217;2021-03-24;PP_001LAUT;MW160807.1;Automated Ingest from INSDC/NCBI Virus by Loculus;OPEN;https://pathoplexus.org/about/terms-of-use/open-data;;0.9992775041050903;;;MW160807.1;;;A/NSW/WM0910208/2017;0;0
PP_001LAXM.2;A.D.1;2017-01-05;Australia;;"Robertson, M.; Eden, J.-S.; Levy, A.; Carter, I.; Tulloch, R. L.; Cutmore, E. J.; Horsburgh, B. A.; Sikazwe, C. T.; Dwyer, D. E.; Smith, D. W.; Kok, J.";The University of Sydney, Marie Bashir Institute for Infectious Diseases and Biosecurity & Sydney Medical School;Homo sapiens;15069;2021-03-24;PP_001LAXM;MW160820.1;Automated Ingest from INSDC/NCBI Virus by Loculus;OPEN;https://pathoplexus.org/about/terms-of-use/open-data;;0.9891625615763546;;;MW160820.1;;;A/NSW/WM1212262/2017;0;10
PP_001M1EV.1;A.D;2015-03-15;Germany;;"Jo, W. K.; Schadenhofer, A.; Habierski, A.; Kaiser, F. K.; Saletti, G.; Ganzenmueller, T.; Hage, E.; Haid, S.; Pietschmann, T.; Hansen, G.; Schulz, T. F.; Rimmelzwaan, G. F.; Osterhaus, A. D. M. E.; Ludlow, M.";RIZ, University of Veterinary Medicine;Homo sapiens;15277;2021-03-22;PP_001M1EV;MW582528.1;Automated Ingest from INSDC/NCBI Virus by Loculus;OPEN;https://pathoplexus.org/about/terms-of-use/open-data;;1.0;;;MW582528.1;;;594;0;0
PP_001MFFD.2;A.D;2014;China;;Jiang, Y.;Chinese Center for Disease Control and Prevention, Department of Zoonosis;Homo sapiens;14998;2023-02-14;PP_001MFFD;MZ221195.1;Automated Ingest from INSDC/NCBI Virus by Loculus;OPEN;https://pathoplexus.org/about/terms-of-use/open-data;;0.9851559934318554;;;MZ221195.1;;;JSHA63;0;0
PP_001MFGB.2;A.D;2014;China;;Jiang, Y.;Chinese Center for Disease Control and Prevention, Department of Zoonosis;Homo sapiens;15002;2023-02-14;PP_001MFGB;MZ221196.1;Automated Ingest from INSDC/NCBI Virus by Loculus;OPEN;https://pathoplexus.org/about/terms-of-use/open-data;;0.9853530377668309;;;MZ221196.1;;;JSHA96;0;0
PP_001MFJ6.2;A.D.1;2018;China;;Jiang, Y.;Chinese Center for Disease Control and Prevention, Department of Zoonosis;Homo sapiens;14998;2023-02-14;PP_001MFJ6;MZ221198.1;Automated Ingest from INSDC/NCBI Virus by Loculus;OPEN;https://pathoplexus.org/about/terms-of-use/open-data;;0.9851559934318554;;;MZ221198.1;;;SDRZ91;0;0
PP_001MFL2.2;A.D;2014;China;;Jiang, Y.;Chinese Center for Disease Control and Prevention, Department of Zoonosis;Homo sapiens;15007;2023-02-14;PP_001MFL2;MZ221205.1;Automated Ingest from INSDC/NCBI Virus by Loculus;OPEN;https://pathoplexus.org/about/terms-of-use/open-data;;0.9854844006568144;;;MZ221205.1;;;JSHA92;0;0
PP_001MRJW.1;A.D;2018-11-21;Netherlands;;"Lin, G.-L.; Drysdale, S. B.; Snape, M. D.; O'Connor, D.; Brown, A.; MacIntyre-Cockett, G.; Mellado-Gomez, E.; de Cesare, M.; Bonsall, D.; Ansari, M. A.; Oner, D.; Aerssens, J.; Butler, C.; Bont, L.; Openshaw, P.; Martinon-Torres, F.; Nair, H.; Bowden, R.; Golubchik, T.; Pollard, A. J.";Oxford Vaccine Group, Department of Paediatrics, University of Oxford;Homo sapiens;15254;2021-08-18;PP_001MRJW;MZ515564.1;Automated Ingest from INSDC/NCBI Virus by Loculus;OPEN;https://pathoplexus.org/about/terms-of-use/open-data;;0.9975697865353038;;;MZ515564.1;;;UU02-0055-D02;1;36
PP_001MRLS.1;A.D.5.1;2019-12-15;United Kingdom;;"Lin, G.-L.; Drysdale, S. B.; Snape, M. D.; O'Connor, D.; Brown, A.; MacIntyre-Cockett, G.; Mellado-Gomez, E.; de Cesare, M.; Bonsall, D.; Ansari, M. A.; Oner, D.; Aerssens, J.; Butler, C.; Bont, L.; Openshaw, P.; Martinon-Torres, F.; Nair, H.; Bowden, R.; Golubchik, T.; Pollard, A. J.";Oxford Vaccine Group, Department of Paediatrics, University of Oxford;Homo sapiens;15277;2021-08-18;PP_001MRLS;MZ515567.1;Automated Ingest from INSDC/NCBI Virus by Loculus;OPEN;https://pathoplexus.org/about/terms-of-use/open-data;;1.0;;;MZ515567.1;;;OX02-9571-V01;0;0
PP_001MRQJ.1;A.D.1;2020-01-03;United Kingdom;;"Lin, G.-L.; Drysdale, S. B.; Snape, M. D.; O'Connor, D.; Brown, A.; MacIntyre-Cockett, G.; Mellado-Gomez, E.; de Cesare, M.; Bonsall, D.; Ansari, M. A.; Oner, D.; Aerssens, J.; Butler, C.; Bont, L.; Openshaw, P.; Martinon-Torres, F.; Nair, H.; Bowden, R.; Golubchik, T.; Pollard, A. J.";Oxford Vaccine Group, Department of Paediatrics, University of Oxford;Homo sapiens;15276;2021-08-18;PP_001MRQJ;MZ515571.1;Automated Ingest from INSDC/NCBI Virus by Loculus;OPEN;https://pathoplexus.org/about/terms-of-use/open-data;;1.0;;;MZ515571.1;;;OX02-9011-V01;0;0
PP_001MRTC.1;A.D.2.2.1;2018-11-30;United Kingdom;;"Lin, G.-L.; Drysdale, S. B.; Snape, M. D.; O'Connor, D.; Brown, A.; MacIntyre-Cockett, G.; Mellado-Gomez, E.; de Cesare, M.; Bonsall, D.; Ansari, M. A.; Oner, D.; Aerssens, J.; Butler, C.; Bont, L.; Openshaw, P.; Martinon-Torres, F.; Nair, H.; Bowden, R.; Golubchik, T.; Pollard, A. J.";Oxford Vaccine Group, Department of Paediatrics, University of Oxford;Homo sapiens;15274;2021-08-18;PP_001MRTC;MZ515575.1;Automated Ingest from INSDC/NCBI Virus by Loculus;OPEN;https://pathoplexus.org/about/terms-of-use/open-data;;1.0;;;MZ515575.1;;;IM02-0033-V01;0;0
PP_001MS1W.1;A.D.2.2.1;2019-01-04;Spain;;"Lin, G.-L.; Drysdale, S. B.; Snape, M. D.; O'Connor, D.; Brown, A.; MacIntyre-Cockett, G.; Mellado-Gomez, E.; de Cesare, M.; Bonsall, D.; Ansari, M. A.; Oner, D.; Aerssens, J.; Butler, C.; Bont, L.; Openshaw, P.; Martinon-Torres, F.; Nair, H.; Bowden, R.; Golubchik, T.; Pollard, A. J.";Oxford Vaccine Group, Department of Paediatrics, University of Oxford;Homo sapiens;15280;2021-08-18;PP_001MS1W;MZ515588.1;Automated Ingest from INSDC/NCBI Virus by Loculus;OPEN;https://pathoplexus.org/about/terms-of-use/open-data;;0.9994088669950739;;;MZ515588.1;;;SE02-0003-D02;0;9
PP_001MS2U.1;A.D.5;2019-11-28;Netherlands;;"Lin, G.-L.; Drysdale, S. B.; Snape, M. D.; O'Connor, D.; Brown, A.; MacIntyre-Cockett, G.; Mellado-Gomez, E.; de Cesare, M.; Bonsall, D.; Ansari, M. A.; Oner, D.; Aerssens, J.; Butler, C.; Bont, L.; Openshaw, P.; Martinon-Torres, F.; Nair, H.; Bowden, R.; Golubchik, T.; Pollard, A. J.";Oxford Vaccine Group, Department of Paediatrics, University of Oxford;Homo sapiens;15276;2021-08-18;PP_001MS2U;MZ515592.1;Automated Ingest from INSDC/NCBI Virus by Loculus;OPEN;https://pathoplexus.org/about/terms-of-use/open-data;;1.0;;;MZ515592.1;;;UU01A-0155-V02;0;0
PP_001MS9E.1;A.D.2.2.1;2019-01-10;Spain;;"Lin, G.-L.; Drysdale, S. B.; Snape, M. D.; O'Connor, D.; Brown, A.; MacIntyre-Cockett, G.; Mellado-Gomez, E.; de Cesare, M.; Bonsall, D.; Ansari, M. A.; Oner, D.; Aerssens, J.; Butler, C.; Bont, L.; Openshaw, P.; Martinon-Torres, F.; Nair, H.; Bowden, R.; Golubchik, T.; Pollard, A. J.";Oxford Vaccine Group, Department of Paediatrics, University of Oxford;Homo sapiens;15280;2021-08-18;PP_001MS9E;MZ515609.1;Automated Ingest from INSDC/NCBI Virus by Loculus;OPEN;https://pathoplexus.org/about/terms-of-use/open-data;;1.0;;;MZ515609.1;;;SE02-0006-V01;0;0
PP_001MSBA.1;A.D.5;2019-12-24;Netherlands;;"Lin, G.-L.; Drysdale, S. B.; Snape, M. D.; O'Connor, D.; Brown, A.; MacIntyre-Cockett, G.; Mellado-Gomez, E.; de Cesare, M.; Bonsall, D.; Ansari, M. A.; Oner, D.; Aerssens, J.; Butler, C.; Bont, L.; Openshaw, P.; Martinon-Torres, F.; Nair, H.; Bowden, R.; Golubchik, T.; Pollard, A. J.";Oxford Vaccine Group, Department of Paediatrics, University of Oxford;Homo sapiens;15276;2021-08-18;PP_001MSBA;MZ515616.1;Automated Ingest from INSDC/NCBI Virus by Loculus;OPEN;https://pathoplexus.org/about/terms-of-use/open-data;;1.0;;;MZ515616.1;;;UU02-0160-V01;0;0
PP_001MSE4.1;A.D.3;2019-12-30;Spain;;"Lin, G.-L.; Drysdale, S. B.; Snape, M. D.; O'Connor, D.; Brown, A.; MacIntyre-Cockett, G.; Mellado-Gomez, E.; de Cesare, M.; Bonsall, D.; Ansari, M. A.; Oner, D.; Aerssens, J.; Butler, C.; Bont, L.; Openshaw, P.; Martinon-Torres, F.; Nair, H.; Bowden, R.; Golubchik, T.; Pollard, A. J.";Oxford Vaccine Group, Department of Paediatrics, University of Oxford;Homo sapiens;15278;2021-08-18;PP_001MSE4;MZ515619.1;Automated Ingest from INSDC/NCBI Virus by Loculus;OPEN;https://pathoplexus.org/about/terms-of-use/open-data;;1.0;;;MZ515619.1;;;SE01A-0160-V02;0;0
PP_001MSHX.1;A.D.1;2018-01-09;United Kingdom;;"Lin, G.-L.; Drysdale, S. B.; Snape, M. D.; O'Connor, D.; Brown, A.; MacIntyre-Cockett, G.; Mellado-Gomez, E.; de Cesare, M.; Bonsall, D.; Ansari, M. A.; Oner, D.; Aerssens, J.; Butler, C.; Bont, L.; Openshaw, P.; Martinon-Torres, F.; Nair, H.; Bowden, R.; Golubchik, T.; Pollard, A. J.";Oxford Vaccine Group, Department of Paediatrics, University of Oxford;Homo sapiens;15276;2021-08-18;PP_001MSHX;MZ515623.1;Automated Ingest from INSDC/NCBI Virus by Loculus;OPEN;https://pathoplexus.org/about/terms-of-use/open-data;;1.0;;;MZ515623.1;;;OX02-8711-D02;0;0
PP_001MSX3.1;A.D.3;2018-11-20;United Kingdom;;"Lin, G.-L.; Drysdale, S. B.; Snape, M. D.; O'Connor, D.; Brown, A.; MacIntyre-Cockett, G.; Mellado-Gomez, E.; de Cesare, M.; Bonsall, D.; Ansari, M. A.; Oner, D.; Aerssens, J.; Butler, C.; Bont, L.; Openshaw, P.; Martinon-Torres, F.; Nair, H.; Bowden, R.; Golubchik, T.; Pollard, A. J.";Oxford Vaccine Group, Department of Paediatrics, University of Oxford;Homo sapiens;15280;2021-08-18;PP_001MSX3;MZ515647.1;Automated Ingest from INSDC/NCBI Virus by Loculus;OPEN;https://pathoplexus.org/about/terms-of-use/open-data;;1.0;;;MZ515647.1;;;OX02-8382-V01;0;0
PP_001MT3R.1;A.D;2019-12-11;Netherlands;;"Lin, G.-L.; Drysdale, S. B.; Snape, M. D.; O'Connor, D.; Brown, A.; MacIntyre-Cockett, G.; Mellado-Gomez, E.; de Cesare, M.; Bonsall, D.; Ansari, M. A.; Oner, D.; Aerssens, J.; Butler, C.; Bont, L.; Openshaw, P.; Martinon-Torres, F.; Nair, H.; Bowden, R.; Golubchik, T.; Pollard, A. J.";Oxford Vaccine Group, Department of Paediatrics, University of Oxford;Homo sapiens;15282;2021-08-18;PP_001MT3R;MZ515655.1;Automated Ingest from INSDC/NCBI Virus by Loculus;OPEN;https://pathoplexus.org/about/terms-of-use/open-data;;1.0;;;MZ515655.1;;;UU02-0155-V01;0;0
PP_001MT7H.1;A.D.3;2019-12-18;United Kingdom;;"Lin, G.-L.; Drysdale, S. B.; Snape, M. D.; O'Connor, D.; Brown, A.; MacIntyre-Cockett, G.; Mellado-Gomez, E.; de Cesare, M.; Bonsall, D.; Ansari, M. A.; Oner, D.; Aerssens, J.; Butler, C.; Bont, L.; Openshaw, P.; Martinon-Torres, F.; Nair, H.; Bowden, R.; Golubchik, T.; Pollard, A. J.";Oxford Vaccine Group, Department of Paediatrics, University of Oxford;Homo sapiens;15279;2021-08-18;PP_001MT7H;MZ515668.1;Automated Ingest from INSDC/NCBI Virus by Loculus;OPEN;https://pathoplexus.org/about/terms-of-use/open-data;;1.0;;;MZ515668.1;;;OX02-9801-D06;0;0
PP_001MTC7.1;A.D;2020-01-11;United Kingdom;;"Lin, G.-L.; Drysdale, S. B.; Snape, M. D.; O'Connor, D.; Brown, A.; MacIntyre-Cockett, G.; Mellado-Gomez, E.; de Cesare, M.; Bonsall, D.; Ansari, M. A.; Oner, D.; Aerssens, J.; Butler, C.; Bont, L.; Openshaw, P.; Martinon-Torres, F.; Nair, H.; Bowden, R.; Golubchik, T.; Pollard, A. J.";Oxford Vaccine Group, Department of Paediatrics, University of Oxford;Homo sapiens;15281;2021-08-18;PP_001MTC7;MZ515681.1;Automated Ingest from INSDC/NCBI Virus by Loculus;OPEN;https://pathoplexus.org/about/terms-of-use/open-data;;1.0;;;MZ515681.1;;;OX02-9267-V01;0;0
PP_001MTD5.1;A.D.4.1;2019-11-28;United Kingdom;;"Lin, G.-L.; Drysdale, S. B.; Snape, M. D.; O'Connor, D.; Brown, A.; MacIntyre-Cockett, G.; Mellado-Gomez, E.; de Cesare, M.; Bonsall, D.; Ansari, M. A.; Oner, D.; Aerssens, J.; Butler, C.; Bont, L.; Openshaw, P.; Martinon-Torres, F.; Nair, H.; Bowden, R.; Golubchik, T.; Pollard, A. J.";Oxford Vaccine Group, Department of Paediatrics, University of Oxford;Homo sapiens;15275;2021-08-18;PP_001MTD5;MZ515682.1;Automated Ingest from INSDC/NCBI Virus by Loculus;OPEN;https://pathoplexus.org/about/terms-of-use/open-data;;1.0;;;MZ515682.1;;;OX02-8031-V01;0;0
PP_001MTRE.1;A.D.2.1;2019-12-13;Netherlands;;"Lin, G.-L.; Drysdale, S. B.; Snape, M. D.; O'Connor, D.; Brown, A.; MacIntyre-Cockett, G.; Mellado-Gomez, E.; de Cesare, M.; Bonsall, D.; Ansari, M. A.; Oner, D.; Aerssens, J.; Butler, C.; Bont, L.; Openshaw, P.; Martinon-Torres, F.; Nair, H.; Bowden, R.; Golubchik, T.; Pollard, A. J.";Oxford Vaccine Group, Department of Paediatrics, University of Oxford;Homo sapiens;15273;2021-08-18;PP_001MTRE;MZ515701.1;Automated Ingest from INSDC/NCBI Virus by Loculus;OPEN;https://pathoplexus.org/about/terms-of-use/open-data;;1.0;;;MZ515701.1;;;UU01A-0126-V02;0;0
PP_001MTV6.1;A.D.1;2020-01-15;Spain;;"Lin, G.-L.; Drysdale, S. B.; Snape, M. D.; O'Connor, D.; Brown, A.; MacIntyre-Cockett, G.; Mellado-Gomez, E.; de Cesare, M.; Bonsall, D.; Ansari, M. A.; Oner, D.; Aerssens, J.; Butler, C.; Bont, L.; Openshaw, P.; Martinon-Torres, F.; Nair, H.; Bowden, R.; Golubchik, T.; Pollard, A. J.";Oxford Vaccine Group, Department of Paediatrics, University of Oxford;Homo sapiens;15275;2021-08-18;PP_001MTV6;MZ515706.1;Automated Ingest from INSDC/NCBI Virus by Loculus;OPEN;https://pathoplexus.org/about/terms-of-use/open-data;;1.0;;;MZ515706.1;;;SE01A-0106-V02;0;0
PP_001MTW4.1;A.D.2.1;2020-01-08;Netherlands;;"Lin, G.-L.; Drysdale, S. B.; Snape, M. D.; O'Connor, D.; Brown, A.; MacIntyre-Cockett, G.; Mellado-Gomez, E.; de Cesare, M.; Bonsall, D.; Ansari, M. A.; Oner, D.; Aerssens, J.; Butler, C.; Bont, L.; Openshaw, P.; Martinon-Torres, F.; Nair, H.; Bowden, R.; Golubchik, T.; Pollard, A. J.";Oxford Vaccine Group, Department of Paediatrics, University of Oxford;Homo sapiens;15273;2021-08-18;PP_001MTW4;MZ515709.1;Automated Ingest from INSDC/NCBI Virus by Loculus;OPEN;https://pathoplexus.org/about/terms-of-use/open-data;;1.0;;;MZ515709.1;;;UU02-0165-D02;0;0
PP_001MUAA.1;A.D.5.1;2019-11-13;United Kingdom;;"Lin, G.-L.; Drysdale, S. B.; Snape, M. D.; O'Connor, D.; Brown, A.; MacIntyre-Cockett, G.; Mellado-Gomez, E.; de Cesare, M.; Bonsall, D.; Ansari, M. A.; Oner, D.; Aerssens, J.; Butler, C.; Bont, L.; Openshaw, P.; Martinon-Torres, F.; Nair, H.; Bowden, R.; Golubchik, T.; Pollard, A. J.";Oxford Vaccine Group, Department of Paediatrics, University of Oxford;Homo sapiens;15274;2021-08-18;PP_001MUAA;MZ515749.1;Automated Ingest from INSDC/NCBI Virus by Loculus;OPEN;https://pathoplexus.org/about/terms-of-use/open-data;;1.0;;;MZ515749.1;;;OX02-8271-V01;0;0
PP_001MUGY.1;A.D.2.1;2019-10-28;Netherlands;;"Lin, G.-L.; Drysdale, S. B.; Snape, M. D.; O'Connor, D.; Brown, A.; MacIntyre-Cockett, G.; Mellado-Gomez, E.; de Cesare, M.; Bonsall, D.; Ansari, M. A.; Oner, D.; Aerssens, J.; Butler, C.; Bont, L.; Openshaw, P.; Martinon-Torres, F.; Nair, H.; Bowden, R.; Golubchik, T.; Pollard, A. J.";Oxford Vaccine Group, Department of Paediatrics, University of Oxford;Homo sapiens;15273;2021-08-18;PP_001MUGY;MZ515766.1;Automated Ingest from INSDC/NCBI Virus by Loculus;OPEN;https://pathoplexus.org/about/terms-of-use/open-data;;1.0;;;MZ515766.1;;;UU01A-0096-V02;0;0
PP_001MUPH.1;A.D.5;2018-12-20;United Kingdom;;"Lin, G.-L.; Drysdale, S. B.; Snape, M. D.; O'Connor, D.; Brown, A.; MacIntyre-Cockett, G.; Mellado-Gomez, E.; de Cesare, M.; Bonsall, D.; Ansari, M. A.; Oner, D.; Aerssens, J.; Butler, C.; Bont, L.; Openshaw, P.; Martinon-Torres, F.; Nair, H.; Bowden, R.; Golubchik, T.; Pollard, A. J.";Oxford Vaccine Group, Department of Paediatrics, University of Oxford;Homo sapiens;15276;2021-08-18;PP_001MUPH;MZ515782.1;Automated Ingest from INSDC/NCBI Virus by Loculus;OPEN;https://pathoplexus.org/about/terms-of-use/open-data;;1.0;;;MZ515782.1;;;OX02-8635-V01;0;0
PP_001MUSB.1;A.D.1;2018-01-12;Netherlands;;"Lin, G.-L.; Drysdale, S. B.; Snape, M. D.; O'Connor, D.; Brown, A.; MacIntyre-Cockett, G.; Mellado-Gomez, E.; de Cesare, M.; Bonsall, D.; Ansari, M. A.; Oner, D.; Aerssens, J.; Butler, C.; Bont, L.; Openshaw, P.; Martinon-Torres, F.; Nair, H.; Bowden, R.; Golubchik, T.; Pollard, A. J.";Oxford Vaccine Group, Department of Paediatrics, University of Oxford;Homo sapiens;15274;2021-08-18;PP_001MUSB;MZ515789.1;Automated Ingest from INSDC/NCBI Virus by Loculus;OPEN;https://pathoplexus.org/about/terms-of-use/open-data;;1.0;;;MZ515789.1;;;UU02-0038-V01;0;0
PP_001MUU7.1;A.D.3;2018-12-06;United Kingdom;;"Lin, G.-L.; Drysdale, S. B.; Snape, M. D.; O'Connor, D.; Brown, A.; MacIntyre-Cockett, G.; Mellado-Gomez, E.; de Cesare, M.; Bonsall, D.; Ansari, M. A.; Oner, D.; Aerssens, J.; Butler, C.; Bont, L.; Openshaw, P.; Martinon-Torres, F.; Nair, H.; Bowden, R.; Golubchik, T.; Pollard, A. J.";Oxford Vaccine Group, Department of Paediatrics, University of Oxford;Homo sapiens;15279;2021-08-18;PP_001MUU7;MZ515795.1;Automated Ingest from INSDC/NCBI Virus by Loculus;OPEN;https://pathoplexus.org/about/terms-of-use/open-data;;0.9891625615763546;;;MZ515795.1;;;OX02-8132-D02;3;162
PP_001MV3P.1;A.D.1;2018-01-12;United Kingdom;;"Lin, G.-L.; Drysdale, S. B.; Snape, M. D.; O'Connor, D.; Brown, A.; MacIntyre-Cockett, G.; Mellado-Gomez, E.; de Cesare, M.; Bonsall, D.; Ansari, M. A.; Oner, D.; Aerssens, J.; Butler, C.; Bont, L.; Openshaw, P.; Martinon-Torres, F.; Nair, H.; Bowden, R.; Golubchik, T.; Pollard, A. J.";Oxford Vaccine Group, Department of Paediatrics, University of Oxford;Homo sapiens;15276;2021-08-18;PP_001MV3P;MZ515811.1;Automated Ingest from INSDC/NCBI Virus by Loculus;OPEN;https://pathoplexus.org/about/terms-of-use/open-data;;1.0;;;MZ515811.1;;;OX02-8168-D02;0;0
PP_001MV7F.1;A.D;2018-10-22;United Kingdom;;"Lin, G.-L.; Drysdale, S. B.; Snape, M. D.; O'Connor, D.; Brown, A.; MacIntyre-Cockett, G.; Mellado-Gomez, E.; de Cesare, M.; Bonsall, D.; Ansari, M. A.; Oner, D.; Aerssens, J.; Butler, C.; Bont, L.; Openshaw, P.; Martinon-Torres, F.; Nair, H.; Bowden, R.; Golubchik, T.; Pollard, A. J.";Oxford Vaccine Group, Department of Paediatrics, University of Oxford;Homo sapiens;15279;2021-08-18;PP_001MV7F;MZ515819.1;Automated Ingest from INSDC/NCBI Virus by Loculus;OPEN;https://pathoplexus.org/about/terms-of-use/open-data;;1.0;;;MZ515819.1;;;OX02-8663-V01;0;0
PP_001MVA9.1;A.D.5;2019-12-03;Netherlands;;"Lin, G.-L.; Drysdale, S. B.; Snape, M. D.; O'Connor, D.; Brown, A.; MacIntyre-Cockett, G.; Mellado-Gomez, E.; de Cesare, M.; Bonsall, D.; Ansari, M. A.; Oner, D.; Aerssens, J.; Butler, C.; Bont, L.; Openshaw, P.; Martinon-Torres, F.; Nair, H.; Bowden, R.; Golubchik, T.; Pollard, A. J.";Oxford Vaccine Group, Department of Paediatrics, University of Oxford;Homo sapiens;15272;2021-08-18;PP_001MVA9;MZ515825.1;Automated Ingest from INSDC/NCBI Virus by Loculus;OPEN;https://pathoplexus.org/about/terms-of-use/open-data;;1.0;;;MZ515825.1;;;UU01A-0159-V02;0;0
PP_001MVML.1;A.D.2.2.1;2018-11-30;United Kingdom;;"Lin, G.-L.; Drysdale, S. B.; Snape, M. D.; O'Connor, D.; Brown, A.; MacIntyre-Cockett, G.; Mellado-Gomez, E.; de Cesare, M.; Bonsall, D.; Ansari, M. A.; Oner, D.; Aerssens, J.; Butler, C.; Bont, L.; Openshaw, P.; Martinon-Torres, F.; Nair, H.; Bowden, R.; Golubchik, T.; Pollard, A. J.";Oxford Vaccine Group, Department of Paediatrics, University of Oxford;Homo sapiens;15274;2021-08-18;PP_001MVML;MZ515850.1;Automated Ingest from INSDC/NCBI Virus by Loculus;OPEN;https://pathoplexus.org/about/terms-of-use/open-data;;1.0;;;MZ515850.1;;;OX02-8908-V01;0;0
PP_001MVNJ.1;A.D.2.2.1;2018-11-28;Spain;;"Lin, G.-L.; Drysdale, S. B.; Snape, M. D.; O'Connor, D.; Brown, A.; MacIntyre-Cockett, G.; Mellado-Gomez, E.; de Cesare, M.; Bonsall, D.; Ansari, M. A.; Oner, D.; Aerssens, J.; Butler, C.; Bont, L.; Openshaw, P.; Martinon-Torres, F.; Nair, H.; Bowden, R.; Golubchik, T.; Pollard, A. J.";Oxford Vaccine Group, Department of Paediatrics, University of Oxford;Homo sapiens;15286;2021-08-18;PP_001MVNJ;MZ515851.1;Automated Ingest from INSDC/NCBI Virus by Loculus;OPEN;https://pathoplexus.org/about/terms-of-use/open-data;;1.0;;;MZ515851.1;;;SE01A-0064-V02;0;0
PP_001MVT8.1;A.D.2.1;2019-12-14;Netherlands;;"Lin, G.-L.; Drysdale, S. B.; Snape, M. D.; O'Connor, D.; Brown, A.; MacIntyre-Cockett, G.; Mellado-Gomez, E.; de Cesare, M.; Bonsall, D.; Ansari, M. A.; Oner, D.; Aerssens, J.; Butler, C.; Bont, L.; Openshaw, P.; Martinon-Torres, F.; Nair, H.; Bowden, R.; Golubchik, T.; Pollard, A. J.";Oxford Vaccine Group, Department of Paediatrics, University of Oxford;Homo sapiens;15273;2021-08-18;PP_001MVT8;MZ515859.1;Automated Ingest from INSDC/NCBI Virus by Loculus;OPEN;https://pathoplexus.org/about/terms-of-use/open-data;;1.0;;;MZ515859.1;;;UU02-0213-V01;0;0
PP_001MVX0.1;A.D.1;2019-11-10;United Kingdom;;"Lin, G.-L.; Drysdale, S. B.; Snape, M. D.; O'Connor, D.; Brown, A.; MacIntyre-Cockett, G.; Mellado-Gomez, E.; de Cesare, M.; Bonsall, D.; Ansari, M. A.; Oner, D.; Aerssens, J.; Butler, C.; Bont, L.; Openshaw, P.; Martinon-Torres, F.; Nair, H.; Bowden, R.; Golubchik, T.; Pollard, A. J.";Oxford Vaccine Group, Department of Paediatrics, University of Oxford;Homo sapiens;15275;2021-08-18;PP_001MVX0;MZ515864.1;Automated Ingest from INSDC/NCBI Virus by Loculus;OPEN;https://pathoplexus.org/about/terms-of-use/open-data;;1.0;;;MZ515864.1;;;OX02-8260-D03;0;0
PP_001MWB6.1;A.D.5;2019-12-11;Netherlands;;"Lin, G.-L.; Drysdale, S. B.; Snape, M. D.; O'Connor, D.; Brown, A.; MacIntyre-Cockett, G.; Mellado-Gomez, E.; de Cesare, M.; Bonsall, D.; Ansari, M. A.; Oner, D.; Aerssens, J.; Butler, C.; Bont, L.; Openshaw, P.; Martinon-Torres, F.; Nair, H.; Bowden, R.; Golubchik, T.; Pollard, A. J.";Oxford Vaccine Group, Department of Paediatrics, University of Oxford;Homo sapiens;15276;2021-08-18;PP_001MWB6;MZ515884.1;Automated Ingest from INSDC/NCBI Virus by Loculus;OPEN;https://pathoplexus.org/about/terms-of-use/open-data;;1.0;;;MZ515884.1;;;UU01A-0144-V02;0;0
PP_001MWKP.1;A.D.2.1;2019-12-24;Netherlands;;"Lin, G.-L.; Drysdale, S. B.; Snape, M. D.; O'Connor, D.; Brown, A.; MacIntyre-Cockett, G.; Mellado-Gomez, E.; de Cesare, M.; Bonsall, D.; Ansari, M. A.; Oner, D.; Aerssens, J.; Butler, C.; Bont, L.; Openshaw, P.; Martinon-Torres, F.; Nair, H.; Bowden, R.; Golubchik, T.; Pollard, A. J.";Oxford Vaccine Group, Department of Paediatrics, University of Oxford;Homo sapiens;15277;2021-08-18;PP_001MWKP;MZ515901.1;Automated Ingest from INSDC/NCBI Virus by Loculus;OPEN;https://pathoplexus.org/about/terms-of-use/open-data;;1.0;;;MZ515901.1;;;UU01A-0150-V02;0;0
PP_001MWLM.1;A.D.2.2.1;2018-12-19;Spain;;"Lin, G.-L.; Drysdale, S. B.; Snape, M. D.; O'Connor, D.; Brown, A.; MacIntyre-Cockett, G.; Mellado-Gomez, E.; de Cesare, M.; Bonsall, D.; Ansari, M. A.; Oner, D.; Aerssens, J.; Butler, C.; Bont, L.; Openshaw, P.; Martinon-Torres, F.; Nair, H.; Bowden, R.; Golubchik, T.; Pollard, A. J.";Oxford Vaccine Group, Department of Paediatrics, University of Oxford;Homo sapiens;15280;2021-08-18;PP_001MWLM;MZ515902.1;Automated Ingest from INSDC/NCBI Virus by Loculus;OPEN;https://pathoplexus.org/about/terms-of-use/open-data;;1.0;;;MZ515902.1;;;SE01A-0069-V02;0;0
PP_001MWQD.1;A.D.1;2018-11-20;United Kingdom;;"Lin, G.-L.; Drysdale, S. B.; Snape, M. D.; O'Connor, D.; Brown, A.; MacIntyre-Cockett, G.; Mellado-Gomez, E.; de Cesare, M.; Bonsall, D.; Ansari, M. A.; Oner, D.; Aerssens, J.; Butler, C.; Bont, L.; Openshaw, P.; Martinon-Torres, F.; Nair, H.; Bowden, R.; Golubchik, T.; Pollard, A. J.";Oxford Vaccine Group, Department of Paediatrics, University of Oxford;Homo sapiens;15272;2021-08-18;PP_001MWQD;MZ515908.1;Automated Ingest from INSDC/NCBI Virus by Loculus;OPEN;https://pathoplexus.org/about/terms-of-use/open-data;;1.0;;;MZ515908.1;;;OX02-8608-V01;0;0
PP_001MX3M.1;A.D.1;2018-12-13;United Kingdom;;"Lin, G.-L.; Drysdale, S. B.; Snape, M. D.; O'Connor, D.; Brown, A.; MacIntyre-Cockett, G.; Mellado-Gomez, E.; de Cesare, M.; Bonsall, D.; Ansari, M. A.; Oner, D.; Aerssens, J.; Butler, C.; Bont, L.; Openshaw, P.; Martinon-Torres, F.; Nair, H.; Bowden, R.; Golubchik, T.; Pollard, A. J.";Oxford Vaccine Group, Department of Paediatrics, University of Oxford;Homo sapiens;15277;2021-08-18;PP_001MX3M;MZ515929.1;Automated Ingest from INSDC/NCBI Virus by Loculus;OPEN;https://pathoplexus.org/about/terms-of-use/open-data;;1.0;;;MZ515929.1;;;OX02-8371-V01;0;0
PP_001MXGV.1;A.D.2.2.1;2019-01-03;Spain;;"Lin, G.-L.; Drysdale, S. B.; Snape, M. D.; O'Connor, D.; Brown, A.; MacIntyre-Cockett, G.; Mellado-Gomez, E.; de Cesare, M.; Bonsall, D.; Ansari, M. A.; Oner, D.; Aerssens, J.; Butler, C.; Bont, L.; Openshaw, P.; Martinon-Torres, F.; Nair, H.; Bowden, R.; Golubchik, T.; Pollard, A. J.";Oxford Vaccine Group, Department of Paediatrics, University of Oxford;Homo sapiens;15280;2021-08-18;PP_001MXGV;MZ515956.1;Automated Ingest from INSDC/NCBI Virus by Loculus;OPEN;https://pathoplexus.org/about/terms-of-use/open-data;;1.0;;;MZ515956.1;;;SE02-0003-V01;0;0
PP_001MXXY.1;A.D;2018-12-05;United Kingdom;;"Lin, G.-L.; Drysdale, S. B.; Snape, M. D.; O'Connor, D.; Brown, A.; MacIntyre-Cockett, G.; Mellado-Gomez, E.; de Cesare, M.; Bonsall, D.; Ansari, M. A.; Oner, D.; Aerssens, J.; Butler, C.; Bont, L.; Openshaw, P.; Martinon-Torres, F.; Nair, H.; Bowden, R.; Golubchik, T.; Pollard, A. J.";Oxford Vaccine Group, Department of Paediatrics, University of Oxford;Homo sapiens;15276;2021-08-18;PP_001MXXY;MZ515980.1;Automated Ingest from INSDC/NCBI Virus by Loculus;OPEN;https://pathoplexus.org/about/terms-of-use/open-data;;0.9958620689655172;;;MZ515980.1;;;OX02-8474-D02;0;63
PP_001MXZU.1;A.D.1;2019-01-16;Spain;;"Lin, G.-L.; Drysdale, S. B.; Snape, M. D.; O'Connor, D.; Brown, A.; MacIntyre-Cockett, G.; Mellado-Gomez, E.; de Cesare, M.; Bonsall, D.; Ansari, M. A.; Oner, D.; Aerssens, J.; Butler, C.; Bont, L.; Openshaw, P.; Martinon-Torres, F.; Nair, H.; Bowden, R.; Golubchik, T.; Pollard, A. J.";Oxford Vaccine Group, Department of Paediatrics, University of Oxford;Homo sapiens;15275;2021-08-18;PP_001MXZU;MZ515984.1;Automated Ingest from INSDC/NCBI Virus by Loculus;OPEN;https://pathoplexus.org/about/terms-of-use/open-data;;1.0;;;MZ515984.1;;;SE01A-0071-V02;0;0
PP_001MYEY.1;A.D.1;2019-01-17;Spain;;"Lin, G.-L.; Drysdale, S. B.; Snape, M. D.; O'Connor, D.; Brown, A.; MacIntyre-Cockett, G.; Mellado-Gomez, E.; de Cesare, M.; Bonsall, D.; Ansari, M. A.; Oner, D.; Aerssens, J.; Butler, C.; Bont, L.; Openshaw, P.; Martinon-Torres, F.; Nair, H.; Bowden, R.; Golubchik, T.; Pollard, A. J.";Oxford Vaccine Group, Department of Paediatrics, University of Oxford;Homo sapiens;15273;2021-08-18;PP_001MYEY;MZ516007.1;Automated Ingest from INSDC/NCBI Virus by Loculus;OPEN;https://pathoplexus.org/about/terms-of-use/open-data;;0.9999343185550083;;;MZ516007.1;;;SE02-0007-V01;0;1
PP_001MYFW.1;A.D.1;2018-11-14;United Kingdom;;"Lin, G.-L.; Drysdale, S. B.; Snape, M. D.; O'Connor, D.; Brown, A.; MacIntyre-Cockett, G.; Mellado-Gomez, E.; de Cesare, M.; Bonsall, D.; Ansari, M. A.; Oner, D.; Aerssens, J.; Butler, C.; Bont, L.; Openshaw, P.; Martinon-Torres, F.; Nair, H.; Bowden, R.; Golubchik, T.; Pollard, A. J.";Oxford Vaccine Group, Department of Paediatrics, University of Oxford;Homo sapiens;15278;2021-08-18;PP_001MYFW;MZ516008.1;Automated Ingest from INSDC/NCBI Virus by Loculus;OPEN;https://pathoplexus.org/about/terms-of-use/open-data;;1.0;;;MZ516008.1;;;OX02-8390-V01;0;0
PP_001MYHR.1;A.D.2.2.1;2018-12-01;United Kingdom;;"Lin, G.-L.; Drysdale, S. B.; Snape, M. D.; O'Connor, D.; Brown, A.; MacIntyre-Cockett, G.; Mellado-Gomez, E.; de Cesare, M.; Bonsall, D.; Ansari, M. A.; Oner, D.; Aerssens, J.; Butler, C.; Bont, L.; Openshaw, P.; Martinon-Torres, F.; Nair, H.; Bowden, R.; Golubchik, T.; Pollard, A. J.";Oxford Vaccine Group, Department of Paediatrics, University of Oxford;Homo sapiens;15272;2021-08-18;PP_001MYHR;MZ516010.1;Automated Ingest from INSDC/NCBI Virus by Loculus;OPEN;https://pathoplexus.org/about/terms-of-use/open-data;;0.9967159277504105;;;MZ516010.1;;;OX02-8908-D02;0;50
PP_001MYKM.1;A.D.5.1;2019-12-15;United Kingdom;;"Lin, G.-L.; Drysdale, S. B.; Snape, M. D.; O'Connor, D.; Brown, A.; MacIntyre-Cockett, G.; Mellado-Gomez, E.; de Cesare, M.; Bonsall, D.; Ansari, M. A.; Oner, D.; Aerssens, J.; Butler, C.; Bont, L.; Openshaw, P.; Martinon-Torres, F.; Nair, H.; Bowden, R.; Golubchik, T.; Pollard, A. J.";Oxford Vaccine Group, Department of Paediatrics, University of Oxford;Homo sapiens;15275;2021-08-18;PP_001MYKM;MZ516012.1;Automated Ingest from INSDC/NCBI Virus by Loculus;OPEN;https://pathoplexus.org/about/terms-of-use/open-data;;1.0;;;MZ516012.1;;;OX02-9970-V01;0;0
PP_001MYLK.1;A.D.1;2019-12-03;Spain;;"Lin, G.-L.; Drysdale, S. B.; Snape, M. D.; O'Connor, D.; Brown, A.; MacIntyre-Cockett, G.; Mellado-Gomez, E.; de Cesare, M.; Bonsall, D.; Ansari, M. A.; Oner, D.; Aerssens, J.; Butler, C.; Bont, L.; Openshaw, P.; Martinon-Torres, F.; Nair, H.; Bowden, R.; Golubchik, T.; Pollard, A. J.";Oxford Vaccine Group, Department of Paediatrics, University of Oxford;Homo sapiens;15279;2021-08-18;PP_001MYLK;MZ516014.1;Automated Ingest from INSDC/NCBI Virus by Loculus;OPEN;https://pathoplexus.org/about/terms-of-use/open-data;;1.0;;;MZ516014.1;;;SE01A-0119-V02;0;0
PP_001MYS7.1;A.D.2.2.1;2019-12-23;Netherlands;;"Lin, G.-L.; Drysdale, S. B.; Snape, M. D.; O'Connor, D.; Brown, A.; MacIntyre-Cockett, G.; Mellado-Gomez, E.; de Cesare, M.; Bonsall, D.; Ansari, M. A.; Oner, D.; Aerssens, J.; Butler, C.; Bont, L.; Openshaw, P.; Martinon-Torres, F.; Nair, H.; Bowden, R.; Golubchik, T.; Pollard, A. J.";Oxford Vaccine Group, Department of Paediatrics, University of Oxford;Homo sapiens;15282;2021-08-18;PP_001MYS7;MZ516026.1;Automated Ingest from INSDC/NCBI Virus by Loculus;OPEN;https://pathoplexus.org/about/terms-of-use/open-data;;1.0;;;MZ516026.1;;;UU02-0220-V01;0;0
PP_001MYU3.1;A.D.2.2.1;2018-12-06;United Kingdom;;"Lin, G.-L.; Drysdale, S. B.; Snape, M. D.; O'Connor, D.; Brown, A.; MacIntyre-Cockett, G.; Mellado-Gomez, E.; de Cesare, M.; Bonsall, D.; Ansari, M. A.; Oner, D.; Aerssens, J.; Butler, C.; Bont, L.; Openshaw, P.; Martinon-Torres, F.; Nair, H.; Bowden, R.; Golubchik, T.; Pollard, A. J.";Oxford Vaccine Group, Department of Paediatrics, University of Oxford;Homo sapiens;15274;2021-08-18;PP_001MYU3;MZ516028.1;Automated Ingest from INSDC/NCBI Virus by Loculus;OPEN;https://pathoplexus.org/about/terms-of-use/open-data;;1.0;;;MZ516028.1;;;OX02-8504-V01;0;0
PP_001MZ97.1;A.D.2.2;2018-11-29;Netherlands;;"Lin, G.-L.; Drysdale, S. B.; Snape, M. D.; O'Connor, D.; Brown, A.; MacIntyre-Cockett, G.; Mellado-Gomez, E.; de Cesare, M.; Bonsall, D.; Ansari, M. A.; Oner, D.; Aerssens, J.; Butler, C.; Bont, L.; Openshaw, P.; Martinon-Torres, F.; Nair, H.; Bowden, R.; Golubchik, T.; Pollard, A. J.";Oxford Vaccine Group, Department of Paediatrics, University of Oxford;Homo sapiens;15276;2021-08-18;PP_001MZ97;MZ516053.1;Automated Ingest from INSDC/NCBI Virus by Loculus;OPEN;https://pathoplexus.org/about/terms-of-use/open-data;;1.0;;;MZ516053.1;;;UU02-0057-V01;0;0
PP_001MZA5.1;A.D;2018-01-29;Netherlands;;"Lin, G.-L.; Drysdale, S. B.; Snape, M. D.; O'Connor, D.; Brown, A.; MacIntyre-Cockett, G.; Mellado-Gomez, E.; de Cesare, M.; Bonsall, D.; Ansari, M. A.; Oner, D.; Aerssens, J.; Butler, C.; Bont, L.; Openshaw, P.; Martinon-Torres, F.; Nair, H.; Bowden, R.; Golubchik, T.; Pollard, A. J.";Oxford Vaccine Group, Department of Paediatrics, University of Oxford;Homo sapiens;15274;2021-08-18;PP_001MZA5;MZ516055.1;Automated Ingest from INSDC/NCBI Virus by Loculus;OPEN;https://pathoplexus.org/about/terms-of-use/open-data;;1.0;;;MZ516055.1;;;UU02-0045-D04;0;0
PP_001MZC1.1;A.D.1;2017-12-08;Netherlands;;"Lin, G.-L.; Drysdale, S. B.; Snape, M. D.; O'Connor, D.; Brown, A.; MacIntyre-Cockett, G.; Mellado-Gomez, E.; de Cesare, M.; Bonsall, D.; Ansari, M. A.; Oner, D.; Aerssens, J.; Butler, C.; Bont, L.; Openshaw, P.; Martinon-Torres, F.; Nair, H.; Bowden, R.; Golubchik, T.; Pollard, A. J.";Oxford Vaccine Group, Department of Paediatrics, University of Oxford;Homo sapiens;15273;2021-08-18;PP_001MZC1;MZ516058.1;Automated Ingest from INSDC/NCBI Virus by Loculus;OPEN;https://pathoplexus.org/about/terms-of-use/open-data;;1.0;;;MZ516058.1;;;UU02-0012-V01;0;0
PP_001MZDZ.1;A.D.3;2018-11-16;United Kingdom;;"Lin, G.-L.; Drysdale, S. B.; Snape, M. D.; O'Connor, D.; Brown, A.; MacIntyre-Cockett, G.; Mellado-Gomez, E.; de Cesare, M.; Bonsall, D.; Ansari, M. A.; Oner, D.; Aerssens, J.; Butler, C.; Bont, L.; Openshaw, P.; Martinon-Torres, F.; Nair, H.; Bowden, R.; Golubchik, T.; Pollard, A. J.";Oxford Vaccine Group, Department of Paediatrics, University of Oxford;Homo sapiens;15280;2021-08-18;PP_001MZDZ;MZ516063.1;Automated Ingest from INSDC/NCBI Virus by Loculus;OPEN;https://pathoplexus.org/about/terms-of-use/open-data;;1.0;;;MZ516063.1;;;OX02-8566-D04;0;0
PP_001MZPC.1;A.D.1;2018-12-24;Spain;;"Lin, G.-L.; Drysdale, S. B.; Snape, M. D.; O'Connor, D.; Brown, A.; MacIntyre-Cockett, G.; Mellado-Gomez, E.; de Cesare, M.; Bonsall, D.; Ansari, M. A.; Oner, D.; Aerssens, J.; Butler, C.; Bont, L.; Openshaw, P.; Martinon-Torres, F.; Nair, H.; Bowden, R.; Golubchik, T.; Pollard, A. J.";Oxford Vaccine Group, Department of Paediatrics, University of Oxford;Homo sapiens;15275;2021-08-18;PP_001MZPC;MZ516075.1;Automated Ingest from INSDC/NCBI Virus by Loculus;OPEN;https://pathoplexus.org/about/terms-of-use/open-data;;1.0;;;MZ516075.1;;;SE02-0002-V01;0;0
PP_001MZT4.1;A.D.2.1;2019-11-21;Netherlands;;"Lin, G.-L.; Drysdale, S. B.; Snape, M. D.; O'Connor, D.; Brown, A.; MacIntyre-Cockett, G.; Mellado-Gomez, E.; de Cesare, M.; Bonsall, D.; Ansari, M. A.; Oner, D.; Aerssens, J.; Butler, C.; Bont, L.; Openshaw, P.; Martinon-Torres, F.; Nair, H.; Bowden, R.; Golubchik, T.; Pollard, A. J.";Oxford Vaccine Group, Department of Paediatrics, University of Oxford;Homo sapiens;15276;2021-08-18;PP_001MZT4;MZ516080.1;Automated Ingest from INSDC/NCBI Virus by Loculus;OPEN;https://pathoplexus.org/about/terms-of-use/open-data;;1.0;;;MZ516080.1;;;UU01A-0148-V02;0;0
PP_001N00N.1;A.D;2018-11-19;United Kingdom;;"Lin, G.-L.; Drysdale, S. B.; Snape, M. D.; O'Connor, D.; Brown, A.; MacIntyre-Cockett, G.; Mellado-Gomez, E.; de Cesare, M.; Bonsall, D.; Ansari, M. A.; Oner, D.; Aerssens, J.; Butler, C.; Bont, L.; Openshaw, P.; Martinon-Torres, F.; Nair, H.; Bowden, R.; Golubchik, T.; Pollard, A. J.";Oxford Vaccine Group, Department of Paediatrics, University of Oxford;Homo sapiens;15279;2021-08-18;PP_001N00N;MZ516092.1;Automated Ingest from INSDC/NCBI Virus by Loculus;OPEN;https://pathoplexus.org/about/terms-of-use/open-data;;1.0;;;MZ516092.1;;;OX02-8234-V01;0;0
PP_001N05C.1;A.D.3;2020-01-03;Spain;;"Lin, G.-L.; Drysdale, S. B.; Snape, M. D.; O'Connor, D.; Brown, A.; MacIntyre-Cockett, G.; Mellado-Gomez, E.; de Cesare, M.; Bonsall, D.; Ansari, M. A.; Oner, D.; Aerssens, J.; Butler, C.; Bont, L.; Openshaw, P.; Martinon-Torres, F.; Nair, H.; Bowden, R.; Golubchik, T.; Pollard, A. J.";Oxford Vaccine Group, Department of Paediatrics, University of Oxford;Homo sapiens;15279;2021-08-18;PP_001N05C;MZ516100.1;Automated Ingest from INSDC/NCBI Virus by Loculus;OPEN;https://pathoplexus.org/about/terms-of-use/open-data;;1.0;;;MZ516100.1;;;SE02-0023-V01;0;0
PP_001NMAF.1;A.D.5.2;2021-04;France;;"Coppee, R.; Chenane, H. R.; Bridier-Nahmias, A.; Tcherakian, C.; Catherinot, E.; Collin, G.; Lebourgeois, S.; Visseaux, B.; Descamps, D.; Vasse, M.; Farfour, E.";Universite de Paris, Inserm UMR1137;Homo sapiens;15255;2022-10-07;PP_001NMAF;OK500259.1;Automated Ingest from INSDC/NCBI Virus by Loculus;OPEN;https://pathoplexus.org/about/terms-of-use/open-data;;1.0;;;OK500259.1;;;Patient_G_D10;0;0
PP_001NMBD.1;A.D.5.2;2021-04;France;;"Coppee, R.; Chenane, H. R.; Bridier-Nahmias, A.; Tcherakian, C.; Catherinot, E.; Collin, G.; Lebourgeois, S.; Visseaux, B.; Descamps, D.; Vasse, M.; Farfour, E.";Universite de Paris, Inserm UMR1137;Homo sapiens;15255;2022-10-07;PP_001NMBD;OK500260.1;Automated Ingest from INSDC/NCBI Virus by Loculus;OPEN;https://pathoplexus.org/about/terms-of-use/open-data;;1.0;;;OK500260.1;;;Patient_B_D4;0;0
PP_001NME7.1;A.D.5.2;2021-04;France;;"Coppee, R.; Chenane, H. R.; Bridier-Nahmias, A.; Tcherakian, C.; Catherinot, E.; Collin, G.; Lebourgeois, S.; Visseaux, B.; Descamps, D.; Vasse, M.; Farfour, E.";Universite de Paris, Inserm UMR1137;Homo sapiens;15239;2022-10-07;PP_001NME7;OK500267.1;Automated Ingest from INSDC/NCBI Virus by Loculus;OPEN;https://pathoplexus.org/about/terms-of-use/open-data;;1.0;;;OK500267.1;;;Patient_E_D17;0;0
PP_001NNE6.2;A.1;1994;USA;;"Wang, L.; Ng, T. F. F.; Castro, C. J.; Marine, R. L.; Magana, L. C.; Esona, M.; Peret, T. C. T.; Thornburg, N. J.";Centers for Disease Control and Prevention, Respiratory Viruses Branch, Division of Viral Diseases;Homo sapiens;15197;2021-11-07;PP_001NNE6;OK649589.1;Automated Ingest from INSDC/NCBI Virus by Loculus;OPEN;https://pathoplexus.org/about/terms-of-use/open-data;;1.0;;;OK649589.1;;;HRSV/A/Alabama.USA/AL19337-5/1994;0;0
PP_001NNF4.2;A.3;1994;USA;;"Wang, L.; Ng, T. F. F.; Castro, C. J.; Marine, R. L.; Magana, L. C.; Esona, M.; Peret, T. C. T.; Thornburg, N. J.";Centers for Disease Control and Prevention, Respiratory Viruses Branch, Division of Viral Diseases;Homo sapiens;15183;2021-11-07;PP_001NNF4;OK649590.1;Automated Ingest from INSDC/NCBI Virus by Loculus;OPEN;https://pathoplexus.org/about/terms-of-use/open-data;;1.0;;;OK649590.1;;;HRSV/A/Alabama.USA/AL19365-1/1994;0;0
PP_001NNG2.2;A.1;1994;USA;;"Wang, L.; Ng, T. F. F.; Castro, C. J.; Marine, R. L.; Magana, L. C.; Esona, M.; Peret, T. C. T.; Thornburg, N. J.";Centers for Disease Control and Prevention, Respiratory Viruses Branch, Division of Viral Diseases;Homo sapiens;15171;2021-11-07;PP_001NNG2;OK649591.1;Automated Ingest from INSDC/NCBI Virus by Loculus;OPEN;https://pathoplexus.org/about/terms-of-use/open-data;;1.0;;;OK649591.1;;;HRSV/A/Alabama.USA/AL19367-5/1994;0;0
PP_001NNHZ.2;A.3;1994;USA;;"Wang, L.; Ng, T. F. F.; Castro, C. J.; Marine, R. L.; Magana, L. C.; Esona, M.; Peret, T. C. T.; Thornburg, N. J.";Centers for Disease Control and Prevention, Respiratory Viruses Branch, Division of Viral Diseases;Homo sapiens;15197;2021-11-07;PP_001NNHZ;OK649592.1;Automated Ingest from INSDC/NCBI Virus by Loculus;OPEN;https://pathoplexus.org/about/terms-of-use/open-data;;1.0;;;OK649592.1;;;HRSV/A/Alabama.USA/AL19376-1/1994;0;0
PP_001NNJX.2;A.1;1995;USA;;"Wang, L.; Ng, T. F. F.; Castro, C. J.; Marine, R. L.; Magana, L. C.; Esona, M.; Peret, T. C. T.; Thornburg, N. J.";Centers for Disease Control and Prevention, Respiratory Viruses Branch, Division of Viral Diseases;Homo sapiens;15177;2021-11-07;PP_001NNJX;OK649593.1;Automated Ingest from INSDC/NCBI Virus by Loculus;OPEN;https://pathoplexus.org/about/terms-of-use/open-data;;1.0;;;OK649593.1;;;HRSV/A/Alabama.USA/AL19433-2/1995;0;0
PP_001NNKV.2;A.1;1995;USA;;"Wang, L.; Ng, T. F. F.; Castro, C. J.; Marine, R. L.; Magana, L. C.; Esona, M.; Peret, T. C. T.; Thornburg, N. J.";Centers for Disease Control and Prevention, Respiratory Viruses Branch, Division of Viral Diseases;Homo sapiens;15181;2021-11-07;PP_001NNKV;OK649594.1;Automated Ingest from INSDC/NCBI Virus by Loculus;OPEN;https://pathoplexus.org/about/terms-of-use/open-data;;1.0;;;OK649594.1;;;HRSV/A/Alabama.USA/AL19446-5/1995;0;0
PP_001NNLT.2;A.2.1.1;2008;Brazil;;"Wang, L.; Ng, T. F. F.; Castro, C. J.; Marine, R. L.; Magana, L. C.; Esona, M.; Peret, T. C. T.; Thornburg, N. J.";Centers for Disease Control and Prevention, Respiratory Viruses Branch, Division of Viral Diseases;Homo sapiens;15196;2021-11-07;PP_001NNLT;OK649595.1;Automated Ingest from INSDC/NCBI Virus by Loculus;OPEN;https://pathoplexus.org/about/terms-of-use/open-data;;1.0;;;OK649595.1;;;HRSV/A/Brazil/37771/2008;0;0
PP_001NNMR.2;A.3;2008;Brazil;;"Wang, L.; Ng, T. F. F.; Castro, C. J.; Marine, R. L.; Magana, L. C.; Esona, M.; Peret, T. C. T.; Thornburg, N. J.";Centers for Disease Control and Prevention, Respiratory Viruses Branch, Division of Viral Diseases;Homo sapiens;15181;2021-11-07;PP_001NNMR;OK649596.1;Automated Ingest from INSDC/NCBI Virus by Loculus;OPEN;https://pathoplexus.org/about/terms-of-use/open-data;;1.0;;;OK649596.1;;;HRSV/A/Brazil/37774/2008;0;0
PP_001NNNP.2;A.3.1;2008;Brazil;;"Wang, L.; Ng, T. F. F.; Castro, C. J.; Marine, R. L.; Magana, L. C.; Esona, M.; Peret, T. C. T.; Thornburg, N. J.";Centers for Disease Control and Prevention, Respiratory Viruses Branch, Division of Viral Diseases;Homo sapiens;15187;2021-11-07;PP_001NNNP;OK649597.1;Automated Ingest from INSDC/NCBI Virus by Loculus;OPEN;https://pathoplexus.org/about/terms-of-use/open-data;;1.0;;;OK649597.1;;;HRSV/A/Brazil/37783/2008;0;0
PP_001NNPM.2;A.3;2008;Brazil;;"Wang, L.; Ng, T. F. F.; Castro, C. J.; Marine, R. L.; Magana, L. C.; Esona, M.; Peret, T. C. T.; Thornburg, N. J.";Centers for Disease Control and Prevention, Respiratory Viruses Branch, Division of Viral Diseases;Homo sapiens;15191;2021-11-07;PP_001NNPM;OK649598.1;Automated Ingest from INSDC/NCBI Virus by Loculus;OPEN;https://pathoplexus.org/about/terms-of-use/open-data;;1.0;;;OK649598.1;;;HRSV/A/Brazil/37786/2008;0;0
PP_001NNQK.2;A.3.1;2008;Brazil;;"Wang, L.; Ng, T. F. F.; Castro, C. J.; Marine, R. L.; Magana, L. C.; Esona, M.; Peret, T. C. T.; Thornburg, N. J.";Centers for Disease Control and Prevention, Respiratory Viruses Branch, Division of Viral Diseases;Homo sapiens;15182;2021-11-07;PP_001NNQK;OK649599.1;Automated Ingest from INSDC/NCBI Virus by Loculus;OPEN;https://pathoplexus.org/about/terms-of-use/open-data;;1.0;;;OK649599.1;;;HRSV/A/Brazil/37789/2008;0;0
PP_001NNRH.2;A.3;2008;Brazil;;"Wang, L.; Ng, T. F. F.; Castro, C. J.; Marine, R. L.; Magana, L. C.; Esona, M.; Peret, T. C. T.; Thornburg, N. J.";Centers for Disease Control and Prevention, Respiratory Viruses Branch, Division of Viral Diseases;Homo sapiens;15189;2021-11-07;PP_001NNRH;OK649600.1;Automated Ingest from INSDC/NCBI Virus by Loculus;OPEN;https://pathoplexus.org/about/terms-of-use/open-data;;1.0;;;OK649600.1;;;HRSV/A/Brazil/37793/2008;0;0
PP_001NNSF.2;A.3.1;2008;Brazil;;"Wang, L.; Ng, T. F. F.; Castro, C. J.; Marine, R. L.; Magana, L. C.; Esona, M.; Peret, T. C. T.; Thornburg, N. J.";Centers for Disease Control and Prevention, Respiratory Viruses Branch, Division of Viral Diseases;Homo sapiens;15187;2021-11-07;PP_001NNSF;OK649601.1;Automated Ingest from INSDC/NCBI Virus by Loculus;OPEN;https://pathoplexus.org/about/terms-of-use/open-data;;1.0;;;OK649601.1;;;HRSV/A/Brazil/37794/2008;0;0
PP_001NNTD.2;A.3.1;2008;Brazil;;"Wang, L.; Ng, T. F. F.; Castro, C. J.; Marine, R. L.; Magana, L. C.; Esona, M.; Peret, T. C. T.; Thornburg, N. J.";Centers for Disease Control and Prevention, Respiratory Viruses Branch, Division of Viral Diseases;Homo sapiens;15195;2021-11-07;PP_001NNTD;OK649602.1;Automated Ingest from INSDC/NCBI Virus by Loculus;OPEN;https://pathoplexus.org/about/terms-of-use/open-data;;1.0;;;OK649602.1;;;HRSV/A/Brazil/37795/2008;0;0
PP_001NNUB.2;A.3.1;2008;Brazil;;"Wang, L.; Ng, T. F. F.; Castro, C. J.; Marine, R. L.; Magana, L. C.; Esona, M.; Peret, T. C. T.; Thornburg, N. J.";Centers for Disease Control and Prevention, Respiratory Viruses Branch, Division of Viral Diseases;Homo sapiens;15172;2021-11-07;PP_001NNUB;OK649603.1;Automated Ingest from INSDC/NCBI Virus by Loculus;OPEN;https://pathoplexus.org/about/terms-of-use/open-data;;1.0;;;OK649603.1;;;HRSV/A/Brazil/37803/2008;0;0
PP_001NNV9.2;A.3.1;2008;Brazil;;"Wang, L.; Ng, T. F. F.; Castro, C. J.; Marine, R. L.; Magana, L. C.; Esona, M.; Peret, T. C. T.; Thornburg, N. J.";Centers for Disease Control and Prevention, Respiratory Viruses Branch, Division of Viral Diseases;Homo sapiens;15177;2021-11-07;PP_001NNV9;OK649604.1;Automated Ingest from INSDC/NCBI Virus by Loculus;OPEN;https://pathoplexus.org/about/terms-of-use/open-data;;1.0;;;OK649604.1;;;HRSV/A/Brazil/37821/2008;0;0
PP_001NNW7.2;A.3.1;2008;Brazil;;"Wang, L.; Ng, T. F. F.; Castro, C. J.; Marine, R. L.; Magana, L. C.; Esona, M.; Peret, T. C. T.; Thornburg, N. J.";Centers for Disease Control and Prevention, Respiratory Viruses Branch, Division of Viral Diseases;Homo sapiens;15179;2021-11-07;PP_001NNW7;OK649605.1;Automated Ingest from INSDC/NCBI Virus by Loculus;OPEN;https://pathoplexus.org/about/terms-of-use/open-data;;1.0;;;OK649605.1;;;HRSV/A/Brazil/37824/2008;0;0
PP_001NNX5.2;A.2.1.1;2008;Brazil;;"Wang, L.; Ng, T. F. F.; Castro, C. J.; Marine, R. L.; Magana, L. C.; Esona, M.; Peret, T. C. T.; Thornburg, N. J.";Centers for Disease Control and Prevention, Respiratory Viruses Branch, Division of Viral Diseases;Homo sapiens;15206;2021-11-07;PP_001NNX5;OK649606.1;Automated Ingest from INSDC/NCBI Virus by Loculus;OPEN;https://pathoplexus.org/about/terms-of-use/open-data;;1.0;;;OK649606.1;;;HRSV/A/Brazil/37827/2008;0;0
PP_001NNY3.2;A.3.1;2008;Brazil;;"Wang, L.; Ng, T. F. F.; Castro, C. J.; Marine, R. L.; Magana, L. C.; Esona, M.; Peret, T. C. T.; Thornburg, N. J.";Centers for Disease Control and Prevention, Respiratory Viruses Branch, Division of Viral Diseases;Homo sapiens;15194;2021-11-07;PP_001NNY3;OK649607.1;Automated Ingest from INSDC/NCBI Virus by Loculus;OPEN;https://pathoplexus.org/about/terms-of-use/open-data;;1.0;;;OK649607.1;;;HRSV/A/Brazil/37828/2008;0;0
PP_001NNZ1.2;A.2.1.1;2008;Brazil;;"Wang, L.; Ng, T. F. F.; Castro, C. J.; Marine, R. L.; Magana, L. C.; Esona, M.; Peret, T. C. T.; Thornburg, N. J.";Centers for Disease Control and Prevention, Respiratory Viruses Branch, Division of Viral Diseases;Homo sapiens;15171;2021-11-07;PP_001NNZ1;OK649608.1;Automated Ingest from INSDC/NCBI Virus by Loculus;OPEN;https://pathoplexus.org/about/terms-of-use/open-data;;0.9992118226600986;;;OK649608.1;;;HRSV/A/Brazil/37829/2008;0;0
PP_001NP0Z.2;A.3.1;2008;Brazil;;"Wang, L.; Ng, T. F. F.; Castro, C. J.; Marine, R. L.; Magana, L. C.; Esona, M.; Peret, T. C. T.; Thornburg, N. J.";Centers for Disease Control and Prevention, Respiratory Viruses Branch, Division of Viral Diseases;Homo sapiens;15160;2021-11-07;PP_001NP0Z;OK649609.1;Automated Ingest from INSDC/NCBI Virus by Loculus;OPEN;https://pathoplexus.org/about/terms-of-use/open-data;;0.9992118226600986;;;OK649609.1;;;HRSV/A/Brazil/37831/2008;0;0
PP_001NP1X.2;A.3.1;2008;Brazil;;"Wang, L.; Ng, T. F. F.; Castro, C. J.; Marine, R. L.; Magana, L. C.; Esona, M.; Peret, T. C. T.; Thornburg, N. J.";Centers for Disease Control and Prevention, Respiratory Viruses Branch, Division of Viral Diseases;Homo sapiens;15203;2021-11-07;PP_001NP1X;OK649610.1;Automated Ingest from INSDC/NCBI Virus by Loculus;OPEN;https://pathoplexus.org/about/terms-of-use/open-data;;1.0;;;OK649610.1;;;HRSV/A/Brazil/37833/2008;0;0
PP_001NP2V.2;A.3.1;2008;Brazil;;"Wang, L.; Ng, T. F. F.; Castro, C. J.; Marine, R. L.; Magana, L. C.; Esona, M.; Peret, T. C. T.; Thornburg, N. J.";Centers for Disease Control and Prevention, Respiratory Viruses Branch, Division of Viral Diseases;Homo sapiens;15170;2021-11-07;PP_001NP2V;OK649611.1;Automated Ingest from INSDC/NCBI Virus by Loculus;OPEN;https://pathoplexus.org/about/terms-of-use/open-data;;1.0;;;OK649611.1;;;HRSV/A/Brazil/37834/2008;0;0
PP_001NP3T.2;A.3;2008;Brazil;;"Wang, L.; Ng, T. F. F.; Castro, C. J.; Marine, R. L.; Magana, L. C.; Esona, M.; Peret, T. C. T.; Thornburg, N. J.";Centers for Disease Control and Prevention, Respiratory Viruses Branch, Division of Viral Diseases;Homo sapiens;15195;2021-11-07;PP_001NP3T;OK649612.1;Automated Ingest from INSDC/NCBI Virus by Loculus;OPEN;https://pathoplexus.org/about/terms-of-use/open-data;;1.0;;;OK649612.1;;;HRSV/A/Brazil/37837/2008;0;0
PP_001NP4R.2;A.3.1;2008;Brazil;;"Wang, L.; Ng, T. F. F.; Castro, C. J.; Marine, R. L.; Magana, L. C.; Esona, M.; Peret, T. C. T.; Thornburg, N. J.";Centers for Disease Control and Prevention, Respiratory Viruses Branch, Division of Viral Diseases;Homo sapiens;15155;2021-11-07;PP_001NP4R;OK649613.1;Automated Ingest from INSDC/NCBI Virus by Loculus;OPEN;https://pathoplexus.org/about/terms-of-use/open-data;;0.9988834154351396;;;OK649613.1;;;HRSV/A/Brazil/37838/2008;0;0
PP_001NP5P.2;A.3;2008;Brazil;;"Wang, L.; Ng, T. F. F.; Castro, C. J.; Marine, R. L.; Magana, L. C.; Esona, M.; Peret, T. C. T.; Thornburg, N. J.";Centers for Disease Control and Prevention, Respiratory Viruses Branch, Division of Viral Diseases;Homo sapiens;15174;2021-11-07;PP_001NP5P;OK649614.1;Automated Ingest from INSDC/NCBI Virus by Loculus;OPEN;https://pathoplexus.org/about/terms-of-use/open-data;;0.9993431855500821;;;OK649614.1;;;HRSV/A/Brazil/37839/2008;0;0
PP_001NP6M.2;A.3.1;2008;Brazil;;"Wang, L.; Ng, T. F. F.; Castro, C. J.; Marine, R. L.; Magana, L. C.; Esona, M.; Peret, T. C. T.; Thornburg, N. J.";Centers for Disease Control and Prevention, Respiratory Viruses Branch, Division of Viral Diseases;Homo sapiens;15179;2021-11-07;PP_001NP6M;OK649615.1;Automated Ingest from INSDC/NCBI Virus by Loculus;OPEN;https://pathoplexus.org/about/terms-of-use/open-data;;0.9998686371100164;;;OK649615.1;;;HRSV/A/Brazil/37841/2008;0;0
PP_001NP7K.2;A.3.1;2008;Brazil;;"Wang, L.; Ng, T. F. F.; Castro, C. J.; Marine, R. L.; Magana, L. C.; Esona, M.; Peret, T. C. T.; Thornburg, N. J.";Centers for Disease Control and Prevention, Respiratory Viruses Branch, Division of Viral Diseases;Homo sapiens;15196;2021-11-07;PP_001NP7K;OK649616.1;Automated Ingest from INSDC/NCBI Virus by Loculus;OPEN;https://pathoplexus.org/about/terms-of-use/open-data;;1.0;;;OK649616.1;;;HRSV/A/Brazil/37847/2008;0;0
PP_001NP8H.2;A.2.1.1;2008;Brazil;;"Wang, L.; Ng, T. F. F.; Castro, C. J.; Marine, R. L.; Magana, L. C.; Esona, M.; Peret, T. C. T.; Thornburg, N. J.";Centers for Disease Control and Prevention, Respiratory Viruses Branch, Division of Viral Diseases;Homo sapiens;15190;2021-11-07;PP_001NP8H;OK649617.1;Automated Ingest from INSDC/NCBI Virus by Loculus;OPEN;https://pathoplexus.org/about/terms-of-use/open-data;;1.0;;;OK649617.1;;;HRSV/A/Brazil/37856/2008;0;0
PP_001NP9F.2;A.3.1;2008;Brazil;;"Wang, L.; Ng, T. F. F.; Castro, C. J.; Marine, R. L.; Magana, L. C.; Esona, M.; Peret, T. C. T.; Thornburg, N. J.";Centers for Disease Control and Prevention, Respiratory Viruses Branch, Division of Viral Diseases;Homo sapiens;15175;2021-11-07;PP_001NP9F;OK649618.1;Automated Ingest from INSDC/NCBI Virus by Loculus;OPEN;https://pathoplexus.org/about/terms-of-use/open-data;;1.0;;;OK649618.1;;;HRSV/A/Brazil/37858/2008;0;0
PP_001NPAD.2;A.3.1;2008;Brazil;;"Wang, L.; Ng, T. F. F.; Castro, C. J.; Marine, R. L.; Magana, L. C.; Esona, M.; Peret, T. C. T.; Thornburg, N. J.";Centers for Disease Control and Prevention, Respiratory Viruses Branch, Division of Viral Diseases;Homo sapiens;15178;2021-11-07;PP_001NPAD;OK649619.1;Automated Ingest from INSDC/NCBI Virus by Loculus;OPEN;https://pathoplexus.org/about/terms-of-use/open-data;;1.0;;;OK649619.1;;;HRSV/A/Brazil/37869/2008;0;0
PP_001NPBB.2;A.3.1;2008;Brazil;;"Wang, L.; Ng, T. F. F.; Castro, C. J.; Marine, R. L.; Magana, L. C.; Esona, M.; Peret, T. C. T.; Thornburg, N. J.";Centers for Disease Control and Prevention, Respiratory Viruses Branch, Division of Viral Diseases;Homo sapiens;15171;2021-11-07;PP_001NPBB;OK649620.1;Automated Ingest from INSDC/NCBI Virus by Loculus;OPEN;https://pathoplexus.org/about/terms-of-use/open-data;;1.0;;;OK649620.1;;;HRSV/A/Brazil/37876/2008;0;0
PP_001NPC9.2;A.3.1;2008;Brazil;;"Wang, L.; Ng, T. F. F.; Castro, C. J.; Marine, R. L.; Magana, L. C.; Esona, M.; Peret, T. C. T.; Thornburg, N. J.";Centers for Disease Control and Prevention, Respiratory Viruses Branch, Division of Viral Diseases;Homo sapiens;15171;2021-11-07;PP_001NPC9;OK649621.1;Automated Ingest from INSDC/NCBI Virus by Loculus;OPEN;https://pathoplexus.org/about/terms-of-use/open-data;;1.0;;;OK649621.1;;;HRSV/A/Brazil/37878/2008;0;0
PP_001NPD7.2;A.3.1;2008;Brazil;;"Wang, L.; Ng, T. F. F.; Castro, C. J.; Marine, R. L.; Magana, L. C.; Esona, M.; Peret, T. C. T.; Thornburg, N. J.";Centers for Disease Control and Prevention, Respiratory Viruses Branch, Division of Viral Diseases;Homo sapiens;15162;2021-11-07;PP_001NPD7;OK649622.1;Automated Ingest from INSDC/NCBI Virus by Loculus;OPEN;https://pathoplexus.org/about/terms-of-use/open-data;;0.9992118226600986;;;OK649622.1;;;HRSV/A/Brazil/37888/2008;0;0
PP_001NPE5.2;A.3.1;2008;Brazil;;"Wang, L.; Ng, T. F. F.; Castro, C. J.; Marine, R. L.; Magana, L. C.; Esona, M.; Peret, T. C. T.; Thornburg, N. J.";Centers for Disease Control and Prevention, Respiratory Viruses Branch, Division of Viral Diseases;Homo sapiens;15172;2021-11-07;PP_001NPE5;OK649623.1;Automated Ingest from INSDC/NCBI Virus by Loculus;OPEN;https://pathoplexus.org/about/terms-of-use/open-data;;1.0;;;OK649623.1;;;HRSV/A/Brazil/37894/2008;0;0
PP_001NPF3.2;A.3.1;2008;Brazil;;"Wang, L.; Ng, T. F. F.; Castro, C. J.; Marine, R. L.; Magana, L. C.; Esona, M.; Peret, T. C. T.; Thornburg, N. J.";Centers for Disease Control and Prevention, Respiratory Viruses Branch, Division of Viral Diseases;Homo sapiens;15181;2021-11-07;PP_001NPF3;OK649624.1;Automated Ingest from INSDC/NCBI Virus by Loculus;OPEN;https://pathoplexus.org/about/terms-of-use/open-data;;1.0;;;OK649624.1;;;HRSV/A/Brazil/37896/2008;0;0
PP_001NPG1.2;A.3;2008;Brazil;;"Wang, L.; Ng, T. F. F.; Castro, C. J.; Marine, R. L.; Magana, L. C.; Esona, M.; Peret, T. C. T.; Thornburg, N. J.";Centers for Disease Control and Prevention, Respiratory Viruses Branch, Division of Viral Diseases;Homo sapiens;15197;2021-11-07;PP_001NPG1;OK649625.1;Automated Ingest from INSDC/NCBI Virus by Loculus;OPEN;https://pathoplexus.org/about/terms-of-use/open-data;;1.0;;;OK649625.1;;;HRSV/A/Brazil/37899/2008;0;0
PP_001NPHY.2;A.3.1;2008;Brazil;;"Wang, L.; Ng, T. F. F.; Castro, C. J.; Marine, R. L.; Magana, L. C.; Esona, M.; Peret, T. C. T.; Thornburg, N. J.";Centers for Disease Control and Prevention, Respiratory Viruses Branch, Division of Viral Diseases;Homo sapiens;15174;2021-11-07;PP_001NPHY;OK649626.1;Automated Ingest from INSDC/NCBI Virus by Loculus;OPEN;https://pathoplexus.org/about/terms-of-use/open-data;;1.0;;;OK649626.1;;;HRSV/A/Brazil/37907/2008;0;0
PP_001NPJW.2;A.3;2008;Brazil;;"Wang, L.; Ng, T. F. F.; Castro, C. J.; Marine, R. L.; Magana, L. C.; Esona, M.; Peret, T. C. T.; Thornburg, N. J.";Centers for Disease Control and Prevention, Respiratory Viruses Branch, Division of Viral Diseases;Homo sapiens;15177;2021-11-07;PP_001NPJW;OK649627.1;Automated Ingest from INSDC/NCBI Virus by Loculus;OPEN;https://pathoplexus.org/about/terms-of-use/open-data;;0.9994745484400657;;;OK649627.1;;;HRSV/A/Brazil/37912/2008;0;0
PP_001NPKU.2;A.3.1;2008;Brazil;;"Wang, L.; Ng, T. F. F.; Castro, C. J.; Marine, R. L.; Magana, L. C.; Esona, M.; Peret, T. C. T.; Thornburg, N. J.";Centers for Disease Control and Prevention, Respiratory Viruses Branch, Division of Viral Diseases;Homo sapiens;15183;2021-11-07;PP_001NPKU;OK649628.1;Automated Ingest from INSDC/NCBI Virus by Loculus;OPEN;https://pathoplexus.org/about/terms-of-use/open-data;;1.0;;;OK649628.1;;;HRSV/A/Brazil/37918/2008;0;0
PP_001NPLS.2;A.3.1;2008;Brazil;;"Wang, L.; Ng, T. F. F.; Castro, C. J.; Marine, R. L.; Magana, L. C.; Esona, M.; Peret, T. C. T.; Thornburg, N. J.";Centers for Disease Control and Prevention, Respiratory Viruses Branch, Division of Viral Diseases;Homo sapiens;15183;2021-11-07;PP_001NPLS;OK649629.1;Automated Ingest from INSDC/NCBI Virus by Loculus;OPEN;https://pathoplexus.org/about/terms-of-use/open-data;;1.0;;;OK649629.1;;;HRSV/A/Brazil/37923/2008;0;0
PP_001NPMQ.2;A.3.1;2008;Brazil;;"Wang, L.; Ng, T. F. F.; Castro, C. J.; Marine, R. L.; Magana, L. C.; Esona, M.; Peret, T. C. T.; Thornburg, N. J.";Centers for Disease Control and Prevention, Respiratory Viruses Branch, Division of Viral Diseases;Homo sapiens;15152;2021-11-07;PP_001NPMQ;OK649630.1;Automated Ingest from INSDC/NCBI Virus by Loculus;OPEN;https://pathoplexus.org/about/terms-of-use/open-data;;0.9982922824302135;;;OK649630.1;;;HRSV/A/Brazil/37926/2008;0;0
PP_001NPNN.2;A.3.1;2008;Brazil;;"Wang, L.; Ng, T. F. F.; Castro, C. J.; Marine, R. L.; Magana, L. C.; Esona, M.; Peret, T. C. T.; Thornburg, N. J.";Centers for Disease Control and Prevention, Respiratory Viruses Branch, Division of Viral Diseases;Homo sapiens;15155;2021-11-07;PP_001NPNN;OK649631.1;Automated Ingest from INSDC/NCBI Virus by Loculus;OPEN;https://pathoplexus.org/about/terms-of-use/open-data;;0.9985550082101806;;;OK649631.1;;;HRSV/A/Brazil/37928/2008;0;0
PP_001NPPL.2;A.3.1;2008;Brazil;;"Wang, L.; Ng, T. F. F.; Castro, C. J.; Marine, R. L.; Magana, L. C.; Esona, M.; Peret, T. C. T.; Thornburg, N. J.";Centers for Disease Control and Prevention, Respiratory Viruses Branch, Division of Viral Diseases;Homo sapiens;15168;2021-11-07;PP_001NPPL;OK649632.1;Automated Ingest from INSDC/NCBI Virus by Loculus;OPEN;https://pathoplexus.org/about/terms-of-use/open-data;;0.9992118226600986;;;OK649632.1;;;HRSV/A/Brazil/37932/2008;0;0
PP_001NPQJ.2;A.3.1;2008;Brazil;;"Wang, L.; Ng, T. F. F.; Castro, C. J.; Marine, R. L.; Magana, L. C.; Esona, M.; Peret, T. C. T.; Thornburg, N. J.";Centers for Disease Control and Prevention, Respiratory Viruses Branch, Division of Viral Diseases;Homo sapiens;15179;2021-11-07;PP_001NPQJ;OK649633.1;Automated Ingest from INSDC/NCBI Virus by Loculus;OPEN;https://pathoplexus.org/about/terms-of-use/open-data;;1.0;;;OK649633.1;;;HRSV/A/Brazil/38024/2008;0;0
PP_001NPRG.2;A.3.1;2008;Brazil;;"Wang, L.; Ng, T. F. F.; Castro, C. J.; Marine, R. L.; Magana, L. C.; Esona, M.; Peret, T. C. T.; Thornburg, N. J.";Centers for Disease Control and Prevention, Respiratory Viruses Branch, Division of Viral Diseases;Homo sapiens;15191;2021-11-07;PP_001NPRG;OK649634.1;Automated Ingest from INSDC/NCBI Virus by Loculus;OPEN;https://pathoplexus.org/about/terms-of-use/open-data;;1.0;;;OK649634.1;;;HRSV/A/Brazil/38106/2008;0;0
PP_001NPSE.2;A.2.1.1;2009;Brazil;;"Wang, L.; Ng, T. F. F.; Castro, C. J.; Marine, R. L.; Magana, L. C.; Esona, M.; Peret, T. C. T.; Thornburg, N. J.";Centers for Disease Control and Prevention, Respiratory Viruses Branch, Division of Viral Diseases;Homo sapiens;15203;2021-11-07;PP_001NPSE;OK649635.1;Automated Ingest from INSDC/NCBI Virus by Loculus;OPEN;https://pathoplexus.org/about/terms-of-use/open-data;;1.0;;;OK649635.1;;;HRSV/A/Brazil/38215/2009;0;0
PP_001NPTC.2;A.3.1;2009;Brazil;;"Wang, L.; Ng, T. F. F.; Castro, C. J.; Marine, R. L.; Magana, L. C.; Esona, M.; Peret, T. C. T.; Thornburg, N. J.";Centers for Disease Control and Prevention, Respiratory Viruses Branch, Division of Viral Diseases;Homo sapiens;15179;2021-11-07;PP_001NPTC;OK649636.1;Automated Ingest from INSDC/NCBI Virus by Loculus;OPEN;https://pathoplexus.org/about/terms-of-use/open-data;;1.0;;;OK649636.1;;;HRSV/A/Brazil/38256/2009;0;0
PP_001NPUA.2;A.2.1.1;2009;Brazil;;"Wang, L.; Ng, T. F. F.; Castro, C. J.; Marine, R. L.; Magana, L. C.; Esona, M.; Peret, T. C. T.; Thornburg, N. J.";Centers for Disease Control and Prevention, Respiratory Viruses Branch, Division of Viral Diseases;Homo sapiens;15177;2021-11-07;PP_001NPUA;OK649637.1;Automated Ingest from INSDC/NCBI Virus by Loculus;OPEN;https://pathoplexus.org/about/terms-of-use/open-data;;1.0;;;OK649637.1;;;HRSV/A/Brazil/38284/2009;0;0
PP_001NPV8.2;A.3.1;2009;Brazil;;"Wang, L.; Ng, T. F. F.; Castro, C. J.; Marine, R. L.; Magana, L. C.; Esona, M.; Peret, T. C. T.; Thornburg, N. J.";Centers for Disease Control and Prevention, Respiratory Viruses Branch, Division of Viral Diseases;Homo sapiens;15177;2021-11-07;PP_001NPV8;OK649638.1;Automated Ingest from INSDC/NCBI Virus by Loculus;OPEN;https://pathoplexus.org/about/terms-of-use/open-data;;1.0;;;OK649638.1;;;HRSV/A/Brazil/38317/2009;0;0
PP_001NPW6.2;A.3.1.1;2009;Brazil;;"Wang, L.; Ng, T. F. F.; Castro, C. J.; Marine, R. L.; Magana, L. C.; Esona, M.; Peret, T. C. T.; Thornburg, N. J.";Centers for Disease Control and Prevention, Respiratory Viruses Branch, Division of Viral Diseases;Homo sapiens;15147;2021-11-07;PP_001NPW6;OK649639.1;Automated Ingest from INSDC/NCBI Virus by Loculus;OPEN;https://pathoplexus.org/about/terms-of-use/open-data;;0.9996059113300493;;;OK649639.1;;;HRSV/A/Brazil/38387/2009;0;0
PP_001NPX4.2;A.3.1.1;2009;Brazil;;"Wang, L.; Ng, T. F. F.; Castro, C. J.; Marine, R. L.; Magana, L. C.; Esona, M.; Peret, T. C. T.; Thornburg, N. J.";Centers for Disease Control and Prevention, Respiratory Viruses Branch, Division of Viral Diseases;Homo sapiens;15182;2021-11-07;PP_001NPX4;OK649640.1;Automated Ingest from INSDC/NCBI Virus by Loculus;OPEN;https://pathoplexus.org/about/terms-of-use/open-data;;1.0;;;OK649640.1;;;HRSV/A/Brazil/38413/2009;0;0
PP_001NPY2.2;A.3.1;2009;Brazil;;"Wang, L.; Ng, T. F. F.; Castro, C. J.; Marine, R. L.; Magana, L. C.; Esona, M.; Peret, T. C. T.; Thornburg, N. J.";Centers for Disease Control and Prevention, Respiratory Viruses Branch, Division of Viral Diseases;Homo sapiens;15173;2021-11-07;PP_001NPY2;OK649641.1;Automated Ingest from INSDC/NCBI Virus by Loculus;OPEN;https://pathoplexus.org/about/terms-of-use/open-data;;1.0;;;OK649641.1;;;HRSV/A/Brazil/38467/2009;0;0
PP_001NQ4Q.2;A.3.1.1;2010;Brazil;;"Wang, L.; Ng, T. F. F.; Castro, C. J.; Marine, R. L.; Magana, L. C.; Esona, M.; Peret, T. C. T.; Thornburg, N. J.";Centers for Disease Control and Prevention, Respiratory Viruses Branch, Division of Viral Diseases;Homo sapiens;15190;2021-11-07;PP_001NQ4Q;OK649647.1;Automated Ingest from INSDC/NCBI Virus by Loculus;OPEN;https://pathoplexus.org/about/terms-of-use/open-data;;1.0;;;OK649647.1;;;HRSV/A/Brazil/38603/2010;0;0
PP_001NQ5N.2;A.3.1;2010;Brazil;;"Wang, L.; Ng, T. F. F.; Castro, C. J.; Marine, R. L.; Magana, L. C.; Esona, M.; Peret, T. C. T.; Thornburg, N. J.";Centers for Disease Control and Prevention, Respiratory Viruses Branch, Division of Viral Diseases;Homo sapiens;15196;2021-11-07;PP_001NQ5N;OK649648.1;Automated Ingest from INSDC/NCBI Virus by Loculus;OPEN;https://pathoplexus.org/about/terms-of-use/open-data;;1.0;;;OK649648.1;;;HRSV/A/Brazil/38608/2010;0;0
PP_001NQ8G.2;A.3.1;2010;Brazil;;"Wang, L.; Ng, T. F. F.; Castro, C. J.; Marine, R. L.; Magana, L. C.; Esona, M.; Peret, T. C. T.; Thornburg, N. J.";Centers for Disease Control and Prevention, Respiratory Viruses Branch, Division of Viral Diseases;Homo sapiens;15119;2021-11-07;PP_001NQ8G;OK649651.1;Automated Ingest from INSDC/NCBI Virus by Loculus;OPEN;https://pathoplexus.org/about/terms-of-use/open-data;;0.9969786535303776;;;OK649651.1;;;HRSV/A/Brazil/38623/2010;0;0
PP_001NQC8.2;A.3.1;2010;Brazil;;"Wang, L.; Ng, T. F. F.; Castro, C. J.; Marine, R. L.; Magana, L. C.; Esona, M.; Peret, T. C. T.; Thornburg, N. J.";Centers for Disease Control and Prevention, Respiratory Viruses Branch, Division of Viral Diseases;Homo sapiens;15174;2021-11-07;PP_001NQC8;OK649655.1;Automated Ingest from INSDC/NCBI Virus by Loculus;OPEN;https://pathoplexus.org/about/terms-of-use/open-data;;1.0;;;OK649655.1;;;HRSV/A/Brazil/38709/2010;0;0
PP_001NQD6.2;A.2.1.1;2010;Brazil;;"Wang, L.; Ng, T. F. F.; Castro, C. J.; Marine, R. L.; Magana, L. C.; Esona, M.; Peret, T. C. T.; Thornburg, N. J.";Centers for Disease Control and Prevention, Respiratory Viruses Branch, Division of Viral Diseases;Homo sapiens;15180;2021-11-07;PP_001NQD6;OK649656.1;Automated Ingest from INSDC/NCBI Virus by Loculus;OPEN;https://pathoplexus.org/about/terms-of-use/open-data;;1.0;;;OK649656.1;;;HRSV/A/Brazil/38760/2010;0;0
PP_001NQE4.2;A.3;1995;Canada;;"Wang, L.; Ng, T. F. F.; Castro, C. J.; Marine, R. L.; Magana, L. C.; Esona, M.; Peret, T. C. T.; Thornburg, N. J.";Centers for Disease Control and Prevention, Respiratory Viruses Branch, Division of Viral Diseases;Homo sapiens;15150;2021-11-07;PP_001NQE4;OK649657.1;Automated Ingest from INSDC/NCBI Virus by Loculus;OPEN;https://pathoplexus.org/about/terms-of-use/open-data;;0.9982266009852216;;;OK649657.1;;;HRSV/A/Canada/CAN749/1995;0;0
PP_001NQF2.2;A.3;1995;Canada;;"Wang, L.; Ng, T. F. F.; Castro, C. J.; Marine, R. L.; Magana, L. C.; Esona, M.; Peret, T. C. T.; Thornburg, N. J.";Centers for Disease Control and Prevention, Respiratory Viruses Branch, Division of Viral Diseases;Homo sapiens;15185;2021-11-07;PP_001NQF2;OK649658.1;Automated Ingest from INSDC/NCBI Virus by Loculus;OPEN;https://pathoplexus.org/about/terms-of-use/open-data;;1.0;;;OK649658.1;;;HRSV/A/Canada/CAN885/1995;0;0
PP_001NQG0.2;A.3;1995;Canada;;"Wang, L.; Ng, T. F. F.; Castro, C. J.; Marine, R. L.; Magana, L. C.; Esona, M.; Peret, T. C. T.; Thornburg, N. J.";Centers for Disease Control and Prevention, Respiratory Viruses Branch, Division of Viral Diseases;Homo sapiens;15171;2021-11-07;PP_001NQG0;OK649659.1;Automated Ingest from INSDC/NCBI Virus by Loculus;OPEN;https://pathoplexus.org/about/terms-of-use/open-data;;0.9994745484400657;;;OK649659.1;;;HRSV/A/Canada/CAN2234/1995;0;0
PP_001NQJV.2;A.3;2011;Kenya;;"Wang, L.; Ng, T. F. F.; Castro, C. J.; Marine, R. L.; Magana, L. C.; Esona, M.; Peret, T. C. T.; Thornburg, N. J.";Centers for Disease Control and Prevention, Respiratory Viruses Branch, Division of Viral Diseases;Homo sapiens;15159;2021-11-07;PP_001NQJV;OK649661.1;Automated Ingest from INSDC/NCBI Virus by Loculus;OPEN;https://pathoplexus.org/about/terms-of-use/open-data;;0.9989490968801313;;;OK649661.1;;;HRSV/A/Kenya/58503/2008;0;0
PP_001NQLR.2;A.3.1;2007;Kenya;;"Wang, L.; Ng, T. F. F.; Castro, C. J.; Marine, R. L.; Magana, L. C.; Esona, M.; Peret, T. C. T.; Thornburg, N. J.";Centers for Disease Control and Prevention, Respiratory Viruses Branch, Division of Viral Diseases;Homo sapiens;15159;2021-11-07;PP_001NQLR;OK649663.1;Automated Ingest from INSDC/NCBI Virus by Loculus;OPEN;https://pathoplexus.org/about/terms-of-use/open-data;;0.9992775041050903;;;OK649663.1;;;HRSV/A/Kenya/58541/2007;0;0
PP_001NQMP.2;A.3;2007;Kenya;;"Wang, L.; Ng, T. F. F.; Castro, C. J.; Marine, R. L.; Magana, L. C.; Esona, M.; Peret, T. C. T.; Thornburg, N. J.";Centers for Disease Control and Prevention, Respiratory Viruses Branch, Division of Viral Diseases;Homo sapiens;15164;2021-11-07;PP_001NQMP;OK649664.1;Automated Ingest from INSDC/NCBI Virus by Loculus;OPEN;https://pathoplexus.org/about/terms-of-use/open-data;;0.9989490968801313;;;OK649664.1;;;HRSV/A/Kenya/58560/2007;0;0
PP_001NQNM.2;A.3;2007;Kenya;;"Wang, L.; Ng, T. F. F.; Castro, C. J.; Marine, R. L.; Magana, L. C.; Esona, M.; Peret, T. C. T.; Thornburg, N. J.";Centers for Disease Control and Prevention, Respiratory Viruses Branch, Division of Viral Diseases;Homo sapiens;15175;2021-11-07;PP_001NQNM;OK649665.1;Automated Ingest from INSDC/NCBI Virus by Loculus;OPEN;https://pathoplexus.org/about/terms-of-use/open-data;;1.0;;;OK649665.1;;;HRSV/A/Kenya/59122/2007;0;0
PP_001NQPK.2;A.3;2007;Kenya;;"Wang, L.; Ng, T. F. F.; Castro, C. J.; Marine, R. L.; Magana, L. C.; Esona, M.; Peret, T. C. T.; Thornburg, N. J.";Centers for Disease Control and Prevention, Respiratory Viruses Branch, Division of Viral Diseases;Homo sapiens;15180;2021-11-07;PP_001NQPK;OK649666.1;Automated Ingest from INSDC/NCBI Virus by Loculus;OPEN;https://pathoplexus.org/about/terms-of-use/open-data;;1.0;;;OK649666.1;;;HRSV/A/Kenya/59165/2007;0;0
PP_001NQQH.2;A.3.1;2007;Kenya;;"Wang, L.; Ng, T. F. F.; Castro, C. J.; Marine, R. L.; Magana, L. C.; Esona, M.; Peret, T. C. T.; Thornburg, N. J.";Centers for Disease Control and Prevention, Respiratory Viruses Branch, Division of Viral Diseases;Homo sapiens;15170;2021-11-07;PP_001NQQH;OK649667.1;Automated Ingest from INSDC/NCBI Virus by Loculus;OPEN;https://pathoplexus.org/about/terms-of-use/open-data;;1.0;;;OK649667.1;;;HRSV/A/Kenya/59234/2007;0;0
PP_001NQRF.2;A;1956;USA;;"Wang, L.; Ng, T. F. F.; Castro, C. J.; Marine, R. L.; Magana, L. C.; Esona, M.; Peret, T. C. T.; Thornburg, N. J.";Centers for Disease Control and Prevention, Respiratory Viruses Branch, Division of Viral Diseases;Homo sapiens;15195;2021-11-07;PP_001NQRF;OK649668.1;Automated Ingest from INSDC/NCBI Virus by Loculus;OPEN;https://pathoplexus.org/about/terms-of-use/open-data;;1.0;;;OK649668.1;;;HRSV/A/Maryland.USA/Long/1956;0;0
PP_001NQSD.2;A.3;1994;USA;;"Wang, L.; Ng, T. F. F.; Castro, C. J.; Marine, R. L.; Magana, L. C.; Esona, M.; Peret, T. C. T.; Thornburg, N. J.";Centers for Disease Control and Prevention, Respiratory Viruses Branch, Division of Viral Diseases;Homo sapiens;15176;2021-11-07;PP_001NQSD;OK649669.1;Automated Ingest from INSDC/NCBI Virus by Loculus;OPEN;https://pathoplexus.org/about/terms-of-use/open-data;;1.0;;;OK649669.1;;;HRSV/A/Missouri.USA/MO02/1994;0;0
PP_001NQTB.2;A.1;1995;USA;;"Wang, L.; Ng, T. F. F.; Castro, C. J.; Marine, R. L.; Magana, L. C.; Esona, M.; Peret, T. C. T.; Thornburg, N. J.";Centers for Disease Control and Prevention, Respiratory Viruses Branch, Division of Viral Diseases;Homo sapiens;15184;2021-11-07;PP_001NQTB;OK649670.1;Automated Ingest from INSDC/NCBI Virus by Loculus;OPEN;https://pathoplexus.org/about/terms-of-use/open-data;;1.0;;;OK649670.1;;;HRSV/A/Missouri.USA/MO32/1995;0;0
PP_001NQU9.2;A.2;1995;USA;;"Wang, L.; Ng, T. F. F.; Castro, C. J.; Marine, R. L.; Magana, L. C.; Esona, M.; Peret, T. C. T.; Thornburg, N. J.";Centers for Disease Control and Prevention, Respiratory Viruses Branch, Division of Viral Diseases;Homo sapiens;15169;2021-11-07;PP_001NQU9;OK649671.1;Automated Ingest from INSDC/NCBI Virus by Loculus;OPEN;https://pathoplexus.org/about/terms-of-use/open-data;;0.9992775041050903;;;OK649671.1;;;HRSV/A/Missouri.USA/MO37/1995;0;0
PP_001NQV7.2;A.3;1995;USA;;"Wang, L.; Ng, T. F. F.; Castro, C. J.; Marine, R. L.; Magana, L. C.; Esona, M.; Peret, T. C. T.; Thornburg, N. J.";Centers for Disease Control and Prevention, Respiratory Viruses Branch, Division of Viral Diseases;Homo sapiens;15191;2021-11-07;PP_001NQV7;OK649672.1;Automated Ingest from INSDC/NCBI Virus by Loculus;OPEN;https://pathoplexus.org/about/terms-of-use/open-data;;1.0;;;OK649672.1;;;HRSV/A/NewYork.USA/CH45II/1995;0;0
PP_001NQW5.2;A.1;1995;USA;;"Wang, L.; Ng, T. F. F.; Castro, C. J.; Marine, R. L.; Magana, L. C.; Esona, M.; Peret, T. C. T.; Thornburg, N. J.";Centers for Disease Control and Prevention, Respiratory Viruses Branch, Division of Viral Diseases;Homo sapiens;15179;2021-11-07;PP_001NQW5;OK649673.1;Automated Ingest from INSDC/NCBI Virus by Loculus;OPEN;https://pathoplexus.org/about/terms-of-use/open-data;;1.0;;;OK649673.1;;;HRSV/A/NewYork.USA/CH57III/1995;0;0
PP_001NQX3.2;A.2;1995;USA;;"Wang, L.; Ng, T. F. F.; Castro, C. J.; Marine, R. L.; Magana, L. C.; Esona, M.; Peret, T. C. T.; Thornburg, N. J.";Centers for Disease Control and Prevention, Respiratory Viruses Branch, Division of Viral Diseases;Homo sapiens;15190;2021-11-07;PP_001NQX3;OK649674.1;Automated Ingest from INSDC/NCBI Virus by Loculus;OPEN;https://pathoplexus.org/about/terms-of-use/open-data;;1.0;;;OK649674.1;;;HRSV/A/NewYork.USA/CH61/1995;0;0
PP_001NQZZ.2;A.2;1993;USA;;"Wang, L.; Ng, T. F. F.; Castro, C. J.; Marine, R. L.; Magana, L. C.; Esona, M.; Peret, T. C. T.; Thornburg, N. J.";Centers for Disease Control and Prevention, Respiratory Viruses Branch, Division of Viral Diseases;Homo sapiens;15193;2021-11-07;PP_001NQZZ;OK649676.1;Automated Ingest from INSDC/NCBI Virus by Loculus;OPEN;https://pathoplexus.org/about/terms-of-use/open-data;;1.0;;;OK649676.1;;;HRSV/A/NewYork.USA/CH112III/1993;0;0
PP_001NR0X.2;A.2.1.1;2004;USA;;"Wang, L.; Ng, T. F. F.; Castro, C. J.; Marine, R. L.; Magana, L. C.; Esona, M.; Peret, T. C. T.; Thornburg, N. J.";Centers for Disease Control and Prevention, Respiratory Viruses Branch, Division of Viral Diseases;Homo sapiens;15189;2021-11-07;PP_001NR0X;OK649677.1;Automated Ingest from INSDC/NCBI Virus by Loculus;OPEN;https://pathoplexus.org/about/terms-of-use/open-data;;1.0;;;OK649677.1;;;HRSV/A/Texas.USA/79219/2004;0;0
PP_001NR1V.2;A.3;2005;USA;;"Wang, L.; Ng, T. F. F.; Castro, C. J.; Marine, R. L.; Magana, L. C.; Esona, M.; Peret, T. C. T.; Thornburg, N. J.";Centers for Disease Control and Prevention, Respiratory Viruses Branch, Division of Viral Diseases;Homo sapiens;15180;2021-11-07;PP_001NR1V;OK649678.1;Automated Ingest from INSDC/NCBI Virus by Loculus;OPEN;https://pathoplexus.org/about/terms-of-use/open-data;;1.0;;;OK649678.1;;;HRSV/A/Texas.USA/79303/2005;0;0
PP_001NR2T.2;A.3;2005;USA;;"Wang, L.; Ng, T. F. F.; Castro, C. J.; Marine, R. L.; Magana, L. C.; Esona, M.; Peret, T. C. T.; Thornburg, N. J.";Centers for Disease Control and Prevention, Respiratory Viruses Branch, Division of Viral Diseases;Homo sapiens;15185;2021-11-07;PP_001NR2T;OK649679.1;Automated Ingest from INSDC/NCBI Virus by Loculus;OPEN;https://pathoplexus.org/about/terms-of-use/open-data;;1.0;;;OK649679.1;;;HRSV/A/Texas.USA/79321/2005;0;0
PP_001NR4P.2;A.D;2012;USA;;"Wang, L.; Ng, T. F. F.; Castro, C. J.; Marine, R. L.; Magana, L. C.; Esona, M.; Peret, T. C. T.; Thornburg, N. J.";Centers for Disease Control and Prevention, Respiratory Viruses Branch, Division of Viral Diseases;Homo sapiens;15225;2021-11-07;PP_001NR4P;OK649681.1;Automated Ingest from INSDC/NCBI Virus by Loculus;OPEN;https://pathoplexus.org/about/terms-of-use/open-data;;0.9989490968801313;;;OK649681.1;;;HRSV/A/Texas.USA/121301029/2012;0;0
PP_001NR5M.2;A.D;2012;USA;;"Wang, L.; Ng, T. F. F.; Castro, C. J.; Marine, R. L.; Magana, L. C.; Esona, M.; Peret, T. C. T.; Thornburg, N. J.";Centers for Disease Control and Prevention, Respiratory Viruses Branch, Division of Viral Diseases;Homo sapiens;15242;2021-11-07;PP_001NR5M;OK649682.1;Automated Ingest from INSDC/NCBI Virus by Loculus;OPEN;https://pathoplexus.org/about/terms-of-use/open-data;;1.0;;;OK649682.1;;;HRSV/A/Texas.USA/121301033/2012;0;0
PP_001P3M8.2;A.D.1.2;2020-12-06;Australia;;"Eden, J.-S.; Sikazwe, C.; Levy, A.; Deng, Y.-M.; Dhanasekaran, V.; Smith, D. W.; Kok, J.; Barr, I. G.";The University of Sydney, Sydney Institute for Infectious Diseases;Homo sapiens;14959;2022-04-06;PP_001P3M8;OM857156.1;Automated Ingest from INSDC/NCBI Virus by Loculus;OPEN;https://pathoplexus.org/about/terms-of-use/open-data;;0.9825944170771757;;;OM857156.1;;;hRSV/A/Australia/6002331/2020;0;0
PP_001P3P4.2;A.D.1.2;2020-11-27;Australia;;"Eden, J.-S.; Sikazwe, C.; Levy, A.; Deng, Y.-M.; Dhanasekaran, V.; Smith, D. W.; Kok, J.; Barr, I. G.";The University of Sydney, Sydney Institute for Infectious Diseases;Homo sapiens;14958;2022-04-06;PP_001P3P4;OM857158.1;Automated Ingest from INSDC/NCBI Virus by Loculus;OPEN;https://pathoplexus.org/about/terms-of-use/open-data;;0.9825944170771757;;;OM857158.1;;;hRSV/A/Australia/7006882/2020;0;0
PP_001P42C.2;A.D.1.2;2020-12-03;Australia;;"Eden, J.-S.; Sikazwe, C.; Levy, A.; Deng, Y.-M.; Dhanasekaran, V.; Smith, D. W.; Kok, J.; Barr, I. G.";The University of Sydney, Sydney Institute for Infectious Diseases;Homo sapiens;14959;2022-04-06;PP_001P42C;OM857171.1;Automated Ingest from INSDC/NCBI Virus by Loculus;OPEN;https://pathoplexus.org/about/terms-of-use/open-data;;0.9825944170771757;;;OM857171.1;;;hRSV/A/Australia/3012220/2020;0;0
PP_001P456.2;A.D.1.2;2020-12-01;Australia;;"Eden, J.-S.; Sikazwe, C.; Levy, A.; Deng, Y.-M.; Dhanasekaran, V.; Smith, D. W.; Kok, J.; Barr, I. G.";The University of Sydney, Sydney Institute for Infectious Diseases;Homo sapiens;14959;2022-04-06;PP_001P456;OM857174.1;Automated Ingest from INSDC/NCBI Virus by Loculus;OPEN;https://pathoplexus.org/about/terms-of-use/open-data;;0.9825944170771757;;;OM857174.1;;;hRSV/A/Australia/1011044/2020;0;0
PP_001P480.2;A.D.1.2;2021-01-10;Australia;;"Eden, J.-S.; Sikazwe, C.; Levy, A.; Deng, Y.-M.; Dhanasekaran, V.; Smith, D. W.; Kok, J.; Barr, I. G.";The University of Sydney, Sydney Institute for Infectious Diseases;Homo sapiens;15201;2022-04-06;PP_001P480;OM857177.1;Automated Ingest from INSDC/NCBI Virus by Loculus;OPEN;https://pathoplexus.org/about/terms-of-use/open-data;;0.9984893267651889;;;OM857177.1;;;hRSV/A/Australia/VIC-MMC055/2021;0;0
PP_001P4KB.2;A.D.1.2;2021-01-22;Australia;;"Eden, J.-S.; Sikazwe, C.; Levy, A.; Deng, Y.-M.; Dhanasekaran, V.; Smith, D. W.; Kok, J.; Barr, I. G.";The University of Sydney, Sydney Institute for Infectious Diseases;Homo sapiens;15210;2022-04-06;PP_001P4KB;OM857188.1;Automated Ingest from INSDC/NCBI Virus by Loculus;OPEN;https://pathoplexus.org/about/terms-of-use/open-data;;0.9981609195402299;;;OM857188.1;;;hRSV/A/Australia/3002027/2021;0;0
PP_001P4L9.2;A.D.1.2;2021-02-01;Australia;;"Eden, J.-S.; Sikazwe, C.; Levy, A.; Deng, Y.-M.; Dhanasekaran, V.; Smith, D. W.; Kok, J.; Barr, I. G.";The University of Sydney, Sydney Institute for Infectious Diseases;Homo sapiens;15220;2022-04-06;PP_001P4L9;OM857189.1;Automated Ingest from INSDC/NCBI Virus by Loculus;OPEN;https://pathoplexus.org/about/terms-of-use/open-data;;0.999080459770115;;;OM857189.1;;;hRSV/A/Australia/1008347/2021;0;0
PP_001P4Q1.2;A.D.1.2;2021-01-01;Australia;;"Eden, J.-S.; Sikazwe, C.; Levy, A.; Deng, Y.-M.; Dhanasekaran, V.; Smith, D. W.; Kok, J.; Barr, I. G.";The University of Sydney, Sydney Institute for Infectious Diseases;Homo sapiens;15207;2022-04-06;PP_001P4Q1;OM857193.1;Automated Ingest from INSDC/NCBI Virus by Loculus;OPEN;https://pathoplexus.org/about/terms-of-use/open-data;;0.9949425287356322;;;OM857193.1;;;hRSV/A/Australia/3002650/2021;0;46
PP_001P4YK.2;A.D.1.2;2021-01-25;Australia;;"Eden, J.-S.; Sikazwe, C.; Levy, A.; Deng, Y.-M.; Dhanasekaran, V.; Smith, D. W.; Kok, J.; Barr, I. G.";The University of Sydney, Sydney Institute for Infectious Diseases;Homo sapiens;15181;2022-04-06;PP_001P4YK;OM857201.1;Automated Ingest from INSDC/NCBI Virus by Loculus;OPEN;https://pathoplexus.org/about/terms-of-use/open-data;;0.9852216748768473;;;OM857201.1;;;hRSV/A/Australia/6002591/2021;0;183
PP_001P52B.2;A.D.1.2;2021-01-05;Australia;;"Eden, J.-S.; Sikazwe, C.; Levy, A.; Deng, Y.-M.; Dhanasekaran, V.; Smith, D. W.; Kok, J.; Barr, I. G.";The University of Sydney, Sydney Institute for Infectious Diseases;Homo sapiens;15075;2022-04-06;PP_001P52B;OM857205.1;Automated Ingest from INSDC/NCBI Virus by Loculus;OPEN;https://pathoplexus.org/about/terms-of-use/open-data;;0.9785878489326765;;;OM857205.1;;;hRSV/A/Australia/6002451/2021;0;178
PP_001P5EM.2;A.D.1.3;2020-11-15;Australia;;"Eden, J.-S.; Sikazwe, C.; Levy, A.; Deng, Y.-M.; Dhanasekaran, V.; Smith, D. W.; Kok, J.; Barr, I. G.";The University of Sydney, Sydney Institute for Infectious Diseases;Homo sapiens;14960;2022-04-06;PP_001P5EM;OM857217.1;Automated Ingest from INSDC/NCBI Virus by Loculus;OPEN;https://pathoplexus.org/about/terms-of-use/open-data;;0.9825944170771757;;;OM857217.1;;;hRSV/A/Australia/WM3200400/2020;0;0
PP_001P60E.2;A.D.1.3;2020-11-17;Australia;;"Eden, J.-S.; Sikazwe, C.; Levy, A.; Deng, Y.-M.; Dhanasekaran, V.; Smith, D. W.; Kok, J.; Barr, I. G.";The University of Sydney, Sydney Institute for Infectious Diseases;Homo sapiens;14960;2022-04-06;PP_001P60E;OM857237.1;Automated Ingest from INSDC/NCBI Virus by Loculus;OPEN;https://pathoplexus.org/about/terms-of-use/open-data;;0.9825944170771757;;;OM857237.1;;;hRSV/A/Australia/WM3220890/2020;0;0
PP_001P6AU.2;A.D.1.3;2020-11-25;Australia;;"Eden, J.-S.; Sikazwe, C.; Levy, A.; Deng, Y.-M.; Dhanasekaran, V.; Smith, D. W.; Kok, J.; Barr, I. G.";The University of Sydney, Sydney Institute for Infectious Diseases;Homo sapiens;14960;2022-04-06;PP_001P6AU;OM857247.1;Automated Ingest from INSDC/NCBI Virus by Loculus;OPEN;https://pathoplexus.org/about/terms-of-use/open-data;;0.9825944170771757;;;OM857247.1;;;hRSV/A/Australia/WM3301586/2020;0;0
PP_001P6K9.2;A.D.1.3;2020-12-23;Australia;;"Eden, J.-S.; Sikazwe, C.; Levy, A.; Deng, Y.-M.; Dhanasekaran, V.; Smith, D. W.; Kok, J.; Barr, I. G.";The University of Sydney, Sydney Institute for Infectious Diseases;Homo sapiens;15199;2022-04-06;PP_001P6K9;OM857256.1;Automated Ingest from INSDC/NCBI Virus by Loculus;OPEN;https://pathoplexus.org/about/terms-of-use/open-data;;0.9982922824302135;;;OM857256.1;;;hRSV/A/Australia/VIC-MMC038/2020;0;0
PP_001P6L7.2;A.D.1.3;2021-01-31;Australia;;"Eden, J.-S.; Sikazwe, C.; Levy, A.; Deng, Y.-M.; Dhanasekaran, V.; Smith, D. W.; Kok, J.; Barr, I. G.";The University of Sydney, Sydney Institute for Infectious Diseases;Homo sapiens;15199;2022-04-06;PP_001P6L7;OM857257.1;Automated Ingest from INSDC/NCBI Virus by Loculus;OPEN;https://pathoplexus.org/about/terms-of-use/open-data;;0.9982922824302135;;;OM857257.1;;;hRSV/A/Australia/VIC-RCH008/2021;0;0
PP_001P6N3.2;A.D.1.3;2020-11-06;Australia;;"Eden, J.-S.; Sikazwe, C.; Levy, A.; Deng, Y.-M.; Dhanasekaran, V.; Smith, D. W.; Kok, J.; Barr, I. G.";The University of Sydney, Sydney Institute for Infectious Diseases;Homo sapiens;14960;2022-04-06;PP_001P6N3;OM857259.1;Automated Ingest from INSDC/NCBI Virus by Loculus;OPEN;https://pathoplexus.org/about/terms-of-use/open-data;;0.9825944170771757;;;OM857259.1;;;hRSV/A/Australia/WM3114268/2020;0;0
PP_001P70D.2;A.D.1.3;2020-11-19;Australia;;"Eden, J.-S.; Sikazwe, C.; Levy, A.; Deng, Y.-M.; Dhanasekaran, V.; Smith, D. W.; Kok, J.; Barr, I. G.";The University of Sydney, Sydney Institute for Infectious Diseases;Homo sapiens;14960;2022-04-06;PP_001P70D;OM857271.1;Automated Ingest from INSDC/NCBI Virus by Loculus;OPEN;https://pathoplexus.org/about/terms-of-use/open-data;;0.9825944170771757;;;OM857271.1;;;hRSV/A/Australia/P508521/2020;0;0
PP_001P79V.2;A.D.1.3;2020-11-23;Australia;;"Eden, J.-S.; Sikazwe, C.; Levy, A.; Deng, Y.-M.; Dhanasekaran, V.; Smith, D. W.; Kok, J.; Barr, I. G.";The University of Sydney, Sydney Institute for Infectious Diseases;Homo sapiens;14960;2022-04-06;PP_001P79V;OM857280.1;Automated Ingest from INSDC/NCBI Virus by Loculus;OPEN;https://pathoplexus.org/about/terms-of-use/open-data;;0.9825944170771757;;;OM857280.1;;;hRSV/A/Australia/WM3280848/2020;0;0
PP_001P7WL.2;A.D.1.3;2020-11-05;Australia;;"Eden, J.-S.; Sikazwe, C.; Levy, A.; Deng, Y.-M.; Dhanasekaran, V.; Smith, D. W.; Kok, J.; Barr, I. G.";The University of Sydney, Sydney Institute for Infectious Diseases;Homo sapiens;14960;2022-04-06;PP_001P7WL;OM857301.1;Automated Ingest from INSDC/NCBI Virus by Loculus;OPEN;https://pathoplexus.org/about/terms-of-use/open-data;;0.9825944170771757;;;OM857301.1;;;hRSV/A/Australia/WM3100311/2020;0;0
PP_001P7YG.2;A.D.1.3;2020-11-16;Australia;;"Eden, J.-S.; Sikazwe, C.; Levy, A.; Deng, Y.-M.; Dhanasekaran, V.; Smith, D. W.; Kok, J.; Barr, I. G.";The University of Sydney, Sydney Institute for Infectious Diseases;Homo sapiens;14960;2022-04-06;PP_001P7YG;OM857303.1;Automated Ingest from INSDC/NCBI Virus by Loculus;OPEN;https://pathoplexus.org/about/terms-of-use/open-data;;0.9825944170771757;;;OM857303.1;;;hRSV/A/Australia/WM3212551/2020;0;0
PP_001P80C.2;A.D.1.3;2020-11-25;Australia;;"Eden, J.-S.; Sikazwe, C.; Levy, A.; Deng, Y.-M.; Dhanasekaran, V.; Smith, D. W.; Kok, J.; Barr, I. G.";The University of Sydney, Sydney Institute for Infectious Diseases;Homo sapiens;14960;2022-04-06;PP_001P80C;OM857305.1;Automated Ingest from INSDC/NCBI Virus by Loculus;OPEN;https://pathoplexus.org/about/terms-of-use/open-data;;0.9825944170771757;;;OM857305.1;;;hRSV/A/Australia/WM3301616/2020;0;0
PP_001P8EJ.2;A.D.1.3;2020-11-10;Australia;;"Eden, J.-S.; Sikazwe, C.; Levy, A.; Deng, Y.-M.; Dhanasekaran, V.; Smith, D. W.; Kok, J.; Barr, I. G.";The University of Sydney, Sydney Institute for Infectious Diseases;Homo sapiens;14960;2022-04-06;PP_001P8EJ;OM857319.1;Automated Ingest from INSDC/NCBI Virus by Loculus;OPEN;https://pathoplexus.org/about/terms-of-use/open-data;;0.9825944170771757;;;OM857319.1;;;hRSV/A/Australia/WM3151206/2020;0;0
PP_001P8J9.2;A.D.1.3;2020-11-27;Australia;;"Eden, J.-S.; Sikazwe, C.; Levy, A.; Deng, Y.-M.; Dhanasekaran, V.; Smith, D. W.; Kok, J.; Barr, I. G.";The University of Sydney, Sydney Institute for Infectious Diseases;Homo sapiens;14960;2022-04-06;PP_001P8J9;OM857323.1;Automated Ingest from INSDC/NCBI Virus by Loculus;OPEN;https://pathoplexus.org/about/terms-of-use/open-data;;0.9825944170771757;;;OM857323.1;;;hRSV/A/Australia/WM3324484/2020;0;0
PP_001P8ST.2;A.D.1.3;2020-12-28;Australia;;"Eden, J.-S.; Sikazwe, C.; Levy, A.; Deng, Y.-M.; Dhanasekaran, V.; Smith, D. W.; Kok, J.; Barr, I. G.";The University of Sydney, Sydney Institute for Infectious Diseases;Homo sapiens;15227;2022-04-06;PP_001P8ST;OM857331.1;Automated Ingest from INSDC/NCBI Virus by Loculus;OPEN;https://pathoplexus.org/about/terms-of-use/open-data;;0.9993431855500821;;;OM857331.1;;;hRSV/A/Australia/VIC-RCH003/2020;0;0
PP_001P8VM.2;A.D.1.3;2020-11-26;Australia;;"Eden, J.-S.; Sikazwe, C.; Levy, A.; Deng, Y.-M.; Dhanasekaran, V.; Smith, D. W.; Kok, J.; Barr, I. G.";The University of Sydney, Sydney Institute for Infectious Diseases;Homo sapiens;15216;2022-04-06;PP_001P8VM;OM857334.1;Automated Ingest from INSDC/NCBI Virus by Loculus;OPEN;https://pathoplexus.org/about/terms-of-use/open-data;;0.9994088669950739;;;OM857334.1;;;hRSV/A/Australia/VIC-RCH007/2020;0;0
PP_001P8ZD.2;A.D.1.3;2021-02-12;Australia;;"Eden, J.-S.; Sikazwe, C.; Levy, A.; Deng, Y.-M.; Dhanasekaran, V.; Smith, D. W.; Kok, J.; Barr, I. G.";The University of Sydney, Sydney Institute for Infectious Diseases;Homo sapiens;15199;2022-04-06;PP_001P8ZD;OM857338.1;Automated Ingest from INSDC/NCBI Virus by Loculus;OPEN;https://pathoplexus.org/about/terms-of-use/open-data;;0.9982922824302135;;;OM857338.1;;;hRSV/A/Australia/VIC-RCH013/2021;0;0
PP_001P919.2;A.D.1.3;2021-01-12;Australia;;"Eden, J.-S.; Sikazwe, C.; Levy, A.; Deng, Y.-M.; Dhanasekaran, V.; Smith, D. W.; Kok, J.; Barr, I. G.";The University of Sydney, Sydney Institute for Infectious Diseases;Homo sapiens;15202;2022-04-06;PP_001P919;OM857340.1;Automated Ingest from INSDC/NCBI Virus by Loculus;OPEN;https://pathoplexus.org/about/terms-of-use/open-data;;0.9984893267651889;;;OM857340.1;;;hRSV/A/Australia/VIC-MMC065/2021;0;0
PP_001P927.2;A.D.1.3;2021-03-07;Australia;;"Eden, J.-S.; Sikazwe, C.; Levy, A.; Deng, Y.-M.; Dhanasekaran, V.; Smith, D. W.; Kok, J.; Barr, I. G.";The University of Sydney, Sydney Institute for Infectious Diseases;Homo sapiens;15202;2022-04-06;PP_001P927;OM857341.1;Automated Ingest from INSDC/NCBI Virus by Loculus;OPEN;https://pathoplexus.org/about/terms-of-use/open-data;;0.9984893267651889;;;OM857341.1;;;hRSV/A/Australia/VIC-RCH048/2021;0;0
PP_001P935.2;A.D.1.3;2021-03-08;Australia;;"Eden, J.-S.; Sikazwe, C.; Levy, A.; Deng, Y.-M.; Dhanasekaran, V.; Smith, D. W.; Kok, J.; Barr, I. G.";The University of Sydney, Sydney Institute for Infectious Diseases;Homo sapiens;15199;2022-04-06;PP_001P935;OM857342.1;Automated Ingest from INSDC/NCBI Virus by Loculus;OPEN;https://pathoplexus.org/about/terms-of-use/open-data;;0.9982922824302135;;;OM857342.1;;;hRSV/A/Australia/VIC-RCH051/2021;0;0
PP_001P98V.2;A.D.1.3;2021-03-04;Australia;;"Eden, J.-S.; Sikazwe, C.; Levy, A.; Deng, Y.-M.; Dhanasekaran, V.; Smith, D. W.; Kok, J.; Barr, I. G.";The University of Sydney, Sydney Institute for Infectious Diseases;Homo sapiens;15198;2022-04-06;PP_001P98V;OM857347.1;Automated Ingest from INSDC/NCBI Virus by Loculus;OPEN;https://pathoplexus.org/about/terms-of-use/open-data;;0.9982266009852216;;;OM857347.1;;;hRSV/A/Australia/VIC-RCH047/2021;0;0
PP_001P9BP.2;A.D.1.3;2020-12-30;Australia;;"Eden, J.-S.; Sikazwe, C.; Levy, A.; Deng, Y.-M.; Dhanasekaran, V.; Smith, D. W.; Kok, J.; Barr, I. G.";The University of Sydney, Sydney Institute for Infectious Diseases;Homo sapiens;15199;2022-04-06;PP_001P9BP;OM857350.1;Automated Ingest from INSDC/NCBI Virus by Loculus;OPEN;https://pathoplexus.org/about/terms-of-use/open-data;;0.9982922824302135;;;OM857350.1;;;hRSV/A/Australia/VIC-MMC054/2020;0;0
PP_001P9EH.2;A.D.1.3;2021-02-20;Australia;;"Eden, J.-S.; Sikazwe, C.; Levy, A.; Deng, Y.-M.; Dhanasekaran, V.; Smith, D. W.; Kok, J.; Barr, I. G.";The University of Sydney, Sydney Institute for Infectious Diseases;Homo sapiens;15199;2022-04-06;PP_001P9EH;OM857353.1;Automated Ingest from INSDC/NCBI Virus by Loculus;OPEN;https://pathoplexus.org/about/terms-of-use/open-data;;0.9982922824302135;;;OM857353.1;;;hRSV/A/Australia/VIC-RCH026/2021;0;0
PP_001P9FF.2;A.D.1.3;2021-02-27;Australia;;"Eden, J.-S.; Sikazwe, C.; Levy, A.; Deng, Y.-M.; Dhanasekaran, V.; Smith, D. W.; Kok, J.; Barr, I. G.";The University of Sydney, Sydney Institute for Infectious Diseases;Homo sapiens;15202;2022-04-06;PP_001P9FF;OM857354.1;Automated Ingest from INSDC/NCBI Virus by Loculus;OPEN;https://pathoplexus.org/about/terms-of-use/open-data;;0.9984893267651889;;;OM857354.1;;;hRSV/A/Australia/VIC-RCH031/2021;0;0
PP_001PLV9.1;A.D;2014-05-15;Argentina;Ciudad Autonoma de Buenos Aires;"Goya, S.; Lucion, M. F.; Shilts, M. H.; Juarez, M. D. V.; Gentile, A.; Mistchenko, A. S.; Viegas, M.; Das, S. R.";Ricardo Gutierrez Children's Hospital, Virology Laboratory;Homo sapiens;15217;2023-02-11;PP_001PLV9;ON237220.1;Automated Ingest from INSDC/NCBI Virus by Loculus;OPEN;https://pathoplexus.org/about/terms-of-use/open-data;;0.9995402298850574;;;ON237220.1;;;HRSV/A/Argentina/BA-HNRG-009/2014;0;0
PP_001PLZ1.1;A.D;2014-05-27;Argentina;Buenos Aires, Bella Vista;"Goya, S.; Lucion, M. F.; Shilts, M. H.; Juarez, M. D. V.; Gentile, A.; Mistchenko, A. S.; Viegas, M.; Das, S. R.";Ricardo Gutierrez Children's Hospital, Virology Laboratory;Homo sapiens;15049;2023-02-11;PP_001PLZ1;ON237224.1;Automated Ingest from INSDC/NCBI Virus by Loculus;OPEN;https://pathoplexus.org/about/terms-of-use/open-data;;0.9886371100164204;;;ON237224.1;;;HRSV/A/Argentina/BA-HNRG-020/2014;1;0
PP_001PM0Z.1;A.D;2014-05-28;Argentina;;"Goya, S.; Lucion, M. F.; Shilts, M. H.; Juarez, M. D. V.; Gentile, A.; Mistchenko, A. S.; Viegas, M.; Das, S. R.";Ricardo Gutierrez Children's Hospital, Virology Laboratory;Homo sapiens;15219;2023-02-11;PP_001PM0Z;ON237225.1;Automated Ingest from INSDC/NCBI Virus by Loculus;OPEN;https://pathoplexus.org/about/terms-of-use/open-data;;0.9996059113300493;;;ON237225.1;;;HRSV/A/Argentina/BA-HNRG-023/2014;0;0
PP_001PM2V.1;A.D;2014-06-04;Argentina;Buenos Aires, Moreno;"Goya, S.; Lucion, M. F.; Shilts, M. H.; Juarez, M. D. V.; Gentile, A.; Mistchenko, A. S.; Viegas, M.; Das, S. R.";Ricardo Gutierrez Children's Hospital, Virology Laboratory;Homo sapiens;15217;2023-02-11;PP_001PM2V;ON237227.1;Automated Ingest from INSDC/NCBI Virus by Loculus;OPEN;https://pathoplexus.org/about/terms-of-use/open-data;;0.9993431855500821;;;ON237227.1;;;HRSV/A/Argentina/BA-HNRG-032/2014;1;0
PP_001PM3T.1;A.D;2014-06-04;Argentina;Buenos Aires, Merlo;"Goya, S.; Lucion, M. F.; Shilts, M. H.; Juarez, M. D. V.; Gentile, A.; Mistchenko, A. S.; Viegas, M.; Das, S. R.";Ricardo Gutierrez Children's Hospital, Virology Laboratory;Homo sapiens;15212;2023-02-11;PP_001PM3T;ON237228.1;Automated Ingest from INSDC/NCBI Virus by Loculus;OPEN;https://pathoplexus.org/about/terms-of-use/open-data;;0.9991461412151067;;;ON237228.1;;;HRSV/A/Argentina/BA-HNRG-033/2014;0;0
PP_001PM4R.1;A.D;2014-06-09;Argentina;Buenos Aires, San Miguel;"Goya, S.; Lucion, M. F.; Shilts, M. H.; Juarez, M. D. V.; Gentile, A.; Mistchenko, A. S.; Viegas, M.; Das, S. R.";Ricardo Gutierrez Children's Hospital, Virology Laboratory;Homo sapiens;15205;2023-02-11;PP_001PM4R;ON237229.1;Automated Ingest from INSDC/NCBI Virus by Loculus;OPEN;https://pathoplexus.org/about/terms-of-use/open-data;;0.9986863711001642;;;ON237229.1;;;HRSV/A/Argentina/BA-HNRG-037/2014;0;0
PP_001PM5P.1;A.D;2014-06-13;Argentina;Ciudad Autonoma de Buenos Aires;"Goya, S.; Lucion, M. F.; Shilts, M. H.; Juarez, M. D. V.; Gentile, A.; Mistchenko, A. S.; Viegas, M.; Das, S. R.";Ricardo Gutierrez Children's Hospital, Virology Laboratory;Homo sapiens;15211;2023-02-11;PP_001PM5P;ON237230.1;Automated Ingest from INSDC/NCBI Virus by Loculus;OPEN;https://pathoplexus.org/about/terms-of-use/open-data;;0.9991461412151067;;;ON237230.1;;;HRSV/A/Argentina/BA-HNRG-044/2014;0;0
PP_001PM8H.1;A.D;2014-06-16;Argentina;Ciudad Autonoma de Buenos Aires;"Goya, S.; Lucion, M. F.; Shilts, M. H.; Juarez, M. D. V.; Gentile, A.; Mistchenko, A. S.; Viegas, M.; Das, S. R.";Ricardo Gutierrez Children's Hospital, Virology Laboratory;Homo sapiens;15212;2023-02-11;PP_001PM8H;ON237233.1;Automated Ingest from INSDC/NCBI Virus by Loculus;OPEN;https://pathoplexus.org/about/terms-of-use/open-data;;0.999080459770115;;;ON237233.1;;;HRSV/A/Argentina/BA-HNRG-047/2014;1;0
PP_001PM9F.1;A.D;2014-06-18;Argentina;Buenos Aires, Grand Bourg;"Goya, S.; Lucion, M. F.; Shilts, M. H.; Juarez, M. D. V.; Gentile, A.; Mistchenko, A. S.; Viegas, M.; Das, S. R.";Ricardo Gutierrez Children's Hospital, Virology Laboratory;Homo sapiens;15217;2023-02-11;PP_001PM9F;ON237234.1;Automated Ingest from INSDC/NCBI Virus by Loculus;OPEN;https://pathoplexus.org/about/terms-of-use/open-data;;0.9995402298850574;;;ON237234.1;;;HRSV/A/Argentina/BA-HNRG-052/2014;0;0
PP_001PME5.1;A.D;2014-07-03;Argentina;Buenos Aires, Malvinas Argentinas;"Goya, S.; Lucion, M. F.; Shilts, M. H.; Juarez, M. D. V.; Gentile, A.; Mistchenko, A. S.; Viegas, M.; Das, S. R.";Ricardo Gutierrez Children's Hospital, Virology Laboratory;Homo sapiens;15211;2023-02-11;PP_001PME5;ON237239.1;Automated Ingest from INSDC/NCBI Virus by Loculus;OPEN;https://pathoplexus.org/about/terms-of-use/open-data;;0.9990147783251232;;;ON237239.1;;;HRSV/A/Argentina/BA-HNRG-069/2014;1;0
PP_001PMG1.1;A.D;2014-07-23;Argentina;Ciudad Autonoma de Buenos Aires;"Goya, S.; Lucion, M. F.; Shilts, M. H.; Juarez, M. D. V.; Gentile, A.; Mistchenko, A. S.; Viegas, M.; Das, S. R.";Ricardo Gutierrez Children's Hospital, Virology Laboratory;Homo sapiens;15213;2023-02-11;PP_001PMG1;ON237241.1;Automated Ingest from INSDC/NCBI Virus by Loculus;OPEN;https://pathoplexus.org/about/terms-of-use/open-data;;0.9992775041050903;;;ON237241.1;;;HRSV/A/Argentina/BA-HNRG-079/2014;1;0
PP_001PMHY.1;A.D;2014-07-28;Argentina;Buenos Aires, Malvinas Argentinas;"Goya, S.; Lucion, M. F.; Shilts, M. H.; Juarez, M. D. V.; Gentile, A.; Mistchenko, A. S.; Viegas, M.; Das, S. R.";Ricardo Gutierrez Children's Hospital, Virology Laboratory;Homo sapiens;15199;2023-02-11;PP_001PMHY;ON237242.1;Automated Ingest from INSDC/NCBI Virus by Loculus;OPEN;https://pathoplexus.org/about/terms-of-use/open-data;;0.998423645320197;;;ON237242.1;;;HRSV/A/Argentina/BA-HNRG-080/2014;0;0
PP_001PMJW.1;A.D;2014-08-22;Argentina;Buenos Aires, Garin;"Goya, S.; Lucion, M. F.; Shilts, M. H.; Juarez, M. D. V.; Gentile, A.; Mistchenko, A. S.; Viegas, M.; Das, S. R.";Ricardo Gutierrez Children's Hospital, Virology Laboratory;Homo sapiens;15214;2023-02-11;PP_001PMJW;ON237243.1;Automated Ingest from INSDC/NCBI Virus by Loculus;OPEN;https://pathoplexus.org/about/terms-of-use/open-data;;0.9995402298850574;;;ON237243.1;;;HRSV/A/Argentina/BA-HNRG-092/2014;0;0
PP_001PMKU.1;A.D;2014-08-27;Argentina;;"Goya, S.; Lucion, M. F.; Shilts, M. H.; Juarez, M. D. V.; Gentile, A.; Mistchenko, A. S.; Viegas, M.; Das, S. R.";Ricardo Gutierrez Children's Hospital, Virology Laboratory;Homo sapiens;15209;2023-02-11;PP_001PMKU;ON237244.1;Automated Ingest from INSDC/NCBI Virus by Loculus;OPEN;https://pathoplexus.org/about/terms-of-use/open-data;;0.9990147783251232;;;ON237244.1;;;HRSV/A/Argentina/BA-HNRG-097/2014;0;0
PP_001PMMQ.1;A.D;2015-04-27;Argentina;Ciudad Autonoma de Buenos Aires;"Goya, S.; Lucion, M. F.; Shilts, M. H.; Juarez, M. D. V.; Gentile, A.; Mistchenko, A. S.; Viegas, M.; Das, S. R.";Ricardo Gutierrez Children's Hospital, Virology Laboratory;Homo sapiens;15211;2023-02-11;PP_001PMMQ;ON237246.1;Automated Ingest from INSDC/NCBI Virus by Loculus;OPEN;https://pathoplexus.org/about/terms-of-use/open-data;;0.9991461412151067;;;ON237246.1;;;HRSV/A/Argentina/BA-HNRG-105/2015;0;0
PP_001PMPL.1;A.D;2015-05-11;Argentina;Buenos Aires, San Martin;"Goya, S.; Lucion, M. F.; Shilts, M. H.; Juarez, M. D. V.; Gentile, A.; Mistchenko, A. S.; Viegas, M.; Das, S. R.";Ricardo Gutierrez Children's Hospital, Virology Laboratory;Homo sapiens;15212;2023-02-11;PP_001PMPL;ON237248.1;Automated Ingest from INSDC/NCBI Virus by Loculus;OPEN;https://pathoplexus.org/about/terms-of-use/open-data;;0.9976354679802956;;;ON237248.1;;;HRSV/A/Argentina/BA-HNRG-112/2015;0;24
PP_001PMRG.1;A.D;2015-05-26;Argentina;Buenos Aires, San Martin;"Goya, S.; Lucion, M. F.; Shilts, M. H.; Juarez, M. D. V.; Gentile, A.; Mistchenko, A. S.; Viegas, M.; Das, S. R.";Ricardo Gutierrez Children's Hospital, Virology Laboratory;Homo sapiens;15211;2023-02-11;PP_001PMRG;ON237250.1;Automated Ingest from INSDC/NCBI Virus by Loculus;OPEN;https://pathoplexus.org/about/terms-of-use/open-data;;0.9991461412151067;;;ON237250.1;;;HRSV/A/Argentina/BA-HNRG-121/2015;0;0
PP_001PMSE.1;A.3.1.1;2015-05-27;Argentina;Buenos Aires, Tortuguitas;"Goya, S.; Lucion, M. F.; Shilts, M. H.; Juarez, M. D. V.; Gentile, A.; Mistchenko, A. S.; Viegas, M.; Das, S. R.";Ricardo Gutierrez Children's Hospital, Virology Laboratory;Homo sapiens;15140;2023-02-11;PP_001PMSE;ON237251.1;Automated Ingest from INSDC/NCBI Virus by Loculus;OPEN;https://pathoplexus.org/about/terms-of-use/open-data;;0.999080459770115;;;ON237251.1;;;HRSV/A/Argentina/BA-HNRG-123/2015;0;0
PP_001PMUA.1;A.D.2.2;2015-06-03;Argentina;Ciudad Autonoma de Buenos Aires;"Goya, S.; Lucion, M. F.; Shilts, M. H.; Juarez, M. D. V.; Gentile, A.; Mistchenko, A. S.; Viegas, M.; Das, S. R.";Ricardo Gutierrez Children's Hospital, Virology Laboratory;Homo sapiens;15219;2023-02-11;PP_001PMUA;ON237253.1;Automated Ingest from INSDC/NCBI Virus by Loculus;OPEN;https://pathoplexus.org/about/terms-of-use/open-data;;0.9995402298850574;;;ON237253.1;;;HRSV/A/Argentina/BA-HNRG-134/2015;0;0
PP_001PMV8.1;A.D;2015-06-03;Argentina;;"Goya, S.; Lucion, M. F.; Shilts, M. H.; Juarez, M. D. V.; Gentile, A.; Mistchenko, A. S.; Viegas, M.; Das, S. R.";Ricardo Gutierrez Children's Hospital, Virology Laboratory;Homo sapiens;15117;2023-02-11;PP_001PMV8;ON237254.1;Automated Ingest from INSDC/NCBI Virus by Loculus;OPEN;https://pathoplexus.org/about/terms-of-use/open-data;;0.9929064039408867;;;ON237254.1;;;HRSV/A/Argentina/BA-HNRG-135/2015;0;0
PP_001PMW6.1;A.3.1.1;2015-06-05;Argentina;Buenos Aires, Jose C. Paz;"Goya, S.; Lucion, M. F.; Shilts, M. H.; Juarez, M. D. V.; Gentile, A.; Mistchenko, A. S.; Viegas, M.; Das, S. R.";Ricardo Gutierrez Children's Hospital, Virology Laboratory;Homo sapiens;15139;2023-02-11;PP_001PMW6;ON237255.1;Automated Ingest from INSDC/NCBI Virus by Loculus;OPEN;https://pathoplexus.org/about/terms-of-use/open-data;;0.9991461412151067;;;ON237255.1;;;HRSV/A/Argentina/BA-HNRG-136/2015;0;0
PP_001PMZ0.1;A.D;2015-06-16;Argentina;Buenos Aires, Moreno;"Goya, S.; Lucion, M. F.; Shilts, M. H.; Juarez, M. D. V.; Gentile, A.; Mistchenko, A. S.; Viegas, M.; Das, S. R.";Ricardo Gutierrez Children's Hospital, Virology Laboratory;Homo sapiens;15220;2023-02-11;PP_001PMZ0;ON237258.1;Automated Ingest from INSDC/NCBI Virus by Loculus;OPEN;https://pathoplexus.org/about/terms-of-use/open-data;;0.9995402298850574;;;ON237258.1;;;HRSV/A/Argentina/BA-HNRG-149/2015;0;0
PP_001PN5N.1;A.D;2015-07-06;Argentina;Buenos Aires, Pilar;"Goya, S.; Lucion, M. F.; Shilts, M. H.; Juarez, M. D. V.; Gentile, A.; Mistchenko, A. S.; Viegas, M.; Das, S. R.";Ricardo Gutierrez Children's Hospital, Virology Laboratory;Homo sapiens;15213;2023-02-11;PP_001PN5N;ON237264.1;Automated Ingest from INSDC/NCBI Virus by Loculus;OPEN;https://pathoplexus.org/about/terms-of-use/open-data;;0.9995402298850574;;;ON237264.1;;;HRSV/A/Argentina/BA-HNRG-174/2015;0;0
PP_001PN8G.1;A.D;2015-07-13;Argentina;Ciudad Autonoma de Buenos Aires;"Goya, S.; Lucion, M. F.; Shilts, M. H.; Juarez, M. D. V.; Gentile, A.; Mistchenko, A. S.; Viegas, M.; Das, S. R.";Ricardo Gutierrez Children's Hospital, Virology Laboratory;Homo sapiens;15202;2023-02-11;PP_001PN8G;ON237267.1;Automated Ingest from INSDC/NCBI Virus by Loculus;OPEN;https://pathoplexus.org/about/terms-of-use/open-data;;0.9986863711001642;;;ON237267.1;;;HRSV/A/Argentina/BA-HNRG-181/2015;1;0
PP_001PN9E.1;A.D;2015-07-15;Argentina;Buenos Aires, Tigre;"Goya, S.; Lucion, M. F.; Shilts, M. H.; Juarez, M. D. V.; Gentile, A.; Mistchenko, A. S.; Viegas, M.; Das, S. R.";Ricardo Gutierrez Children's Hospital, Virology Laboratory;Homo sapiens;15214;2023-02-11;PP_001PN9E;ON237268.1;Automated Ingest from INSDC/NCBI Virus by Loculus;OPEN;https://pathoplexus.org/about/terms-of-use/open-data;;0.9992775041050903;;;ON237268.1;;;HRSV/A/Argentina/BA-HNRG-183/2015;0;0
PP_001PNC8.1;A.D.5;2015-07-22;Argentina;Buenos Aires, La Matanza;"Goya, S.; Lucion, M. F.; Shilts, M. H.; Juarez, M. D. V.; Gentile, A.; Mistchenko, A. S.; Viegas, M.; Das, S. R.";Ricardo Gutierrez Children's Hospital, Virology Laboratory;Homo sapiens;15203;2023-02-11;PP_001PNC8;ON237271.1;Automated Ingest from INSDC/NCBI Virus by Loculus;OPEN;https://pathoplexus.org/about/terms-of-use/open-data;;0.998752052545156;;;ON237271.1;;;HRSV/A/Argentina/BA-HNRG-188/2015;0;0
PP_001PND6.1;A.D.2;2015-08-03;Argentina;Buenos Aires, San Miguel;"Goya, S.; Lucion, M. F.; Shilts, M. H.; Juarez, M. D. V.; Gentile, A.; Mistchenko, A. S.; Viegas, M.; Das, S. R.";Ricardo Gutierrez Children's Hospital, Virology Laboratory;Homo sapiens;15207;2023-02-11;PP_001PND6;ON237272.1;Automated Ingest from INSDC/NCBI Virus by Loculus;OPEN;https://pathoplexus.org/about/terms-of-use/open-data;;0.998752052545156;;;ON237272.1;;;HRSV/A/Argentina/BA-HNRG-197/2015;0;0
PP_001PNE4.1;A.D.2.2;2015-08-12;Argentina;Ciudad Autonoma de Buenos Aires;"Goya, S.; Lucion, M. F.; Shilts, M. H.; Juarez, M. D. V.; Gentile, A.; Mistchenko, A. S.; Viegas, M.; Das, S. R.";Ricardo Gutierrez Children's Hospital, Virology Laboratory;Homo sapiens;15205;2023-02-11;PP_001PNE4;ON237273.1;Automated Ingest from INSDC/NCBI Virus by Loculus;OPEN;https://pathoplexus.org/about/terms-of-use/open-data;;0.9986863711001642;;;ON237273.1;;;HRSV/A/Argentina/BA-HNRG-200/2015;0;0
PP_001PNF2.1;A.D;2016-04-05;Argentina;Ciudad Autonoma de Buenos Aires;"Goya, S.; Lucion, M. F.; Shilts, M. H.; Juarez, M. D. V.; Gentile, A.; Mistchenko, A. S.; Viegas, M.; Das, S. R.";Ricardo Gutierrez Children's Hospital, Virology Laboratory;Homo sapiens;15203;2023-02-11;PP_001PNF2;ON237274.1;Automated Ingest from INSDC/NCBI Virus by Loculus;OPEN;https://pathoplexus.org/about/terms-of-use/open-data;;0.9986863711001642;;;ON237274.1;;;HRSV/A/Argentina/BA-HNRG-204/2016;0;0
PP_001PNHX.1;A.D;2016-05-16;Argentina;Ciudad Autonoma de Buenos Aires;"Goya, S.; Lucion, M. F.; Shilts, M. H.; Juarez, M. D. V.; Gentile, A.; Mistchenko, A. S.; Viegas, M.; Das, S. R.";Ricardo Gutierrez Children's Hospital, Virology Laboratory;Homo sapiens;15204;2023-02-11;PP_001PNHX;ON237276.1;Automated Ingest from INSDC/NCBI Virus by Loculus;OPEN;https://pathoplexus.org/about/terms-of-use/open-data;;0.998752052545156;;;ON237276.1;;;HRSV/A/Argentina/BA-HNRG-217/2016;0;0
PP_001PNJV.1;A.D;2016-05-16;Argentina;;"Goya, S.; Lucion, M. F.; Shilts, M. H.; Juarez, M. D. V.; Gentile, A.; Mistchenko, A. S.; Viegas, M.; Das, S. R.";Ricardo Gutierrez Children's Hospital, Virology Laboratory;Homo sapiens;15183;2023-02-11;PP_001PNJV;ON237277.1;Automated Ingest from INSDC/NCBI Virus by Loculus;OPEN;https://pathoplexus.org/about/terms-of-use/open-data;;0.9972413793103448;;;ON237277.1;;;HRSV/A/Argentina/BA-HNRG-218/2016;0;0
PP_001PNKT.1;A.D;2016-05-19;Argentina;Buenos Aires, Lomas de Zamora;"Goya, S.; Lucion, M. F.; Shilts, M. H.; Juarez, M. D. V.; Gentile, A.; Mistchenko, A. S.; Viegas, M.; Das, S. R.";Ricardo Gutierrez Children's Hospital, Virology Laboratory;Homo sapiens;15216;2023-02-11;PP_001PNKT;ON237278.1;Automated Ingest from INSDC/NCBI Virus by Loculus;OPEN;https://pathoplexus.org/about/terms-of-use/open-data;;0.9995402298850574;;;ON237278.1;;;HRSV/A/Argentina/BA-HNRG-221/2016;0;0
PP_001PNLR.1;A.D;2016-05-26;Argentina;Buenos Aires, Escobar;"Goya, S.; Lucion, M. F.; Shilts, M. H.; Juarez, M. D. V.; Gentile, A.; Mistchenko, A. S.; Viegas, M.; Das, S. R.";Ricardo Gutierrez Children's Hospital, Virology Laboratory;Homo sapiens;15206;2023-02-11;PP_001PNLR;ON237279.1;Automated Ingest from INSDC/NCBI Virus by Loculus;OPEN;https://pathoplexus.org/about/terms-of-use/open-data;;0.998752052545156;;;ON237279.1;;;HRSV/A/Argentina/BA-HNRG-227/2016;0;0
PP_001PNRF.1;A.D;2016-06-01;Argentina;Buenos Aires, Jose C. Paz;"Goya, S.; Lucion, M. F.; Shilts, M. H.; Juarez, M. D. V.; Gentile, A.; Mistchenko, A. S.; Viegas, M.; Das, S. R.";Ricardo Gutierrez Children's Hospital, Virology Laboratory;Homo sapiens;15211;2023-02-11;PP_001PNRF;ON237284.1;Automated Ingest from INSDC/NCBI Virus by Loculus;OPEN;https://pathoplexus.org/about/terms-of-use/open-data;;0.9992118226600986;;;ON237284.1;;;HRSV/A/Argentina/BA-HNRG-240/2016;0;0
PP_001PNTB.1;A.D;2016-06-21;Argentina;Buenos Aires, Jose C. Paz;"Goya, S.; Lucion, M. F.; Shilts, M. H.; Juarez, M. D. V.; Gentile, A.; Mistchenko, A. S.; Viegas, M.; Das, S. R.";Ricardo Gutierrez Children's Hospital, Virology Laboratory;Homo sapiens;15209;2023-02-11;PP_001PNTB;ON237286.1;Automated Ingest from INSDC/NCBI Virus by Loculus;OPEN;https://pathoplexus.org/about/terms-of-use/open-data;;0.999080459770115;;;ON237286.1;;;HRSV/A/Argentina/BA-HNRG-264/2016;0;0
PP_001PNW5.1;A.D.2.2.1;2016-06-27;Argentina;Buenos Aires, Jose C. Paz;"Goya, S.; Lucion, M. F.; Shilts, M. H.; Juarez, M. D. V.; Gentile, A.; Mistchenko, A. S.; Viegas, M.; Das, S. R.";Ricardo Gutierrez Children's Hospital, Virology Laboratory;Homo sapiens;15211;2023-02-11;PP_001PNW5;ON237289.1;Automated Ingest from INSDC/NCBI Virus by Loculus;OPEN;https://pathoplexus.org/about/terms-of-use/open-data;;0.999080459770115;;;ON237289.1;;;HRSV/A/Argentina/BA-HNRG-270/2016;0;0
PP_001PNY1.1;A.D;2016-06-29;Argentina;Buenos Aires, Lomas de Zamora;"Goya, S.; Lucion, M. F.; Shilts, M. H.; Juarez, M. D. V.; Gentile, A.; Mistchenko, A. S.; Viegas, M.; Das, S. R.";Ricardo Gutierrez Children's Hospital, Virology Laboratory;Homo sapiens;15204;2023-02-11;PP_001PNY1;ON237291.1;Automated Ingest from INSDC/NCBI Virus by Loculus;OPEN;https://pathoplexus.org/about/terms-of-use/open-data;;0.998752052545156;;;ON237291.1;;;HRSV/A/Argentina/BA-HNRG-275/2016;0;0
PP_001PNZZ.1;A.D;2016-07-12;Argentina;Ciudad Autonoma de Buenos Aires;"Goya, S.; Lucion, M. F.; Shilts, M. H.; Juarez, M. D. V.; Gentile, A.; Mistchenko, A. S.; Viegas, M.; Das, S. R.";Ricardo Gutierrez Children's Hospital, Virology Laboratory;Homo sapiens;15211;2023-02-11;PP_001PNZZ;ON237292.1;Automated Ingest from INSDC/NCBI Virus by Loculus;OPEN;https://pathoplexus.org/about/terms-of-use/open-data;;0.9991461412151067;;;ON237292.1;;;HRSV/A/Argentina/BA-HNRG-289/2016;1;0
PP_001PP1V.1;A.D.2.2.1;2016-07-25;Argentina;Ciudad Autonoma de Buenos Aires;"Goya, S.; Lucion, M. F.; Shilts, M. H.; Juarez, M. D. V.; Gentile, A.; Mistchenko, A. S.; Viegas, M.; Das, S. R.";Ricardo Gutierrez Children's Hospital, Virology Laboratory;Homo sapiens;15212;2023-02-11;PP_001PP1V;ON237294.1;Automated Ingest from INSDC/NCBI Virus by Loculus;OPEN;https://pathoplexus.org/about/terms-of-use/open-data;;0.999080459770115;;;ON237294.1;;;HRSV/A/Argentina/BA-HNRG-294/2016;0;0
PP_001PP2T.1;A.D.2.2.1;2017-02-22;Argentina;Ciudad Autonoma de Buenos Aires;"Goya, S.; Lucion, M. F.; Shilts, M. H.; Juarez, M. D. V.; Gentile, A.; Mistchenko, A. S.; Viegas, M.; Das, S. R.";Ricardo Gutierrez Children's Hospital, Virology Laboratory;Homo sapiens;15205;2023-02-11;PP_001PP2T;ON237295.1;Automated Ingest from INSDC/NCBI Virus by Loculus;OPEN;https://pathoplexus.org/about/terms-of-use/open-data;;0.9986863711001642;;;ON237295.1;;;HRSV/A/Argentina/BA-HNRG-301/2017;0;0
PP_001PP3R.1;A.D.2.2;2017-04-17;Argentina;Buenos Aires, San Pedro;"Goya, S.; Lucion, M. F.; Shilts, M. H.; Juarez, M. D. V.; Gentile, A.; Mistchenko, A. S.; Viegas, M.; Das, S. R.";Ricardo Gutierrez Children's Hospital, Virology Laboratory;Homo sapiens;15210;2023-02-11;PP_001PP3R;ON237296.1;Automated Ingest from INSDC/NCBI Virus by Loculus;OPEN;https://pathoplexus.org/about/terms-of-use/open-data;;0.9988177339901478;;;ON237296.1;;;HRSV/A/Argentina/BA-HNRG-304/2017;1;0
PP_001PP6K.1;A.D.2.2;2017-05-08;Argentina;Ciudad Autonoma de Buenos Aires;"Goya, S.; Lucion, M. F.; Shilts, M. H.; Juarez, M. D. V.; Gentile, A.; Mistchenko, A. S.; Viegas, M.; Das, S. R.";Ricardo Gutierrez Children's Hospital, Virology Laboratory;Homo sapiens;15217;2023-02-11;PP_001PP6K;ON237299.1;Automated Ingest from INSDC/NCBI Virus by Loculus;OPEN;https://pathoplexus.org/about/terms-of-use/open-data;;0.9991461412151067;;;ON237299.1;;;HRSV/A/Argentina/BA-HNRG-310/2017;0;0
PP_001PP7H.1;A.D.2.2;2017-05-10;Argentina;Ciudad Autonoma de Buenos Aires;"Goya, S.; Lucion, M. F.; Shilts, M. H.; Juarez, M. D. V.; Gentile, A.; Mistchenko, A. S.; Viegas, M.; Das, S. R.";Ricardo Gutierrez Children's Hospital, Virology Laboratory;Homo sapiens;15209;2023-02-11;PP_001PP7H;ON237300.1;Automated Ingest from INSDC/NCBI Virus by Loculus;OPEN;https://pathoplexus.org/about/terms-of-use/open-data;;0.9986206896551724;;;ON237300.1;;;HRSV/A/Argentina/BA-HNRG-311/2017;0;0
PP_001PPAB.1;A.D;2017-05-15;Argentina;Buenos Aires, Lanus;"Goya, S.; Lucion, M. F.; Shilts, M. H.; Juarez, M. D. V.; Gentile, A.; Mistchenko, A. S.; Viegas, M.; Das, S. R.";Ricardo Gutierrez Children's Hospital, Virology Laboratory;Homo sapiens;15206;2023-02-11;PP_001PPAB;ON237303.1;Automated Ingest from INSDC/NCBI Virus by Loculus;OPEN;https://pathoplexus.org/about/terms-of-use/open-data;;0.9986206896551724;;;ON237303.1;;;HRSV/A/Argentina/BA-HNRG-316/2017;2;0
PP_001PPB9.1;A.D.2.2;2017-05-17;Argentina;Ciudad Autonoma de Buenos Aires;"Goya, S.; Lucion, M. F.; Shilts, M. H.; Juarez, M. D. V.; Gentile, A.; Mistchenko, A. S.; Viegas, M.; Das, S. R.";Ricardo Gutierrez Children's Hospital, Virology Laboratory;Homo sapiens;15053;2023-02-11;PP_001PPB9;ON237304.1;Automated Ingest from INSDC/NCBI Virus by Loculus;OPEN;https://pathoplexus.org/about/terms-of-use/open-data;;0.9885714285714285;;;ON237304.1;;;HRSV/A/Argentina/BA-HNRG-317/2017;0;0
PP_001PPF1.1;A.D.2.2;2017-05-22;Argentina;Buenos Aires, Lomas de Zamora;"Goya, S.; Lucion, M. F.; Shilts, M. H.; Juarez, M. D. V.; Gentile, A.; Mistchenko, A. S.; Viegas, M.; Das, S. R.";Ricardo Gutierrez Children's Hospital, Virology Laboratory;Homo sapiens;15207;2023-02-11;PP_001PPF1;ON237308.1;Automated Ingest from INSDC/NCBI Virus by Loculus;OPEN;https://pathoplexus.org/about/terms-of-use/open-data;;0.998752052545156;;;ON237308.1;;;HRSV/A/Argentina/BA-HNRG-323/2017;1;0
PP_001PPKS.1;A.D.2.2;2017-05-29;Argentina;Buenos Aires, Jose C. Paz;"Goya, S.; Lucion, M. F.; Shilts, M. H.; Juarez, M. D. V.; Gentile, A.; Mistchenko, A. S.; Viegas, M.; Das, S. R.";Ricardo Gutierrez Children's Hospital, Virology Laboratory;Homo sapiens;15212;2023-02-11;PP_001PPKS;ON237312.1;Automated Ingest from INSDC/NCBI Virus by Loculus;OPEN;https://pathoplexus.org/about/terms-of-use/open-data;;0.9988834154351396;;;ON237312.1;;;HRSV/A/Argentina/BA-HNRG-330/2017;0;4
PP_001PPQG.1;A.D.2.2;2017-06-01;Argentina;Buenos Aires, Lanus;"Goya, S.; Lucion, M. F.; Shilts, M. H.; Juarez, M. D. V.; Gentile, A.; Mistchenko, A. S.; Viegas, M.; Das, S. R.";Ricardo Gutierrez Children's Hospital, Virology Laboratory;Homo sapiens;15205;2023-02-11;PP_001PPQG;ON237317.1;Automated Ingest from INSDC/NCBI Virus by Loculus;OPEN;https://pathoplexus.org/about/terms-of-use/open-data;;0.9986863711001642;;;ON237317.1;;;HRSV/A/Argentina/BA-HNRG-336/2017;1;0
PP_001PPRE.1;A.D.2.2;2017-06-02;Argentina;;"Goya, S.; Lucion, M. F.; Shilts, M. H.; Juarez, M. D. V.; Gentile, A.; Mistchenko, A. S.; Viegas, M.; Das, S. R.";Ricardo Gutierrez Children's Hospital, Virology Laboratory;Homo sapiens;15207;2023-02-11;PP_001PPRE;ON237318.1;Automated Ingest from INSDC/NCBI Virus by Loculus;OPEN;https://pathoplexus.org/about/terms-of-use/open-data;;0.9988177339901478;;;ON237318.1;;;HRSV/A/Argentina/BA-HNRG-338/2017;0;0
PP_001PPTA.1;A.D.5;2017-06-05;Argentina;Buenos Aires, Campana;"Goya, S.; Lucion, M. F.; Shilts, M. H.; Juarez, M. D. V.; Gentile, A.; Mistchenko, A. S.; Viegas, M.; Das, S. R.";Ricardo Gutierrez Children's Hospital, Virology Laboratory;Homo sapiens;15217;2023-02-11;PP_001PPTA;ON237320.1;Automated Ingest from INSDC/NCBI Virus by Loculus;OPEN;https://pathoplexus.org/about/terms-of-use/open-data;;0.9995402298850574;;;ON237320.1;;;HRSV/A/Argentina/BA-HNRG-341/2017;0;0
PP_001PPU8.1;A.D.2.2;2017-06-06;Argentina;Buenos Aires, Malvinas Argentinas;"Goya, S.; Lucion, M. F.; Shilts, M. H.; Juarez, M. D. V.; Gentile, A.; Mistchenko, A. S.; Viegas, M.; Das, S. R.";Ricardo Gutierrez Children's Hospital, Virology Laboratory;Homo sapiens;15210;2023-02-11;PP_001PPU8;ON237321.1;Automated Ingest from INSDC/NCBI Virus by Loculus;OPEN;https://pathoplexus.org/about/terms-of-use/open-data;;0.999080459770115;;;ON237321.1;;;HRSV/A/Argentina/BA-HNRG-342/2017;0;0
PP_001PPV6.1;A.D.2.2;2017-06-07;Argentina;Buenos Aires, Laferrere;"Goya, S.; Lucion, M. F.; Shilts, M. H.; Juarez, M. D. V.; Gentile, A.; Mistchenko, A. S.; Viegas, M.; Das, S. R.";Ricardo Gutierrez Children's Hospital, Virology Laboratory;Homo sapiens;15211;2023-02-11;PP_001PPV6;ON237322.1;Automated Ingest from INSDC/NCBI Virus by Loculus;OPEN;https://pathoplexus.org/about/terms-of-use/open-data;;0.9991461412151067;;;ON237322.1;;;HRSV/A/Argentina/BA-HNRG-343/2017;0;0
PP_001PPW4.1;A.D.2.2;2017-06-08;Argentina;Ciudad Autonoma de Buenos Aires;"Goya, S.; Lucion, M. F.; Shilts, M. H.; Juarez, M. D. V.; Gentile, A.; Mistchenko, A. S.; Viegas, M.; Das, S. R.";Ricardo Gutierrez Children's Hospital, Virology Laboratory;Homo sapiens;15205;2023-02-11;PP_001PPW4;ON237323.1;Automated Ingest from INSDC/NCBI Virus by Loculus;OPEN;https://pathoplexus.org/about/terms-of-use/open-data;;0.9986863711001642;;;ON237323.1;;;HRSV/A/Argentina/BA-HNRG-344/2017;0;0
PP_001PQ0W.1;A.D.2.2;2017-06-12;Argentina;;"Goya, S.; Lucion, M. F.; Shilts, M. H.; Juarez, M. D. V.; Gentile, A.; Mistchenko, A. S.; Viegas, M.; Das, S. R.";Ricardo Gutierrez Children's Hospital, Virology Laboratory;Homo sapiens;15210;2023-02-11;PP_001PQ0W;ON237327.1;Automated Ingest from INSDC/NCBI Virus by Loculus;OPEN;https://pathoplexus.org/about/terms-of-use/open-data;;0.999080459770115;;;ON237327.1;;;HRSV/A/Argentina/BA-HNRG-350/2017;0;0
PP_001PQ1U.1;A.D.2.2;2017-06-13;Argentina;;"Goya, S.; Lucion, M. F.; Shilts, M. H.; Juarez, M. D. V.; Gentile, A.; Mistchenko, A. S.; Viegas, M.; Das, S. R.";Ricardo Gutierrez Children's Hospital, Virology Laboratory;Homo sapiens;15205;2023-02-11;PP_001PQ1U;ON237328.1;Automated Ingest from INSDC/NCBI Virus by Loculus;OPEN;https://pathoplexus.org/about/terms-of-use/open-data;;0.9986206896551724;;;ON237328.1;;;HRSV/A/Argentina/BA-HNRG-351/2017;1;0
PP_001PQ4N.1;A.D.2.2;2017-06-15;Argentina;Ciudad Autonoma de Buenos Aires;"Goya, S.; Lucion, M. F.; Shilts, M. H.; Juarez, M. D. V.; Gentile, A.; Mistchenko, A. S.; Viegas, M.; Das, S. R.";Ricardo Gutierrez Children's Hospital, Virology Laboratory;Homo sapiens;15211;2023-02-11;PP_001PQ4N;ON237331.1;Automated Ingest from INSDC/NCBI Virus by Loculus;OPEN;https://pathoplexus.org/about/terms-of-use/open-data;;0.999080459770115;;;ON237331.1;;;HRSV/A/Argentina/BA-HNRG-354/2017;1;0
PP_001PQ6J.1;A.D.2.2;2017-06-16;Argentina;Buenos Aires, Don Torcuato;"Goya, S.; Lucion, M. F.; Shilts, M. H.; Juarez, M. D. V.; Gentile, A.; Mistchenko, A. S.; Viegas, M.; Das, S. R.";Ricardo Gutierrez Children's Hospital, Virology Laboratory;Homo sapiens;15212;2023-02-11;PP_001PQ6J;ON237333.1;Automated Ingest from INSDC/NCBI Virus by Loculus;OPEN;https://pathoplexus.org/about/terms-of-use/open-data;;0.9992118226600986;;;ON237333.1;;;HRSV/A/Argentina/BA-HNRG-356/2017;0;0
PP_001PQ8E.1;A.D.2.2;2017-06-19;Argentina;Buenos Aires, Gonzalez Catan;"Goya, S.; Lucion, M. F.; Shilts, M. H.; Juarez, M. D. V.; Gentile, A.; Mistchenko, A. S.; Viegas, M.; Das, S. R.";Ricardo Gutierrez Children's Hospital, Virology Laboratory;Homo sapiens;15210;2023-02-11;PP_001PQ8E;ON237335.1;Automated Ingest from INSDC/NCBI Virus by Loculus;OPEN;https://pathoplexus.org/about/terms-of-use/open-data;;0.999080459770115;;;ON237335.1;;;HRSV/A/Argentina/BA-HNRG-359/2017;0;0
PP_001PQC6.1;A.D.2.2;2017-06-23;Argentina;Ciudad Autonoma de Buenos Aires;"Goya, S.; Lucion, M. F.; Shilts, M. H.; Juarez, M. D. V.; Gentile, A.; Mistchenko, A. S.; Viegas, M.; Das, S. R.";Ricardo Gutierrez Children's Hospital, Virology Laboratory;Homo sapiens;15217;2023-02-11;PP_001PQC6;ON237339.1;Automated Ingest from INSDC/NCBI Virus by Loculus;OPEN;https://pathoplexus.org/about/terms-of-use/open-data;;0.9994088669950739;;;ON237339.1;;;HRSV/A/Argentina/BA-HNRG-367/2017;0;0
PP_001PQF0.1;A.D.2.2;2017-06-27;Argentina;Buenos Aires, Laferrere;"Goya, S.; Lucion, M. F.; Shilts, M. H.; Juarez, M. D. V.; Gentile, A.; Mistchenko, A. S.; Viegas, M.; Das, S. R.";Ricardo Gutierrez Children's Hospital, Virology Laboratory;Homo sapiens;15207;2023-02-11;PP_001PQF0;ON237342.1;Automated Ingest from INSDC/NCBI Virus by Loculus;OPEN;https://pathoplexus.org/about/terms-of-use/open-data;;0.9976354679802956;;;ON237342.1;;;HRSV/A/Argentina/BA-HNRG-372/2017;1;17
PP_001PQGY.1;A.D.1;2017-06-29;Argentina;;"Goya, S.; Lucion, M. F.; Shilts, M. H.; Juarez, M. D. V.; Gentile, A.; Mistchenko, A. S.; Viegas, M.; Das, S. R.";Ricardo Gutierrez Children's Hospital, Virology Laboratory;Homo sapiens;15215;2023-02-11;PP_001PQGY;ON237343.1;Automated Ingest from INSDC/NCBI Virus by Loculus;OPEN;https://pathoplexus.org/about/terms-of-use/open-data;;0.9993431855500821;;;ON237343.1;;;HRSV/A/Argentina/BA-HNRG-375/2017;0;0
PP_001PQHV.1;A.D.1;2017-06-30;Argentina;Buenos Aires, Jose C. Paz;"Goya, S.; Lucion, M. F.; Shilts, M. H.; Juarez, M. D. V.; Gentile, A.; Mistchenko, A. S.; Viegas, M.; Das, S. R.";Ricardo Gutierrez Children's Hospital, Virology Laboratory;Homo sapiens;15218;2023-02-11;PP_001PQHV;ON237344.1;Automated Ingest from INSDC/NCBI Virus by Loculus;OPEN;https://pathoplexus.org/about/terms-of-use/open-data;;0.9995402298850574;;;ON237344.1;;;HRSV/A/Argentina/BA-HNRG-376/2017;0;0
PP_001PQJT.1;A.D.2.2;2017-06-30;Argentina;Buenos Aires, Lomas de Zamora;"Goya, S.; Lucion, M. F.; Shilts, M. H.; Juarez, M. D. V.; Gentile, A.; Mistchenko, A. S.; Viegas, M.; Das, S. R.";Ricardo Gutierrez Children's Hospital, Virology Laboratory;Homo sapiens;15209;2023-02-11;PP_001PQJT;ON237345.1;Automated Ingest from INSDC/NCBI Virus by Loculus;OPEN;https://pathoplexus.org/about/terms-of-use/open-data;;0.9988834154351396;;;ON237345.1;;;HRSV/A/Argentina/BA-HNRG-377/2017;0;0
PP_001PQMM.1;A.D.1;2017-07-05;Argentina;Ciudad Autonoma de Buenos Aires;"Goya, S.; Lucion, M. F.; Shilts, M. H.; Juarez, M. D. V.; Gentile, A.; Mistchenko, A. S.; Viegas, M.; Das, S. R.";Ricardo Gutierrez Children's Hospital, Virology Laboratory;Homo sapiens;15206;2023-02-11;PP_001PQMM;ON237348.1;Automated Ingest from INSDC/NCBI Virus by Loculus;OPEN;https://pathoplexus.org/about/terms-of-use/open-data;;0.9986863711001642;;;ON237348.1;;;HRSV/A/Argentina/BA-HNRG-381/2017;1;0
PP_001PQNK.1;A.D.1;2017-07-05;Argentina;Buenos Aires, Grand Bourg;"Goya, S.; Lucion, M. F.; Shilts, M. H.; Juarez, M. D. V.; Gentile, A.; Mistchenko, A. S.; Viegas, M.; Das, S. R.";Ricardo Gutierrez Children's Hospital, Virology Laboratory;Homo sapiens;15210;2023-02-11;PP_001PQNK;ON237349.1;Automated Ingest from INSDC/NCBI Virus by Loculus;OPEN;https://pathoplexus.org/about/terms-of-use/open-data;;0.998752052545156;;;ON237349.1;;;HRSV/A/Argentina/BA-HNRG-382/2017;0;0
PP_001PQPH.1;A.D.1;2017-07-10;Argentina;Buenos Aires, Moreno;"Goya, S.; Lucion, M. F.; Shilts, M. H.; Juarez, M. D. V.; Gentile, A.; Mistchenko, A. S.; Viegas, M.; Das, S. R.";Ricardo Gutierrez Children's Hospital, Virology Laboratory;Homo sapiens;15216;2023-02-11;PP_001PQPH;ON237350.1;Automated Ingest from INSDC/NCBI Virus by Loculus;OPEN;https://pathoplexus.org/about/terms-of-use/open-data;;0.9994088669950739;;;ON237350.1;;;HRSV/A/Argentina/BA-HNRG-385/2017;0;0
PP_001PQRD.1;A.D.2.2;2017-07-17;Argentina;Buenos Aires, Lomas de Zamora;"Goya, S.; Lucion, M. F.; Shilts, M. H.; Juarez, M. D. V.; Gentile, A.; Mistchenko, A. S.; Viegas, M.; Das, S. R.";Ricardo Gutierrez Children's Hospital, Virology Laboratory;Homo sapiens;15217;2023-02-11;PP_001PQRD;ON237352.1;Automated Ingest from INSDC/NCBI Virus by Loculus;OPEN;https://pathoplexus.org/about/terms-of-use/open-data;;0.9993431855500821;;;ON237352.1;;;HRSV/A/Argentina/BA-HNRG-388/2017;1;0
PP_001PQSB.1;A.D.5;2017-07-18;Argentina;;"Goya, S.; Lucion, M. F.; Shilts, M. H.; Juarez, M. D. V.; Gentile, A.; Mistchenko, A. S.; Viegas, M.; Das, S. R.";Ricardo Gutierrez Children's Hospital, Virology Laboratory;Homo sapiens;15216;2023-02-11;PP_001PQSB;ON237353.1;Automated Ingest from INSDC/NCBI Virus by Loculus;OPEN;https://pathoplexus.org/about/terms-of-use/open-data;;0.9994088669950739;;;ON237353.1;;;HRSV/A/Argentina/BA-HNRG-390/2017;2;0
PP_001PQT9.1;A.D.2.2;2017-07-20;Argentina;;"Goya, S.; Lucion, M. F.; Shilts, M. H.; Juarez, M. D. V.; Gentile, A.; Mistchenko, A. S.; Viegas, M.; Das, S. R.";Ricardo Gutierrez Children's Hospital, Virology Laboratory;Homo sapiens;15211;2023-02-11;PP_001PQT9;ON237354.1;Automated Ingest from INSDC/NCBI Virus by Loculus;OPEN;https://pathoplexus.org/about/terms-of-use/open-data;;0.9990147783251232;;;ON237354.1;;;HRSV/A/Argentina/BA-HNRG-392/2017;0;2
PP_001PQU7.1;A.D.2.2;2017-07-31;Argentina;;"Goya, S.; Lucion, M. F.; Shilts, M. H.; Juarez, M. D. V.; Gentile, A.; Mistchenko, A. S.; Viegas, M.; Das, S. R.";Ricardo Gutierrez Children's Hospital, Virology Laboratory;Homo sapiens;15217;2023-02-11;PP_001PQU7;ON237355.1;Automated Ingest from INSDC/NCBI Virus by Loculus;OPEN;https://pathoplexus.org/about/terms-of-use/open-data;;0.9993431855500821;;;ON237355.1;;;HRSV/A/Argentina/BA-HNRG-397/2017;1;0
PP_001PWGS.1;A.D.5.3;2020-02-04;Philippines;Davao;"Wang, L.; Lumandas, M. U.; Arguelles, V. L.; Morin, J.; Aggarwal, M.; Tatusov, R.; Vega, E.";Centers for Disease Control and Prevention (CDC), Division of Viral Diseases (DVD);Homo sapiens;15230;2023-04-05;PP_001PWGS;OP320398.1;Automated Ingest from INSDC/NCBI Virus by Loculus;OPEN;https://pathoplexus.org/about/terms-of-use/open-data;;1.0;;;OP320398.1;;;HRSV/A/Philippines/99085/2020;0;0
PP_001PWHP.1;A.D.5.3;2020-03-09;Philippines;Davao;"Wang, L.; Lumandas, M. U.; Arguelles, V. L.; Morin, J.; Aggarwal, M.; Tatusov, R.; Vega, E.";Centers for Disease Control and Prevention (CDC), Division of Viral Diseases (DVD);Homo sapiens;15208;2023-04-05;PP_001PWHP;OP320399.1;Automated Ingest from INSDC/NCBI Virus by Loculus;OPEN;https://pathoplexus.org/about/terms-of-use/open-data;;0.9988834154351396;;;OP320399.1;;;HRSV/A/Philippines/99087/2020;0;0
PP_001Q6AS.1;A.D.4;2022-03-22;Kenya;Kilifi;"Lambisia, A. W.; Makori, T. O.; Mutunga, M.; Lewa, C.; Githinji, G.; Agoti, C. N.; Nokes, J. D.";KEMRI-Wellcome Trust, Kilifi, Kenya, Epidemiology and Demography;Homo sapiens;14777;2022-12-06;PP_001Q6AS;OP744443.2;Automated Ingest from INSDC/NCBI Virus by Loculus;OPEN;https://pathoplexus.org/about/terms-of-use/open-data;;0.969392446633826;;;OP744443.2;;;Kilifi/RSVA/HF20013_22/03/2022;0;20
PP_001Q6DL.1;A.D.5;2022-03-25;Kenya;Kilifi;"Lambisia, A. W.; Makori, T. O.; Mutunga, M.; Lewa, C.; Githinji, G.; Agoti, C. N.; Nokes, J. D.";KEMRI-Wellcome Trust, Kilifi, Kenya, Epidemiology and Demography;Homo sapiens;14776;2022-12-06;PP_001Q6DL;OP744446.2;Automated Ingest from INSDC/NCBI Virus by Loculus;OPEN;https://pathoplexus.org/about/terms-of-use/open-data;;0.9691297208538587;;;OP744446.2;;;Kilifi/RSVA/HF20017_25/03/2022;0;21
PP_001Q6HB.1;A.D.5;2021-04-01;Kenya;Kilifi;"Lambisia, A. W.; Makori, T. O.; Mutunga, M.; Lewa, C.; Githinji, G.; Agoti, C. N.; Nokes, J. D.";KEMRI-Wellcome Trust, Kilifi, Kenya, Epidemiology and Demography;Homo sapiens;14781;2022-12-06;PP_001Q6HB;OP744450.2;Automated Ingest from INSDC/NCBI Virus by Loculus;OPEN;https://pathoplexus.org/about/terms-of-use/open-data;;0.9691954022988506;;;OP744450.2;;;Kilifi/RSVA/HF20021_01/04/2021;0;23
PP_001Q7GD.2;A.D.5.2;2022-11;USA;WA;"Goya, S.; Sereewit, J.; Pfalmer, D.; Nguyen, T. V.; Bakhash, S. A. K. M.; Sobolik, E. B.; Greninger, A. L.";UW Virology, Laboratory Medicine;Homo sapiens;15123;2022-12-04;PP_001Q7GD;OP890334.1;Automated Ingest from INSDC/NCBI Virus by Loculus;OPEN;https://pathoplexus.org/about/terms-of-use/open-data;SAMN32118109;0.9935632183908046;;;OP890334.1;SRR22580761;;hRSV/A/USA/20229BGEF/2022;0;0
PP_001Q7L4.2;A.D.5.2;2022-10;USA;WA;"Goya, S.; Sereewit, J.; Pfalmer, D.; Nguyen, T. V.; Bakhash, S. A. K. M.; Sobolik, E. B.; Greninger, A. L.";UW Virology, Laboratory Medicine;Homo sapiens;15261;2022-12-04;PP_001Q7L4;OP890338.1;Automated Ingest from INSDC/NCBI Virus by Loculus;OPEN;https://pathoplexus.org/about/terms-of-use/open-data;SAMN32118114;1.0;;;OP890338.1;SRR22580756;;hRSV/A/USA/20229SL51/2022;0;0
PP_001Q7M2.2;A.D.5.2;2022-10;USA;WA;"Goya, S.; Sereewit, J.; Pfalmer, D.; Nguyen, T. V.; Bakhash, S. A. K. M.; Sobolik, E. B.; Greninger, A. L.";UW Virology, Laboratory Medicine;Homo sapiens;15256;2022-12-04;PP_001Q7M2;OP890339.1;Automated Ingest from INSDC/NCBI Virus by Loculus;OPEN;https://pathoplexus.org/about/terms-of-use/open-data;SAMN32118115;1.0;;;OP890339.1;SRR22580755;;hRSV/A/USA/2022JECVB/2022;0;0
PP_001QDCF.1;A.D.3.4;2022-11-02;USA;Massachusetts;"Adams, G.; Uddin, R.; Messer, K.; Dobbins, S.; Kotzen, B.; Siddle, K. J.; Petros, B.; Paull, J.; Brock-Fisher, T.; Levine, Z.; Krasilnikova, L.; Negrete-Arenas, F.; Tomkins-Tinch, C.; Chaluvadi, S.; Marmol, C.; DeRuff, K.; Loreth, C.; Birren, B. W.; Park, D. J.; MacInnis, B. L.; Sabeti, P. C.; Rosenberg, E.; Turbett, S.; Lemieux, J. E.";Broad Institute of Harvard and MIT, Infectious Disease Program;Homo sapiens;15068;2022-12-13;PP_001QDCF;OQ024115.1;Automated Ingest from INSDC/NCBI Virus by Loculus;OPEN;https://pathoplexus.org/about/terms-of-use/open-data;SAMN32123149;0.9858784893267651;;;OQ024115.1;SRR22672293;;RSV/Human/USA/MA-Broad_MGB-13720/2022;1;47
PP_001QECE.1;A.D.1;2022-11-05;USA;Massachusetts;"Adams, G.; Uddin, R.; Messer, K.; Dobbins, S.; Kotzen, B.; Siddle, K. J.; Petros, B.; Paull, J.; Brock-Fisher, T.; Levine, Z.; Krasilnikova, L.; Negrete-Arenas, F.; Tomkins-Tinch, C.; Chaluvadi, S.; Marmol, C.; DeRuff, K.; Loreth, C.; Birren, B. W.; Park, D. J.; MacInnis, B. L.; Sabeti, P. C.; Rosenberg, E.; Turbett, S.; Lemieux, J. E.";Broad Institute of Harvard and MIT, Infectious Disease Program;Homo sapiens;14886;2022-12-13;PP_001QECE;OQ024149.1;Automated Ingest from INSDC/NCBI Virus by Loculus;OPEN;https://pathoplexus.org/about/terms-of-use/open-data;SAMN32123096;0.9534975369458129;;;OQ024149.1;SRR22672263;;RSV/Human/USA/MA-Broad_MGB-13667/2022;0;369
PP_001QEJ1.1;A.D.1.4;2022-11-04;USA;Massachusetts;"Adams, G.; Uddin, R.; Messer, K.; Dobbins, S.; Kotzen, B.; Siddle, K. J.; Petros, B.; Paull, J.; Brock-Fisher, T.; Levine, Z.; Krasilnikova, L.; Negrete-Arenas, F.; Tomkins-Tinch, C.; Chaluvadi, S.; Marmol, C.; DeRuff, K.; Loreth, C.; Birren, B. W.; Park, D. J.; MacInnis, B. L.; Sabeti, P. C.; Rosenberg, E.; Turbett, S.; Lemieux, J. E.";Broad Institute of Harvard and MIT, Infectious Disease Program;Homo sapiens;15232;2022-12-13;PP_001QEJ1;OQ024155.1;Automated Ingest from INSDC/NCBI Virus by Loculus;OPEN;https://pathoplexus.org/about/terms-of-use/open-data;SAMN32123114;0.9990147783251232;;;OQ024155.1;SRR22672332;;RSV/Human/USA/MA-Broad_MGB-13685/2022;0;0
PP_001QEZ5.1;A.D.1.7;2022-10-12;USA;Massachusetts;"Adams, G.; Uddin, R.; Messer, K.; Dobbins, S.; Kotzen, B.; Siddle, K. J.; Petros, B.; Paull, J.; Brock-Fisher, T.; Levine, Z.; Krasilnikova, L.; Negrete-Arenas, F.; Tomkins-Tinch, C.; Chaluvadi, S.; Marmol, C.; DeRuff, K.; Loreth, C.; Birren, B. W.; Park, D. J.; MacInnis, B. L.; Sabeti, P. C.; Rosenberg, E.; Turbett, S.; Lemieux, J. E.";Broad Institute of Harvard and MIT, Infectious Disease Program;Homo sapiens;15148;2023-01-05;PP_001QEZ5;OQ171904.1;Automated Ingest from INSDC/NCBI Virus by Loculus;OPEN;https://pathoplexus.org/about/terms-of-use/open-data;SAMN32287804;0.9929064039408867;;;OQ171904.1;SRR22865239;;RSV/Human/USA/MA-Broad_MGB-13792/2022;8;7
PP_001QF11.1;A.D.1.5;2022-07-27;USA;Massachusetts;"Adams, G.; Uddin, R.; Messer, K.; Dobbins, S.; Kotzen, B.; Siddle, K. J.; Petros, B.; Paull, J.; Brock-Fisher, T.; Levine, Z.; Krasilnikova, L.; Negrete-Arenas, F.; Tomkins-Tinch, C.; Chaluvadi, S.; Marmol, C.; DeRuff, K.; Loreth, C.; Birren, B. W.; Park, D. J.; MacInnis, B. L.; Sabeti, P. C.; Rosenberg, E.; Turbett, S.; Lemieux, J. E.";Broad Institute of Harvard and MIT, Infectious Disease Program;Homo sapiens;15265;2023-01-05;PP_001QF11;OQ171906.1;Automated Ingest from INSDC/NCBI Virus by Loculus;OPEN;https://pathoplexus.org/about/terms-of-use/open-data;SAMN32287827;0.9999343185550083;;;OQ171906.1;SRR22865255;;RSV/Human/USA/MA-Broad_MGB-13815/2022;1;0
PP_001QF6R.1;A.D.1.7;2022-07-13;USA;Massachusetts;"Adams, G.; Uddin, R.; Messer, K.; Dobbins, S.; Kotzen, B.; Siddle, K. J.; Petros, B.; Paull, J.; Brock-Fisher, T.; Levine, Z.; Krasilnikova, L.; Negrete-Arenas, F.; Tomkins-Tinch, C.; Chaluvadi, S.; Marmol, C.; DeRuff, K.; Loreth, C.; Birren, B. W.; Park, D. J.; MacInnis, B. L.; Sabeti, P. C.; Rosenberg, E.; Turbett, S.; Lemieux, J. E.";Broad Institute of Harvard and MIT, Infectious Disease Program;Homo sapiens;15261;2023-01-05;PP_001QF6R;OQ171911.1;Automated Ingest from INSDC/NCBI Virus by Loculus;OPEN;https://pathoplexus.org/about/terms-of-use/open-data;SAMN32287814;0.9999343185550083;;;OQ171911.1;SRR22865269;;RSV/Human/USA/MA-Broad_MGB-13802/2022;1;0
PP_001QFLW.1;A.D.5.2;2022-10-12;USA;Massachusetts;"Adams, G.; Uddin, R.; Messer, K.; Dobbins, S.; Kotzen, B.; Siddle, K. J.; Petros, B.; Paull, J.; Brock-Fisher, T.; Levine, Z.; Krasilnikova, L.; Negrete-Arenas, F.; Tomkins-Tinch, C.; Chaluvadi, S.; Marmol, C.; DeRuff, K.; Loreth, C.; Birren, B. W.; Park, D. J.; MacInnis, B. L.; Sabeti, P. C.; Rosenberg, E.; Turbett, S.; Lemieux, J. E.";Broad Institute of Harvard and MIT, Infectious Disease Program;Homo sapiens;15083;2023-01-05;PP_001QFLW;OQ171925.1;Automated Ingest from INSDC/NCBI Virus by Loculus;OPEN;https://pathoplexus.org/about/terms-of-use/open-data;SAMN32287805;0.9902134646962233;;;OQ171925.1;SRR22865238;;RSV/Human/USA/MA-Broad_MGB-13793/2022;0;0
PP_001QFMU.1;A.D.1.7;2022-10-26;USA;Massachusetts;"Adams, G.; Uddin, R.; Messer, K.; Dobbins, S.; Kotzen, B.; Siddle, K. J.; Petros, B.; Paull, J.; Brock-Fisher, T.; Levine, Z.; Krasilnikova, L.; Negrete-Arenas, F.; Tomkins-Tinch, C.; Chaluvadi, S.; Marmol, C.; DeRuff, K.; Loreth, C.; Birren, B. W.; Park, D. J.; MacInnis, B. L.; Sabeti, P. C.; Rosenberg, E.; Turbett, S.; Lemieux, J. E.";Broad Institute of Harvard and MIT, Infectious Disease Program;Homo sapiens;15253;2023-01-05;PP_001QFMU;OQ171926.1;Automated Ingest from INSDC/NCBI Virus by Loculus;OPEN;https://pathoplexus.org/about/terms-of-use/open-data;SAMN32287770;1.0;;;OQ171926.1;SRR22865223;;RSV/Human/USA/MA-Broad_MGB-13758/2022;0;0
PP_001QFQN.1;A.D.5.2;2022-10-12;USA;Massachusetts;"Adams, G.; Uddin, R.; Messer, K.; Dobbins, S.; Kotzen, B.; Siddle, K. J.; Petros, B.; Paull, J.; Brock-Fisher, T.; Levine, Z.; Krasilnikova, L.; Negrete-Arenas, F.; Tomkins-Tinch, C.; Chaluvadi, S.; Marmol, C.; DeRuff, K.; Loreth, C.; Birren, B. W.; Park, D. J.; MacInnis, B. L.; Sabeti, P. C.; Rosenberg, E.; Turbett, S.; Lemieux, J. E.";Broad Institute of Harvard and MIT, Infectious Disease Program;Homo sapiens;15177;2023-01-05;PP_001QFQN;OQ171929.1;Automated Ingest from INSDC/NCBI Virus by Loculus;OPEN;https://pathoplexus.org/about/terms-of-use/open-data;SAMN32287803;0.9963218390804598;;;OQ171929.1;SRR22865240;;RSV/Human/USA/MA-Broad_MGB-13791/2022;0;0
PP_001QGF6.1;A.D.3.4;2022-11-02;Austria;;"Redlberger-Fritz, M.; Springer, D. N.; Aberle, S. W.; Camp, J. V.; Aberle, J. H.";Medical University of Vienna, Center for Virology;Homo sapiens;15262;2023-02-19;PP_001QGF6;OQ261753.1;Automated Ingest from INSDC/NCBI Virus by Loculus;OPEN;https://pathoplexus.org/about/terms-of-use/open-data;;0.8911658456486042;;;OQ261753.1;;;hRSV/A/Austria/MUW1562468/2022;0;1657
PP_001T432.1;A.D;2018-03-15;Kenya;Kilifi;"Lambisia, A. W.; Lewa, C.; Mutunga, M.; Cheruiyot, R.; Okanda, D.; Makori, T.; Githinji, G.; Nokes, J. D.; Agoti, C.";KEMRI-Wellcome Trust, Epidemiology and Demography;Homo sapiens;14707;2023-04-15;PP_001T432;OQ595267.1;Automated Ingest from INSDC/NCBI Virus by Loculus;OPEN;https://pathoplexus.org/about/terms-of-use/open-data;;0.9685385878489327;;;OQ595267.1;;;Kilifi/RSVA/HF20037_15/03/2018;0;33
PP_001T48S.1;A.D.4;2018-03-19;Kenya;Kilifi;"Lambisia, A. W.; Lewa, C.; Mutunga, M.; Cheruiyot, R.; Okanda, D.; Makori, T.; Githinji, G.; Nokes, J. D.; Agoti, C.";KEMRI-Wellcome Trust, Epidemiology and Demography;Homo sapiens;14780;2023-04-15;PP_001T48S;OQ595272.2;Automated Ingest from INSDC/NCBI Virus by Loculus;OPEN;https://pathoplexus.org/about/terms-of-use/open-data;;0.9693267651888342;;;OQ595272.2;;;Kilifi/RSVA/HF20042_19/03/2018;0;22
PP_001T4FC.1;A.D.4;2018-03-29;Kenya;Kilifi;"Lambisia, A. W.; Lewa, C.; Mutunga, M.; Cheruiyot, R.; Okanda, D.; Makori, T.; Githinji, G.; Nokes, J. D.; Agoti, C.";KEMRI-Wellcome Trust, Epidemiology and Demography;Homo sapiens;14779;2023-04-15;PP_001T4FC;OQ595279.2;Automated Ingest from INSDC/NCBI Virus by Loculus;OPEN;https://pathoplexus.org/about/terms-of-use/open-data;;0.9692610837438423;;;OQ595279.2;;;Kilifi/RSVA/HF20049_29/03/2018;0;22
PP_001T4L1.1;A.D.4;2018-04-04;Kenya;Kilifi;"Lambisia, A. W.; Lewa, C.; Mutunga, M.; Cheruiyot, R.; Okanda, D.; Makori, T.; Githinji, G.; Nokes, J. D.; Agoti, C.";KEMRI-Wellcome Trust, Epidemiology and Demography;Homo sapiens;14779;2023-04-15;PP_001T4L1;OQ595284.2;Automated Ingest from INSDC/NCBI Virus by Loculus;OPEN;https://pathoplexus.org/about/terms-of-use/open-data;;0.9691954022988506;;;OQ595284.2;;;Kilifi/RSVA/HF20054_04/04/2018;0;23
PP_001T4WF.1;A.D.4;2018-04-11;Kenya;Kilifi;"Lambisia, A. W.; Lewa, C.; Mutunga, M.; Cheruiyot, R.; Okanda, D.; Makori, T.; Githinji, G.; Nokes, J. D.; Agoti, C.";KEMRI-Wellcome Trust, Epidemiology and Demography;Homo sapiens;14779;2023-04-15;PP_001T4WF;OQ595294.2;Automated Ingest from INSDC/NCBI Virus by Loculus;OPEN;https://pathoplexus.org/about/terms-of-use/open-data;;0.9692610837438423;;;OQ595294.2;;;Kilifi/RSVA/HF20064_11/04/2018;0;22
PP_001T4YB.1;A.D.4;2018-04-13;Kenya;Kilifi;"Lambisia, A. W.; Lewa, C.; Mutunga, M.; Cheruiyot, R.; Okanda, D.; Makori, T.; Githinji, G.; Nokes, J. D.; Agoti, C.";KEMRI-Wellcome Trust, Epidemiology and Demography;Homo sapiens;14778;2023-04-15;PP_001T4YB;OQ595296.2;Automated Ingest from INSDC/NCBI Virus by Loculus;OPEN;https://pathoplexus.org/about/terms-of-use/open-data;;0.9692610837438423;;;OQ595296.2;;;Kilifi/RSVA/HF20066_13/04/2018;0;22
PP_001T4Z9.1;A.D.4;2018-04-15;Kenya;Kilifi;"Lambisia, A. W.; Lewa, C.; Mutunga, M.; Cheruiyot, R.; Okanda, D.; Makori, T.; Githinji, G.; Nokes, J. D.; Agoti, C.";KEMRI-Wellcome Trust, Epidemiology and Demography;Homo sapiens;14779;2023-04-15;PP_001T4Z9;OQ595297.2;Automated Ingest from INSDC/NCBI Virus by Loculus;OPEN;https://pathoplexus.org/about/terms-of-use/open-data;;0.9692610837438423;;;OQ595297.2;;;Kilifi/RSVA/HF20067_15/04/2018;0;22
PP_001T523.1;A.D.4;2018-04-16;Kenya;Kilifi;"Lambisia, A. W.; Lewa, C.; Mutunga, M.; Cheruiyot, R.; Okanda, D.; Makori, T.; Githinji, G.; Nokes, J. D.; Agoti, C.";KEMRI-Wellcome Trust, Epidemiology and Demography;Homo sapiens;14779;2023-04-15;PP_001T523;OQ595300.2;Automated Ingest from INSDC/NCBI Virus by Loculus;OPEN;https://pathoplexus.org/about/terms-of-use/open-data;;0.9691297208538587;;;OQ595300.2;;;Kilifi/RSVA/HF20070_16/04/2018;0;24
PP_001T56V.1;A.D.4;2018-04-20;Kenya;Kilifi;"Lambisia, A. W.; Lewa, C.; Mutunga, M.; Cheruiyot, R.; Okanda, D.; Makori, T.; Githinji, G.; Nokes, J. D.; Agoti, C.";KEMRI-Wellcome Trust, Epidemiology and Demography;Homo sapiens;14779;2023-04-15;PP_001T56V;OQ595304.2;Automated Ingest from INSDC/NCBI Virus by Loculus;OPEN;https://pathoplexus.org/about/terms-of-use/open-data;;0.9692610837438423;;;OQ595304.2;;;Kilifi/RSVA/HF20074_20/04/2018;0;22
PP_001T59P.1;A.D.5;2018-04-27;Kenya;Kilifi;"Lambisia, A. W.; Lewa, C.; Mutunga, M.; Cheruiyot, R.; Okanda, D.; Makori, T.; Githinji, G.; Nokes, J. D.; Agoti, C.";KEMRI-Wellcome Trust, Epidemiology and Demography;Homo sapiens;14778;2023-04-15;PP_001T59P;OQ595307.2;Automated Ingest from INSDC/NCBI Virus by Loculus;OPEN;https://pathoplexus.org/about/terms-of-use/open-data;;0.9692610837438423;;;OQ595307.2;;;Kilifi/RSVA/HF20077_27/04/2018;0;22
PP_001T5RQ.1;A.D;2018-02-03;Kenya;Kilifi;"Lambisia, A. W.; Lewa, C.; Mutunga, M.; Cheruiyot, R.; Okanda, D.; Makori, T.; Githinji, G.; Nokes, J. D.; Agoti, C.";KEMRI-Wellcome Trust, Epidemiology and Demography;Homo sapiens;14780;2023-04-15;PP_001T5RQ;OQ595323.2;Automated Ingest from INSDC/NCBI Virus by Loculus;OPEN;https://pathoplexus.org/about/terms-of-use/open-data;;0.9693267651888342;;;OQ595323.2;;;Kilifi/RSVA/HF20093_03/02/2018;0;21
PP_001T5XC.1;A.D.4;2018-02-13;Kenya;Kilifi;"Lambisia, A. W.; Lewa, C.; Mutunga, M.; Cheruiyot, R.; Okanda, D.; Makori, T.; Githinji, G.; Nokes, J. D.; Agoti, C.";KEMRI-Wellcome Trust, Epidemiology and Demography;Homo sapiens;14779;2023-04-15;PP_001T5XC;OQ595329.2;Automated Ingest from INSDC/NCBI Virus by Loculus;OPEN;https://pathoplexus.org/about/terms-of-use/open-data;;0.9692610837438423;;;OQ595329.2;;;Kilifi/RSVA/HF20099_13/02/2018;0;22
PP_001T622.1;A.D;2018-02-19;Kenya;Kilifi;"Lambisia, A. W.; Lewa, C.; Mutunga, M.; Cheruiyot, R.; Okanda, D.; Makori, T.; Githinji, G.; Nokes, J. D.; Agoti, C.";KEMRI-Wellcome Trust, Epidemiology and Demography;Homo sapiens;14780;2023-04-15;PP_001T622;OQ595334.2;Automated Ingest from INSDC/NCBI Virus by Loculus;OPEN;https://pathoplexus.org/about/terms-of-use/open-data;;0.9691954022988506;;;OQ595334.2;;;Kilifi/RSVA/HF20104_19/02/2018;0;23
PP_001T65W.1;A.D.4;2018-02-23;Kenya;Kilifi;"Lambisia, A. W.; Lewa, C.; Mutunga, M.; Cheruiyot, R.; Okanda, D.; Makori, T.; Githinji, G.; Nokes, J. D.; Agoti, C.";KEMRI-Wellcome Trust, Epidemiology and Demography;Homo sapiens;14777;2023-04-15;PP_001T65W;OQ595337.2;Automated Ingest from INSDC/NCBI Virus by Loculus;OPEN;https://pathoplexus.org/about/terms-of-use/open-data;;0.9691954022988506;;;OQ595337.2;;;Kilifi/RSVA/HF20107_23/02/2018;0;23
PP_001T6RP.1;A.D.2.2;2018-03-10;Kenya;Kilifi;"Lambisia, A. W.; Lewa, C.; Mutunga, M.; Cheruiyot, R.; Okanda, D.; Makori, T.; Githinji, G.; Nokes, J. D.; Agoti, C.";KEMRI-Wellcome Trust, Epidemiology and Demography;Homo sapiens;14778;2023-04-15;PP_001T6RP;OQ595357.2;Automated Ingest from INSDC/NCBI Virus by Loculus;OPEN;https://pathoplexus.org/about/terms-of-use/open-data;;0.969392446633826;;;OQ595357.2;;;Kilifi/RSVA/HF20127_10/03/2018;0;20
PP_001T713.1;A.D.4;2018-04-07;Kenya;Kilifi;"Lambisia, A. W.; Lewa, C.; Mutunga, M.; Cheruiyot, R.; Okanda, D.; Makori, T.; Githinji, G.; Nokes, J. D.; Agoti, C.";KEMRI-Wellcome Trust, Epidemiology and Demography;Homo sapiens;14778;2023-04-15;PP_001T713;OQ595367.2;Automated Ingest from INSDC/NCBI Virus by Loculus;OPEN;https://pathoplexus.org/about/terms-of-use/open-data;;0.9691954022988506;;;OQ595367.2;;;Kilifi/RSVA/HF20137_07/04/2018;0;23
PP_001T73Z.1;A.D.4;2018-04-10;Kenya;Kilifi;"Lambisia, A. W.; Lewa, C.; Mutunga, M.; Cheruiyot, R.; Okanda, D.; Makori, T.; Githinji, G.; Nokes, J. D.; Agoti, C.";KEMRI-Wellcome Trust, Epidemiology and Demography;Homo sapiens;14778;2023-04-15;PP_001T73Z;OQ595369.2;Automated Ingest from INSDC/NCBI Virus by Loculus;OPEN;https://pathoplexus.org/about/terms-of-use/open-data;;0.9693267651888342;;;OQ595369.2;;;Kilifi/RSVA/HF20139_10/04/2018;0;21
PP_001T7BH.1;A.3.1;2010-12;USA;;"Sereewit, J.; Hajian, P.; Xie, H.; Greninger, A. L.";UW Virology, Laboratory Medicine;Homo sapiens;15174;2023-05-16;PP_001T7BH;OQ848530.1;Automated Ingest from INSDC/NCBI Virus by Loculus;OPEN;https://pathoplexus.org/about/terms-of-use/open-data;SAMN34190995;1.0;;;OQ848530.1;SRR24174240;;hRSV/A/USA/7E10/2010;0;0
PP_001T7DD.1;A.3.1;2011-01;USA;;"Sereewit, J.; Hajian, P.; Xie, H.; Greninger, A. L.";UW Virology, Laboratory Medicine;Homo sapiens;15168;2023-05-16;PP_001T7DD;OQ848532.1;Automated Ingest from INSDC/NCBI Virus by Loculus;OPEN;https://pathoplexus.org/about/terms-of-use/open-data;SAMN34190989;1.0;;;OQ848532.1;SRR24174223;;hRSV/A/USA/7F6/2011;0;0
PP_001T7EB.1;A.3.1;2011-01;USA;;"Sereewit, J.; Hajian, P.; Xie, H.; Greninger, A. L.";UW Virology, Laboratory Medicine;Homo sapiens;15177;2023-05-16;PP_001T7EB;OQ848533.1;Automated Ingest from INSDC/NCBI Virus by Loculus;OPEN;https://pathoplexus.org/about/terms-of-use/open-data;SAMN34190990;1.0;;;OQ848533.1;SRR24174222;;hRSV/A/USA/7F7/2011;0;0
PP_001T7F9.1;A.3.1.1;2011-01;USA;;"Sereewit, J.; Hajian, P.; Xie, H.; Greninger, A. L.";UW Virology, Laboratory Medicine;Homo sapiens;15175;2023-05-16;PP_001T7F9;OQ848534.1;Automated Ingest from INSDC/NCBI Virus by Loculus;OPEN;https://pathoplexus.org/about/terms-of-use/open-data;SAMN34191002;1.0;;;OQ848534.1;SRR24174233;;hRSV/A/USA/7G7/2011;0;0
PP_001T7G7.1;A.3;2011-01;USA;;"Sereewit, J.; Hajian, P.; Xie, H.; Greninger, A. L.";UW Virology, Laboratory Medicine;Homo sapiens;15197;2023-05-16;PP_001T7G7;OQ848535.1;Automated Ingest from INSDC/NCBI Virus by Loculus;OPEN;https://pathoplexus.org/about/terms-of-use/open-data;SAMN34191006;1.0;;;OQ848535.1;SRR24174228;;hRSV/A/USA/7H2/2011;0;0
PP_001T7H4.1;A.D;2011-01;USA;;"Sereewit, J.; Hajian, P.; Xie, H.; Greninger, A. L.";UW Virology, Laboratory Medicine;Homo sapiens;15093;2023-05-16;PP_001T7H4;OQ848536.1;Automated Ingest from INSDC/NCBI Virus by Loculus;OPEN;https://pathoplexus.org/about/terms-of-use/open-data;SAMN34190983;0.9959934318555008;;;OQ848536.1;SRR24174244;;hRSV/A/USA/7H5/2011;0;1
PP_001T7J2.1;A.3.1.1;2011-01;USA;;"Sereewit, J.; Hajian, P.; Xie, H.; Greninger, A. L.";UW Virology, Laboratory Medicine;Homo sapiens;15171;2023-05-16;PP_001T7J2;OQ848537.1;Automated Ingest from INSDC/NCBI Virus by Loculus;OPEN;https://pathoplexus.org/about/terms-of-use/open-data;SAMN34191003;1.0;;;OQ848537.1;SRR24174231;;hRSV/A/USA/7H9/2011;0;0
PP_001T7K0.1;A.3.1;2011-01;USA;;"Sereewit, J.; Hajian, P.; Xie, H.; Greninger, A. L.";UW Virology, Laboratory Medicine;Homo sapiens;15180;2023-05-16;PP_001T7K0;OQ848538.1;Automated Ingest from INSDC/NCBI Virus by Loculus;OPEN;https://pathoplexus.org/about/terms-of-use/open-data;SAMN34190984;1.0;;;OQ848538.1;SRR24174243;;hRSV/A/USA/7I8/2011;0;0
PP_001T7LY.1;A.3.1;2011-03;USA;;"Sereewit, J.; Hajian, P.; Xie, H.; Greninger, A. L.";UW Virology, Laboratory Medicine;Homo sapiens;15161;2023-05-16;PP_001T7LY;OQ848539.1;Automated Ingest from INSDC/NCBI Virus by Loculus;OPEN;https://pathoplexus.org/about/terms-of-use/open-data;SAMN34190996;0.999671592775041;;;OQ848539.1;SRR24174239;;hRSV/A/USA/7P5/2011;0;0
PP_001T7MW.1;A.3.1;2011-05;USA;;"Sereewit, J.; Hajian, P.; Xie, H.; Greninger, A. L.";UW Virology, Laboratory Medicine;Homo sapiens;15193;2023-05-16;PP_001T7MW;OQ848540.1;Automated Ingest from INSDC/NCBI Virus by Loculus;OPEN;https://pathoplexus.org/about/terms-of-use/open-data;SAMN34190994;0.9999343185550083;;;OQ848540.1;SRR24174241;;hRSV/A/USA/8B2/2011;1;0
PP_001T7NU.1;A.3;2010-12;USA;;"Sereewit, J.; Hajian, P.; Xie, H.; Greninger, A. L.";UW Virology, Laboratory Medicine;Homo sapiens;15173;2023-06-05;PP_001T7NU;OQ889161.1;Automated Ingest from INSDC/NCBI Virus by Loculus;OPEN;https://pathoplexus.org/about/terms-of-use/open-data;SAMN34388541;0.999671592775041;;;OQ889161.1;SRR24319865;;hRSV/A/USA/7E2/2010;0;0
PP_001T87Q.2;A.D.1;2018;Australia;;"Pangesti, K. N. A.; Ansari, H. R.; Bayoumi, A.; Kesson, A. M.; Hill-Cawthorne, G. A.; Abd El Ghany, M.";Westmead Institute for Medical Research (WIMR) & Sydney Infectious Disease Institute (Sydney ID), Centre for Infectious Diseases and Microbiology;Homo sapiens;14699;2023-08-09;PP_001T87Q;OQ941714.1;Automated Ingest from INSDC/NCBI Virus by Loculus;OPEN;https://pathoplexus.org/about/terms-of-use/open-data;;0.9704433497536946;;;OQ941714.1;;;RSVA/Australia/103_S29/2018;0;0
PP_001T8KZ.2;A.D;2016;Australia;;"Pangesti, K. N. A.; Ansari, H. R.; Bayoumi, A.; Kesson, A. M.; Hill-Cawthorne, G. A.; Abd El Ghany, M.";Westmead Institute for Medical Research (WIMR) & Sydney Infectious Disease Institute (Sydney ID), Centre for Infectious Diseases and Microbiology;Homo sapiens;14773;2023-08-09;PP_001T8KZ;OQ941726.1;Automated Ingest from INSDC/NCBI Virus by Loculus;OPEN;https://pathoplexus.org/about/terms-of-use/open-data;;0.9704433497536946;;;OQ941726.1;;;RSVA/Australia/12_S16/2016;0;0
PP_001T8TH.2;A.D;2018;Australia;;"Pangesti, K. N. A.; Ansari, H. R.; Bayoumi, A.; Kesson, A. M.; Hill-Cawthorne, G. A.; Abd El Ghany, M.";Westmead Institute for Medical Research (WIMR) & Sydney Infectious Disease Institute (Sydney ID), Centre for Infectious Diseases and Microbiology;Homo sapiens;14768;2023-08-09;PP_001T8TH;OQ941734.1;Automated Ingest from INSDC/NCBI Virus by Loculus;OPEN;https://pathoplexus.org/about/terms-of-use/open-data;;0.9700492610837439;;;OQ941734.1;;;RSVA/Australia/18_S38/2018;0;0
PP_001T95T.2;A.D;2016;Australia;;"Pangesti, K. N. A.; Ansari, H. R.; Bayoumi, A.; Kesson, A. M.; Hill-Cawthorne, G. A.; Abd El Ghany, M.";Westmead Institute for Medical Research (WIMR) & Sydney Infectious Disease Institute (Sydney ID), Centre for Infectious Diseases and Microbiology;Homo sapiens;14786;2023-08-09;PP_001T95T;OQ941746.1;Automated Ingest from INSDC/NCBI Virus by Loculus;OPEN;https://pathoplexus.org/about/terms-of-use/open-data;;0.9703776683087028;;;OQ941746.1;;;RSVA/Australia/211_S31/2016;0;0
PP_001T9AH.2;A.D.5;2018;Australia;;"Pangesti, K. N. A.; Ansari, H. R.; Bayoumi, A.; Kesson, A. M.; Hill-Cawthorne, G. A.; Abd El Ghany, M.";Westmead Institute for Medical Research (WIMR) & Sydney Infectious Disease Institute (Sydney ID), Centre for Infectious Diseases and Microbiology;Homo sapiens;14822;2023-08-09;PP_001T9AH;OQ941751.1;Automated Ingest from INSDC/NCBI Virus by Loculus;OPEN;https://pathoplexus.org/about/terms-of-use/open-data;;0.978128078817734;;;OQ941751.1;;;RSVA/Australia/544_18R_S126/2018;0;0
PP_001T9BF.2;A.D;2016;Australia;;"Pangesti, K. N. A.; Ansari, H. R.; Bayoumi, A.; Kesson, A. M.; Hill-Cawthorne, G. A.; Abd El Ghany, M.";Westmead Institute for Medical Research (WIMR) & Sydney Infectious Disease Institute (Sydney ID), Centre for Infectious Diseases and Microbiology;Homo sapiens;14782;2023-08-09;PP_001T9BF;OQ941752.1;Automated Ingest from INSDC/NCBI Virus by Loculus;OPEN;https://pathoplexus.org/about/terms-of-use/open-data;;0.9705747126436781;;;OQ941752.1;;;RSVA/Australia/55_S17/2016;0;0
PP_001T9Z4.2;A.D.5;2018;Australia;;"Pangesti, K. N. A.; Ansari, H. R.; Bayoumi, A.; Kesson, A. M.; Hill-Cawthorne, G. A.; Abd El Ghany, M.";Westmead Institute for Medical Research (WIMR) & Sydney Infectious Disease Institute (Sydney ID), Centre for Infectious Diseases and Microbiology;Homo sapiens;14696;2023-08-09;PP_001T9Z4;OQ941774.1;Automated Ingest from INSDC/NCBI Virus by Loculus;OPEN;https://pathoplexus.org/about/terms-of-use/open-data;;0.9702463054187193;;;OQ941774.1;;;RSVA/Australia/88_S37/2018;0;0
PP_001TDRG.1;A.D.1.4;2022-12-13;USA;Arizona;"Holland, S. C.; Holland, L. A.; Smith, M. F.; Leonard, V. R.; Murugan, V.; Nordstrom, L.; Mulrow, M.; Salgado, R.; White, M.; Lim, E. S.";Arizona State University, Center for Fundamental and Applied Microbiomics;Homo sapiens;15223;2023-06-27;PP_001TDRG;OR143137.1;Automated Ingest from INSDC/NCBI Virus by Loculus;OPEN;https://pathoplexus.org/about/terms-of-use/open-data;;1.0;;;OR143137.1;;;ASU101583;0;0
PP_001TEMP.1;A.D.5.2;2022-12-17;USA;Arizona;"Holland, S. C.; Holland, L. A.; Smith, M. F.; Leonard, V. R.; Murugan, V.; Nordstrom, L.; Mulrow, M.; Salgado, R.; White, M.; Lim, E. S.";Arizona State University, Center for Fundamental and Applied Microbiomics;Homo sapiens;15221;2023-06-27;PP_001TEMP;OR143167.1;Automated Ingest from INSDC/NCBI Virus by Loculus;OPEN;https://pathoplexus.org/about/terms-of-use/open-data;;0.9999343185550083;;;OR143167.1;;;ASU102697;0;1
PP_001TERF.1;A.D.1.5;2023-02-01;USA;Arizona;"Holland, S. C.; Holland, L. A.; Smith, M. F.; Leonard, V. R.; Murugan, V.; Nordstrom, L.; Mulrow, M.; Salgado, R.; White, M.; Lim, E. S.";Arizona State University, Center for Fundamental and Applied Microbiomics;Homo sapiens;15224;2023-06-27;PP_001TERF;OR143171.1;Automated Ingest from INSDC/NCBI Virus by Loculus;OPEN;https://pathoplexus.org/about/terms-of-use/open-data;;1.0;;;OR143171.1;;;ASU102704;0;0
PP_001TFF1.1;A.D.3.2;2022-12-13;USA;Arizona;"Holland, S. C.; Holland, L. A.; Smith, M. F.; Leonard, V. R.; Murugan, V.; Nordstrom, L.; Mulrow, M.; Salgado, R.; White, M.; Lim, E. S.";Arizona State University, Center for Fundamental and Applied Microbiomics;Homo sapiens;15226;2023-06-27;PP_001TFF1;OR143195.1;Automated Ingest from INSDC/NCBI Virus by Loculus;OPEN;https://pathoplexus.org/about/terms-of-use/open-data;;0.9999343185550083;;;OR143195.1;;;ASU102738;0;1
PP_001TFHW.1;A.D.1;2022-11-30;USA;Arizona;"Holland, S. C.; Holland, L. A.; Smith, M. F.; Leonard, V. R.; Murugan, V.; Nordstrom, L.; Mulrow, M.; Salgado, R.; White, M.; Lim, E. S.";Arizona State University, Center for Fundamental and Applied Microbiomics;Homo sapiens;15226;2023-06-27;PP_001TFHW;OR143197.1;Automated Ingest from INSDC/NCBI Virus by Loculus;OPEN;https://pathoplexus.org/about/terms-of-use/open-data;;0.9999343185550083;;;OR143197.1;;;ASU102740;0;1
PP_001TFQG.1;A.D.3.4;2022-12-04;USA;Arizona;"Holland, S. C.; Holland, L. A.; Smith, M. F.; Leonard, V. R.; Murugan, V.; Nordstrom, L.; Mulrow, M.; Salgado, R.; White, M.; Lim, E. S.";Arizona State University, Center for Fundamental and Applied Microbiomics;Homo sapiens;15227;2023-06-27;PP_001TFQG;OR143204.1;Automated Ingest from INSDC/NCBI Virus by Loculus;OPEN;https://pathoplexus.org/about/terms-of-use/open-data;;1.0;;;OR143204.1;;;ASU102748;0;0
PP_001TG0W.1;A.D.5.2;2023-01-04;USA;Arizona;"Holland, S. C.; Holland, L. A.; Smith, M. F.; Leonard, V. R.; Murugan, V.; Nordstrom, L.; Mulrow, M.; Salgado, R.; White, M.; Lim, E. S.";Arizona State University, Center for Fundamental and Applied Microbiomics;Homo sapiens;15221;2023-06-27;PP_001TG0W;OR143214.1;Automated Ingest from INSDC/NCBI Virus by Loculus;OPEN;https://pathoplexus.org/about/terms-of-use/open-data;;0.9999343185550083;;;OR143214.1;;;ASU102768;0;1
PP_001TG7G.1;A.D.5.1;2022-12-18;USA;Arizona;"Holland, S. C.; Holland, L. A.; Smith, M. F.; Leonard, V. R.; Murugan, V.; Nordstrom, L.; Mulrow, M.; Salgado, R.; White, M.; Lim, E. S.";Arizona State University, Center for Fundamental and Applied Microbiomics;Homo sapiens;15222;2023-06-27;PP_001TG7G;OR143221.1;Automated Ingest from INSDC/NCBI Virus by Loculus;OPEN;https://pathoplexus.org/about/terms-of-use/open-data;;1.0;;;OR143221.1;;;ASU102784;0;0
PP_001TGC6.1;A.D.4;2021-03-20;Kenya;Kilifi;"Lambisia, A. W.; Lewa, C.; Mutunga, M.; Okanda, D.; Githinji, G.; Nokes, J. D.; Agoti, C. N.";KEMRI-Wellcome Trust, Epidemiology and Demography;Homo sapiens;14778;2023-07-29;PP_001TGC6;OR162200.2;Automated Ingest from INSDC/NCBI Virus by Loculus;OPEN;https://pathoplexus.org/about/terms-of-use/open-data;;0.9693267651888342;;;OR162200.2;;;Kilifi/RSVA/HF20145_2021-03-20;0;21
PP_001TGNK.1;A.D.5;2021-08-28;Kenya;Kilifi;"Lambisia, A. W.; Lewa, C.; Mutunga, M.; Okanda, D.; Githinji, G.; Nokes, J. D.; Agoti, C. N.";KEMRI-Wellcome Trust, Epidemiology and Demography;Homo sapiens;14779;2023-07-29;PP_001TGNK;OR162210.2;Automated Ingest from INSDC/NCBI Virus by Loculus;OPEN;https://pathoplexus.org/about/terms-of-use/open-data;;0.9691954022988506;;;OR162210.2;;;Kilifi/RSVA/HF20155_2021-08-28;0;23
PP_001TH5K.1;A.D.1.11;2022-02-22;Kenya;Kilifi;"Lambisia, A. W.; Lewa, C.; Mutunga, M.; Okanda, D.; Githinji, G.; Nokes, J. D.; Agoti, C. N.";KEMRI-Wellcome Trust, Epidemiology and Demography;Homo sapiens;14779;2023-07-29;PP_001TH5K;OR162227.2;Automated Ingest from INSDC/NCBI Virus by Loculus;OPEN;https://pathoplexus.org/about/terms-of-use/open-data;;0.9691954022988506;;;OR162227.2;;;Kilifi/RSVA/HF20172_2022-02-22;0;23
PP_001THHU.1;A.D.4;2022-03-04;Kenya;Kilifi;"Lambisia, A. W.; Lewa, C.; Mutunga, M.; Okanda, D.; Githinji, G.; Nokes, J. D.; Agoti, C. N.";KEMRI-Wellcome Trust, Epidemiology and Demography;Homo sapiens;14778;2023-07-29;PP_001THHU;OR162239.2;Automated Ingest from INSDC/NCBI Virus by Loculus;OPEN;https://pathoplexus.org/about/terms-of-use/open-data;;0.969392446633826;;;OR162239.2;;;Kilifi/RSVA/HF20184_2022-03-04;0;20
PP_001THW2.1;A.D.1.9;2022-03-16;Kenya;Kilifi;"Lambisia, A. W.; Lewa, C.; Mutunga, M.; Okanda, D.; Githinji, G.; Nokes, J. D.; Agoti, C. N.";KEMRI-Wellcome Trust, Epidemiology and Demography;Homo sapiens;14778;2023-07-29;PP_001THW2;OR162252.2;Automated Ingest from INSDC/NCBI Virus by Loculus;OPEN;https://pathoplexus.org/about/terms-of-use/open-data;;0.9693267651888342;;;OR162252.2;;;Kilifi/RSVA/HF20197_2022-03-16;0;21
PP_001TJC4.1;A.D.1.11;2022-05-26;Kenya;Kilifi;"Lambisia, A. W.; Lewa, C.; Mutunga, M.; Okanda, D.; Githinji, G.; Nokes, J. D.; Agoti, C. N.";KEMRI-Wellcome Trust, Epidemiology and Demography;Homo sapiens;14780;2023-07-29;PP_001TJC4;OR162268.2;Automated Ingest from INSDC/NCBI Virus by Loculus;OPEN;https://pathoplexus.org/about/terms-of-use/open-data;;0.9691954022988506;;;OR162268.2;;;Kilifi/RSVA/HF20213_2022-05-26;0;24
PP_001TK6F.1;A.D.1.1;2019-11-03;USA;Washington, King County;"Frazar, C. D.; Lee, J.; Ryke, E.; Gamboa, L.; McDermot, E.; Stone, J.; Kolar, T.; Han, P. D.; Sibley, T. R.; Truong, M.; Reinhart, D.; Wolf, C. R.; Boeckh, M.; Englund, J. A.; Lutz, B. R.; Waghmare, A.; Viboud, C.; Starita, L. M.; Shendure, J.; Bedford, T.; Chu, H. Y.";The Brotman Baty Institute for Precision Medicine;Homo sapiens;15132;2023-08-26;PP_001TK6F;OR287843.1;Automated Ingest from INSDC/NCBI Virus by Loculus;OPEN;https://pathoplexus.org/about/terms-of-use/open-data;SAMN36359089;0.9929720853858784;;;OR287843.1;;;RSV-A/human/USA/WA-S23229/2019;0;17
PP_001TKGV.1;A.D.5;2019-11-20;USA;Washington, King County;"Frazar, C. D.; Lee, J.; Ryke, E.; Gamboa, L.; McDermot, E.; Stone, J.; Kolar, T.; Han, P. D.; Sibley, T. R.; Truong, M.; Reinhart, D.; Wolf, C. R.; Boeckh, M.; Englund, J. A.; Lutz, B. R.; Waghmare, A.; Viboud, C.; Starita, L. M.; Shendure, J.; Bedford, T.; Chu, H. Y.";The Brotman Baty Institute for Precision Medicine;Homo sapiens;15194;2023-08-26;PP_001TKGV;OR287853.1;Automated Ingest from INSDC/NCBI Virus by Loculus;OPEN;https://pathoplexus.org/about/terms-of-use/open-data;SAMN36359099;0.9961247947454844;;;OR287853.1;;;RSV-A/human/USA/WA-S23239/2019;0;32
PP_001TKLL.1;A.D.1;2019-11-28;USA;Washington;"Frazar, C. D.; Lee, J.; Ryke, E.; Gamboa, L.; McDermot, E.; Stone, J.; Kolar, T.; Han, P. D.; Sibley, T. R.; Truong, M.; Reinhart, D.; Wolf, C. R.; Boeckh, M.; Englund, J. A.; Lutz, B. R.; Waghmare, A.; Viboud, C.; Starita, L. M.; Shendure, J.; Bedford, T.; Chu, H. Y.";The Brotman Baty Institute for Precision Medicine;Homo sapiens;15197;2023-08-26;PP_001TKLL;OR287857.1;Automated Ingest from INSDC/NCBI Virus by Loculus;OPEN;https://pathoplexus.org/about/terms-of-use/open-data;SAMN36359103;0.9981609195402299;;;OR287857.1;;;RSV-A/human/USA/WA-S23243/2019;0;1
PP_001TKZU.1;A.D.1;2019-12-02;USA;Washington, King County;"Frazar, C. D.; Lee, J.; Ryke, E.; Gamboa, L.; McDermot, E.; Stone, J.; Kolar, T.; Han, P. D.; Sibley, T. R.; Truong, M.; Reinhart, D.; Wolf, C. R.; Boeckh, M.; Englund, J. A.; Lutz, B. R.; Waghmare, A.; Viboud, C.; Starita, L. M.; Shendure, J.; Bedford, T.; Chu, H. Y.";The Brotman Baty Institute for Precision Medicine;Homo sapiens;14975;2023-08-26;PP_001TKZU;OR287870.1;Automated Ingest from INSDC/NCBI Virus by Loculus;OPEN;https://pathoplexus.org/about/terms-of-use/open-data;SAMN36359116;0.9737274220032841;;;OR287870.1;;;RSV-A/human/USA/WA-S23256/2019;0;150
PP_001TL1Q.1;A.D.1;2019-12-02;USA;Washington, Snohomish County;"Frazar, C. D.; Lee, J.; Ryke, E.; Gamboa, L.; McDermot, E.; Stone, J.; Kolar, T.; Han, P. D.; Sibley, T. R.; Truong, M.; Reinhart, D.; Wolf, C. R.; Boeckh, M.; Englund, J. A.; Lutz, B. R.; Waghmare, A.; Viboud, C.; Starita, L. M.; Shendure, J.; Bedford, T.; Chu, H. Y.";The Brotman Baty Institute for Precision Medicine;Homo sapiens;14974;2023-08-26;PP_001TL1Q;OR287872.1;Automated Ingest from INSDC/NCBI Virus by Loculus;OPEN;https://pathoplexus.org/about/terms-of-use/open-data;SAMN36359118;0.9756978653530378;;;OR287872.1;;;RSV-A/human/USA/WA-S23258/2019;0;120
PP_001TLPD.1;A.D.1;2019-12-25;USA;Washington, Snohomish County;"Frazar, C. D.; Lee, J.; Ryke, E.; Gamboa, L.; McDermot, E.; Stone, J.; Kolar, T.; Han, P. D.; Sibley, T. R.; Truong, M.; Reinhart, D.; Wolf, C. R.; Boeckh, M.; Englund, J. A.; Lutz, B. R.; Waghmare, A.; Viboud, C.; Starita, L. M.; Shendure, J.; Bedford, T.; Chu, H. Y.";The Brotman Baty Institute for Precision Medicine;Homo sapiens;15197;2023-08-26;PP_001TLPD;OR287894.1;Automated Ingest from INSDC/NCBI Virus by Loculus;OPEN;https://pathoplexus.org/about/terms-of-use/open-data;SAMN36359140;0.9981609195402299;;;OR287894.1;;;RSV-A/human/USA/WA-S23280/2019;0;1
PP_001TLYV.1;A.D.1.1;2019-12-27;USA;Washington, King County;"Frazar, C. D.; Lee, J.; Ryke, E.; Gamboa, L.; McDermot, E.; Stone, J.; Kolar, T.; Han, P. D.; Sibley, T. R.; Truong, M.; Reinhart, D.; Wolf, C. R.; Boeckh, M.; Englund, J. A.; Lutz, B. R.; Waghmare, A.; Viboud, C.; Starita, L. M.; Shendure, J.; Bedford, T.; Chu, H. Y.";The Brotman Baty Institute for Precision Medicine;Homo sapiens;15042;2023-08-26;PP_001TLYV;OR287903.1;Automated Ingest from INSDC/NCBI Virus by Loculus;OPEN;https://pathoplexus.org/about/terms-of-use/open-data;SAMN36359149;0.9881116584564861;;;OR287903.1;;;RSV-A/human/USA/WA-S23289/2019;0;1
PP_001TM0R.1;A.D.1;2019-12-28;USA;Washington, Island County;"Frazar, C. D.; Lee, J.; Ryke, E.; Gamboa, L.; McDermot, E.; Stone, J.; Kolar, T.; Han, P. D.; Sibley, T. R.; Truong, M.; Reinhart, D.; Wolf, C. R.; Boeckh, M.; Englund, J. A.; Lutz, B. R.; Waghmare, A.; Viboud, C.; Starita, L. M.; Shendure, J.; Bedford, T.; Chu, H. Y.";The Brotman Baty Institute for Precision Medicine;Homo sapiens;15197;2023-08-26;PP_001TM0R;OR287905.1;Automated Ingest from INSDC/NCBI Virus by Loculus;OPEN;https://pathoplexus.org/about/terms-of-use/open-data;SAMN36359151;0.9964532019704434;;;OR287905.1;;;RSV-A/human/USA/WA-S23291/2019;0;27
PP_001TMNE.1;A.D.3;2020-01-07;USA;Washington, King County;"Frazar, C. D.; Lee, J.; Ryke, E.; Gamboa, L.; McDermot, E.; Stone, J.; Kolar, T.; Han, P. D.; Sibley, T. R.; Truong, M.; Reinhart, D.; Wolf, C. R.; Boeckh, M.; Englund, J. A.; Lutz, B. R.; Waghmare, A.; Viboud, C.; Starita, L. M.; Shendure, J.; Bedford, T.; Chu, H. Y.";The Brotman Baty Institute for Precision Medicine;Homo sapiens;15198;2023-08-26;PP_001TMNE;OR287927.1;Automated Ingest from INSDC/NCBI Virus by Loculus;OPEN;https://pathoplexus.org/about/terms-of-use/open-data;SAMN36359173;0.9981609195402299;;;OR287927.1;;;RSV-A/human/USA/WA-S23313/2020;0;1
PP_001TMQA.1;A.D;2020-01-05;USA;Washington, King County;"Frazar, C. D.; Lee, J.; Ryke, E.; Gamboa, L.; McDermot, E.; Stone, J.; Kolar, T.; Han, P. D.; Sibley, T. R.; Truong, M.; Reinhart, D.; Wolf, C. R.; Boeckh, M.; Englund, J. A.; Lutz, B. R.; Waghmare, A.; Viboud, C.; Starita, L. M.; Shendure, J.; Bedford, T.; Chu, H. Y.";The Brotman Baty Institute for Precision Medicine;Homo sapiens;15013;2023-08-26;PP_001TMQA;OR287929.1;Automated Ingest from INSDC/NCBI Virus by Loculus;OPEN;https://pathoplexus.org/about/terms-of-use/open-data;SAMN36359175;0.9851559934318554;;;OR287929.1;;;RSV-A/human/USA/WA-S23315/2020;0;16
PP_001TMT4.1;A.D.1;2020-01-06;USA;Washington, Snohomish County;"Frazar, C. D.; Lee, J.; Ryke, E.; Gamboa, L.; McDermot, E.; Stone, J.; Kolar, T.; Han, P. D.; Sibley, T. R.; Truong, M.; Reinhart, D.; Wolf, C. R.; Boeckh, M.; Englund, J. A.; Lutz, B. R.; Waghmare, A.; Viboud, C.; Starita, L. M.; Shendure, J.; Bedford, T.; Chu, H. Y.";The Brotman Baty Institute for Precision Medicine;Homo sapiens;15197;2023-08-26;PP_001TMT4;OR287932.1;Automated Ingest from INSDC/NCBI Virus by Loculus;OPEN;https://pathoplexus.org/about/terms-of-use/open-data;SAMN36359178;0.9979638752052545;;;OR287932.1;;;RSV-A/human/USA/WA-S23318/2020;0;4
PP_001TN3J.1;A.D.3;2020-01-13;USA;Washington, King County;"Frazar, C. D.; Lee, J.; Ryke, E.; Gamboa, L.; McDermot, E.; Stone, J.; Kolar, T.; Han, P. D.; Sibley, T. R.; Truong, M.; Reinhart, D.; Wolf, C. R.; Boeckh, M.; Englund, J. A.; Lutz, B. R.; Waghmare, A.; Viboud, C.; Starita, L. M.; Shendure, J.; Bedford, T.; Chu, H. Y.";The Brotman Baty Institute for Precision Medicine;Homo sapiens;15048;2023-08-26;PP_001TN3J;OR287942.1;Automated Ingest from INSDC/NCBI Virus by Loculus;OPEN;https://pathoplexus.org/about/terms-of-use/open-data;SAMN36359188;0.9883087027914614;;;OR287942.1;;;RSV-A/human/USA/WA-S23328/2020;0;0
PP_001TN88.1;A.D.1.1;2020-01-18;USA;Washington, King County;"Frazar, C. D.; Lee, J.; Ryke, E.; Gamboa, L.; McDermot, E.; Stone, J.; Kolar, T.; Han, P. D.; Sibley, T. R.; Truong, M.; Reinhart, D.; Wolf, C. R.; Boeckh, M.; Englund, J. A.; Lutz, B. R.; Waghmare, A.; Viboud, C.; Starita, L. M.; Shendure, J.; Bedford, T.; Chu, H. Y.";The Brotman Baty Institute for Precision Medicine;Homo sapiens;15132;2023-08-26;PP_001TN88;OR287947.1;Automated Ingest from INSDC/NCBI Virus by Loculus;OPEN;https://pathoplexus.org/about/terms-of-use/open-data;SAMN36359193;0.9923152709359606;;;OR287947.1;;;RSV-A/human/USA/WA-S23333/2020;0;27
PP_001TNLH.1;A.D.1;2020-01-23;USA;Washington, Snohomish County;"Frazar, C. D.; Lee, J.; Ryke, E.; Gamboa, L.; McDermot, E.; Stone, J.; Kolar, T.; Han, P. D.; Sibley, T. R.; Truong, M.; Reinhart, D.; Wolf, C. R.; Boeckh, M.; Englund, J. A.; Lutz, B. R.; Waghmare, A.; Viboud, C.; Starita, L. M.; Shendure, J.; Bedford, T.; Chu, H. Y.";The Brotman Baty Institute for Precision Medicine;Homo sapiens;15134;2023-08-26;PP_001TNLH;OR287959.1;Automated Ingest from INSDC/NCBI Virus by Loculus;OPEN;https://pathoplexus.org/about/terms-of-use/open-data;SAMN36359205;0.9902134646962233;;;OR287959.1;;;RSV-A/human/USA/WA-S23345/2020;0;59
PP_001TP1M.1;A.D.2.2;2020-02-15;USA;Washington;"Frazar, C. D.; Lee, J.; Ryke, E.; Gamboa, L.; McDermot, E.; Stone, J.; Kolar, T.; Han, P. D.; Sibley, T. R.; Truong, M.; Reinhart, D.; Wolf, C. R.; Boeckh, M.; Englund, J. A.; Lutz, B. R.; Waghmare, A.; Viboud, C.; Starita, L. M.; Shendure, J.; Bedford, T.; Chu, H. Y.";The Brotman Baty Institute for Precision Medicine;Homo sapiens;15101;2023-08-26;PP_001TP1M;OR287974.1;Automated Ingest from INSDC/NCBI Virus by Loculus;OPEN;https://pathoplexus.org/about/terms-of-use/open-data;SAMN36359220;0.9808210180623974;;;OR287974.1;;;RSV-A/human/USA/WA-S23360/2020;0;168
PP_001TPEV.1;A.D.5.2;2021-11-11;USA;Washington, King County;"Frazar, C. D.; Lee, J.; Ryke, E.; Gamboa, L.; McDermot, E.; Stone, J.; Kolar, T.; Han, P. D.; Sibley, T. R.; Truong, M.; Reinhart, D.; Wolf, C. R.; Duchin, J.; Boeckh, M.; Englund, J. A.; Lutz, B. R.; Waghmare, A.; Viboud, C.; Starita, L. M.; Chu, H. Y.; Bedford, T.; Shendure, J.";The Brotman Baty Institute for Precision Medicine;Homo sapiens;15134;2023-08-26;PP_001TPEV;OR287987.1;Automated Ingest from INSDC/NCBI Virus by Loculus;OPEN;https://pathoplexus.org/about/terms-of-use/open-data;SAMN36359233;0.9905418719211823;;;OR287987.1;;;RSV-A/human/USA/WA-S23373/2021;0;54
PP_001TPFT.1;A.D.1.8;2021-11-11;USA;Washington, King County;"Frazar, C. D.; Lee, J.; Ryke, E.; Gamboa, L.; McDermot, E.; Stone, J.; Kolar, T.; Han, P. D.; Sibley, T. R.; Truong, M.; Reinhart, D.; Wolf, C. R.; Duchin, J.; Boeckh, M.; Englund, J. A.; Lutz, B. R.; Waghmare, A.; Viboud, C.; Starita, L. M.; Chu, H. Y.; Bedford, T.; Shendure, J.";The Brotman Baty Institute for Precision Medicine;Homo sapiens;15199;2023-08-26;PP_001TPFT;OR287988.1;Automated Ingest from INSDC/NCBI Virus by Loculus;OPEN;https://pathoplexus.org/about/terms-of-use/open-data;SAMN36359234;0.9931691297208538;;;OR287988.1;;;RSV-A/human/USA/WA-S23374/2021;0;78
PP_001TWFL.2;A.3.1.1;2012-01-09;USA;;"Avadhanula, V.; Agustinho, D. P.; Menon, V. K.; Chemaly, R. F.; Shah, D. P.; Qin, X.; Surathu, A.; Doddapaneni, H.; Muzny, D. M.; Metcalf, G. A.; Gregeen, S. J.; Gibbs, R. A.; Petrosino, J. J.; Sedlazeck, F. J.; Piedra, P. A.";Baylor College of Medicine, Human Genome Sequencing Center;Homo sapiens;15174;2023-10-01;PP_001TWFL;OR466328.1;Automated Ingest from INSDC/NCBI Virus by Loculus;OPEN;https://pathoplexus.org/about/terms-of-use/open-data;SAMN50264530;0.9865353037766831;;;OR466328.1;SRR34759128;;p1306-121310702A;0;205
PP_001TWL9.2;A.D;2012-10-12;USA;;"Avadhanula, V.; Agustinho, D. P.; Menon, V. K.; Chemaly, R. F.; Shah, D. P.; Qin, X.; Surathu, A.; Doddapaneni, H.; Muzny, D. M.; Metcalf, G. A.; Gregeen, S. J.; Gibbs, R. A.; Petrosino, J. J.; Sedlazeck, F. J.; Piedra, P. A.";Baylor College of Medicine, Human Genome Sequencing Center;Homo sapiens;15149;2023-10-01;PP_001TWL9;OR466333.1;Automated Ingest from INSDC/NCBI Virus by Loculus;OPEN;https://pathoplexus.org/about/terms-of-use/open-data;SAMN50264536;0.9938916256157635;;;OR466333.1;SRR34759062;;p1306-121310707C;0;0
PP_001TWQ1.2;A.D;2012-12-13;USA;;"Avadhanula, V.; Agustinho, D. P.; Menon, V. K.; Chemaly, R. F.; Shah, D. P.; Qin, X.; Surathu, A.; Doddapaneni, H.; Muzny, D. M.; Metcalf, G. A.; Gregeen, S. J.; Gibbs, R. A.; Petrosino, J. J.; Sedlazeck, F. J.; Piedra, P. A.";Baylor College of Medicine, Human Genome Sequencing Center;Homo sapiens;15244;2023-10-01;PP_001TWQ1;OR466337.1;Automated Ingest from INSDC/NCBI Virus by Loculus;OPEN;https://pathoplexus.org/about/terms-of-use/open-data;SAMN50264549;1.0;;;OR466337.1;SRR34759116;;p1306-121310711A;0;0
PP_001TX39.2;A.D;2013-01-29;USA;;"Avadhanula, V.; Agustinho, D. P.; Menon, V. K.; Chemaly, R. F.; Shah, D. P.; Qin, X.; Surathu, A.; Doddapaneni, H.; Muzny, D. M.; Metcalf, G. A.; Gregeen, S. J.; Gibbs, R. A.; Petrosino, J. J.; Sedlazeck, F. J.; Piedra, P. A.";Baylor College of Medicine, Human Genome Sequencing Center;Homo sapiens;15351;2023-10-01;PP_001TX39;OR466350.1;Automated Ingest from INSDC/NCBI Virus by Loculus;OPEN;https://pathoplexus.org/about/terms-of-use/open-data;SAMN50264569;1.0;;;OR466350.1;SRR34759110;;p1306-121310724A;0;0
PP_001TX47.2;A.D;2013-02-28;USA;;"Avadhanula, V.; Agustinho, D. P.; Menon, V. K.; Chemaly, R. F.; Shah, D. P.; Qin, X.; Surathu, A.; Doddapaneni, H.; Muzny, D. M.; Metcalf, G. A.; Gregeen, S. J.; Gibbs, R. A.; Petrosino, J. J.; Sedlazeck, F. J.; Piedra, P. A.";Baylor College of Medicine, Human Genome Sequencing Center;Homo sapiens;15259;2023-10-01;PP_001TX47;OR466351.1;Automated Ingest from INSDC/NCBI Virus by Loculus;OPEN;https://pathoplexus.org/about/terms-of-use/open-data;SAMN50264579;0.9936945812807881;;;OR466351.1;SRR34759099;;p1306-121310726A;0;96
PP_001TXAV.2;A.D.2.2;2013-03-26;USA;;"Avadhanula, V.; Agustinho, D. P.; Menon, V. K.; Chemaly, R. F.; Shah, D. P.; Qin, X.; Surathu, A.; Doddapaneni, H.; Muzny, D. M.; Metcalf, G. A.; Gregeen, S. J.; Gibbs, R. A.; Petrosino, J. J.; Sedlazeck, F. J.; Piedra, P. A.";Baylor College of Medicine, Human Genome Sequencing Center;Homo sapiens;15371;2023-10-01;PP_001TXAV;OR466357.1;Automated Ingest from INSDC/NCBI Virus by Loculus;OPEN;https://pathoplexus.org/about/terms-of-use/open-data;SAMN50264599;1.0;;;OR466357.1;SRR34759061;;p1306-121310733A;0;0
PP_001TXBT.2;A.D.2.2;2013-11-26;USA;;"Avadhanula, V.; Agustinho, D. P.; Menon, V. K.; Chemaly, R. F.; Shah, D. P.; Qin, X.; Surathu, A.; Doddapaneni, H.; Muzny, D. M.; Metcalf, G. A.; Gregeen, S. J.; Gibbs, R. A.; Petrosino, J. J.; Sedlazeck, F. J.; Piedra, P. A.";Baylor College of Medicine, Human Genome Sequencing Center;Homo sapiens;15126;2023-10-01;PP_001TXBT;OR466358.1;Automated Ingest from INSDC/NCBI Virus by Loculus;OPEN;https://pathoplexus.org/about/terms-of-use/open-data;SAMN50264600;0.9922495894909688;;;OR466358.1;SRR34759060;;p1306-121310734A;0;0
PP_001UCC8.1;A.D.3.1;2022-11-06;USA;Oregon, Multnomah County;"Frazar, C. D.; Lee, J.; Ryke, E.; Gamboa, L.; McDermot, E.; Kolar, T.; Han, P. D.; Sibley, T. R.; Reinhart, D.; Grindstaff, S.; Truong, M.; Babu, T. M.; Feldstein, L. R.; Saydah, S.; Briggs-Hagen, M.; Casto, A.; Ehmen, B.; Englund, J. A.; Fortmann, S. P.; Kuntz, J. L.; Lockwood, T.; Midgley, C. M.; Mularski, R. A.; Ogilvie, T.; Reich, S.; Schmidt, M. A.; Smith, N.; Starita, L.; Stone, J.; Vandermeer, M.; Weil, A. A.; Wolf, C. R.; Chu, H. Y.; Naleway, A. L.";The Brotman Baty Institute for Precision Medicine;Homo sapiens;15096;2023-10-11;PP_001UCC8;OR522470.1;Automated Ingest from INSDC/NCBI Virus by Loculus;OPEN;https://pathoplexus.org/about/terms-of-use/open-data;SAMN37232882;0.9720853858784894;;;OR522470.1;;;RSV-A/human/USA/OR-S23757/2022;0;296
PP_001UCX3.1;A.D.5.2;2022-11-29;USA;Washington, King County;"Frazar, C. D.; Lee, J.; Ryke, E.; Gamboa, L.; McDermot, E.; Kolar, T.; Han, P. D.; Sibley, T. R.; Reinhart, D.; Grindstaff, S.; Truong, M.; Babu, T. M.; Feldstein, L. R.; Saydah, S.; Briggs-Hagen, M.; Casto, A.; Ehmen, B.; Englund, J. A.; Fortmann, S. P.; Kuntz, J. L.; Lockwood, T.; Midgley, C. M.; Mularski, R. A.; Ogilvie, T.; Reich, S.; Schmidt, M. A.; Smith, N.; Starita, L.; Stone, J.; Vandermeer, M.; Weil, A. A.; Wolf, C. R.; Chu, H. Y.; Naleway, A. L.";The Brotman Baty Institute for Precision Medicine;Homo sapiens;15167;2023-10-11;PP_001UCX3;OR522489.1;Automated Ingest from INSDC/NCBI Virus by Loculus;OPEN;https://pathoplexus.org/about/terms-of-use/open-data;SAMN37232901;0.9908702791461412;;;OR522489.1;;;RSV-A/human/USA/WA-S23776/2022;0;81
PP_001UDC7.1;A.D.1;2022-12-26;USA;Oregon, Washington County;"Frazar, C. D.; Lee, J.; Ryke, E.; Gamboa, L.; McDermot, E.; Kolar, T.; Han, P. D.; Sibley, T. R.; Reinhart, D.; Grindstaff, S.; Truong, M.; Babu, T. M.; Feldstein, L. R.; Saydah, S.; Briggs-Hagen, M.; Casto, A.; Ehmen, B.; Englund, J. A.; Fortmann, S. P.; Kuntz, J. L.; Lockwood, T.; Midgley, C. M.; Mularski, R. A.; Ogilvie, T.; Reich, S.; Schmidt, M. A.; Smith, N.; Starita, L.; Stone, J.; Vandermeer, M.; Weil, A. A.; Wolf, C. R.; Chu, H. Y.; Naleway, A. L.";The Brotman Baty Institute for Precision Medicine;Homo sapiens;15137;2023-10-11;PP_001UDC7;OR522504.1;Automated Ingest from INSDC/NCBI Virus by Loculus;OPEN;https://pathoplexus.org/about/terms-of-use/open-data;SAMN37232916;0.9819376026272578;;;OR522504.1;;;RSV-A/human/USA/OR-S23791/2022;0;185
PP_001UDU8.1;A.D.1.8;2023-01-30;USA;Washington, King County;"Frazar, C. D.; Lee, J.; Ryke, E.; Gamboa, L.; McDermot, E.; Kolar, T.; Han, P. D.; Sibley, T. R.; Reinhart, D.; Grindstaff, S.; Truong, M.; Babu, T. M.; Feldstein, L. R.; Saydah, S.; Briggs-Hagen, M.; Casto, A.; Ehmen, B.; Englund, J. A.; Fortmann, S. P.; Kuntz, J. L.; Lockwood, T.; Midgley, C. M.; Mularski, R. A.; Ogilvie, T.; Reich, S.; Schmidt, M. A.; Smith, N.; Starita, L.; Stone, J.; Vandermeer, M.; Weil, A. A.; Wolf, C. R.; Chu, H. Y.; Naleway, A. L.";The Brotman Baty Institute for Precision Medicine;Homo sapiens;15007;2023-10-11;PP_001UDU8;OR522520.1;Automated Ingest from INSDC/NCBI Virus by Loculus;OPEN;https://pathoplexus.org/about/terms-of-use/open-data;SAMN37232932;0.9529064039408867;;;OR522520.1;;;RSV-A/human/USA/WA-S23807/2023;0;500
PP_001UMA3.1;A.D.1;2022-10-23;USA;Washington, King County;"Frazar, C. D.; Lee, J.; Ryke, E.; Gamboa, L.; McDermot, E.; Kolar, T.; Han, P. D.; Sibley, T. R.; Reinhart, D.; Grindstaff, S.; Truong, M.; Babu, T. M.; Feldstein, L. R.; Saydah, S.; Briggs-Hagen, M.; Casto, A.; Ehmen, B.; Englund, J. A.; Fortmann, S. P.; Kuntz, J. L.; Lockwood, T.; Midgley, C. M.; Mularski, R. A.; Ogilvie, T.; Reich, S.; Schmidt, M. A.; Smith, N.; Starita, L.; Stone, J.; Vandermeer, M.; Weil, A. A.; Wolf, C. R.; Chu, H. Y.; Naleway, A. L.";The Brotman Baty Institute for Precision Medicine;Homo sapiens;15161;2023-10-28;PP_001UMA3;OR601475.1;Automated Ingest from INSDC/NCBI Virus by Loculus;OPEN;https://pathoplexus.org/about/terms-of-use/open-data;SAMN37531541;0.9956650246305419;;;OR601475.1;;;RSV-A/human/USA/WA-S24025/2022;0;0
PP_001UMFT.1;A.D.5.3;2023-08-15;USA;Oregon, Multnomah County;"Frazar, C. D.; Lee, J.; Ryke, E.; Gamboa, L.; McDermot, E.; Kolar, T.; Han, P. D.; Sibley, T. R.; Reinhart, D.; Grindstaff, S.; Truong, M.; Babu, T. M.; Feldstein, L. R.; Saydah, S.; Briggs-Hagen, M.; Casto, A.; Ehmen, B.; Englund, J. A.; Fortmann, S. P.; Kuntz, J. L.; Lockwood, T.; Midgley, C. M.; Mularski, R. A.; Ogilvie, T.; Reich, S.; Schmidt, M. A.; Smith, N.; Starita, L.; Stone, J.; Vandermeer, M.; Weil, A. A.; Wolf, C. R.; Chu, H. Y.; Naleway, A. L.";The Brotman Baty Institute for Precision Medicine;Homo sapiens;15197;2023-10-28;PP_001UMFT;OR601480.1;Automated Ingest from INSDC/NCBI Virus by Loculus;OPEN;https://pathoplexus.org/about/terms-of-use/open-data;SAMN37531546;0.9978981937602627;;;OR601480.1;;;RSV-A/human/USA/OR-S24030/2023;0;5
PP_001UMGR.1;A.D;2017-12-28;China;;"Li, F.; Zhu, Y.; Chen, X.";Beijing Children's Hospital, Capital Medical University, Laboratory of Infection and Virology;Homo sapiens;15228;2023-11-04;PP_001UMGR;OR666504.1;Automated Ingest from INSDC/NCBI Virus by Loculus;OPEN;https://pathoplexus.org/about/terms-of-use/open-data;;1.0;;;OR666504.1;;;RSVA/BCH17160/BJ/CHN/2017.12.28;0;0
PP_001UN6A.1;A.D;2019-01-28;China;;"Li, F.; Zhu, Y.; Chen, X.";Beijing Children's Hospital, Capital Medical University, Laboratory of Infection and Virology;Homo sapiens;15228;2023-11-04;PP_001UN6A;OR666529.1;Automated Ingest from INSDC/NCBI Virus by Loculus;OPEN;https://pathoplexus.org/about/terms-of-use/open-data;;1.0;;;OR666529.1;;;RSVA/20190175/BJ/CHN/2019.01.28;0;0
PP_001UNFS.1;A.D.3;2019-09-24;China;;"Li, F.; Zhu, Y.; Chen, X.";Beijing Children's Hospital, Capital Medical University, Laboratory of Infection and Virology;Homo sapiens;15228;2023-11-04;PP_001UNFS;OR666538.1;Automated Ingest from INSDC/NCBI Virus by Loculus;OPEN;https://pathoplexus.org/about/terms-of-use/open-data;;1.0;;;OR666538.1;;;RSVA/20190721/BJ/CHN/2019.09.24;0;0
PP_001UNS3.1;A.D.3;2019-12-01;China;;"Li, F.; Zhu, Y.; Chen, X.";Beijing Children's Hospital, Capital Medical University, Laboratory of Infection and Virology;Homo sapiens;15280;2023-11-04;PP_001UNS3;OR666549.1;Automated Ingest from INSDC/NCBI Virus by Loculus;OPEN;https://pathoplexus.org/about/terms-of-use/open-data;;1.0;;;OR666549.1;;;RSVA/18022/BJ/CHN/2019.12.01;0;0
PP_001UNWV.1;A.D.3;2020-01-13;China;;"Li, F.; Zhu, Y.; Chen, X.";Beijing Children's Hospital, Capital Medical University, Laboratory of Infection and Virology;Homo sapiens;15221;2023-11-04;PP_001UNWV;OR666553.1;Automated Ingest from INSDC/NCBI Virus by Loculus;OPEN;https://pathoplexus.org/about/terms-of-use/open-data;;0.9988834154351396;;;OR666553.1;;;RSVA/20200043/BJ/CHN/2020.01.13;0;0
PP_001UP5B.1;A.D.5;2020-02-04;China;;"Li, F.; Zhu, Y.; Chen, X.";Beijing Children's Hospital, Capital Medical University, Laboratory of Infection and Virology;Homo sapiens;15222;2023-11-04;PP_001UP5B;OR666562.1;Automated Ingest from INSDC/NCBI Virus by Loculus;OPEN;https://pathoplexus.org/about/terms-of-use/open-data;;0.9996059113300493;;;OR666562.1;;;RSVA/20200132/BJ/CHN/2020.02.04;0;0
PP_001UP85.1;A.D.3;2020-02-11;China;;"Li, F.; Zhu, Y.; Chen, X.";Beijing Children's Hospital, Capital Medical University, Laboratory of Infection and Virology;Homo sapiens;15193;2023-11-04;PP_001UP85;OR666565.1;Automated Ingest from INSDC/NCBI Virus by Loculus;OPEN;https://pathoplexus.org/about/terms-of-use/open-data;;0.9975697865353038;;;OR666565.1;;;RSVA/20200284/BJ/CHN/2020.02.11;0;0
PP_001UPHL.1;A.3;2000-02-11;Germany;;"Kondgen, S.; Reiche, J.";Robert Koch Institut;Homo sapiens;15173;2024-02-13;PP_001UPHL;OR795292.1;Automated Ingest from INSDC/NCBI Virus by Loculus;OPEN;https://pathoplexus.org/about/terms-of-use/open-data;;0.9993431855500821;;;OR795292.1;;;hRSV/A/Germany/00-02128/2000;0;0
PP_001UPJJ.1;A.3;2000-02-17;Germany;;"Kondgen, S.; Reiche, J.";Robert Koch Institut;Homo sapiens;15173;2024-02-13;PP_001UPJJ;OR795293.1;Automated Ingest from INSDC/NCBI Virus by Loculus;OPEN;https://pathoplexus.org/about/terms-of-use/open-data;;0.9993431855500821;;;OR795293.1;;;hRSV/A/Germany/00-02234/2000;0;0
PP_001UPKG.1;A.2.1;2000-02-23;Germany;;"Kondgen, S.; Reiche, J.";Robert Koch Institut;Homo sapiens;15169;2024-02-13;PP_001UPKG;OR795294.1;Automated Ingest from INSDC/NCBI Virus by Loculus;OPEN;https://pathoplexus.org/about/terms-of-use/open-data;;0.9993431855500821;;;OR795294.1;;;hRSV/A/Germany/00-02321/2000;0;0
PP_001UPLE.1;A.2.1.1;2000-03-07;Germany;;"Kondgen, S.; Reiche, J.";Robert Koch Institut;Homo sapiens;15172;2024-02-13;PP_001UPLE;OR795295.1;Automated Ingest from INSDC/NCBI Virus by Loculus;OPEN;https://pathoplexus.org/about/terms-of-use/open-data;;0.9993431855500821;;;OR795295.1;;;hRSV/A/Germany/00-02433/2000;0;0
PP_001UPMC.1;A.3;2000-03-20;Germany;;"Kondgen, S.; Reiche, J.";Robert Koch Institut;Homo sapiens;15170;2024-02-13;PP_001UPMC;OR795296.1;Automated Ingest from INSDC/NCBI Virus by Loculus;OPEN;https://pathoplexus.org/about/terms-of-use/open-data;;0.9992775041050903;;;OR795296.1;;;hRSV/A/Germany/00-02504/2000;0;0
PP_001UPNA.1;A.3;2001-02-05;Germany;;"Kondgen, S.; Reiche, J.";Robert Koch Institut;Homo sapiens;15173;2024-02-13;PP_001UPNA;OR795297.1;Automated Ingest from INSDC/NCBI Virus by Loculus;OPEN;https://pathoplexus.org/about/terms-of-use/open-data;;0.9993431855500821;;;OR795297.1;;;hRSV/A/Germany/01-01600/2001;0;0
PP_001UPP8.1;A.2.1;2001-02-05;Germany;;"Kondgen, S.; Reiche, J.";Robert Koch Institut;Homo sapiens;15174;2024-02-13;PP_001UPP8;OR795298.1;Automated Ingest from INSDC/NCBI Virus by Loculus;OPEN;https://pathoplexus.org/about/terms-of-use/open-data;;0.9993431855500821;;;OR795298.1;;;hRSV/A/Germany/01-01609/2001;0;0
PP_001UPQ6.1;A.3;2001-03-27;Germany;;"Kondgen, S.; Reiche, J.";Robert Koch Institut;Homo sapiens;15169;2024-02-13;PP_001UPQ6;OR795299.1;Automated Ingest from INSDC/NCBI Virus by Loculus;OPEN;https://pathoplexus.org/about/terms-of-use/open-data;;0.9993431855500821;;;OR795299.1;;;hRSV/A/Germany/01-02630/2001;0;0
PP_001UPR4.1;A.2.1.1;2001-03-29;Germany;;"Kondgen, S.; Reiche, J.";Robert Koch Institut;Homo sapiens;15174;2024-02-13;PP_001UPR4;OR795300.1;Automated Ingest from INSDC/NCBI Virus by Loculus;OPEN;https://pathoplexus.org/about/terms-of-use/open-data;;0.9993431855500821;;;OR795300.1;;;hRSV/A/Germany/01-02679/2001;0;0
PP_001UPS2.1;A.2.1;2002-01-29;Germany;;"Kondgen, S.; Reiche, J.";Robert Koch Institut;Homo sapiens;15174;2024-02-13;PP_001UPS2;OR795301.1;Automated Ingest from INSDC/NCBI Virus by Loculus;OPEN;https://pathoplexus.org/about/terms-of-use/open-data;;0.9993431855500821;;;OR795301.1;;;hRSV/A/Germany/02-00980/2002;0;0
PP_001UPT0.1;A.2.1.1;2002-02-16;Germany;;"Kondgen, S.; Reiche, J.";Robert Koch Institut;Homo sapiens;15135;2024-02-13;PP_001UPT0;OR795302.1;Automated Ingest from INSDC/NCBI Virus by Loculus;OPEN;https://pathoplexus.org/about/terms-of-use/open-data;;0.9982266009852216;;;OR795302.1;;;hRSV/A/Germany/02-01284/2002;0;0
PP_001UPUY.1;A.3;2002-03-26;Germany;;"Kondgen, S.; Reiche, J.";Robert Koch Institut;Homo sapiens;15169;2024-02-13;PP_001UPUY;OR795303.1;Automated Ingest from INSDC/NCBI Virus by Loculus;OPEN;https://pathoplexus.org/about/terms-of-use/open-data;;0.9993431855500821;;;OR795303.1;;;hRSV/A/Germany/02-02431/2002;0;0
PP_001UPVW.1;A.3;2002-04-25;Germany;;"Kondgen, S.; Reiche, J.";Robert Koch Institut;Homo sapiens;15162;2024-02-13;PP_001UPVW;OR795304.1;Automated Ingest from INSDC/NCBI Virus by Loculus;OPEN;https://pathoplexus.org/about/terms-of-use/open-data;;0.9993431855500821;;;OR795304.1;;;hRSV/A/Germany/02-02688/2002;0;0
PP_001UPWU.1;A.3;2002-10-25;Germany;;"Kondgen, S.; Reiche, J.";Robert Koch Institut;Homo sapiens;15168;2024-02-13;PP_001UPWU;OR795305.1;Automated Ingest from INSDC/NCBI Virus by Loculus;OPEN;https://pathoplexus.org/about/terms-of-use/open-data;;0.999080459770115;;;OR795305.1;;;hRSV/A/Germany/03-00082/2002;0;0
PP_001UPXS.1;A.2.1.1;2002-12-12;Germany;;"Kondgen, S.; Reiche, J.";Robert Koch Institut;Homo sapiens;15160;2024-02-13;PP_001UPXS;OR795306.1;Automated Ingest from INSDC/NCBI Virus by Loculus;OPEN;https://pathoplexus.org/about/terms-of-use/open-data;;0.9993431855500821;;;OR795306.1;;;hRSV/A/Germany/03-00557/2002;0;0
PP_001UPYQ.1;A.3;2002-12-16;Germany;;"Kondgen, S.; Reiche, J.";Robert Koch Institut;Homo sapiens;15161;2024-02-13;PP_001UPYQ;OR795307.1;Automated Ingest from INSDC/NCBI Virus by Loculus;OPEN;https://pathoplexus.org/about/terms-of-use/open-data;;0.9993431855500821;;;OR795307.1;;;hRSV/A/Germany/03-00597/2002;0;0
PP_001UPZN.1;A.2.1;2003-02-04;Germany;;"Kondgen, S.; Reiche, J.";Robert Koch Institut;Homo sapiens;15133;2024-02-13;PP_001UPZN;OR795308.1;Automated Ingest from INSDC/NCBI Virus by Loculus;OPEN;https://pathoplexus.org/about/terms-of-use/open-data;;0.9982922824302135;;;OR795308.1;;;hRSV/A/Germany/03-01038/2003;0;0
PP_001UQ0L.1;A.2.1;2004-01-21;Germany;;"Kondgen, S.; Reiche, J.";Robert Koch Institut;Homo sapiens;15174;2024-02-13;PP_001UQ0L;OR795309.1;Automated Ingest from INSDC/NCBI Virus by Loculus;OPEN;https://pathoplexus.org/about/terms-of-use/open-data;;0.9993431855500821;;;OR795309.1;;;hRSV/A/Germany/04-01144/2004;0;0
PP_001UQ1J.1;A.2.1.1;2004-02-07;Germany;;"Kondgen, S.; Reiche, J.";Robert Koch Institut;Homo sapiens;15161;2024-02-13;PP_001UQ1J;OR795310.1;Automated Ingest from INSDC/NCBI Virus by Loculus;OPEN;https://pathoplexus.org/about/terms-of-use/open-data;;0.9993431855500821;;;OR795310.1;;;hRSV/A/Germany/04-01612/2004;0;0
PP_001UQ2G.1;A.2.1.1;2004-02-15;Germany;;"Kondgen, S.; Reiche, J.";Robert Koch Institut;Homo sapiens;15174;2024-02-13;PP_001UQ2G;OR795311.1;Automated Ingest from INSDC/NCBI Virus by Loculus;OPEN;https://pathoplexus.org/about/terms-of-use/open-data;;0.9993431855500821;;;OR795311.1;;;hRSV/A/Germany/04-01889/2004;0;0
PP_001UQ3E.1;A.3;2004-02-17;Germany;;"Kondgen, S.; Reiche, J.";Robert Koch Institut;Homo sapiens;15173;2024-02-13;PP_001UQ3E;OR795312.1;Automated Ingest from INSDC/NCBI Virus by Loculus;OPEN;https://pathoplexus.org/about/terms-of-use/open-data;;0.9993431855500821;;;OR795312.1;;;hRSV/A/Germany/04-01960/2004;0;0
PP_001UQ4C.1;A.2.1.1;2004-12-17;Germany;;"Kondgen, S.; Reiche, J.";Robert Koch Institut;Homo sapiens;15169;2024-02-13;PP_001UQ4C;OR795313.1;Automated Ingest from INSDC/NCBI Virus by Loculus;OPEN;https://pathoplexus.org/about/terms-of-use/open-data;;0.9993431855500821;;;OR795313.1;;;hRSV/A/Germany/05-00643/2004;0;0
PP_001UQ5A.1;A.3;2005-01-06;Germany;;"Kondgen, S.; Reiche, J.";Robert Koch Institut;Homo sapiens;15174;2024-02-13;PP_001UQ5A;OR795314.1;Automated Ingest from INSDC/NCBI Virus by Loculus;OPEN;https://pathoplexus.org/about/terms-of-use/open-data;;0.9993431855500821;;;OR795314.1;;;hRSV/A/Germany/05-00877/2005;0;0
PP_001UQ68.1;A.3;2005-01-11;Germany;;"Kondgen, S.; Reiche, J.";Robert Koch Institut;Homo sapiens;15155;2024-02-13;PP_001UQ68;OR795315.1;Automated Ingest from INSDC/NCBI Virus by Loculus;OPEN;https://pathoplexus.org/about/terms-of-use/open-data;;0.9992775041050903;;;OR795315.1;;;hRSV/A/Germany/05-00962/2005;0;0
PP_001UQ76.1;A.2.1;2005-02-03;Germany;;"Kondgen, S.; Reiche, J.";Robert Koch Institut;Homo sapiens;15173;2024-02-13;PP_001UQ76;OR795316.1;Automated Ingest from INSDC/NCBI Virus by Loculus;OPEN;https://pathoplexus.org/about/terms-of-use/open-data;;0.9993431855500821;;;OR795316.1;;;hRSV/A/Germany/05-01521/2005;0;0
PP_001UQ84.1;A.2.1;2005-02-14;Germany;;"Kondgen, S.; Reiche, J.";Robert Koch Institut;Homo sapiens;15161;2024-02-13;PP_001UQ84;OR795317.1;Automated Ingest from INSDC/NCBI Virus by Loculus;OPEN;https://pathoplexus.org/about/terms-of-use/open-data;;0.9993431855500821;;;OR795317.1;;;hRSV/A/Germany/05-02141/2005;0;0
PP_001UQ92.1;A.3.1;2006-01-27;Germany;;"Kondgen, S.; Reiche, J.";Robert Koch Institut;Homo sapiens;15164;2024-02-13;PP_001UQ92;OR795318.1;Automated Ingest from INSDC/NCBI Virus by Loculus;OPEN;https://pathoplexus.org/about/terms-of-use/open-data;;0.9993431855500821;;;OR795318.1;;;hRSV/A/Germany/06-01244/2006;0;0
PP_001UQA0.1;A.2.1;2006-02-10;Germany;;"Kondgen, S.; Reiche, J.";Robert Koch Institut;Homo sapiens;15171;2024-02-13;PP_001UQA0;OR795319.1;Automated Ingest from INSDC/NCBI Virus by Loculus;OPEN;https://pathoplexus.org/about/terms-of-use/open-data;;0.9993431855500821;;;OR795319.1;;;hRSV/A/Germany/06-01417/2006;0;0
PP_001UQBY.1;A.2.1.1;2006-03-29;Germany;;"Kondgen, S.; Reiche, J.";Robert Koch Institut;Homo sapiens;15177;2024-02-13;PP_001UQBY;OR795320.1;Automated Ingest from INSDC/NCBI Virus by Loculus;OPEN;https://pathoplexus.org/about/terms-of-use/open-data;;0.9993431855500821;;;OR795320.1;;;hRSV/A/Germany/06-02671/2006;0;0
PP_001UQCW.1;A.3;2006-04-11;Germany;;"Kondgen, S.; Reiche, J.";Robert Koch Institut;Homo sapiens;15173;2024-02-13;PP_001UQCW;OR795321.1;Automated Ingest from INSDC/NCBI Virus by Loculus;OPEN;https://pathoplexus.org/about/terms-of-use/open-data;;0.9993431855500821;;;OR795321.1;;;hRSV/A/Germany/06-03114/2006;0;0
PP_001UQDU.1;A.3;2007-02-05;Germany;;"Kondgen, S.; Reiche, J.";Robert Koch Institut;Homo sapiens;15166;2024-02-13;PP_001UQDU;OR795322.1;Automated Ingest from INSDC/NCBI Virus by Loculus;OPEN;https://pathoplexus.org/about/terms-of-use/open-data;;0.9993431855500821;;;OR795322.1;;;hRSV/A/Germany/07-01176/2007;0;0
PP_001UQES.1;A.2.1.1;2007-02-12;Germany;;"Kondgen, S.; Reiche, J.";Robert Koch Institut;Homo sapiens;15168;2024-02-13;PP_001UQES;OR795323.1;Automated Ingest from INSDC/NCBI Virus by Loculus;OPEN;https://pathoplexus.org/about/terms-of-use/open-data;;0.9993431855500821;;;OR795323.1;;;hRSV/A/Germany/07-01529/2007;0;0
PP_001UQFQ.1;A.2.1;2007-03-05;Germany;;"Kondgen, S.; Reiche, J.";Robert Koch Institut;Homo sapiens;15166;2024-02-13;PP_001UQFQ;OR795324.1;Automated Ingest from INSDC/NCBI Virus by Loculus;OPEN;https://pathoplexus.org/about/terms-of-use/open-data;;0.9992775041050903;;;OR795324.1;;;hRSV/A/Germany/07-02759/2007;0;0
PP_001UQGN.1;A.2.1.1;2008-02-25;Germany;;"Kondgen, S.; Reiche, J.";Robert Koch Institut;Homo sapiens;15175;2024-02-13;PP_001UQGN;OR795325.1;Automated Ingest from INSDC/NCBI Virus by Loculus;OPEN;https://pathoplexus.org/about/terms-of-use/open-data;;0.9993431855500821;;;OR795325.1;;;hRSV/A/Germany/08-02097/2008;0;0
PP_001UQHK.1;A.2.1;2008-04-02;Germany;;"Kondgen, S.; Reiche, J.";Robert Koch Institut;Homo sapiens;15179;2024-02-13;PP_001UQHK;OR795326.1;Automated Ingest from INSDC/NCBI Virus by Loculus;OPEN;https://pathoplexus.org/about/terms-of-use/open-data;;0.9993431855500821;;;OR795326.1;;;hRSV/A/Germany/08-02984/2008;0;0
PP_001UQJH.1;A.3.1;2008-04-22;Germany;;"Kondgen, S.; Reiche, J.";Robert Koch Institut;Homo sapiens;15161;2024-02-13;PP_001UQJH;OR795327.1;Automated Ingest from INSDC/NCBI Virus by Loculus;OPEN;https://pathoplexus.org/about/terms-of-use/open-data;;0.9993431855500821;;;OR795327.1;;;hRSV/A/Germany/08-03173/2008;0;0
PP_001UQKF.1;A.3.1;2009-02-18;Germany;;"Kondgen, S.; Reiche, J.";Robert Koch Institut;Homo sapiens;15157;2024-02-13;PP_001UQKF;OR795328.1;Automated Ingest from INSDC/NCBI Virus by Loculus;OPEN;https://pathoplexus.org/about/terms-of-use/open-data;;0.9991461412151067;;;OR795328.1;;;hRSV/A/Germany/09-03766/2009;0;0
PP_001UQMB.1;A.3.1.1;2010-04-24;Germany;;"Kondgen, S.; Reiche, J.";Robert Koch Institut;Homo sapiens;15167;2024-02-13;PP_001UQMB;OR795330.1;Automated Ingest from INSDC/NCBI Virus by Loculus;OPEN;https://pathoplexus.org/about/terms-of-use/open-data;;0.9993431855500821;;;OR795330.1;;;hRSV/A/Germany/10-04112/2010;0;0
PP_001UQN9.1;A.3;2010-12-27;Germany;;"Kondgen, S.; Reiche, J.";Robert Koch Institut;Homo sapiens;15164;2024-02-13;PP_001UQN9;OR795331.1;Automated Ingest from INSDC/NCBI Virus by Loculus;OPEN;https://pathoplexus.org/about/terms-of-use/open-data;;0.9992775041050903;;;OR795331.1;;;hRSV/A/Germany/11-00752/2010;0;0
PP_001UQP7.1;A.3.1;2011-01-10;Germany;;"Kondgen, S.; Reiche, J.";Robert Koch Institut;Homo sapiens;15167;2024-02-13;PP_001UQP7;OR795332.1;Automated Ingest from INSDC/NCBI Virus by Loculus;OPEN;https://pathoplexus.org/about/terms-of-use/open-data;;0.9993431855500821;;;OR795332.1;;;hRSV/A/Germany/11-00953/2011;0;0
PP_001UQQ5.1;A.3.1.1;2011-01-10;Germany;;"Kondgen, S.; Reiche, J.";Robert Koch Institut;Homo sapiens;15161;2024-02-13;PP_001UQQ5;OR795333.1;Automated Ingest from INSDC/NCBI Virus by Loculus;OPEN;https://pathoplexus.org/about/terms-of-use/open-data;;0.9991461412151067;;;OR795333.1;;;hRSV/A/Germany/11-01119/2011;0;0
PP_001UQZM.1;A.D;2013-04-29;Germany;;"Kondgen, S.; Reiche, J.";Robert Koch Institut;Homo sapiens;15268;2024-02-13;PP_001UQZM;OR795342.1;Automated Ingest from INSDC/NCBI Virus by Loculus;OPEN;https://pathoplexus.org/about/terms-of-use/open-data;;1.0;;;OR795342.1;;;hRSV/A/Germany/13-05911/2013;0;0
PP_001UR0K.1;A.D;2013-12-30;Germany;;"Kondgen, S.; Reiche, J.";Robert Koch Institut;Homo sapiens;15253;2024-02-13;PP_001UR0K;OR795343.1;Automated Ingest from INSDC/NCBI Virus by Loculus;OPEN;https://pathoplexus.org/about/terms-of-use/open-data;;1.0;;;OR795343.1;;;hRSV/A/Germany/14-00984/2013;0;0
PP_001UR1H.1;A.D;2014-02-03;Germany;;"Kondgen, S.; Reiche, J.";Robert Koch Institut;Homo sapiens;15255;2024-02-13;PP_001UR1H;OR795344.1;Automated Ingest from INSDC/NCBI Virus by Loculus;OPEN;https://pathoplexus.org/about/terms-of-use/open-data;;1.0;;;OR795344.1;;;hRSV/A/Germany/14-01559/2014;0;0
PP_001UR4B.1;A.D;2014-03-18;Germany;;"Kondgen, S.; Reiche, J.";Robert Koch Institut;Homo sapiens;15252;2024-02-13;PP_001UR4B;OR795347.1;Automated Ingest from INSDC/NCBI Virus by Loculus;OPEN;https://pathoplexus.org/about/terms-of-use/open-data;;1.0;;;OR795347.1;;;hRSV/A/Germany/14-02853/2014;0;0
PP_001UR59.1;A.D;2014-12-02;Germany;;"Kondgen, S.; Reiche, J.";Robert Koch Institut;Homo sapiens;15249;2024-02-13;PP_001UR59;OR795348.1;Automated Ingest from INSDC/NCBI Virus by Loculus;OPEN;https://pathoplexus.org/about/terms-of-use/open-data;;1.0;;;OR795348.1;;;hRSV/A/Germany/15-00817/2014;0;0
PP_001UR67.1;A.D;2014-12-27;Germany;;"Kondgen, S.; Reiche, J.";Robert Koch Institut;Homo sapiens;15243;2024-02-13;PP_001UR67;OR795349.1;Automated Ingest from INSDC/NCBI Virus by Loculus;OPEN;https://pathoplexus.org/about/terms-of-use/open-data;;1.0;;;OR795349.1;;;hRSV/A/Germany/15-01353/2014;0;0
PP_001UR83.1;A.D;2015-03-05;Germany;;"Kondgen, S.; Reiche, J.";Robert Koch Institut;Homo sapiens;15249;2024-02-13;PP_001UR83;OR795351.1;Automated Ingest from INSDC/NCBI Virus by Loculus;OPEN;https://pathoplexus.org/about/terms-of-use/open-data;;1.0;;;OR795351.1;;;hRSV/A/Germany/15-04041/2015;0;0
PP_001UR91.1;A.D;2015-12-14;Germany;;"Kondgen, S.; Reiche, J.";Robert Koch Institut;Homo sapiens;15244;2024-02-13;PP_001UR91;OR795352.1;Automated Ingest from INSDC/NCBI Virus by Loculus;OPEN;https://pathoplexus.org/about/terms-of-use/open-data;;1.0;;;OR795352.1;;;hRSV/A/Germany/16-00842/2015;0;0
PP_001URAZ.1;A.D;2016-02-02;Germany;;"Kondgen, S.; Reiche, J.";Robert Koch Institut;Homo sapiens;15246;2024-02-13;PP_001URAZ;OR795353.1;Automated Ingest from INSDC/NCBI Virus by Loculus;OPEN;https://pathoplexus.org/about/terms-of-use/open-data;;1.0;;;OR795353.1;;;hRSV/A/Germany/16-01800/2016;0;0
PP_001URDT.1;A.D.1;2016-12-13;Germany;;"Kondgen, S.; Reiche, J.";Robert Koch Institut;Homo sapiens;15238;2024-02-13;PP_001URDT;OR795356.1;Automated Ingest from INSDC/NCBI Virus by Loculus;OPEN;https://pathoplexus.org/about/terms-of-use/open-data;;0.9998686371100164;;;OR795356.1;;;hRSV/A/Germany/17-01161/2016;0;0
PP_001URER.1;A.D.2.2;2017-01-09;Germany;;"Kondgen, S.; Reiche, J.";Robert Koch Institut;Homo sapiens;15270;2024-02-13;PP_001URER;OR795357.1;Automated Ingest from INSDC/NCBI Virus by Loculus;OPEN;https://pathoplexus.org/about/terms-of-use/open-data;;1.0;;;OR795357.1;;;hRSV/A/Germany/17-01795/2017;0;0
PP_001URFP.1;A.D;2017-01-23;Germany;;"Kondgen, S.; Reiche, J.";Robert Koch Institut;Homo sapiens;15263;2024-02-13;PP_001URFP;OR795358.1;Automated Ingest from INSDC/NCBI Virus by Loculus;OPEN;https://pathoplexus.org/about/terms-of-use/open-data;;1.0;;;OR795358.1;;;hRSV/A/Germany/17-02326/2017;0;0
PP_001URJG.1;A.D.2.2.1;2017-11-24;Germany;;"Kondgen, S.; Reiche, J.";Robert Koch Institut;Homo sapiens;15255;2024-02-13;PP_001URJG;OR795361.1;Automated Ingest from INSDC/NCBI Virus by Loculus;OPEN;https://pathoplexus.org/about/terms-of-use/open-data;;1.0;;;OR795361.1;;;hRSV/A/Germany/18-00988/2017;0;0
PP_001URLC.1;A.D;2018-02-06;Germany;;"Kondgen, S.; Reiche, J.";Robert Koch Institut;Homo sapiens;15237;2024-02-13;PP_001URLC;OR795363.1;Automated Ingest from INSDC/NCBI Virus by Loculus;OPEN;https://pathoplexus.org/about/terms-of-use/open-data;;0.9996059113300493;;;OR795363.1;;;hRSV/A/Germany/18-03012/2018;0;0
PP_001USBW.1;A.D.5;2020-02-03;Germany;;"Kondgen, S.; Reiche, J.";Robert Koch Institut;Homo sapiens;15235;2024-02-13;PP_001USBW;OR795388.1;Automated Ingest from INSDC/NCBI Virus by Loculus;OPEN;https://pathoplexus.org/about/terms-of-use/open-data;;1.0;;;OR795388.1;;;hRSV/A/Germany/20-01942/2020;0;0
PP_001USSZ.1;A.D.1;2020-02-25;Germany;;"Kondgen, S.; Reiche, J.";Robert Koch Institut;Homo sapiens;15239;2024-02-13;PP_001USSZ;OR795403.1;Automated Ingest from INSDC/NCBI Virus by Loculus;OPEN;https://pathoplexus.org/about/terms-of-use/open-data;;1.0;;;OR795403.1;;;hRSV/A/Germany/20-02746/2020;0;0
PP_001UT57.1;A.D.3;2021-09-09;Germany;;"Kondgen, S.; Reiche, J.";Robert Koch Institut;Homo sapiens;15260;2024-02-13;PP_001UT57;OR795416.1;Automated Ingest from INSDC/NCBI Virus by Loculus;OPEN;https://pathoplexus.org/about/terms-of-use/open-data;;1.0;;;OR795416.1;;;hRSV/A/Germany/21-06819/2021;0;0
PP_001UT73.1;A.D.1;2021-09-10;Germany;;"Kondgen, S.; Reiche, J.";Robert Koch Institut;Homo sapiens;15272;2024-02-13;PP_001UT73;OR795418.1;Automated Ingest from INSDC/NCBI Virus by Loculus;OPEN;https://pathoplexus.org/about/terms-of-use/open-data;;1.0;;;OR795418.1;;;hRSV/A/Germany/21-07063/2021;0;0
PP_001UTAX.1;A.D.1;2021-09-28;Germany;;"Kondgen, S.; Reiche, J.";Robert Koch Institut;Homo sapiens;15229;2024-02-13;PP_001UTAX;OR795421.1;Automated Ingest from INSDC/NCBI Virus by Loculus;OPEN;https://pathoplexus.org/about/terms-of-use/open-data;;0.9996059113300493;;;OR795421.1;;;hRSV/A/Germany/21-07326/2021;0;0
PP_001UTBV.1;A.D.5;2021-09-25;Germany;;"Kondgen, S.; Reiche, J.";Robert Koch Institut;Homo sapiens;15158;2024-02-13;PP_001UTBV;OR795422.1;Automated Ingest from INSDC/NCBI Virus by Loculus;OPEN;https://pathoplexus.org/about/terms-of-use/open-data;;0.9950738916256158;;;OR795422.1;;;hRSV/A/Germany/21-07357/2021;0;0
PP_001UTHG.1;A.D.5;2021-10-13;Germany;;"Kondgen, S.; Reiche, J.";Robert Koch Institut;Homo sapiens;15272;2024-02-13;PP_001UTHG;OR795428.1;Automated Ingest from INSDC/NCBI Virus by Loculus;OPEN;https://pathoplexus.org/about/terms-of-use/open-data;;1.0;;;OR795428.1;;;hRSV/A/Germany/22-00458/2021;0;0
PP_001UTKC.1;A.D.5.2;2021-10-20;Germany;;"Kondgen, S.; Reiche, J.";Robert Koch Institut;Homo sapiens;15251;2024-02-13;PP_001UTKC;OR795430.1;Automated Ingest from INSDC/NCBI Virus by Loculus;OPEN;https://pathoplexus.org/about/terms-of-use/open-data;;1.0;;;OR795430.1;;;hRSV/A/Germany/22-00668/2021;0;0
PP_001UTN6.1;A.D.5;2021-10-21;Germany;;"Kondgen, S.; Reiche, J.";Robert Koch Institut;Homo sapiens;15215;2024-02-13;PP_001UTN6;OR795433.1;Automated Ingest from INSDC/NCBI Virus by Loculus;OPEN;https://pathoplexus.org/about/terms-of-use/open-data;;0.9996059113300493;;;OR795433.1;;;hRSV/A/Germany/22-00726/2021;0;0
PP_001UTP4.1;A.D.3.1;2021-10-24;Germany;;"Kondgen, S.; Reiche, J.";Robert Koch Institut;Homo sapiens;15251;2024-02-13;PP_001UTP4;OR795434.1;Automated Ingest from INSDC/NCBI Virus by Loculus;OPEN;https://pathoplexus.org/about/terms-of-use/open-data;;1.0;;;OR795434.1;;;hRSV/A/Germany/22-00730/2021;0;0
PP_001UTSY.1;A.D.3;2021-10-20;Germany;;"Kondgen, S.; Reiche, J.";Robert Koch Institut;Homo sapiens;15235;2024-02-13;PP_001UTSY;OR795437.1;Automated Ingest from INSDC/NCBI Virus by Loculus;OPEN;https://pathoplexus.org/about/terms-of-use/open-data;;0.9997372742200329;;;OR795437.1;;;hRSV/A/Germany/22-00766/2021;0;0
PP_001UTWQ.1;A.D.1;2021-10-26;Germany;;"Kondgen, S.; Reiche, J.";Robert Koch Institut;Homo sapiens;15241;2024-02-13;PP_001UTWQ;OR795441.1;Automated Ingest from INSDC/NCBI Virus by Loculus;OPEN;https://pathoplexus.org/about/terms-of-use/open-data;;1.0;;;OR795441.1;;;hRSV/A/Germany/22-00946/2021;0;0
PP_001UU0G.1;A.D.3.1;2021-11-04;Germany;;"Kondgen, S.; Reiche, J.";Robert Koch Institut;Homo sapiens;15231;2024-02-13;PP_001UU0G;OR795445.1;Automated Ingest from INSDC/NCBI Virus by Loculus;OPEN;https://pathoplexus.org/about/terms-of-use/open-data;;0.9996059113300493;;;OR795445.1;;;hRSV/A/Germany/22-01193/2021;0;0
PP_001UU48.1;A.D.5.2;2021-11-09;Germany;;"Kondgen, S.; Reiche, J.";Robert Koch Institut;Homo sapiens;15235;2024-02-13;PP_001UU48;OR795449.1;Automated Ingest from INSDC/NCBI Virus by Loculus;OPEN;https://pathoplexus.org/about/terms-of-use/open-data;;1.0;;;OR795449.1;;;hRSV/A/Germany/22-01311/2021;0;0
PP_001UU80.1;A.D.3;2021-11-11;Germany;;"Kondgen, S.; Reiche, J.";Robert Koch Institut;Homo sapiens;15259;2024-02-13;PP_001UU80;OR795453.1;Automated Ingest from INSDC/NCBI Virus by Loculus;OPEN;https://pathoplexus.org/about/terms-of-use/open-data;;1.0;;;OR795453.1;;;hRSV/A/Germany/22-01517/2021;0;0
PP_001UUAW.1;A.D.1;2021-11-19;Germany;;"Kondgen, S.; Reiche, J.";Robert Koch Institut;Homo sapiens;15231;2024-02-13;PP_001UUAW;OR795455.1;Automated Ingest from INSDC/NCBI Virus by Loculus;OPEN;https://pathoplexus.org/about/terms-of-use/open-data;;0.9996059113300493;;;OR795455.1;;;hRSV/A/Germany/22-01741/2021;0;0
PP_001UUCS.1;A.D.5.2;2021-11-22;Germany;;"Kondgen, S.; Reiche, J.";Robert Koch Institut;Homo sapiens;15129;2024-02-13;PP_001UUCS;OR795457.1;Automated Ingest from INSDC/NCBI Virus by Loculus;OPEN;https://pathoplexus.org/about/terms-of-use/open-data;;0.9931691297208538;;;OR795457.1;;;hRSV/A/Germany/22-01974/2021;0;0
PP_001UUEN.1;A.D.3;2021-11-26;Germany;;"Kondgen, S.; Reiche, J.";Robert Koch Institut;Homo sapiens;15243;2024-02-13;PP_001UUEN;OR795459.1;Automated Ingest from INSDC/NCBI Virus by Loculus;OPEN;https://pathoplexus.org/about/terms-of-use/open-data;;1.0;;;OR795459.1;;;hRSV/A/Germany/22-02018/2021;0;0
PP_001UUGJ.1;A.D.5.2;2021-11-25;Germany;;"Kondgen, S.; Reiche, J.";Robert Koch Institut;Homo sapiens;15229;2024-02-13;PP_001UUGJ;OR795461.1;Automated Ingest from INSDC/NCBI Virus by Loculus;OPEN;https://pathoplexus.org/about/terms-of-use/open-data;;0.999671592775041;;;OR795461.1;;;hRSV/A/Germany/22-02025/2021;0;0
PP_001UUL9.1;A.D.5;2021-12-07;Germany;;"Kondgen, S.; Reiche, J.";Robert Koch Institut;Homo sapiens;15240;2024-02-13;PP_001UUL9;OR795465.1;Automated Ingest from INSDC/NCBI Virus by Loculus;OPEN;https://pathoplexus.org/about/terms-of-use/open-data;;1.0;;;OR795465.1;;;hRSV/A/Germany/22-02320/2021;0;0
PP_001UURZ.1;A.D.5.2;2021-12-24;Germany;;"Kondgen, S.; Reiche, J.";Robert Koch Institut;Homo sapiens;15227;2024-02-13;PP_001UURZ;OR795470.1;Automated Ingest from INSDC/NCBI Virus by Loculus;OPEN;https://pathoplexus.org/about/terms-of-use/open-data;;0.9996059113300493;;;OR795470.1;;;hRSV/A/Germany/22-02775/2021;0;0
PP_001UUUT.1;A.D.5.2;2022-10-20;Germany;;"Kondgen, S.; Reiche, J.";Robert Koch Institut;Homo sapiens;15094;2024-02-13;PP_001UUUT;OR795473.1;Automated Ingest from INSDC/NCBI Virus by Loculus;OPEN;https://pathoplexus.org/about/terms-of-use/open-data;;0.9916584564860427;;;OR795473.1;;;hRSV/A/Germany/23-00435/2022;0;0
PP_001UUWP.1;A.D.3.5;2022-11-07;Germany;;"Kondgen, S.; Reiche, J.";Robert Koch Institut;Homo sapiens;15246;2024-02-13;PP_001UUWP;OR795475.1;Automated Ingest from INSDC/NCBI Virus by Loculus;OPEN;https://pathoplexus.org/about/terms-of-use/open-data;;1.0;;;OR795475.1;;;hRSV/A/Germany/23-00760/2022;0;0
PP_001UWUR.1;A.D.1.7;2022-09-28;USA;;"Gilbert, J.; Lauring, A. S.; Papalambros, L. K.";University of Michigan, Microbiology & Immunology;Homo sapiens;14426;2023-12-17;PP_001UWUR;OR872616.1;Automated Ingest from INSDC/NCBI Virus by Loculus;OPEN;https://pathoplexus.org/about/terms-of-use/open-data;;0.9098193760262726;;;OR872616.1;;;hRSV-A-W13K20X6;0;574
PP_001UZ51.1;A.D.1.5;2022-11-07;USA;;"Lauring, A. S.; Papalambros, L. K.; Fitzsimmons, W. J.; Gilbert, J.";University of Michigan, Microbiology & Immunology;Homo sapiens;14428;2023-12-17;PP_001UZ51;OR883018.1;Automated Ingest from INSDC/NCBI Virus by Loculus;OPEN;https://pathoplexus.org/about/terms-of-use/open-data;;0.9074548440065682;;;OR883018.1;;;hRSV-A-HS16074;0;613
PP_001V131.1;A.D.1.4;2022-07-15;Australia;;Steinig JOACHIM, E.;VIDRL, Translational Diagnostics, 792 Elizabeth St, Melbourne VIC 3004;Homo sapiens;15256;2023-11-06;PP_001V131;OY757595.1;Automated Ingest from INSDC/NCBI Virus by Loculus;OPEN;https://pathoplexus.org/about/terms-of-use/open-data;SAMEA114578760;1.0;;;OY757595.1;;;DW-RAT-081;0;0
PP_001V14Z.1;A.D.1;2022-01-14;Australia;;Steinig JOACHIM, E.;VIDRL, Translational Diagnostics, 792 Elizabeth St, Melbourne VIC 3004;Homo sapiens;15275;2023-11-06;PP_001V14Z;OY757618.1;Automated Ingest from INSDC/NCBI Virus by Loculus;OPEN;https://pathoplexus.org/about/terms-of-use/open-data;SAMEA114578797;1.0;;;OY757618.1;;;DW-RAT-118;0;0
PP_001V17T.1;A.D;2022-11-28;Australia;;Steinig JOACHIM, E.;VIDRL, Translational Diagnostics, 792 Elizabeth St, Melbourne VIC 3004;Homo sapiens;14949;2023-11-06;PP_001V17T;OY757645.1;Automated Ingest from INSDC/NCBI Virus by Loculus;OPEN;https://pathoplexus.org/about/terms-of-use/open-data;SAMEA114578782;0.9564532019704434;;;OY757645.1;;;DW-RAT-103;5;382
PP_001V1CH.1;A.D;2015-05-13;Australia;;Steinig JOACHIM, E.;VIDRL, Translational Diagnostics, 792 Elizabeth St, Melbourne VIC 3004;Homo sapiens;15249;2023-11-06;PP_001V1CH;OY757819.1;Automated Ingest from INSDC/NCBI Virus by Loculus;OPEN;https://pathoplexus.org/about/terms-of-use/open-data;SAMEA114578730;0.999080459770115;;;OY757819.1;;;DW-RAT-051;4;10
PP_001V1DF.1;A.D.1;2017-09-11;Australia;;Steinig JOACHIM, E.;VIDRL, Translational Diagnostics, 792 Elizabeth St, Melbourne VIC 3004;Homo sapiens;15277;2023-11-06;PP_001V1DF;OY757821.1;Automated Ingest from INSDC/NCBI Virus by Loculus;OPEN;https://pathoplexus.org/about/terms-of-use/open-data;SAMEA114578746;1.0;;;OY757821.1;;;DW-RAT-067;0;0
PP_001V2DE.2;A.D.5.1;2024-02-22;Switzerland;;;ETH Zurich, Computational Evolution group, Mattenstrasse 26;Homo sapiens;15106;2025-02-18;PP_001V2DE;OZ224605.1;Automated Ingest from INSDC/NCBI Virus by Loculus;OPEN;https://pathoplexus.org/about/terms-of-use/open-data;SAMEA117701663;0.9948111658456487;;;OZ224605.1;ERR14376462;;Respiratory swabs;0;47
PP_001V4CE.1;A.D.2.2.1;2017-10-30;United Kingdom;;"Talts, T.; Kele, B.; Hoschler, K.; Zambon, M.";UK Health Security Agency, Virus Reference Department;Homo sapiens;15225;2024-01-28;PP_001V4CE;PP109421.1;Automated Ingest from INSDC/NCBI Virus by Loculus;OPEN;https://pathoplexus.org/about/terms-of-use/open-data;;1.0;;;PP109421.1;;;hRSV/A/England/397/2017;0;0
PP_001V4DC.1;A.D.3;2023-08-08;USA;Minnesota;"Kunerth, H. D.; Plumb, M.; Namugenyi, S.; Evans, D.; Wang, X.";Minnesota Department of Health, Public Health Laboratory - Infectious Disease Lab;Homo sapiens;15047;2024-01-28;PP_001V4DC;PP135009.1;Automated Ingest from INSDC/NCBI Virus by Loculus;OPEN;https://pathoplexus.org/about/terms-of-use/open-data;SAMN39195238;0.9707717569786535;;;PP135009.1;SRR27380618;;MN-MDH-RSVA-00012;0;267
PP_001V4EA.1;A.D.5.4;2023-08-25;USA;Minnesota;"Kunerth, H. D.; Plumb, M.; Namugenyi, S.; Evans, D.; Wang, X.";Minnesota Department of Health, Public Health Laboratory - Infectious Disease Lab;Homo sapiens;15046;2024-01-28;PP_001V4EA;PP135013.1;Automated Ingest from INSDC/NCBI Virus by Loculus;OPEN;https://pathoplexus.org/about/terms-of-use/open-data;SAMN39195239;0.9725451559934318;;;PP135013.1;SRR27380617;;MN-MDH-RSVA-00017;0;240
PP_001V4H3.1;A.D.1.6;2023-09-07;USA;Minnesota;"Kunerth, H. D.; Plumb, M.; Namugenyi, S.; Evans, D.; Wang, X.";Minnesota Department of Health, Public Health Laboratory - Infectious Disease Lab;Homo sapiens;15045;2024-01-28;PP_001V4H3;PP135017.1;Automated Ingest from INSDC/NCBI Virus by Loculus;OPEN;https://pathoplexus.org/about/terms-of-use/open-data;SAMN39195241;0.9882430213464696;;;PP135017.1;SRR27380615;;MN-MDH-RSVA-00021;0;1
PP_001V4LX.1;A.D.3.2;2023-09-18;USA;Minnesota;"Kunerth, H. D.; Plumb, M.; Namugenyi, S.; Evans, D.; Wang, X.";Minnesota Department of Health, Public Health Laboratory - Infectious Disease Lab;Homo sapiens;15047;2024-01-28;PP_001V4LX;PP135024.1;Automated Ingest from INSDC/NCBI Virus by Loculus;OPEN;https://pathoplexus.org/about/terms-of-use/open-data;SAMN39195244;0.9224302134646962;;;PP135024.1;SRR27380612;;MN-MDH-RSVA-00028;0;1003
PP_001V4TH.2;A.D.1.7;2022;USA;WA;"Goya, S.; Wendm, S.; Sereewit, J.; Shankar, R.; Kim, D. Y.; Greninger, A. L.";University of Washington Dept. Laboratory Medicine and Pathology, Virology Division;Homo sapiens;15173;2024-02-18;PP_001V4TH;PP203260.1;Automated Ingest from INSDC/NCBI Virus by Loculus;OPEN;https://pathoplexus.org/about/terms-of-use/open-data;;0.9999343185550083;;;PP203260.1;;;RSV/A/USA/398519/2022;1;0
PP_001V52Z.1;A.D.5.4;2023-10-01;USA;Minnesota;"Kunerth, H. D.; Plumb, M.; Namugenyi, S.; Evans, D.; Wang, X.";Minnesota Department of Health, Public Health Laboratory - Infectious Disease Lab;Homo sapiens;14858;2024-02-19;PP_001V52Z;PP237781.1;Automated Ingest from INSDC/NCBI Virus by Loculus;OPEN;https://pathoplexus.org/about/terms-of-use/open-data;SAMN39578664;0.909688013136289;;;PP237781.1;SRR27700202;;MN-MDH-RSVA-00046;0;1009
PP_001V57P.1;A.D.3.6;2023-10-09;USA;Minnesota;"Kunerth, H. D.; Plumb, M.; Namugenyi, S.; Evans, D.; Wang, X.";Minnesota Department of Health, Public Health Laboratory - Infectious Disease Lab;Homo sapiens;15049;2024-02-19;PP_001V57P;PP237786.1;Automated Ingest from INSDC/NCBI Virus by Loculus;OPEN;https://pathoplexus.org/about/terms-of-use/open-data;SAMN39578669;0.9123809523809524;;;PP237786.1;SRR27700191;;MN-MDH-RSVA-00055;0;1156
PP_001V73V.1;A.D.1.5;2023-11-30;USA;Oregon, Clackamas County;"Frazar, C. D.; Lee, J.; Ryke, E.; Gamboa, L.; McDermot, E.; Kolar, T.; Han, P. D.; Sibley, T. R.; Reinhart, D.; Grindstaff, S.; Truong, M.; Babu, T. M.; Feldstein, L. R.; Saydah, S.; Briggs-Hagen, M.; Casto, A.; Ehmen, B.; Englund, J. A.; Fortmann, S. P.; Kuntz, J. L.; Lockwood, T.; Midgley, C. M.; Mularski, R. A.; Ogilvie, T.; Opsahl, J.; Reich, S.; Rodriguez-Salas, L.; Schmidt, M. A.; Smith, N.; Starita, L.; Stone, J.; Vandermeer, M.; Weil, A. A.; Wolf, C. R.; Chu, H. Y.; Naleway, A. L.";The Brotman Baty Institute for Precision Medicine;Homo sapiens;15195;2024-02-26;PP_001V73V;PP342419.1;Automated Ingest from INSDC/NCBI Virus by Loculus;OPEN;https://pathoplexus.org/about/terms-of-use/open-data;SAMN39956609;0.9980952380952381;;;PP342419.1;;;RSV-A/human/USA/OR-S24679/2023;0;0
PP_001V8BC.2;A.D.1;2019-03;USA;;"Rios Guzman, E.; Simons, L. M.; Dean, T. J.; Agnes, F.; Pawlowski, A.; Alisoltanidehkordi, A.; Nam, H. H.; Ison, M. G.; Ozer, E. A.; Lorenzo-Redondo, R.; Hultquist, J. F.";Northwestern University, Medicine;Homo sapiens;15233;2024-02-27;PP_001V8BC;PP352297.1;Automated Ingest from INSDC/NCBI Virus by Loculus;OPEN;https://pathoplexus.org/about/terms-of-use/open-data;;1.0;;;PP352297.1;;;RSV-A/human/USA/IL-NM-RSV130/2019;0;0
PP_001V8F4.2;A.D.1;2018-11;USA;;"Rios Guzman, E.; Simons, L. M.; Dean, T. J.; Agnes, F.; Pawlowski, A.; Alisoltanidehkordi, A.; Nam, H. H.; Ison, M. G.; Ozer, E. A.; Lorenzo-Redondo, R.; Hultquist, J. F.";Northwestern University, Medicine;Homo sapiens;15233;2024-02-27;PP_001V8F4;PP352301.1;Automated Ingest from INSDC/NCBI Virus by Loculus;OPEN;https://pathoplexus.org/about/terms-of-use/open-data;;1.0;;;PP352301.1;;;RSV-A/human/USA/IL-NM-RSV175/2018;0;0
PP_001V8Z1.2;A.D.1;2019-01;USA;;"Rios Guzman, E.; Simons, L. M.; Dean, T. J.; Agnes, F.; Pawlowski, A.; Alisoltanidehkordi, A.; Nam, H. H.; Ison, M. G.; Ozer, E. A.; Lorenzo-Redondo, R.; Hultquist, J. F.";Northwestern University, Medicine;Homo sapiens;15234;2024-02-27;PP_001V8Z1;PP352319.1;Automated Ingest from INSDC/NCBI Virus by Loculus;OPEN;https://pathoplexus.org/about/terms-of-use/open-data;;1.0;;;PP352319.1;;;RSV-A/human/USA/IL-NM-RSV241/2019;0;0
PP_001V9NN.2;A.D.1;2022-11;USA;;"Rios Guzman, E.; Simons, L. M.; Dean, T. J.; Agnes, F.; Pawlowski, A.; Alisoltanidehkordi, A.; Nam, H. H.; Ison, M. G.; Ozer, E. A.; Lorenzo-Redondo, R.; Hultquist, J. F.";Northwestern University, Medicine;Homo sapiens;15087;2024-02-27;PP_001V9NN;PP352342.1;Automated Ingest from INSDC/NCBI Virus by Loculus;OPEN;https://pathoplexus.org/about/terms-of-use/open-data;;0.9714285714285714;;;PP352342.1;;;RSV-A/human/USA/IL-NM-RSV430/2022;0;286
PP_001V9QJ.2;A.D.1.4;2022-11;USA;;"Rios Guzman, E.; Simons, L. M.; Dean, T. J.; Agnes, F.; Pawlowski, A.; Alisoltanidehkordi, A.; Nam, H. H.; Ison, M. G.; Ozer, E. A.; Lorenzo-Redondo, R.; Hultquist, J. F.";Northwestern University, Medicine;Homo sapiens;15081;2024-02-27;PP_001V9QJ;PP352344.1;Automated Ingest from INSDC/NCBI Virus by Loculus;OPEN;https://pathoplexus.org/about/terms-of-use/open-data;;0.9900164203612479;;;PP352344.1;;;RSV-A/human/USA/IL-NM-RSV434/2022;0;0
PP_001V9RG.2;A.D.1.6;2022-11;USA;;"Rios Guzman, E.; Simons, L. M.; Dean, T. J.; Agnes, F.; Pawlowski, A.; Alisoltanidehkordi, A.; Nam, H. H.; Ison, M. G.; Ozer, E. A.; Lorenzo-Redondo, R.; Hultquist, J. F.";Northwestern University, Medicine;Homo sapiens;15080;2024-02-27;PP_001V9RG;PP352345.1;Automated Ingest from INSDC/NCBI Virus by Loculus;OPEN;https://pathoplexus.org/about/terms-of-use/open-data;;0.9815435139573071;;;PP352345.1;;;RSV-A/human/USA/IL-NM-RSV435/2022;0;128
PP_001V9SE.2;A.D.3.2;2022-10;USA;;"Rios Guzman, E.; Simons, L. M.; Dean, T. J.; Agnes, F.; Pawlowski, A.; Alisoltanidehkordi, A.; Nam, H. H.; Ison, M. G.; Ozer, E. A.; Lorenzo-Redondo, R.; Hultquist, J. F.";Northwestern University, Medicine;Homo sapiens;15082;2024-02-27;PP_001V9SE;PP352346.1;Automated Ingest from INSDC/NCBI Virus by Loculus;OPEN;https://pathoplexus.org/about/terms-of-use/open-data;;0.9899507389162562;;;PP352346.1;;;RSV-A/human/USA/IL-NM-RSV441/2022;0;0
PP_001V9V8.2;A.D.1.5;2022-10;USA;;"Rios Guzman, E.; Simons, L. M.; Dean, T. J.; Agnes, F.; Pawlowski, A.; Alisoltanidehkordi, A.; Nam, H. H.; Ison, M. G.; Ozer, E. A.; Lorenzo-Redondo, R.; Hultquist, J. F.";Northwestern University, Medicine;Homo sapiens;14834;2024-02-27;PP_001V9V8;PP352349.1;Automated Ingest from INSDC/NCBI Virus by Loculus;OPEN;https://pathoplexus.org/about/terms-of-use/open-data;;0.9621018062397373;;;PP352349.1;;;RSV-A/human/USA/IL-NM-RSV448/2022;0;175
PP_001VA5N.2;A.D.5.2;2022-11;USA;;"Rios Guzman, E.; Simons, L. M.; Dean, T. J.; Agnes, F.; Pawlowski, A.; Alisoltanidehkordi, A.; Nam, H. H.; Ison, M. G.; Ozer, E. A.; Lorenzo-Redondo, R.; Hultquist, J. F.";Northwestern University, Medicine;Homo sapiens;15095;2024-02-27;PP_001VA5N;PP352359.1;Automated Ingest from INSDC/NCBI Virus by Loculus;OPEN;https://pathoplexus.org/about/terms-of-use/open-data;;0.990935960591133;;;PP352359.1;;;RSV-A/human/USA/IL-NM-RSV471/2022;0;0
PP_001VASD.2;A.D.5.2;2022-12;USA;;"Rios Guzman, E.; Simons, L. M.; Dean, T. J.; Agnes, F.; Pawlowski, A.; Alisoltanidehkordi, A.; Nam, H. H.; Ison, M. G.; Ozer, E. A.; Lorenzo-Redondo, R.; Hultquist, J. F.";Northwestern University, Medicine;Homo sapiens;15089;2024-02-27;PP_001VASD;PP352380.1;Automated Ingest from INSDC/NCBI Virus by Loculus;OPEN;https://pathoplexus.org/about/terms-of-use/open-data;;0.9900821018062398;;;PP352380.1;;;RSV-A/human/USA/IL-NM-RSV528/2022;0;6
PP_001VBNL.1;A.D.1;2020-01-01;Canada;;"Langedijk, A. C.; Lebbink, R. J.; Bont, L. J.; Evers, A.";UMC Utrecht, Paediatric Infectious Diseases;Homo sapiens;15224;2024-04-09;PP_001VBNL;PP376262.1;Automated Ingest from INSDC/NCBI Virus by Loculus;OPEN;https://pathoplexus.org/about/terms-of-use/open-data;;1.0;;;PP376262.1;;;10203021;0;0
PP_001VBRE.1;A.D;2019-04-01;South Africa;;"Langedijk, A. C.; Lebbink, R. J.; Bont, L. J.; Evers, A.";UMC Utrecht, Paediatric Infectious Diseases;Homo sapiens;15216;2024-04-09;PP_001VBRE;PP376265.1;Automated Ingest from INSDC/NCBI Virus by Loculus;OPEN;https://pathoplexus.org/about/terms-of-use/open-data;;0.9992118226600986;;;PP376265.1;;;270102029;0;0
PP_001VBX2.1;A.D.1;2020-02-10;Finland;;"Langedijk, A. C.; Lebbink, R. J.; Bont, L. J.; Evers, A.";UMC Utrecht, Paediatric Infectious Diseases;Homo sapiens;15219;2024-04-09;PP_001VBX2;PP376271.1;Automated Ingest from INSDC/NCBI Virus by Loculus;OPEN;https://pathoplexus.org/about/terms-of-use/open-data;;0.9996059113300493;;;PP376271.1;;;358103025;0;0
PP_001VBZY.1;A.D.1;2020-03-10;Russia;;"Langedijk, A. C.; Lebbink, R. J.; Bont, L. J.; Evers, A.";UMC Utrecht, Paediatric Infectious Diseases;Homo sapiens;15225;2024-04-09;PP_001VBZY;PP376273.1;Automated Ingest from INSDC/NCBI Virus by Loculus;OPEN;https://pathoplexus.org/about/terms-of-use/open-data;;1.0;;;PP376273.1;;;70103041;0;0
PP_001VC2S.1;A.D;2018-05-10;South Africa;;"Langedijk, A. C.; Lebbink, R. J.; Bont, L. J.; Evers, A.";UMC Utrecht, Paediatric Infectious Diseases;Homo sapiens;15223;2024-04-09;PP_001VC2S;PP376276.1;Automated Ingest from INSDC/NCBI Virus by Loculus;OPEN;https://pathoplexus.org/about/terms-of-use/open-data;;0.9998686371100164;;;PP376276.1;;;270101083;0;0
PP_001VC6J.1;A.D.1;2019-10-11;Taiwan;;"Langedijk, A. C.; Lebbink, R. J.; Bont, L. J.; Evers, A.";UMC Utrecht, Paediatric Infectious Diseases;Homo sapiens;15224;2024-04-09;PP_001VC6J;PP376280.1;Automated Ingest from INSDC/NCBI Virus by Loculus;OPEN;https://pathoplexus.org/about/terms-of-use/open-data;;1.0;;;PP376280.1;;;886103001;0;0
PP_001VC7G.1;A.D.1;2017-12-11;Japan;;"Langedijk, A. C.; Lebbink, R. J.; Bont, L. J.; Evers, A.";UMC Utrecht, Paediatric Infectious Diseases;Homo sapiens;15170;2024-04-09;PP_001VC7G;PP376281.1;Automated Ingest from INSDC/NCBI Virus by Loculus;OPEN;https://pathoplexus.org/about/terms-of-use/open-data;;0.9965188834154352;;;PP376281.1;;;810101001;0;0
PP_001VCNK.1;A.D.1;2019-01-12;Germany;;"Langedijk, A. C.; Lebbink, R. J.; Bont, L. J.; Evers, A.";UMC Utrecht, Paediatric Infectious Diseases;Homo sapiens;15222;2024-04-09;PP_001VCNK;PP376296.1;Automated Ingest from INSDC/NCBI Virus by Loculus;OPEN;https://pathoplexus.org/about/terms-of-use/open-data;;0.9999343185550083;;;PP376296.1;;;490102002;0;0
PP_001VD4M.1;A.D.3;2019-12-13;Spain;;"Langedijk, A. C.; Lebbink, R. J.; Bont, L. J.; Evers, A.";UMC Utrecht, Paediatric Infectious Diseases;Homo sapiens;15228;2024-04-09;PP_001VD4M;PP376312.1;Automated Ingest from INSDC/NCBI Virus by Loculus;OPEN;https://pathoplexus.org/about/terms-of-use/open-data;;1.0;;;PP376312.1;;;340103015;0;0
PP_001VDC5.1;A.D.1;2019-12-14;Canada;;"Langedijk, A. C.; Lebbink, R. J.; Bont, L. J.; Evers, A.";UMC Utrecht, Paediatric Infectious Diseases;Homo sapiens;15224;2024-04-09;PP_001VDC5;PP376320.1;Automated Ingest from INSDC/NCBI Virus by Loculus;OPEN;https://pathoplexus.org/about/terms-of-use/open-data;;1.0;;;PP376320.1;;;10103025;0;0
PP_001VDFZ.1;A.D.1;2020-02-14;Finland;;"Langedijk, A. C.; Lebbink, R. J.; Bont, L. J.; Evers, A.";UMC Utrecht, Paediatric Infectious Diseases;Homo sapiens;15224;2024-04-09;PP_001VDFZ;PP376323.1;Automated Ingest from INSDC/NCBI Virus by Loculus;OPEN;https://pathoplexus.org/about/terms-of-use/open-data;;1.0;;;PP376323.1;;;358103030;0;0
PP_001VDGX.1;A.D.1;2020-03-14;Finland;;"Langedijk, A. C.; Lebbink, R. J.; Bont, L. J.; Evers, A.";UMC Utrecht, Paediatric Infectious Diseases;Homo sapiens;15223;2024-04-09;PP_001VDGX;PP376324.1;Automated Ingest from INSDC/NCBI Virus by Loculus;OPEN;https://pathoplexus.org/about/terms-of-use/open-data;;0.9999343185550083;;;PP376324.1;;;358103050;1;0
PP_001VDNJ.1;A.D.2.2;2017-12-15;Netherlands;;"Langedijk, A. C.; Lebbink, R. J.; Bont, L. J.; Evers, A.";UMC Utrecht, Paediatric Infectious Diseases;Homo sapiens;15201;2024-04-09;PP_001VDNJ;PP376330.1;Automated Ingest from INSDC/NCBI Virus by Loculus;OPEN;https://pathoplexus.org/about/terms-of-use/open-data;;0.9982922824302135;;;PP376330.1;;;310101020;0;0
PP_001VDQE.1;A.D.5;2019-12-15;Italy;;"Langedijk, A. C.; Lebbink, R. J.; Bont, L. J.; Evers, A.";UMC Utrecht, Paediatric Infectious Diseases;Homo sapiens;15221;2024-04-09;PP_001VDQE;PP376332.1;Automated Ingest from INSDC/NCBI Virus by Loculus;OPEN;https://pathoplexus.org/about/terms-of-use/open-data;;1.0;;;PP376332.1;;;390103002;0;0
PP_001VDV4.1;A.D.2.1;2019-12-16;Netherlands;;"Langedijk, A. C.; Lebbink, R. J.; Bont, L. J.; Evers, A.";UMC Utrecht, Paediatric Infectious Diseases;Homo sapiens;15224;2024-04-09;PP_001VDV4;PP376337.1;Automated Ingest from INSDC/NCBI Virus by Loculus;OPEN;https://pathoplexus.org/about/terms-of-use/open-data;;1.0;;;PP376337.1;;;310103031;0;0
PP_001VDX0.1;A.D.2.2;2020-02-16;Finland;;"Langedijk, A. C.; Lebbink, R. J.; Bont, L. J.; Evers, A.";UMC Utrecht, Paediatric Infectious Diseases;Homo sapiens;15228;2024-04-09;PP_001VDX0;PP376339.1;Automated Ingest from INSDC/NCBI Virus by Loculus;OPEN;https://pathoplexus.org/about/terms-of-use/open-data;;0.9999343185550083;;;PP376339.1;;;358103031;1;0
PP_001VE2Q.1;A.D.5;2018-12-17;Canada;;"Langedijk, A. C.; Lebbink, R. J.; Bont, L. J.; Evers, A.";UMC Utrecht, Paediatric Infectious Diseases;Homo sapiens;15221;2024-04-09;PP_001VE2Q;PP376344.1;Automated Ingest from INSDC/NCBI Virus by Loculus;OPEN;https://pathoplexus.org/about/terms-of-use/open-data;;0.9999343185550083;;;PP376344.1;;;10102013;0;0
PP_001VENH.1;A.D;2018-01-19;Japan;;"Langedijk, A. C.; Lebbink, R. J.; Bont, L. J.; Evers, A.";UMC Utrecht, Paediatric Infectious Diseases;Homo sapiens;15204;2024-04-09;PP_001VENH;PP376364.1;Automated Ingest from INSDC/NCBI Virus by Loculus;OPEN;https://pathoplexus.org/about/terms-of-use/open-data;;0.9985550082101806;;;PP376364.1;;;810101010;1;0
PP_001VFW0.1;A.D.5;2020-01-22;Canada;;"Langedijk, A. C.; Lebbink, R. J.; Bont, L. J.; Evers, A.";UMC Utrecht, Paediatric Infectious Diseases;Homo sapiens;15221;2024-04-09;PP_001VFW0;PP376406.1;Automated Ingest from INSDC/NCBI Virus by Loculus;OPEN;https://pathoplexus.org/about/terms-of-use/open-data;;1.0;;;PP376406.1;;;10203028;0;0
PP_001VGB4.1;A.D.5;2019-12-24;Netherlands;;"Langedijk, A. C.; Lebbink, R. J.; Bont, L. J.; Evers, A.";UMC Utrecht, Paediatric Infectious Diseases;Homo sapiens;15224;2024-04-09;PP_001VGB4;PP376421.1;Automated Ingest from INSDC/NCBI Virus by Loculus;OPEN;https://pathoplexus.org/about/terms-of-use/open-data;;1.0;;;PP376421.1;;;310103018;0;0
PP_001VGKM.1;A.D.1.2;2021-01-25;Australia;;"Langedijk, A. C.; Lebbink, R. J.; Bont, L. J.; Evers, A.";UMC Utrecht, Paediatric Infectious Diseases;Homo sapiens;15222;2024-04-09;PP_001VGKM;PP376429.1;Automated Ingest from INSDC/NCBI Virus by Loculus;OPEN;https://pathoplexus.org/about/terms-of-use/open-data;;0.9999343185550083;;;PP376429.1;;;610103048;0;0
PP_001VGWZ.1;A.D.2.2;2018-03-26;South Africa;;"Langedijk, A. C.; Lebbink, R. J.; Bont, L. J.; Evers, A.";UMC Utrecht, Paediatric Infectious Diseases;Homo sapiens;15225;2024-04-09;PP_001VGWZ;PP376440.1;Automated Ingest from INSDC/NCBI Virus by Loculus;OPEN;https://pathoplexus.org/about/terms-of-use/open-data;;0.9998686371100164;;;PP376440.1;;;270101062;0;0
PP_001VGZT.1;A.D.3;2019-06-26;Australia;;"Langedijk, A. C.; Lebbink, R. J.; Bont, L. J.; Evers, A.";UMC Utrecht, Paediatric Infectious Diseases;Homo sapiens;15225;2024-04-09;PP_001VGZT;PP376443.1;Automated Ingest from INSDC/NCBI Virus by Loculus;OPEN;https://pathoplexus.org/about/terms-of-use/open-data;;1.0;;;PP376443.1;;;610102032;0;0
PP_001VHC1.1;A.D;2018-02-27;South Africa;;"Langedijk, A. C.; Lebbink, R. J.; Bont, L. J.; Evers, A.";UMC Utrecht, Paediatric Infectious Diseases;Homo sapiens;15223;2024-04-09;PP_001VHC1;PP376456.1;Automated Ingest from INSDC/NCBI Virus by Loculus;OPEN;https://pathoplexus.org/about/terms-of-use/open-data;;0.9998029556650246;;;PP376456.1;;;270101001;1;0
PP_001VHFV.1;A.D.2.2;2018-01-28;Finland;;"Langedijk, A. C.; Lebbink, R. J.; Bont, L. J.; Evers, A.";UMC Utrecht, Paediatric Infectious Diseases;Homo sapiens;15221;2024-04-09;PP_001VHFV;PP376459.1;Automated Ingest from INSDC/NCBI Virus by Loculus;OPEN;https://pathoplexus.org/about/terms-of-use/open-data;;0.9998686371100164;;;PP376459.1;;;358101023;0;0
PP_001VHKL.1;A.D.2.2.1;2019-11-28;Spain;;"Langedijk, A. C.; Lebbink, R. J.; Bont, L. J.; Evers, A.";UMC Utrecht, Paediatric Infectious Diseases;Homo sapiens;15234;2024-04-09;PP_001VHKL;PP376463.1;Automated Ingest from INSDC/NCBI Virus by Loculus;OPEN;https://pathoplexus.org/about/terms-of-use/open-data;;1.0;;;PP376463.1;;;340103006;0;0
PP_001VHYU.1;A.D;2017-12-29;Netherlands;;"Langedijk, A. C.; Lebbink, R. J.; Bont, L. J.; Evers, A.";UMC Utrecht, Paediatric Infectious Diseases;Homo sapiens;15207;2024-04-09;PP_001VHYU;PP376476.1;Automated Ingest from INSDC/NCBI Virus by Loculus;OPEN;https://pathoplexus.org/about/terms-of-use/open-data;;0.9982922824302135;;;PP376476.1;;;310101043;0;0
PP_001VJ88.1;A.D.1;2018-07-03;Brazil;;"Langedijk, A. C.; Lebbink, R. J.; Bont, L. J.; Evers, A.";UMC Utrecht, Paediatric Infectious Diseases;Homo sapiens;15220;2024-04-09;PP_001VJ88;PP376486.1;Automated Ingest from INSDC/NCBI Virus by Loculus;OPEN;https://pathoplexus.org/about/terms-of-use/open-data;;0.9997372742200329;;;PP376486.1;;;550101027;2;0
PP_001VJMF.1;A.D.3;2019-11-04;France;;"Langedijk, A. C.; Lebbink, R. J.; Bont, L. J.; Evers, A.";UMC Utrecht, Paediatric Infectious Diseases;Homo sapiens;15228;2024-04-09;PP_001VJMF;PP376499.1;Automated Ingest from INSDC/NCBI Virus by Loculus;OPEN;https://pathoplexus.org/about/terms-of-use/open-data;;1.0;;;PP376499.1;;;330103009;0;0
PP_001VJT3.1;A.D.1;2019-02-04;Spain;;"Langedijk, A. C.; Lebbink, R. J.; Bont, L. J.; Evers, A.";UMC Utrecht, Paediatric Infectious Diseases;Homo sapiens;15222;2024-04-09;PP_001VJT3;PP376505.1;Automated Ingest from INSDC/NCBI Virus by Loculus;OPEN;https://pathoplexus.org/about/terms-of-use/open-data;;0.9999343185550083;;;PP376505.1;;;340102036;0;0
PP_001VJZR.1;A.D.1;2019-07-04;Brazil;;"Langedijk, A. C.; Lebbink, R. J.; Bont, L. J.; Evers, A.";UMC Utrecht, Paediatric Infectious Diseases;Homo sapiens;15225;2024-04-09;PP_001VJZR;PP376511.1;Automated Ingest from INSDC/NCBI Virus by Loculus;OPEN;https://pathoplexus.org/about/terms-of-use/open-data;;1.0;;;PP376511.1;;;550102161;0;0
PP_001VK1M.1;A.D.2.2;2019-08-04;Australia;;"Langedijk, A. C.; Lebbink, R. J.; Bont, L. J.; Evers, A.";UMC Utrecht, Paediatric Infectious Diseases;Homo sapiens;15220;2024-04-09;PP_001VK1M;PP376513.1;Automated Ingest from INSDC/NCBI Virus by Loculus;OPEN;https://pathoplexus.org/about/terms-of-use/open-data;;1.0;;;PP376513.1;;;610102039;0;0
PP_001VKR6.1;A.D.1;2019-01-07;France;;"Langedijk, A. C.; Lebbink, R. J.; Bont, L. J.; Evers, A.";UMC Utrecht, Paediatric Infectious Diseases;Homo sapiens;15223;2024-04-09;PP_001VKR6;PP376537.1;Automated Ingest from INSDC/NCBI Virus by Loculus;OPEN;https://pathoplexus.org/about/terms-of-use/open-data;;0.9999343185550083;;;PP376537.1;;;330102011;0;0
PP_001VL2J.1;A.D.3.1;2020-01-09;South Korea;;"Langedijk, A. C.; Lebbink, R. J.; Bont, L. J.; Evers, A.";UMC Utrecht, Paediatric Infectious Diseases;Homo sapiens;15206;2024-04-09;PP_001VL2J;PP376548.1;Automated Ingest from INSDC/NCBI Virus by Loculus;OPEN;https://pathoplexus.org/about/terms-of-use/open-data;;0.9986863711001642;;;PP376548.1;;;820103055;0;0
PP_001VL4E.1;A.D;2018-12-09;Canada;;"Langedijk, A. C.; Lebbink, R. J.; Bont, L. J.; Evers, A.";UMC Utrecht, Paediatric Infectious Diseases;Homo sapiens;15227;2024-04-09;PP_001VL4E;PP376550.1;Automated Ingest from INSDC/NCBI Virus by Loculus;OPEN;https://pathoplexus.org/about/terms-of-use/open-data;;0.9999343185550083;;;PP376550.1;;;10102010;0;0
PP_001VLFS.1;A.D.1;2018-12-01;Canada;;"Langedijk, A. C.; Lebbink, R. J.; Bont, L. J.; Evers, A.";UMC Utrecht, Paediatric Infectious Diseases;Homo sapiens;15086;2024-04-09;PP_001VLFS;PP376561.1;Automated Ingest from INSDC/NCBI Virus by Loculus;OPEN;https://pathoplexus.org/about/terms-of-use/open-data;;0.990935960591133;;;PP376561.1;;;10202012;0;0
PP_001VLGQ.1;A.D.2.2;2018-02-01;Finland;;"Langedijk, A. C.; Lebbink, R. J.; Bont, L. J.; Evers, A.";UMC Utrecht, Paediatric Infectious Diseases;Homo sapiens;15202;2024-04-09;PP_001VLGQ;PP376562.1;Automated Ingest from INSDC/NCBI Virus by Loculus;OPEN;https://pathoplexus.org/about/terms-of-use/open-data;;0.9984893267651889;;;PP376562.1;;;358101026;1;0
PP_001VLMD.1;A.D.1;2019-02-10;Finland;;"Langedijk, A. C.; Lebbink, R. J.; Bont, L. J.; Evers, A.";UMC Utrecht, Paediatric Infectious Diseases;Homo sapiens;15223;2024-04-09;PP_001VLMD;PP376567.1;Automated Ingest from INSDC/NCBI Virus by Loculus;OPEN;https://pathoplexus.org/about/terms-of-use/open-data;;0.9999343185550083;;;PP376567.1;;;358102004;0;0
PP_001VLXT.1;A.D;2017-12-11;Japan;;"Langedijk, A. C.; Lebbink, R. J.; Bont, L. J.; Evers, A.";UMC Utrecht, Paediatric Infectious Diseases;Homo sapiens;15225;2024-04-09;PP_001VLXT;PP376577.1;Automated Ingest from INSDC/NCBI Virus by Loculus;OPEN;https://pathoplexus.org/about/terms-of-use/open-data;;0.9998686371100164;;;PP376577.1;;;810101003;0;0
PP_001VM4D.1;A.D.1;2020-02-11;Russia;;"Langedijk, A. C.; Lebbink, R. J.; Bont, L. J.; Evers, A.";UMC Utrecht, Paediatric Infectious Diseases;Homo sapiens;15224;2024-04-09;PP_001VM4D;PP376584.1;Automated Ingest from INSDC/NCBI Virus by Loculus;OPEN;https://pathoplexus.org/about/terms-of-use/open-data;;1.0;;;PP376584.1;;;70103023;0;0
PP_001VMP8.1;A.D.1.2;2020-11-13;Australia;;"Langedijk, A. C.; Lebbink, R. J.; Bont, L. J.; Evers, A.";UMC Utrecht, Paediatric Infectious Diseases;Homo sapiens;15222;2024-04-09;PP_001VMP8;PP376603.1;Automated Ingest from INSDC/NCBI Virus by Loculus;OPEN;https://pathoplexus.org/about/terms-of-use/open-data;;0.9999343185550083;;;PP376603.1;;;610103008;0;0
PP_001VMR4.1;A.D.3;2020-02-13;South Korea;;"Langedijk, A. C.; Lebbink, R. J.; Bont, L. J.; Evers, A.";UMC Utrecht, Paediatric Infectious Diseases;Homo sapiens;15227;2024-04-09;PP_001VMR4;PP376605.1;Automated Ingest from INSDC/NCBI Virus by Loculus;OPEN;https://pathoplexus.org/about/terms-of-use/open-data;;1.0;;;PP376605.1;;;820103001;0;0
PP_001VMVW.1;A.D;2019-09-13;Japan;;"Langedijk, A. C.; Lebbink, R. J.; Bont, L. J.; Evers, A.";UMC Utrecht, Paediatric Infectious Diseases;Homo sapiens;15226;2024-04-09;PP_001VMVW;PP376609.1;Automated Ingest from INSDC/NCBI Virus by Loculus;OPEN;https://pathoplexus.org/about/terms-of-use/open-data;;1.0;;;PP376609.1;;;810103016;0;0
PP_001VMWU.1;A.D.1;2020-01-14;Canada;;"Langedijk, A. C.; Lebbink, R. J.; Bont, L. J.; Evers, A.";UMC Utrecht, Paediatric Infectious Diseases;Homo sapiens;15224;2024-04-09;PP_001VMWU;PP376610.1;Automated Ingest from INSDC/NCBI Virus by Loculus;OPEN;https://pathoplexus.org/about/terms-of-use/open-data;;0.9998686371100164;;;PP376610.1;;;10203026;2;0
PP_001VMZN.1;A.D.2.2;2017-12-14;Netherlands;;"Langedijk, A. C.; Lebbink, R. J.; Bont, L. J.; Evers, A.";UMC Utrecht, Paediatric Infectious Diseases;Homo sapiens;15224;2024-04-09;PP_001VMZN;PP376613.1;Automated Ingest from INSDC/NCBI Virus by Loculus;OPEN;https://pathoplexus.org/about/terms-of-use/open-data;;0.9998686371100164;;;PP376613.1;;;310101018;0;0
PP_001VN84.1;A.D.5;2019-12-15;Italy;;"Langedijk, A. C.; Lebbink, R. J.; Bont, L. J.; Evers, A.";UMC Utrecht, Paediatric Infectious Diseases;Homo sapiens;15221;2024-04-09;PP_001VN84;PP376622.1;Automated Ingest from INSDC/NCBI Virus by Loculus;OPEN;https://pathoplexus.org/about/terms-of-use/open-data;;1.0;;;PP376622.1;;;390103003;0;0
PP_001VNLD.1;A.D.2.2;2020-02-16;Canada;;"Langedijk, A. C.; Lebbink, R. J.; Bont, L. J.; Evers, A.";UMC Utrecht, Paediatric Infectious Diseases;Homo sapiens;15226;2024-04-09;PP_001VNLD;PP376634.1;Automated Ingest from INSDC/NCBI Virus by Loculus;OPEN;https://pathoplexus.org/about/terms-of-use/open-data;;1.0;;;PP376634.1;;;10103033;0;0
PP_001VNP7.1;A.D;2020-03-16;Germany;;"Langedijk, A. C.; Lebbink, R. J.; Bont, L. J.; Evers, A.";UMC Utrecht, Paediatric Infectious Diseases;Homo sapiens;15223;2024-04-09;PP_001VNP7;PP376637.1;Automated Ingest from INSDC/NCBI Virus by Loculus;OPEN;https://pathoplexus.org/about/terms-of-use/open-data;;1.0;;;PP376637.1;;;490103025;0;0
PP_001VNS1.1;A.D.3;2020-01-17;Spain;;"Langedijk, A. C.; Lebbink, R. J.; Bont, L. J.; Evers, A.";UMC Utrecht, Paediatric Infectious Diseases;Homo sapiens;15219;2024-04-09;PP_001VNS1;PP376640.1;Automated Ingest from INSDC/NCBI Virus by Loculus;OPEN;https://pathoplexus.org/about/terms-of-use/open-data;;0.9994745484400657;;;PP376640.1;;;340103029;0;0
PP_001VNVV.1;A.D;2018-12-17;Canada;;"Langedijk, A. C.; Lebbink, R. J.; Bont, L. J.; Evers, A.";UMC Utrecht, Paediatric Infectious Diseases;Homo sapiens;15227;2024-04-09;PP_001VNVV;PP376643.1;Automated Ingest from INSDC/NCBI Virus by Loculus;OPEN;https://pathoplexus.org/about/terms-of-use/open-data;;0.9999343185550083;;;PP376643.1;;;10102019;0;0
PP_001VNXR.1;A.D.1.2;2020-12-17;Australia;;"Langedijk, A. C.; Lebbink, R. J.; Bont, L. J.; Evers, A.";UMC Utrecht, Paediatric Infectious Diseases;Homo sapiens;15223;2024-04-09;PP_001VNXR;PP376645.1;Automated Ingest from INSDC/NCBI Virus by Loculus;OPEN;https://pathoplexus.org/about/terms-of-use/open-data;;0.9999343185550083;;;PP376645.1;;;610103031;0;0
PP_001VP1H.1;A.D.5;2019-10-18;Taiwan;;"Langedijk, A. C.; Lebbink, R. J.; Bont, L. J.; Evers, A.";UMC Utrecht, Paediatric Infectious Diseases;Homo sapiens;15224;2024-04-09;PP_001VP1H;PP376649.1;Automated Ingest from INSDC/NCBI Virus by Loculus;OPEN;https://pathoplexus.org/about/terms-of-use/open-data;;1.0;;;PP376649.1;;;886103004;0;0
PP_001VPHJ.1;A.D.3;2019-11-19;Taiwan;;"Langedijk, A. C.; Lebbink, R. J.; Bont, L. J.; Evers, A.";UMC Utrecht, Paediatric Infectious Diseases;Homo sapiens;15229;2024-04-09;PP_001VPHJ;PP376665.1;Automated Ingest from INSDC/NCBI Virus by Loculus;OPEN;https://pathoplexus.org/about/terms-of-use/open-data;;1.0;;;PP376665.1;;;886103012;0;0
PP_001VPTY.1;A.D.3;2019-12-02;United Kingdom;;"Langedijk, A. C.; Lebbink, R. J.; Bont, L. J.; Evers, A.";UMC Utrecht, Paediatric Infectious Diseases;Homo sapiens;15229;2024-04-09;PP_001VPTY;PP376675.1;Automated Ingest from INSDC/NCBI Virus by Loculus;OPEN;https://pathoplexus.org/about/terms-of-use/open-data;;1.0;;;PP376675.1;;;440103035;0;0
PP_001VQ2E.1;A.D.5;2020-01-20;Germany;;"Langedijk, A. C.; Lebbink, R. J.; Bont, L. J.; Evers, A.";UMC Utrecht, Paediatric Infectious Diseases;Homo sapiens;15221;2024-04-09;PP_001VQ2E;PP376684.1;Automated Ingest from INSDC/NCBI Virus by Loculus;OPEN;https://pathoplexus.org/about/terms-of-use/open-data;;1.0;;;PP376684.1;;;490103004;0;0
PP_001VQ90.1;A.D.2.2;2020-02-20;Canada;;"Langedijk, A. C.; Lebbink, R. J.; Bont, L. J.; Evers, A.";UMC Utrecht, Paediatric Infectious Diseases;Homo sapiens;15213;2024-04-09;PP_001VQ90;PP376691.1;Automated Ingest from INSDC/NCBI Virus by Loculus;OPEN;https://pathoplexus.org/about/terms-of-use/open-data;;0.9989490968801313;;;PP376691.1;;;10203038;0;0
PP_001VQR1.1;A.D.2.2;2018-03-22;Finland;;"Langedijk, A. C.; Lebbink, R. J.; Bont, L. J.; Evers, A.";UMC Utrecht, Paediatric Infectious Diseases;Homo sapiens;15188;2024-04-09;PP_001VQR1;PP376707.1;Automated Ingest from INSDC/NCBI Virus by Loculus;OPEN;https://pathoplexus.org/about/terms-of-use/open-data;;0.9976354679802956;;;PP376707.1;;;358101047;0;0
PP_001VRHG.1;A.D;2020-01-25;Canada;;"Langedijk, A. C.; Lebbink, R. J.; Bont, L. J.; Evers, A.";UMC Utrecht, Paediatric Infectious Diseases;Homo sapiens;15084;2024-04-09;PP_001VRHG;PP376733.1;Automated Ingest from INSDC/NCBI Virus by Loculus;OPEN;https://pathoplexus.org/about/terms-of-use/open-data;;0.9906732348111659;;;PP376733.1;;;10203030;2;0
PP_001VRSY.1;A.D.1.2;2020-11-26;Australia;;"Langedijk, A. C.; Lebbink, R. J.; Bont, L. J.; Evers, A.";UMC Utrecht, Paediatric Infectious Diseases;Homo sapiens;15222;2024-04-09;PP_001VRSY;PP376742.1;Automated Ingest from INSDC/NCBI Virus by Loculus;OPEN;https://pathoplexus.org/about/terms-of-use/open-data;;0.9999343185550083;;;PP376742.1;;;610103018;0;0
PP_001VRXN.1;A.D.3;2018-11-27;United Kingdom;;"Langedijk, A. C.; Lebbink, R. J.; Bont, L. J.; Evers, A.";UMC Utrecht, Paediatric Infectious Diseases;Homo sapiens;15228;2024-04-09;PP_001VRXN;PP376747.1;Automated Ingest from INSDC/NCBI Virus by Loculus;OPEN;https://pathoplexus.org/about/terms-of-use/open-data;;0.9999343185550083;;;PP376747.1;;;440102017;0;0
PP_001VS1E.1;A.D.3;2018-12-27;Spain;;"Langedijk, A. C.; Lebbink, R. J.; Bont, L. J.; Evers, A.";UMC Utrecht, Paediatric Infectious Diseases;Homo sapiens;15225;2024-04-09;PP_001VS1E;PP376751.1;Automated Ingest from INSDC/NCBI Virus by Loculus;OPEN;https://pathoplexus.org/about/terms-of-use/open-data;;0.9999343185550083;;;PP376751.1;;;340102010;0;0
PP_001VS2C.1;A.D.1;2019-12-27;Spain;;"Langedijk, A. C.; Lebbink, R. J.; Bont, L. J.; Evers, A.";UMC Utrecht, Paediatric Infectious Diseases;Homo sapiens;15224;2024-04-09;PP_001VS2C;PP376752.1;Automated Ingest from INSDC/NCBI Virus by Loculus;OPEN;https://pathoplexus.org/about/terms-of-use/open-data;;0.9999343185550083;;;PP376752.1;;;340103023;1;0
PP_001VS3A.1;A.D.1;2019-12-27;Netherlands;;"Langedijk, A. C.; Lebbink, R. J.; Bont, L. J.; Evers, A.";UMC Utrecht, Paediatric Infectious Diseases;Homo sapiens;15228;2024-04-09;PP_001VS3A;PP376753.1;Automated Ingest from INSDC/NCBI Virus by Loculus;OPEN;https://pathoplexus.org/about/terms-of-use/open-data;;1.0;;;PP376753.1;;;310103013;0;0
PP_001VSEN.1;A.D;2017-12-28;Finland;;"Langedijk, A. C.; Lebbink, R. J.; Bont, L. J.; Evers, A.";UMC Utrecht, Paediatric Infectious Diseases;Homo sapiens;15223;2024-04-09;PP_001VSEN;PP376764.1;Automated Ingest from INSDC/NCBI Virus by Loculus;OPEN;https://pathoplexus.org/about/terms-of-use/open-data;;0.9998686371100164;;;PP376764.1;;;358101009;0;0
PP_001VSFL.1;A.D.2.2.1;2018-02-28;South Africa;;"Langedijk, A. C.; Lebbink, R. J.; Bont, L. J.; Evers, A.";UMC Utrecht, Paediatric Infectious Diseases;Homo sapiens;15223;2024-04-09;PP_001VSFL;PP376765.1;Automated Ingest from INSDC/NCBI Virus by Loculus;OPEN;https://pathoplexus.org/about/terms-of-use/open-data;;0.9998686371100164;;;PP376765.1;;;270101004;0;0
PP_001VSM7.1;A.D.1.2;2020-11-29;Australia;;"Langedijk, A. C.; Lebbink, R. J.; Bont, L. J.; Evers, A.";UMC Utrecht, Paediatric Infectious Diseases;Homo sapiens;15222;2024-04-09;PP_001VSM7;PP376771.1;Automated Ingest from INSDC/NCBI Virus by Loculus;OPEN;https://pathoplexus.org/about/terms-of-use/open-data;;0.9999343185550083;;;PP376771.1;;;610103020;0;0
PP_001VT1D.1;A.D.5;2020-03-30;Germany;;"Langedijk, A. C.; Lebbink, R. J.; Bont, L. J.; Evers, A.";UMC Utrecht, Paediatric Infectious Diseases;Homo sapiens;15223;2024-04-09;PP_001VT1D;PP376785.1;Automated Ingest from INSDC/NCBI Virus by Loculus;OPEN;https://pathoplexus.org/about/terms-of-use/open-data;;1.0;;;PP376785.1;;;490103033;0;0
PP_001VT63.1;A.D.1;2018-01-04;Netherlands;;"Langedijk, A. C.; Lebbink, R. J.; Bont, L. J.; Evers, A.";UMC Utrecht, Paediatric Infectious Diseases;Homo sapiens;15203;2024-04-09;PP_001VT63;PP376790.1;Automated Ingest from INSDC/NCBI Virus by Loculus;OPEN;https://pathoplexus.org/about/terms-of-use/open-data;;0.9985550082101806;;;PP376790.1;;;310101050;0;0
PP_001VT71.1;A.D;2019-11-04;Canada;;"Langedijk, A. C.; Lebbink, R. J.; Bont, L. J.; Evers, A.";UMC Utrecht, Paediatric Infectious Diseases;Homo sapiens;15227;2024-04-09;PP_001VT71;PP376791.1;Automated Ingest from INSDC/NCBI Virus by Loculus;OPEN;https://pathoplexus.org/about/terms-of-use/open-data;;1.0;;;PP376791.1;;;10103003;0;0
PP_001VT8Z.1;A.D.1.2;2020-11-04;Australia;;"Langedijk, A. C.; Lebbink, R. J.; Bont, L. J.; Evers, A.";UMC Utrecht, Paediatric Infectious Diseases;Homo sapiens;15223;2024-04-09;PP_001VT8Z;PP376792.1;Automated Ingest from INSDC/NCBI Virus by Loculus;OPEN;https://pathoplexus.org/about/terms-of-use/open-data;;0.9999343185550083;;;PP376792.1;;;610103005;0;0
PP_001VTQ0.1;A.D.1;2019-02-05;Canada;;"Langedijk, A. C.; Lebbink, R. J.; Bont, L. J.; Evers, A.";UMC Utrecht, Paediatric Infectious Diseases;Homo sapiens;15224;2024-04-09;PP_001VTQ0;PP376808.1;Automated Ingest from INSDC/NCBI Virus by Loculus;OPEN;https://pathoplexus.org/about/terms-of-use/open-data;;0.9999343185550083;;;PP376808.1;;;10102037;0;0
PP_001VU8Y.1;A.D.2.2;2020-01-08;Canada;;"Langedijk, A. C.; Lebbink, R. J.; Bont, L. J.; Evers, A.";UMC Utrecht, Paediatric Infectious Diseases;Homo sapiens;15227;2024-04-09;PP_001VU8Y;PP376826.1;Automated Ingest from INSDC/NCBI Virus by Loculus;OPEN;https://pathoplexus.org/about/terms-of-use/open-data;;1.0;;;PP376826.1;;;10203025;0;0
PP_001VUTT.1;A.D.4.1;2018-07-11;South Africa;;"Langedijk, A. C.; Lebbink, R. J.; Bont, L. J.; Evers, A.";UMC Utrecht, Paediatric Infectious Diseases;Homo sapiens;15220;2024-04-09;PP_001VUTT;PP377514.1;Automated Ingest from INSDC/NCBI Virus by Loculus;OPEN;https://pathoplexus.org/about/terms-of-use/open-data;;0.9998686371100164;;;PP377514.1;;;270101094;0;0
PP_001VVHC.1;A.D.4.1;2019-04-24;South Africa;;"Langedijk, A. C.; Lebbink, R. J.; Bont, L. J.; Evers, A.";UMC Utrecht, Paediatric Infectious Diseases;Homo sapiens;15223;2024-04-09;PP_001VVHC;PP377538.1;Automated Ingest from INSDC/NCBI Virus by Loculus;OPEN;https://pathoplexus.org/about/terms-of-use/open-data;;1.0;;;PP377538.1;;;270102044;0;0
PP_001VVN2.1;A.D.4.1;2019-05-31;South Africa;;"Langedijk, A. C.; Lebbink, R. J.; Bont, L. J.; Evers, A.";UMC Utrecht, Paediatric Infectious Diseases;Homo sapiens;15224;2024-04-09;PP_001VVN2;PP377543.1;Automated Ingest from INSDC/NCBI Virus by Loculus;OPEN;https://pathoplexus.org/about/terms-of-use/open-data;;0.9996059113300493;;;PP377543.1;;;270102067;6;0
PP_001VW60.1;A.D.1;2020-03-17;South Africa;;"Langedijk, A. C.; Lebbink, R. J.; Bont, L. J.; Evers, A.";UMC Utrecht, Paediatric Infectious Diseases;Homo sapiens;15226;2024-04-09;PP_001VW60;PP377561.1;Automated Ingest from INSDC/NCBI Virus by Loculus;OPEN;https://pathoplexus.org/about/terms-of-use/open-data;;1.0;;;PP377561.1;;;270103007;0;0
PP_001VWVM.1;A.D.1;2019-12-04;United Kingdom;;"Langedijk, A. C.; Lebbink, R. J.; Bont, L. J.; Evers, A.";UMC Utrecht, Paediatric Infectious Diseases;Homo sapiens;15225;2024-04-09;PP_001VWVM;PP377584.1;Automated Ingest from INSDC/NCBI Virus by Loculus;OPEN;https://pathoplexus.org/about/terms-of-use/open-data;;0.9998029556650246;;;PP377584.1;;;440103036;3;0
PP_001VX19.1;A.D.4.1;2018-04-09;South Africa;;"Langedijk, A. C.; Lebbink, R. J.; Bont, L. J.; Evers, A.";UMC Utrecht, Paediatric Infectious Diseases;Homo sapiens;15217;2024-04-09;PP_001VX19;PP377590.1;Automated Ingest from INSDC/NCBI Virus by Loculus;OPEN;https://pathoplexus.org/about/terms-of-use/open-data;;0.9996059113300493;;;PP377590.1;;;270101037;0;0
PP_001VXFF.1;A.D.5.4;2023-10-28;USA;Minnesota;"Kunerth, H. D.; Plumb, M.; Namugenyi, S.; Evans, D.; Wang, X.";Minnesota Department of Health, Public Health Laboratory - Infectious Disease Lab;Homo sapiens;15046;2024-03-02;PP_001VXFF;PP386348.1;Automated Ingest from INSDC/NCBI Virus by Loculus;OPEN;https://pathoplexus.org/about/terms-of-use/open-data;SAMN39746776;0.9512643678160919;;;PP386348.1;SRR27844304;;MN-MDH-RSVA-00137;0;564
PP_001VY7W.1;A.D.3.6;2023-11-27;USA;Minnesota;"Kunerth, H. D.; Plumb, M.; Namugenyi, S.; Evans, D.; Wang, X.";Minnesota Department of Health, Public Health Laboratory - Infectious Disease Lab;Homo sapiens;15048;2024-03-05;PP_001VY7W;PP401817.1;Automated Ingest from INSDC/NCBI Virus by Loculus;OPEN;https://pathoplexus.org/about/terms-of-use/open-data;SAMN39749468;0.925320197044335;;;PP401817.1;SRR27846539;;MN-MDH-RSVA-00172;0;959
PP_001VZBM.1;A.D.1;2019-12-09;USA;Washington, King County;"Frazar, C. D.; Lee, J.; Ryke, E.; Gamboa, L.; Opsahl, J.; Rodriguez-Salas, L.; McDermot, E.; Stone, J.; Kolar, T.; Han, P. D.; Sibley, T. R.; Truong, M.; Reinhart, D.; Grindstaff, S.; Wolf, C. R.; Boekch, M.; Englund, J. A.; Lutz, B. R.; Waghmare, A.; Viboud, C.; Starita, L. M.; Shendure, J.; Bedford, T.; Chu, H. Y.";The Brotman Baty Institute for Precision Medicine;Homo sapiens;15195;2024-03-24;PP_001VZBM;PP495857.1;Automated Ingest from INSDC/NCBI Virus by Loculus;OPEN;https://pathoplexus.org/about/terms-of-use/open-data;SAMN40475824;0.9964532019704434;;;PP495857.1;;;RSV-A/human/USA/WA-S24918/2019;0;25
PP_001VZWG.1;A.D.3;2019-12-20;USA;Washington, King County;"Frazar, C. D.; Lee, J.; Ryke, E.; Gamboa, L.; Opsahl, J.; Rodriguez-Salas, L.; McDermot, E.; Stone, J.; Kolar, T.; Han, P. D.; Sibley, T. R.; Truong, M.; Reinhart, D.; Grindstaff, S.; Wolf, C. R.; Boekch, M.; Englund, J. A.; Lutz, B. R.; Waghmare, A.; Viboud, C.; Starita, L. M.; Shendure, J.; Bedford, T.; Chu, H. Y.";The Brotman Baty Institute for Precision Medicine;Homo sapiens;15135;2024-03-24;PP_001VZWG;PP495876.1;Automated Ingest from INSDC/NCBI Virus by Loculus;OPEN;https://pathoplexus.org/about/terms-of-use/open-data;SAMN40475843;0.9906732348111659;;;PP495876.1;;;RSV-A/human/USA/WA-S24937/2019;0;50
PP_001W05W.1;A.D.1;2019-12-23;USA;Washington, Snohomish County;"Frazar, C. D.; Lee, J.; Ryke, E.; Gamboa, L.; Opsahl, J.; Rodriguez-Salas, L.; McDermot, E.; Stone, J.; Kolar, T.; Han, P. D.; Sibley, T. R.; Truong, M.; Reinhart, D.; Grindstaff, S.; Wolf, C. R.; Boekch, M.; Englund, J. A.; Lutz, B. R.; Waghmare, A.; Viboud, C.; Starita, L. M.; Shendure, J.; Bedford, T.; Chu, H. Y.";The Brotman Baty Institute for Precision Medicine;Homo sapiens;15156;2024-03-24;PP_001W05W;PP495885.1;Automated Ingest from INSDC/NCBI Virus by Loculus;OPEN;https://pathoplexus.org/about/terms-of-use/open-data;SAMN40475852;0.991855500821018;;;PP495885.1;;;RSV-A/human/USA/WA-S24946/2019;0;56
PP_001W0CG.1;A.D.1;2019-12-26;USA;Washington, Snohomish County;"Frazar, C. D.; Lee, J.; Ryke, E.; Gamboa, L.; Opsahl, J.; Rodriguez-Salas, L.; McDermot, E.; Stone, J.; Kolar, T.; Han, P. D.; Sibley, T. R.; Truong, M.; Reinhart, D.; Grindstaff, S.; Wolf, C. R.; Boekch, M.; Englund, J. A.; Lutz, B. R.; Waghmare, A.; Viboud, C.; Starita, L. M.; Shendure, J.; Bedford, T.; Chu, H. Y.";The Brotman Baty Institute for Precision Medicine;Homo sapiens;15195;2024-03-24;PP_001W0CG;PP495892.1;Automated Ingest from INSDC/NCBI Virus by Loculus;OPEN;https://pathoplexus.org/about/terms-of-use/open-data;SAMN40475859;0.9980952380952381;;;PP495892.1;;;RSV-A/human/USA/WA-S24953/2019;0;0
PP_001W0J3.1;A.D.3;2019-12-28;USA;Washington, King County;"Frazar, C. D.; Lee, J.; Ryke, E.; Gamboa, L.; Opsahl, J.; Rodriguez-Salas, L.; McDermot, E.; Stone, J.; Kolar, T.; Han, P. D.; Sibley, T. R.; Truong, M.; Reinhart, D.; Grindstaff, S.; Wolf, C. R.; Boekch, M.; Englund, J. A.; Lutz, B. R.; Waghmare, A.; Viboud, C.; Starita, L. M.; Shendure, J.; Bedford, T.; Chu, H. Y.";The Brotman Baty Institute for Precision Medicine;Homo sapiens;15199;2024-03-24;PP_001W0J3;PP495898.1;Automated Ingest from INSDC/NCBI Virus by Loculus;OPEN;https://pathoplexus.org/about/terms-of-use/open-data;SAMN40475865;0.9969786535303776;;;PP495898.1;;;RSV-A/human/USA/WA-S24959/2019;0;17
PP_001W0K1.1;A.D.1.1;2019-12-29;USA;Washington, Snohomish County;"Frazar, C. D.; Lee, J.; Ryke, E.; Gamboa, L.; Opsahl, J.; Rodriguez-Salas, L.; McDermot, E.; Stone, J.; Kolar, T.; Han, P. D.; Sibley, T. R.; Truong, M.; Reinhart, D.; Grindstaff, S.; Wolf, C. R.; Boekch, M.; Englund, J. A.; Lutz, B. R.; Waghmare, A.; Viboud, C.; Starita, L. M.; Shendure, J.; Bedford, T.; Chu, H. Y.";The Brotman Baty Institute for Precision Medicine;Homo sapiens;15193;2024-03-24;PP_001W0K1;PP495899.1;Automated Ingest from INSDC/NCBI Virus by Loculus;OPEN;https://pathoplexus.org/about/terms-of-use/open-data;SAMN40475866;0.9970443349753695;;;PP495899.1;;;RSV-A/human/USA/WA-S24960/2019;0;16
PP_001W0UH.1;A.D.3;2020-01-04;USA;Washington, King County;"Frazar, C. D.; Lee, J.; Ryke, E.; Gamboa, L.; Opsahl, J.; Rodriguez-Salas, L.; McDermot, E.; Stone, J.; Kolar, T.; Han, P. D.; Sibley, T. R.; Truong, M.; Reinhart, D.; Grindstaff, S.; Wolf, C. R.; Boekch, M.; Englund, J. A.; Lutz, B. R.; Waghmare, A.; Viboud, C.; Starita, L. M.; Shendure, J.; Bedford, T.; Chu, H. Y.";The Brotman Baty Institute for Precision Medicine;Homo sapiens;15197;2024-03-24;PP_001W0UH;PP495908.1;Automated Ingest from INSDC/NCBI Virus by Loculus;OPEN;https://pathoplexus.org/about/terms-of-use/open-data;SAMN40475875;0.9964532019704434;;;PP495908.1;;;RSV-A/human/USA/WA-S24969/2020;0;25
PP_001W121.1;A.D.1;2020-01-11;USA;Washington, King County;"Frazar, C. D.; Lee, J.; Ryke, E.; Gamboa, L.; Opsahl, J.; Rodriguez-Salas, L.; McDermot, E.; Stone, J.; Kolar, T.; Han, P. D.; Sibley, T. R.; Truong, M.; Reinhart, D.; Grindstaff, S.; Wolf, C. R.; Boekch, M.; Englund, J. A.; Lutz, B. R.; Waghmare, A.; Viboud, C.; Starita, L. M.; Shendure, J.; Bedford, T.; Chu, H. Y.";The Brotman Baty Institute for Precision Medicine;Homo sapiens;15196;2024-03-24;PP_001W121;PP495916.1;Automated Ingest from INSDC/NCBI Virus by Loculus;OPEN;https://pathoplexus.org/about/terms-of-use/open-data;SAMN40475883;0.9964532019704434;;;PP495916.1;;;RSV-A/human/USA/WA-S24977/2020;0;25
PP_001W15V.1;A.D.1.1;2020-01-10;USA;Washington, King County;"Frazar, C. D.; Lee, J.; Ryke, E.; Gamboa, L.; Opsahl, J.; Rodriguez-Salas, L.; McDermot, E.; Stone, J.; Kolar, T.; Han, P. D.; Sibley, T. R.; Truong, M.; Reinhart, D.; Grindstaff, S.; Wolf, C. R.; Boekch, M.; Englund, J. A.; Lutz, B. R.; Waghmare, A.; Viboud, C.; Starita, L. M.; Shendure, J.; Bedford, T.; Chu, H. Y.";The Brotman Baty Institute for Precision Medicine;Homo sapiens;14974;2024-03-24;PP_001W15V;PP495919.1;Automated Ingest from INSDC/NCBI Virus by Loculus;OPEN;https://pathoplexus.org/about/terms-of-use/open-data;SAMN40475886;0.9734646962233169;;;PP495919.1;;;RSV-A/human/USA/WA-S24980/2020;0;156
PP_001W1BH.1;A.D.1;2020-01-15;USA;Washington, King County;"Frazar, C. D.; Lee, J.; Ryke, E.; Gamboa, L.; Opsahl, J.; Rodriguez-Salas, L.; McDermot, E.; Stone, J.; Kolar, T.; Han, P. D.; Sibley, T. R.; Truong, M.; Reinhart, D.; Grindstaff, S.; Wolf, C. R.; Boekch, M.; Englund, J. A.; Lutz, B. R.; Waghmare, A.; Viboud, C.; Starita, L. M.; Shendure, J.; Bedford, T.; Chu, H. Y.";The Brotman Baty Institute for Precision Medicine;Homo sapiens;15196;2024-03-24;PP_001W1BH;PP495925.1;Automated Ingest from INSDC/NCBI Virus by Loculus;OPEN;https://pathoplexus.org/about/terms-of-use/open-data;SAMN40475892;0.9955336617405582;;;PP495925.1;;;RSV-A/human/USA/WA-S24986/2020;0;39
PP_001W1CF.1;A.D.1;2020-01-16;USA;Washington, King County;"Frazar, C. D.; Lee, J.; Ryke, E.; Gamboa, L.; Opsahl, J.; Rodriguez-Salas, L.; McDermot, E.; Stone, J.; Kolar, T.; Han, P. D.; Sibley, T. R.; Truong, M.; Reinhart, D.; Grindstaff, S.; Wolf, C. R.; Boekch, M.; Englund, J. A.; Lutz, B. R.; Waghmare, A.; Viboud, C.; Starita, L. M.; Shendure, J.; Bedford, T.; Chu, H. Y.";The Brotman Baty Institute for Precision Medicine;Homo sapiens;15195;2024-03-24;PP_001W1CF;PP495926.1;Automated Ingest from INSDC/NCBI Virus by Loculus;OPEN;https://pathoplexus.org/about/terms-of-use/open-data;SAMN40475893;0.9980952380952381;;;PP495926.1;;;RSV-A/human/USA/WA-S24987/2020;0;0
PP_001W1H4.1;A.D.1;2020-01-16;USA;Washington, Snohomish County;"Frazar, C. D.; Lee, J.; Ryke, E.; Gamboa, L.; Opsahl, J.; Rodriguez-Salas, L.; McDermot, E.; Stone, J.; Kolar, T.; Han, P. D.; Sibley, T. R.; Truong, M.; Reinhart, D.; Grindstaff, S.; Wolf, C. R.; Boekch, M.; Englund, J. A.; Lutz, B. R.; Waghmare, A.; Viboud, C.; Starita, L. M.; Shendure, J.; Bedford, T.; Chu, H. Y.";The Brotman Baty Institute for Precision Medicine;Homo sapiens;15195;2024-03-24;PP_001W1H4;PP495931.1;Automated Ingest from INSDC/NCBI Virus by Loculus;OPEN;https://pathoplexus.org/about/terms-of-use/open-data;SAMN40475898;0.9980295566502463;;;PP495931.1;;;RSV-A/human/USA/WA-S24992/2020;0;1
PP_001W1PS.1;A.D.1;2020-01-21;USA;Washington, King County;"Frazar, C. D.; Lee, J.; Ryke, E.; Gamboa, L.; Opsahl, J.; Rodriguez-Salas, L.; McDermot, E.; Stone, J.; Kolar, T.; Han, P. D.; Sibley, T. R.; Truong, M.; Reinhart, D.; Grindstaff, S.; Wolf, C. R.; Boekch, M.; Englund, J. A.; Lutz, B. R.; Waghmare, A.; Viboud, C.; Starita, L. M.; Shendure, J.; Bedford, T.; Chu, H. Y.";The Brotman Baty Institute for Precision Medicine;Homo sapiens;15072;2024-03-24;PP_001W1PS;PP495937.1;Automated Ingest from INSDC/NCBI Virus by Loculus;OPEN;https://pathoplexus.org/about/terms-of-use/open-data;SAMN40475904;0.9680131362889983;;;PP495937.1;;;RSV-A/human/USA/WA-S24998/2020;0;335
PP_001W2DC.1;A.D.1;2015;USA;Philadelphia, PA;"Musa, A. O.; Faber, S. R.; Lopez, C. B.";Washington University in St. Louis, Molecular Microbiology;Homo sapiens;15069;2024-03-31;PP_001W2DC;PP525297.1;Automated Ingest from INSDC/NCBI Virus by Loculus;OPEN;https://pathoplexus.org/about/terms-of-use/open-data;;0.9895566502463055;;;PP525297.1;;;b5;0;0
PP_001W2Y7.1;A.D.3.6;2023-11-13;USA;Minnesota;"Kunerth, H. D.; Plumb, M.; Namugenyi, S.; Evans, D.; Wang, X.";Minnesota Department of Health, Public Health Laboratory - Infectious Disease Lab;Homo sapiens;15050;2024-03-26;PP_001W2Y7;PP504647.1;Automated Ingest from INSDC/NCBI Virus by Loculus;OPEN;https://pathoplexus.org/about/terms-of-use/open-data;SAMN40189264;0.9252545155993431;;;PP504647.1;SRR28151047;;MN-MDH-RSVA-00215;0;960
PP_001W38M.2;A.D.3.2;2022-05-30;Peru;;"Meza, E.; Cuicapuza, D.; Martinez-Ventura, A.; Ayzanoa, B.; Zamudio, C.; Avendano, C.; Greninger, A.; Sobolik, E.; Tsukayama, P.";Universidad Peruana Cayetano Heredia, Ciencias Celulares y Moleculares;Homo sapiens;14998;2024-03-27;PP_001W38M;PP508181.1;Automated Ingest from INSDC/NCBI Virus by Loculus;OPEN;https://pathoplexus.org/about/terms-of-use/open-data;;0.9385878489326765;;;PP508181.1;;;hRSV/A/Peru/LIM-UPCH-4083/2023;1;706
PP_001W3F7.1;A.D.1;2015;USA;Philadelphia, PA;"Musa, A. O.; Faber, S. R.; Lopez, C. B.";Washington University in St. Louis, Molecular Microbiology;Homo sapiens;15067;2024-03-31;PP_001W3F7;PP525298.1;Automated Ingest from INSDC/NCBI Virus by Loculus;OPEN;https://pathoplexus.org/about/terms-of-use/open-data;;0.9895566502463055;;;PP525298.1;;;b10;0;0
PP_001W3KY.1;A.D;2016;USA;Philadelphia, PA;"Musa, A. O.; Faber, S. R.; Lopez, C. B.";Washington University in St. Louis, Molecular Microbiology;Homo sapiens;15021;2024-03-31;PP_001W3KY;PP525302.1;Automated Ingest from INSDC/NCBI Virus by Loculus;OPEN;https://pathoplexus.org/about/terms-of-use/open-data;;0.9866009852216748;;;PP525302.1;;;b37;0;0
PP_001W3LW.1;A.D;2016;USA;Philadelphia, PA;"Musa, A. O.; Faber, S. R.; Lopez, C. B.";Washington University in St. Louis, Molecular Microbiology;Homo sapiens;15063;2024-03-31;PP_001W3LW;PP525303.1;Automated Ingest from INSDC/NCBI Virus by Loculus;OPEN;https://pathoplexus.org/about/terms-of-use/open-data;;0.9949425287356322;;;PP525303.1;;;b39;0;0
PP_001W3NS.1;A.D;2016;USA;Philadelphia, PA;"Musa, A. O.; Faber, S. R.; Lopez, C. B.";Washington University in St. Louis, Molecular Microbiology;Homo sapiens;15100;2024-03-31;PP_001W3NS;PP525305.1;Automated Ingest from INSDC/NCBI Virus by Loculus;OPEN;https://pathoplexus.org/about/terms-of-use/open-data;;0.9911330049261083;;;PP525305.1;;;b75;0;0
PP_001W3PQ.1;A.D.1;2017;USA;Philadelphia, PA;"Musa, A. O.; Faber, S. R.; Lopez, C. B.";Washington University in St. Louis, Molecular Microbiology;Homo sapiens;15252;2024-03-31;PP_001W3PQ;PP525306.1;Automated Ingest from INSDC/NCBI Virus by Loculus;OPEN;https://pathoplexus.org/about/terms-of-use/open-data;;1.0;;;PP525306.1;;;H82;0;0
PP_001W3SJ.1;A.D;2015;USA;Philadelphia, PA;"Musa, A. O.; Faber, S. R.; Lopez, C. B.";Washington University in St. Louis, Molecular Microbiology;Homo sapiens;15080;2024-03-31;PP_001W3SJ;PP525309.1;Automated Ingest from INSDC/NCBI Virus by Loculus;OPEN;https://pathoplexus.org/about/terms-of-use/open-data;;0.9900164203612479;;;PP525309.1;;;b23;0;0
PP_001W3TG.1;A.D.1;2015;USA;Philadelphia, PA;"Musa, A. O.; Faber, S. R.; Lopez, C. B.";Washington University in St. Louis, Molecular Microbiology;Homo sapiens;15066;2024-03-31;PP_001W3TG;PP525310.1;Automated Ingest from INSDC/NCBI Virus by Loculus;OPEN;https://pathoplexus.org/about/terms-of-use/open-data;;0.9934975369458128;;;PP525310.1;;;b26;0;0
PP_001W3VC.1;A.D.2;2016;USA;Philadelphia, PA;"Musa, A. O.; Faber, S. R.; Lopez, C. B.";Washington University in St. Louis, Molecular Microbiology;Homo sapiens;15070;2024-03-31;PP_001W3VC;PP525312.1;Automated Ingest from INSDC/NCBI Virus by Loculus;OPEN;https://pathoplexus.org/about/terms-of-use/open-data;;0.9896223316912972;;;PP525312.1;;;b36;0;0
PP_001W3X8.1;A.D;2016;USA;Philadelphia, PA;"Musa, A. O.; Faber, S. R.; Lopez, C. B.";Washington University in St. Louis, Molecular Microbiology;Homo sapiens;15112;2024-03-31;PP_001W3X8;PP525314.1;Automated Ingest from INSDC/NCBI Virus by Loculus;OPEN;https://pathoplexus.org/about/terms-of-use/open-data;;0.9911330049261083;;;PP525314.1;;;b48;0;0
PP_001W42Y.1;A.D;2015;USA;Philadelphia, PA;"Musa, A. O.; Faber, S. R.; Lopez, C. B.";Washington University in St. Louis, Molecular Microbiology;Homo sapiens;15108;2024-03-31;PP_001W42Y;PP525319.1;Automated Ingest from INSDC/NCBI Virus by Loculus;OPEN;https://pathoplexus.org/about/terms-of-use/open-data;;0.9959277504105091;;;PP525319.1;;;cl59;0;0
PP_001W43W.1;A.D.2;2014;USA;Philadelphia, PA;"Musa, A. O.; Faber, S. R.; Lopez, C. B.";Washington University in St. Louis, Molecular Microbiology;Homo sapiens;15060;2024-03-31;PP_001W43W;PP525320.1;Automated Ingest from INSDC/NCBI Virus by Loculus;OPEN;https://pathoplexus.org/about/terms-of-use/open-data;;0.9957307060755337;;;PP525320.1;;;cl99;0;0
PP_001W44U.1;A.D.1;2017;USA;Philadelphia, PA;"Musa, A. O.; Faber, S. R.; Lopez, C. B.";Washington University in St. Louis, Molecular Microbiology;Homo sapiens;15330;2024-03-31;PP_001W44U;PP525321.1;Automated Ingest from INSDC/NCBI Virus by Loculus;OPEN;https://pathoplexus.org/about/terms-of-use/open-data;;1.0;;;PP525321.1;;;H81;0;0
PP_001W45S.1;A.D.5;2016;USA;Philadelphia, PA;"Musa, A. O.; Faber, S. R.; Lopez, C. B.";Washington University in St. Louis, Molecular Microbiology;Homo sapiens;15179;2024-03-31;PP_001W45S;PP525322.1;Automated Ingest from INSDC/NCBI Virus by Loculus;OPEN;https://pathoplexus.org/about/terms-of-use/open-data;;0.9999343185550083;;;PP525322.1;;;b43;0;0
PP_001W49J.1;A.D;2012;USA;Philadelphia, PA;"Musa, A. O.; Faber, S. R.; Lopez, C. B.";Washington University in St. Louis, Molecular Microbiology;Homo sapiens;15332;2024-03-31;PP_001W49J;PP525326.1;Automated Ingest from INSDC/NCBI Virus by Loculus;OPEN;https://pathoplexus.org/about/terms-of-use/open-data;;1.0;;;PP525326.1;;;H7;0;0
PP_001W54T.1;A.D.3.3;2024-01-03;USA;Washington;"Roychoudhury, P.; Xie, X.; Sereewit, J.; Ellis, S.; Greninger, A.";University of Washington, Laboratory Medicine and Pathology;Homo sapiens;15260;2024-03-31;PP_001W54T;PP530269.1;Automated Ingest from INSDC/NCBI Virus by Loculus;OPEN;https://pathoplexus.org/about/terms-of-use/open-data;;0.9991461412151067;;;PP530269.1;;;WA-UW-35797;4;9
PP_001WCJR.1;A.D.3.3;2022-12-12;USA;Alaska;"Fries, A.; Padraic, F.; Jennifer, M.; Kelsey, L.; William, G.; Deanna, M.; Sarah, P.; Elizabeth, M.";US Air Force, USAFSAM;Homo sapiens;15096;2024-04-23;PP_001WCJR;PP681264.1;Automated Ingest from INSDC/NCBI Virus by Loculus;OPEN;https://pathoplexus.org/about/terms-of-use/open-data;;0.9913300492610837;;;PP681264.1;;;RSVA/human/USA/AK-USAFSAM-R00035/2022;0;0
PP_001WCKP.1;A.D.5.2;2022-12-12;USA;Alaska;"Fries, A.; Padraic, F.; Jennifer, M.; Kelsey, L.; William, G.; Deanna, M.; Sarah, P.; Elizabeth, M.";US Air Force, USAFSAM;Homo sapiens;14627;2024-04-23;PP_001WCKP;PP681265.1;Automated Ingest from INSDC/NCBI Virus by Loculus;OPEN;https://pathoplexus.org/about/terms-of-use/open-data;;0.9781937602627258;;;PP681265.1;;;RSVA/human/USA/AK-USAFSAM-R00036/2022;0;0
PP_001WCLM.1;A.D.5.2;2022-12-13;USA;Missouri;"Fries, A.; Padraic, F.; Jennifer, M.; Kelsey, L.; William, G.; Deanna, M.; Sarah, P.; Elizabeth, M.";US Air Force, USAFSAM;Homo sapiens;15080;2024-04-23;PP_001WCLM;PP681266.1;Automated Ingest from INSDC/NCBI Virus by Loculus;OPEN;https://pathoplexus.org/about/terms-of-use/open-data;;0.9933661740558293;;;PP681266.1;;;RSVA/human/USA/MO-USAFSAM-R00038/2022;0;0
PP_001WCQD.1;A.D.1.7;2022-12-20;USA;Texas;"Fries, A.; Padraic, F.; Jennifer, M.; Kelsey, L.; William, G.; Deanna, M.; Sarah, P.; Elizabeth, M.";US Air Force, USAFSAM;Homo sapiens;15086;2024-04-23;PP_001WCQD;PP681270.1;Automated Ingest from INSDC/NCBI Virus by Loculus;OPEN;https://pathoplexus.org/about/terms-of-use/open-data;;0.9910016420361248;;;PP681270.1;;;RSVA/human/USA/TX-USAFSAM-R00047/2022;0;0
PP_001WD3M.1;A.D.1.4;2022-12-05;USA;North Dakota;"Fries, A.; Padraic, F.; Jennifer, M.; Kelsey, L.; William, G.; Deanna, M.; Sarah, P.; Elizabeth, M.";US Air Force, USAFSAM;Homo sapiens;15094;2024-04-23;PP_001WD3M;PP681283.1;Automated Ingest from INSDC/NCBI Virus by Loculus;OPEN;https://pathoplexus.org/about/terms-of-use/open-data;;0.9941543513957307;;;PP681283.1;;;RSVA/human/USA/ND-USAFSAM-R00009/2022;0;0
PP_001WD8B.1;A.D.5.2;2023-12-25;USA;Minnesota;"Kunerth, H. D.; Plumb, M.; Namugenyi, S.; Evans, D.; Wang, X.";Minnesota Department of Health, Public Health Laboratory - Infectious Disease Lab;Homo sapiens;15043;2024-04-29;PP_001WD8B;PP709372.1;Automated Ingest from INSDC/NCBI Virus by Loculus;OPEN;https://pathoplexus.org/about/terms-of-use/open-data;SAMN40983610;0.9702463054187193;;;PP709372.1;SRR28706733;;MN-MDH-RSVA-00330;0;275
PP_001WD99.1;A.D.3.10;2023-12-18;USA;Minnesota;"Kunerth, H. D.; Plumb, M.; Namugenyi, S.; Evans, D.; Wang, X.";Minnesota Department of Health, Public Health Laboratory - Infectious Disease Lab;Homo sapiens;15051;2024-04-29;PP_001WD99;PP709373.1;Automated Ingest from INSDC/NCBI Virus by Loculus;OPEN;https://pathoplexus.org/about/terms-of-use/open-data;SAMN40983603;0.9707717569786535;;;PP709373.1;SRR28706709;;MN-MDH-RSVA-00323;0;267
PP_001WDEZ.1;A.D.5.2;2023-12-23;USA;Minnesota;"Kunerth, H. D.; Plumb, M.; Namugenyi, S.; Evans, D.; Wang, X.";Minnesota Department of Health, Public Health Laboratory - Infectious Disease Lab;Homo sapiens;15041;2024-04-29;PP_001WDEZ;PP709378.1;Automated Ingest from INSDC/NCBI Virus by Loculus;OPEN;https://pathoplexus.org/about/terms-of-use/open-data;SAMN40983618;0.9522495894909688;;;PP709378.1;SRR28706724;;MN-MDH-RSVA-00338;0;549
PP_001WDT6.1;A.D.5.2;2024-01-03;USA;Minnesota;"Kunerth, H. D.; Plumb, M.; Namugenyi, S.; Evans, D.; Wang, X.";Minnesota Department of Health, Public Health Laboratory - Infectious Disease Lab;Homo sapiens;15043;2024-04-29;PP_001WDT6;PP709391.1;Automated Ingest from INSDC/NCBI Virus by Loculus;OPEN;https://pathoplexus.org/about/terms-of-use/open-data;SAMN40983611;0.9701806239737274;;;PP709391.1;SRR28706732;;MN-MDH-RSVA-00331;0;276
PP_001WEHR.1;A.D.3.5;2024-01-01;USA;Minnesota;"Kunerth, H. D.; Plumb, M.; Namugenyi, S.; Evans, D.; Wang, X.";Minnesota Department of Health, Public Health Laboratory - Infectious Disease Lab;Homo sapiens;15045;2024-04-29;PP_001WEHR;PP709453.1;Automated Ingest from INSDC/NCBI Virus by Loculus;OPEN;https://pathoplexus.org/about/terms-of-use/open-data;SAMN40984154;0.9869293924466338;;;PP709453.1;SRR28707102;;MN-MDH-RSVA-00399;0;21
PP_001WEQB.1;A.D.5.1;2022-04-04;Russia;Novosibirsk;"Kurskaya, O. G.; Solomatina, M. V.; Saroyan, T. A.; Dubovitskiy, N. A.; Derko, A. A.; Nokhova, A. R.; Sobolev, I. A.; Kabilov, M. R.; Tupikin, A. E.; Sharshov, K. A.";Federal Research Center of Fundamental and Translational Medicine, Research Institute of Virology;Homo sapiens;15027;2024-04-29;PP_001WEQB;PP709780.1;Automated Ingest from INSDC/NCBI Virus by Loculus;OPEN;https://pathoplexus.org/about/terms-of-use/open-data;;0.9863382594417077;;;PP709780.1;;;RSVA/Novosibirsk/8.355/2022;0;1
PP_001WER9.1;A.D.1;2019-01-21;USA;Washington, King County;"Frazar, C. D.; Lee, J.; Ryke, E.; Gamboa, L.; Opsahl, J.; Rodriguez-Salas, L.; Mcdermot, E.; Stone, J.; Kolar, T.; Han, P. D.; Sibley, T. R.; Truong, M.; Reinhart, D.; Grindstaff, S.; Wolf, C. R.; Boeckh, M.; Englund, J. A.; Lutz, B. R.; Waghmare, A.; Viboud, C.; Starita, L. M.; Shendure, J.; Bedford, T.; Chu, H. Y.";Seattle Flu Study, The Brotman Baty Institute for Precision Medicine;Homo sapiens;15094;2024-05-08;PP_001WER9;PP748680.1;Automated Ingest from INSDC/NCBI Virus by Loculus;OPEN;https://pathoplexus.org/about/terms-of-use/open-data;SAMN41031193;0.9889655172413793;;;PP748680.1;;;RSV-A/human/USA/WA-S25161/2019;0;37
PP_001WFR8.1;A.D.1;2020-01-05;USA;Washington, King County;"Frazar, C. D.; Lee, J.; Ryke, E.; Gamboa, L.; Opsahl, J.; Rodriguez-Salas, L.; Mcdermot, E.; Stone, J.; Kolar, T.; Han, P. D.; Sibley, T. R.; Truong, M.; Reinhart, D.; Grindstaff, S.; Wolf, C. R.; Boeckh, M.; Englund, J. A.; Lutz, B. R.; Waghmare, A.; Viboud, C.; Starita, L. M.; Shendure, J.; Bedford, T.; Chu, H. Y.";Seattle Flu Study, The Brotman Baty Institute for Precision Medicine;Homo sapiens;15080;2024-05-08;PP_001WFR8;PP748714.1;Automated Ingest from INSDC/NCBI Virus by Loculus;OPEN;https://pathoplexus.org/about/terms-of-use/open-data;SAMN41031227;0.9814778325123152;;;PP748714.1;;;RSV-A/human/USA/WA-S25195/2020;0;137
PP_001WG4G.1;A.D.1;2020-02-29;USA;Washington, King County;"Frazar, C. D.; Lee, J.; Ryke, E.; Gamboa, L.; Opsahl, J.; Rodriguez-Salas, L.; Mcdermot, E.; Stone, J.; Kolar, T.; Han, P. D.; Sibley, T. R.; Truong, M.; Reinhart, D.; Grindstaff, S.; Wolf, C. R.; Boeckh, M.; Englund, J. A.; Lutz, B. R.; Waghmare, A.; Viboud, C.; Starita, L. M.; Shendure, J.; Bedford, T.; Chu, H. Y.";Seattle Flu Study, The Brotman Baty Institute for Precision Medicine;Homo sapiens;15195;2024-05-08;PP_001WG4G;PP748727.1;Automated Ingest from INSDC/NCBI Virus by Loculus;OPEN;https://pathoplexus.org/about/terms-of-use/open-data;SAMN41031240;0.9980952380952381;;;PP748727.1;;;RSV-A/human/USA/WA-S25208/2020;0;0
PP_001WGVZ.1;A.D.3.3;2021-06-17;USA;Washington, King County;"Frazar, C. D.; Lee, J.; Ryke, E.; Gamboa, L.; Opsahl, J.; Rodriguez-Salas, L.; Mcdermot, E.; Stone, J.; Kolar, T.; Han, P. D.; Sibley, T. R.; Truong, M.; Reinhart, D.; Grindstaff, S.; Wolf, C. R.; Boeckh, M.; Englund, J. A.; Lutz, B. R.; Waghmare, A.; Viboud, C.; Starita, L. M.; Shendure, J.; Bedford, T.; Chu, H. Y.";Seattle Flu Study, The Brotman Baty Institute for Precision Medicine;Homo sapiens;15126;2024-05-08;PP_001WGVZ;PP748752.1;Automated Ingest from INSDC/NCBI Virus by Loculus;OPEN;https://pathoplexus.org/about/terms-of-use/open-data;SAMN41031265;0.9763546798029556;;;PP748752.1;;;RSV-A/human/USA/WA-S25233/2021;0;259
PP_001WH2K.2;A.D.3.1;2022-10;USA;WA;"Sereewit, J.; Nunley, B. E.; Roychoudhury, P.; Greninger, A. L.";University of Washington Dept. Laboratory Medicine and Pathology, Virology Division;Homo sapiens;15045;2024-05-12;PP_001WH2K;PP760393.1;Automated Ingest from INSDC/NCBI Virus by Loculus;OPEN;https://pathoplexus.org/about/terms-of-use/open-data;SAMN41195163;0.9642692939244664;;;PP760393.1;SRR28891419;;RSV/A/USA/WA-UW-05654/2022;0;366
PP_001WHKJ.1;A.D.3.3;2024-01-19;USA;Washington;"Roychoudhury, P.; Klein, E. J.; Strelitz, B.; Grioni, H.; Moline, H. L.; Tannis, A.; Ellis, S. E.; Xie, H.; Kong, K.; Sereewit, J.; Greninger, A.; Englund, J. A.";University of Washington, Laboratory Medicine and Pathology;Homo sapiens;15017;2024-05-14;PP_001WHKJ;PP770461.1;Automated Ingest from INSDC/NCBI Virus by Loculus;OPEN;https://pathoplexus.org/about/terms-of-use/open-data;;0.9946141215106732;;;PP770461.1;;;WA-SCH-5527864;0;25
PP_001WHT2.1;A.D.1.4;2024-02-19;USA;Washington;"Roychoudhury, P.; Klein, E. J.; Strelitz, B.; Grioni, H.; Moline, H. L.; Tannis, A.; Ellis, S. E.; Xie, H.; Kong, K.; Sereewit, J.; Greninger, A.; Englund, J. A.";University of Washington, Laboratory Medicine and Pathology;Homo sapiens;15243;2024-05-14;PP_001WHT2;PP770472.1;Automated Ingest from INSDC/NCBI Virus by Loculus;OPEN;https://pathoplexus.org/about/terms-of-use/open-data;;1.0;;;PP770472.1;;;WA-SCH-9357150;0;0
PP_001WHYS.1;A.D.5.4;2024-02-07;USA;;"Lauring, A. S.; Papalambros, L. K.";University Of Michigan, Internal Medicine - Infectious Disease;Homo sapiens;14428;2024-05-18;PP_001WHYS;PP781380.1;Automated Ingest from INSDC/NCBI Virus by Loculus;OPEN;https://pathoplexus.org/about/terms-of-use/open-data;;0.866272577996716;;;PP781380.1;;;hRSV-A-G43R94S3;0;1240
PP_001WJUZ.1;A.D.3.10;2023-12-22;USA;;"Lauring, A. S.; Papalambros, L. K.";University Of Michigan, Internal Medicine - Infectious Disease;Homo sapiens;14681;2024-05-18;PP_001WJUZ;PP781410.1;Automated Ingest from INSDC/NCBI Virus by Loculus;OPEN;https://pathoplexus.org/about/terms-of-use/open-data;;0.9372742200328408;;;PP781410.1;;;hRSV-A-G43R57G2;0;410
PP_001WJYR.1;A.D.3.5;2024-01-04;USA;;"Lauring, A. S.; Papalambros, L. K.";University Of Michigan, Internal Medicine - Infectious Disease;Homo sapiens;14119;2024-05-18;PP_001WJYR;PP781414.1;Automated Ingest from INSDC/NCBI Virus by Loculus;OPEN;https://pathoplexus.org/about/terms-of-use/open-data;;0.8589162561576354;;;PP781414.1;;;hRSV-A-G43R71Q9;0;1046
PP_001WKFR.2;A.D.4.1;2021;South Africa;;"Sondlane, H.; Ogunbayo, A.; Donato, C.; Mogotsi, M.; Esona, M.; Hallbauer, U.; Bester, P.; Goedhals, D.; Nyaga, M.; Nyaga, M. M.; Sondlane, H. T.; Ogunbayo, E. A.; Mogotsi, M. T.; Esona, M. D.";University of the Free State, UFS-NGS;Homo sapiens;15171;2024-07-10;PP_001WKFR;PP784980.1;Automated Ingest from INSDC/NCBI Virus by Loculus;OPEN;https://pathoplexus.org/about/terms-of-use/open-data;;0.999671592775041;;;PP784980.1;;;hRSV/A/ZAF/UFS-NGS-UNIT/RD-13/2021|2021-03-14;0;0
PP_001WMHJ.1;A.D.1.6;2023-10-16;USA;Texas;"Avadhanula, V.; Sahni, L.; Surathu, A.; Cregeen, S. J.; Doddapaneni, H.; Metcalf, G. A.; Tannis, A.; Moline, H.; Boom, J.; Piedra, P.";Baylor College of Medicine, Alkek Center for Metagenomics and Microbiome Research;Homo sapiens;15186;2024-05-20;PP_001WMHJ;PP795136.1;Automated Ingest from INSDC/NCBI Virus by Loculus;OPEN;https://pathoplexus.org/about/terms-of-use/open-data;SAMN41376830;1.0;;;PP795136.1;SRR29003509;;HRSV/A/USA/TX-HOU-215295/2023;0;0
PP_001WMKE.1;A.D.5.2;2023-10-22;USA;Texas;"Avadhanula, V.; Sahni, L.; Surathu, A.; Cregeen, S. J.; Doddapaneni, H.; Metcalf, G. A.; Tannis, A.; Moline, H.; Boom, J.; Piedra, P.";Baylor College of Medicine, Alkek Center for Metagenomics and Microbiome Research;Homo sapiens;15302;2024-05-20;PP_001WMKE;PP795138.1;Automated Ingest from INSDC/NCBI Virus by Loculus;OPEN;https://pathoplexus.org/about/terms-of-use/open-data;SAMN41376835;1.0;;;PP795138.1;SRR29003504;;HRSV/A/USA/TX-HOU-215373/2023;0;0
PP_001WN66.1;A.D.1.5;2024-01-03;USA;Texas;"Avadhanula, V.; Sahni, L.; Surathu, A.; Cregeen, S. J.; Doddapaneni, H.; Metcalf, G. A.; Tannis, A.; Moline, H.; Boom, J.; Piedra, P.";Baylor College of Medicine, Alkek Center for Metagenomics and Microbiome Research;Homo sapiens;15306;2024-05-20;PP_001WN66;PP795159.1;Automated Ingest from INSDC/NCBI Virus by Loculus;OPEN;https://pathoplexus.org/about/terms-of-use/open-data;SAMN41376886;1.0;;;PP795159.1;SRR29003540;;HRSV/A/USA/TX-HOU-217085/2024;0;0
PP_001WPJE.1;A.D;2015;China;;"Wang, F.; Zhao, L.; Jiang, M.; Zhou, X.";Capital Institute of Pediatrics, Laboratory of Virology;Homo sapiens;15198;2024-06-05;PP_001WPJE;PP845216.1;Automated Ingest from INSDC/NCBI Virus by Loculus;OPEN;https://pathoplexus.org/about/terms-of-use/open-data;;0.9981609195402299;;;PP845216.1;;;BJ61397;1;0
PP_001WPM8.1;A;1987;USA;;"Cai, A.; Aeschbacher, T.; Manhas, S.";Gilead Sciences, Clinical Virology;Homo sapiens;15212;2024-10-13;PP_001WPM8;PQ416565.1;Automated Ingest from INSDC/NCBI Virus by Loculus;OPEN;https://pathoplexus.org/about/terms-of-use/open-data;;1.0;;;PQ416565.1;;;HRSV/A/Texas.USA/A1-37425/1987;0;0
PP_001WQAW.1;A.D.5.4;2024-01-12;USA;Minnesota;"Kunerth, H. D.; Plumb, M.; Namugenyi, S.; Evans, D.; Wang, X.";Minnesota Department of Health, Public Health Laboratory - Infectious Disease Lab;Homo sapiens;15046;2024-06-05;PP_001WQAW;PP847381.1;Automated Ingest from INSDC/NCBI Virus by Loculus;OPEN;https://pathoplexus.org/about/terms-of-use/open-data;SAMN41571179;0.9599343185550082;;;PP847381.1;SRR29205791;;MN-MDH-RSVA-00539;0;432
PP_001WTM4.1;A.D.5.2;2024-02-11;USA;Minnesota;"Kunerth, H. D.; Plumb, M.; Namugenyi, S.; Evans, D.; Bohnker, L.; Wang, X.";Minnesota Department of Health, Public Health Laboratory - Infectious Disease Lab;Homo sapiens;14855;2024-06-19;PP_001WTM4;PP910784.1;Automated Ingest from INSDC/NCBI Virus by Loculus;OPEN;https://pathoplexus.org/about/terms-of-use/open-data;SAMN41801212;0.9576354679802955;;;PP910784.1;SRR29371272;;MN-MDH-RSVA-00624;0;279
PP_001WUHB.1;A.D.5.2;2024-02-02;USA;Minnesota;"Kunerth, H. D.; Plumb, M.; Namugenyi, S.; Evans, D.; Bohnker, L.; Wang, X.";Minnesota Department of Health, Public Health Laboratory - Infectious Disease Lab;Homo sapiens;14855;2024-07-03;PP_001WUHB;PP957745.1;Automated Ingest from INSDC/NCBI Virus by Loculus;OPEN;https://pathoplexus.org/about/terms-of-use/open-data;SAMN42036930;0.9577011494252874;;;PP957745.1;SRR29541273;;MN-MDH-RSVA-00732;0;278
PP_001WUK7.1;A.D.5.4;2024-02-02;USA;Minnesota;"Kunerth, H. D.; Plumb, M.; Namugenyi, S.; Evans, D.; Bohnker, L.; Wang, X.";Minnesota Department of Health, Public Health Laboratory - Infectious Disease Lab;Homo sapiens;15046;2024-07-03;PP_001WUK7;PP957747.1;Automated Ingest from INSDC/NCBI Virus by Loculus;OPEN;https://pathoplexus.org/about/terms-of-use/open-data;SAMN42036932;0.9596715927750411;;;PP957747.1;SRR29541251;;MN-MDH-RSVA-00734;0;436
PP_001WUWK.1;A.D.5.2;2024-02-05;USA;Minnesota;"Kunerth, H. D.; Plumb, M.; Namugenyi, S.; Evans, D.; Bohnker, L.; Wang, X.";Minnesota Department of Health, Public Health Laboratory - Infectious Disease Lab;Homo sapiens;14855;2024-07-03;PP_001WUWK;PP957758.1;Automated Ingest from INSDC/NCBI Virus by Loculus;OPEN;https://pathoplexus.org/about/terms-of-use/open-data;SAMN42036943;0.9577011494252874;;;PP957758.1;SRR29541278;;MN-MDH-RSVA-00745;0;278
PP_001WVYE.1;A.2;1992;USA;;"Cai, A.; Aeschbacher, T.; Manhas, S.";Gilead Sciences, Clinical Virology;Homo sapiens;15213;2024-10-13;PP_001WVYE;PQ416566.1;Automated Ingest from INSDC/NCBI Virus by Loculus;OPEN;https://pathoplexus.org/about/terms-of-use/open-data;;1.0;;;PQ416566.1;;;HRSV/A/Texas.USA/A4-66125/1992;0;0
PP_001WZXC.1;A.D.1;2022-12-28;Ireland;;"Carr, M.; Dean, J.; Hare, D.; OByrne, E.; De Gascun, C. F.; Rice, A.; Gonzalez, G.";University College Dublin, National Virus Reference Laboratory;Homo sapiens;15018;2024-08-06;PP_001WZXC;PP969942.1;Automated Ingest from INSDC/NCBI Virus by Loculus;OPEN;https://pathoplexus.org/about/terms-of-use/open-data;;0.9901477832512315;;;PP969942.1;;;A18321101;0;0
PP_001X004.1;A.D.5.2;2022-10-06;Ireland;;"Carr, M.; Dean, J.; Hare, D.; OByrne, E.; De Gascun, C. F.; Rice, A.; Gonzalez, G.";University College Dublin, National Virus Reference Laboratory;Homo sapiens;15015;2024-08-06;PP_001X004;PP969945.1;Automated Ingest from INSDC/NCBI Virus by Loculus;OPEN;https://pathoplexus.org/about/terms-of-use/open-data;;0.9901477832512315;;;PP969945.1;;;A18321010;0;1
PP_001X1NS.1;A.D.5.1;2023-11-17;Ireland;;"Carr, M.; Dean, J.; Hare, D.; OByrne, E.; De Gascun, C. F.; Rice, A.; Gonzalez, G.";University College Dublin, National Virus Reference Laboratory;Homo sapiens;15073;2024-08-06;PP_001X1NS;PP970001.1;Automated Ingest from INSDC/NCBI Virus by Loculus;OPEN;https://pathoplexus.org/about/terms-of-use/open-data;;0.984367816091954;;;PP970001.1;;;A19160795;0;89
PP_001X1VC.1;A.D.1;2022-11-17;Ireland;;"Carr, M.; Dean, J.; Hare, D.; OByrne, E.; De Gascun, C. F.; Rice, A.; Gonzalez, G.";University College Dublin, National Virus Reference Laboratory;Homo sapiens;15111;2024-08-06;PP_001X1VC;PP970008.1;Automated Ingest from INSDC/NCBI Virus by Loculus;OPEN;https://pathoplexus.org/about/terms-of-use/open-data;;0.9900164203612479;;;PP970008.1;;;A18321088;0;112
PP_001X27N.1;A.D.1.9;2023-11-04;Ireland;;"Carr, M.; Dean, J.; Hare, D.; OByrne, E.; De Gascun, C. F.; Rice, A.; Gonzalez, G.";University College Dublin, National Virus Reference Laboratory;Homo sapiens;15069;2024-08-06;PP_001X27N;PP970020.1;Automated Ingest from INSDC/NCBI Virus by Loculus;OPEN;https://pathoplexus.org/about/terms-of-use/open-data;;0.976551724137931;;;PP970020.1;;;A19160774;0;202
PP_001X2TF.1;A.D.1.5;2023-11-20;Ireland;;"Carr, M.; Dean, J.; Hare, D.; OByrne, E.; De Gascun, C. F.; Rice, A.; Gonzalez, G.";University College Dublin, National Virus Reference Laboratory;Homo sapiens;15076;2024-08-06;PP_001X2TF;PP970040.1;Automated Ingest from INSDC/NCBI Virus by Loculus;OPEN;https://pathoplexus.org/about/terms-of-use/open-data;;0.9902791461412151;;;PP970040.1;;;A19160782;0;0
PP_001X33V.1;A.D.5;2022-10-14;Ireland;;"Carr, M.; Dean, J.; Hare, D.; OByrne, E.; De Gascun, C. F.; Rice, A.; Gonzalez, G.";University College Dublin, National Virus Reference Laboratory;Homo sapiens;15017;2024-08-06;PP_001X33V;PP970050.1;Automated Ingest from INSDC/NCBI Virus by Loculus;OPEN;https://pathoplexus.org/about/terms-of-use/open-data;;0.9876518883415435;;;PP970050.1;;;A18321039;0;39
PP_001X3H0.1;A.D.1.6;2024-01-12;USA;Minnesota;"Kunerth, H. D.; Namugenyi, S.; Plumb, M.; Bohnker, L.; Evans, D.; Wang, X.";Minnesota Department of Health, Public Health Laboratory - Infectious Disease Lab;Homo sapiens;15044;2024-07-08;PP_001X3H0;PP973747.1;Automated Ingest from INSDC/NCBI Virus by Loculus;OPEN;https://pathoplexus.org/about/terms-of-use/open-data;SAMN42162035;0.9700492610837439;;;PP973747.1;SRR29646473;;MN-MDH-RSVA-00812;0;278
PP_001X43U.1;A.D.5.2;2024-02-06;USA;Minnesota;"Kunerth, H. D.; Namugenyi, S.; Plumb, M.; Bohnker, L.; Evans, D.; Wang, X.";Minnesota Department of Health, Public Health Laboratory - Infectious Disease Lab;Homo sapiens;14855;2024-07-08;PP_001X43U;PP973767.1;Automated Ingest from INSDC/NCBI Virus by Loculus;OPEN;https://pathoplexus.org/about/terms-of-use/open-data;SAMN42162055;0.9577011494252874;;;PP973767.1;SRR29646460;;MN-MDH-RSVA-00832;0;278
PP_001X64Q.1;A.D;2016-01-07;China;Beijing;"Wei, X.; Wang, L.; Li, M.; Qi, J.; Kang, L.; Hu, G.; Gong, C.; Wang, C.; Wang, Y.; Huang, F.; Gao, G. F.";Beijing Center for Disease Prevention and Control, Immunological Prevention;Homo sapiens;14836;2024-11-09;PP_001X64Q;PP974120.1;Automated Ingest from INSDC/NCBI Virus by Loculus;OPEN;https://pathoplexus.org/about/terms-of-use/open-data;;0.9743185550082102;;;PP974120.1;;;2016-R0470;2;0
PP_001X65N.1;A.D;2015-12-29;China;Beijing;"Wei, X.; Wang, L.; Li, M.; Qi, J.; Kang, L.; Hu, G.; Gong, C.; Wang, C.; Wang, Y.; Huang, F.; Gao, G. F.";Beijing Center for Disease Prevention and Control, Immunological Prevention;Homo sapiens;14826;2024-11-09;PP_001X65N;PP974121.1;Automated Ingest from INSDC/NCBI Virus by Loculus;OPEN;https://pathoplexus.org/about/terms-of-use/open-data;;0.9737274220032841;;;PP974121.1;;;2016-R0467;1;0
PP_001X66L.1;A.D;2017-02-06;China;Beijing;"Wei, X.; Wang, L.; Li, M.; Qi, J.; Kang, L.; Hu, G.; Gong, C.; Wang, C.; Wang, Y.; Huang, F.; Gao, G. F.";Beijing Center for Disease Prevention and Control, Immunological Prevention;Homo sapiens;14826;2024-11-09;PP_001X66L;PP974122.1;Automated Ingest from INSDC/NCBI Virus by Loculus;OPEN;https://pathoplexus.org/about/terms-of-use/open-data;;0.9734646962233169;;;PP974122.1;;;2017-R6218;0;5
PP_001X6PK.1;A.D.3;2017-12-21;China;Beijing;"Wei, X.; Wang, L.; Li, M.; Qi, J.; Kang, L.; Hu, G.; Gong, C.; Wang, C.; Wang, Y.; Huang, F.; Gao, G. F.";Beijing Center for Disease Prevention and Control, Immunological Prevention;Homo sapiens;14826;2024-11-09;PP_001X6PK;PP974139.1;Automated Ingest from INSDC/NCBI Virus by Loculus;OPEN;https://pathoplexus.org/about/terms-of-use/open-data;;0.9737274220032841;;;PP974139.1;;;2018-R6073;1;0
PP_001X6SD.1;A.D;2017-02-15;China;Beijing;"Wei, X.; Wang, L.; Li, M.; Qi, J.; Kang, L.; Hu, G.; Gong, C.; Wang, C.; Wang, Y.; Huang, F.; Gao, G. F.";Beijing Center for Disease Prevention and Control, Immunological Prevention;Homo sapiens;14835;2024-11-09;PP_001X6SD;PP974142.1;Automated Ingest from INSDC/NCBI Virus by Loculus;OPEN;https://pathoplexus.org/about/terms-of-use/open-data;;0.9710344827586207;;;PP974142.1;;;2017-R6249;1;50
PP_001X6V7.1;A.D;2016-01-05;China;Beijing;"Wei, X.; Wang, L.; Li, M.; Qi, J.; Kang, L.; Hu, G.; Gong, C.; Wang, C.; Wang, Y.; Huang, F.; Gao, G. F.";Beijing Center for Disease Prevention and Control, Immunological Prevention;Homo sapiens;14825;2024-11-09;PP_001X6V7;PP974145.1;Automated Ingest from INSDC/NCBI Virus by Loculus;OPEN;https://pathoplexus.org/about/terms-of-use/open-data;;0.9644006568144499;;;PP974145.1;;;2016-R-6158;2;140
PP_001X6W5.1;A.D;2024-01-08;China;Beijing;"Wei, X.; Wang, L.; Li, M.; Qi, J.; Kang, L.; Hu, G.; Gong, C.; Wang, C.; Wang, Y.; Huang, F.; Gao, G. F.";Beijing Center for Disease Prevention and Control, Immunological Prevention;Homo sapiens;14825;2024-11-09;PP_001X6W5;PP974146.1;Automated Ingest from INSDC/NCBI Virus by Loculus;OPEN;https://pathoplexus.org/about/terms-of-use/open-data;;0.9735960591133005;;;PP974146.1;;;2015-R0068;2;0
PP_001X71V.1;A.D.3;2021-12-15;China;Beijing;"Wei, X.; Wang, L.; Li, M.; Qi, J.; Kang, L.; Hu, G.; Gong, C.; Wang, C.; Wang, Y.; Huang, F.; Gao, G. F.";Beijing Center for Disease Prevention and Control, Immunological Prevention;Homo sapiens;14832;2024-11-09;PP_001X71V;PP974151.1;Automated Ingest from INSDC/NCBI Virus by Loculus;OPEN;https://pathoplexus.org/about/terms-of-use/open-data;;0.9737274220032841;;;PP974151.1;;;2021-R1982;7;0
PP_001X7AB.1;A.D.3.7;2024-01-11;China;Beijing;"Wei, X.; Wang, L.; Li, M.; Qi, J.; Kang, L.; Hu, G.; Gong, C.; Wang, C.; Wang, Y.; Huang, F.; Gao, G. F.";Beijing Center for Disease Prevention and Control, Immunological Prevention;Homo sapiens;14817;2024-11-09;PP_001X7AB;PP974160.1;Automated Ingest from INSDC/NCBI Virus by Loculus;OPEN;https://pathoplexus.org/about/terms-of-use/open-data;;0.9731362889983579;;;PP974160.1;;;2024-01VA01;1;0
PP_001X8SB.1;A.D.1.5;2024-03-11;USA;Minnesota;"Kunerth, H. D.; Plumb, M.; Namugenyi, S.; Evans, D.; Bohnker, L.; Wang, X.";Minnesota Department of Health, Public Health Laboratory - Infectious Disease Lab;Homo sapiens;15046;2024-07-10;PP_001X8SB;PP978536.1;Automated Ingest from INSDC/NCBI Virus by Loculus;OPEN;https://pathoplexus.org/about/terms-of-use/open-data;SAMN42232792;0.9880459770114942;;;PP978536.1;SRR29680354;;MN-MDH-RSVA-00925;0;4
PP_001X8X1.1;A.D.3;2023-12-29;USA;Washington,King County;"Frazar, C. D.; Lee, J.; Ryke, E.; Gamboa, L.; Stone, J.; McDermot, E.; Kolar, T.; Han, P. D.; Sibley, T. R.; Reinhart, D.; Grindstaff, S.; Truong, M.; Babu, T. M.; Feldstein, L. R.; Saydah, S.; Briggs-Hagen, M.; Casto, A.; Ehmen, B.; Englund, J. A.; Fortmann, S. P.; Kuntz, J. L.; Lockwood, T.; Midgley, C. M.; Mularski, R. A.; Ogilvie, T.; Opsahl, J.; Reich, S.; Rodriguez-Salas, L.; Schmidt, M. A.; Smith, N.; Starita, L.; Vandermeer, M.; Weil, A. A.; Wolf, C. R.; Chu, H. Y.; Naleway, A. L.";Seattle Flu Study, The Brotman Baty Institute for Precision Medicine;Homo sapiens;15025;2024-07-20;PP_001X8X1;PQ008872.1;Automated Ingest from INSDC/NCBI Virus by Loculus;OPEN;https://pathoplexus.org/about/terms-of-use/open-data;SAMN42435900;0.9856814449917898;;;PQ008872.1;;;RSV-A/human/USA/WA-S25502/2023;0;18
PP_001X8ZX.1;A.D.5.2;2024-03-05;USA;Washington,King County;"Frazar, C. D.; Lee, J.; Ryke, E.; Gamboa, L.; Stone, J.; McDermot, E.; Kolar, T.; Han, P. D.; Sibley, T. R.; Reinhart, D.; Grindstaff, S.; Truong, M.; Babu, T. M.; Feldstein, L. R.; Saydah, S.; Briggs-Hagen, M.; Casto, A.; Ehmen, B.; Englund, J. A.; Fortmann, S. P.; Kuntz, J. L.; Lockwood, T.; Midgley, C. M.; Mularski, R. A.; Ogilvie, T.; Opsahl, J.; Reich, S.; Rodriguez-Salas, L.; Schmidt, M. A.; Smith, N.; Starita, L.; Vandermeer, M.; Weil, A. A.; Wolf, C. R.; Chu, H. Y.; Naleway, A. L.";Seattle Flu Study, The Brotman Baty Institute for Precision Medicine;Homo sapiens;15129;2024-07-20;PP_001X8ZX;PQ008874.1;Automated Ingest from INSDC/NCBI Virus by Loculus;OPEN;https://pathoplexus.org/about/terms-of-use/open-data;SAMN42435902;0.9916584564860427;;;PQ008874.1;;;RSV-A/human/USA/WA-S25504/2024;0;35
PP_001X9ML.1;A.D.1.11;2024-06-04;USA;California;"Rothstein, A. P.; Qiu, X.; Collins, S.; Muir, G.; Simas, A.; Sum, A.; Lu, B.; Cosca, B.; Girinathan, B.; Leeson, P.; Phillipson, C. W.; Plocik, A.; Simen, B.";Ginkgo Bioworks, Ginkgo Biosecurity;Homo sapiens;15211;2024-08-07;PP_001X9ML;PQ117646.1;Automated Ingest from INSDC/NCBI Virus by Loculus;OPEN;https://pathoplexus.org/about/terms-of-use/open-data;;0.9991461412151067;;;PQ117646.1;;;GKISBBBB37986;0;0
PP_001X9U6.1;A.D.3;2024-01-12;USA;California;"Rothstein, A. P.; Qiu, X.; Collins, S.; Muir, G.; Simas, A.; Sum, A.; Lu, B.; Cosca, B.; Girinathan, B.; Leeson, P.; Phillipson, C. W.; Plocik, A.; Simen, B.";Ginkgo Bioworks, Ginkgo Biosecurity;Homo sapiens;15199;2024-08-07;PP_001X9U6;PQ117653.1;Automated Ingest from INSDC/NCBI Virus by Loculus;OPEN;https://pathoplexus.org/about/terms-of-use/open-data;;0.9977011494252873;;;PQ117653.1;;;H20-358-0049;0;0
PP_001XBLL.1;A.D.5;2019-12-03;United Kingdom;Scotland;"Maloney, D. M.; Fernandes, G.; Jasim, S.; Dewar, R.; Templeton, K. E.";University of Edinburgh, Institute of Ecology and Evolution;Homo sapiens;15046;2024-09-25;PP_001XBLL;PQ348785.1;Automated Ingest from INSDC/NCBI Virus by Loculus;OPEN;https://pathoplexus.org/about/terms-of-use/open-data;;0.9881116584564861;;;PQ348785.1;;;RSVLO16;3;0
PP_001XBMJ.1;A.D.1;2019-12-03;United Kingdom;Scotland;"Maloney, D. M.; Fernandes, G.; Jasim, S.; Dewar, R.; Templeton, K. E.";University of Edinburgh, Institute of Ecology and Evolution;Homo sapiens;15046;2024-09-25;PP_001XBMJ;PQ348786.1;Automated Ingest from INSDC/NCBI Virus by Loculus;OPEN;https://pathoplexus.org/about/terms-of-use/open-data;;0.9882430213464696;;;PQ348786.1;;;RSVLO18;1;0
PP_001XBYW.1;A.D.1;2021-08-08;United Kingdom;Scotland;"Maloney, D. M.; Fernandes, G.; Jasim, S.; Dewar, R.; Templeton, K. E.";University of Edinburgh, Institute of Ecology and Evolution;Homo sapiens;15046;2024-09-25;PP_001XBYW;PQ348797.1;Automated Ingest from INSDC/NCBI Virus by Loculus;OPEN;https://pathoplexus.org/about/terms-of-use/open-data;;0.9712315270935961;;;PQ348797.1;;;RSVLO399;1;259
PP_001XC5G.1;A.D.1;2021-09-06;United Kingdom;Scotland;"Maloney, D. M.; Fernandes, G.; Jasim, S.; Dewar, R.; Templeton, K. E.";University of Edinburgh, Institute of Ecology and Evolution;Homo sapiens;15046;2024-09-25;PP_001XC5G;PQ348804.1;Automated Ingest from INSDC/NCBI Virus by Loculus;OPEN;https://pathoplexus.org/about/terms-of-use/open-data;;0.9882430213464696;;;PQ348804.1;;;RSVLO416;0;1
PP_001XC7C.1;A.D.1;2021-09-08;United Kingdom;Scotland;"Maloney, D. M.; Fernandes, G.; Jasim, S.; Dewar, R.; Templeton, K. E.";University of Edinburgh, Institute of Ecology and Evolution;Homo sapiens;15046;2024-09-25;PP_001XC7C;PQ348806.1;Automated Ingest from INSDC/NCBI Virus by Loculus;OPEN;https://pathoplexus.org/about/terms-of-use/open-data;;0.9881773399014778;;;PQ348806.1;;;RSVLO422;2;0
PP_001XCGU.1;A.D.1.4;2021-09-23;United Kingdom;Scotland;"Maloney, D. M.; Fernandes, G.; Jasim, S.; Dewar, R.; Templeton, K. E.";University of Edinburgh, Institute of Ecology and Evolution;Homo sapiens;15045;2024-09-25;PP_001XCGU;PQ348815.1;Automated Ingest from INSDC/NCBI Virus by Loculus;OPEN;https://pathoplexus.org/about/terms-of-use/open-data;;0.9881773399014778;;;PQ348815.1;;;RSVLO476;2;0
PP_001XDLJ.1;A.D.1;2021-10-19;United Kingdom;Scotland;"Maloney, D. M.; Fernandes, G.; Jasim, S.; Dewar, R.; Templeton, K. E.";University of Edinburgh, Institute of Ecology and Evolution;Homo sapiens;15046;2024-09-25;PP_001XDLJ;PQ348853.1;Automated Ingest from INSDC/NCBI Virus by Loculus;OPEN;https://pathoplexus.org/about/terms-of-use/open-data;;0.9881773399014778;;;PQ348853.1;;;NIN-452;2;0
PP_001XEKK.1;A.D.1.9;2022-11-05;United Kingdom;Scotland;"Maloney, D. M.; Fernandes, G.; Jasim, S.; Dewar, R.; Templeton, K. E.";University of Edinburgh, Institute of Ecology and Evolution;Homo sapiens;15046;2024-09-25;PP_001XEKK;PQ348886.1;Automated Ingest from INSDC/NCBI Virus by Loculus;OPEN;https://pathoplexus.org/about/terms-of-use/open-data;;0.9881773399014778;;;PQ348886.1;;;NIN-556;2;0
PP_001XFA3.1;A.D.3;2019-12-21;United Kingdom;Scotland;"Maloney, D. M.; Fernandes, G.; Jasim, S.; Dewar, R.; Templeton, K. E.";University of Edinburgh, Institute of Ecology and Evolution;Homo sapiens;15045;2024-09-25;PP_001XFA3;PQ348974.1;Automated Ingest from INSDC/NCBI Virus by Loculus;OPEN;https://pathoplexus.org/about/terms-of-use/open-data;;0.9525779967159278;;;PQ348974.1;;;RSVLO167;0;544
PP_001XFT2.1;A.D.1;2021-09-08;United Kingdom;Scotland;"Maloney, D. M.; Fernandes, G.; Jasim, S.; Dewar, R.; Templeton, K. E.";University of Edinburgh, Institute of Ecology and Evolution;Homo sapiens;15045;2024-09-25;PP_001XFT2;PQ348991.1;Automated Ingest from INSDC/NCBI Virus by Loculus;OPEN;https://pathoplexus.org/about/terms-of-use/open-data;;0.9883087027914614;;;PQ348991.1;;;RSVLO420;0;0
PP_001XG0N.1;A.D.1;2021-10-21;United Kingdom;Scotland;"Maloney, D. M.; Fernandes, G.; Jasim, S.; Dewar, R.; Templeton, K. E.";University of Edinburgh, Institute of Ecology and Evolution;Homo sapiens;15046;2024-09-25;PP_001XG0N;PQ348998.1;Automated Ingest from INSDC/NCBI Virus by Loculus;OPEN;https://pathoplexus.org/about/terms-of-use/open-data;;0.9525123152709359;;;PQ348998.1;;;RSVLO543;0;545
PP_001XG1L.1;A.D.1;2022-03-18;United Kingdom;Scotland;"Maloney, D. M.; Fernandes, G.; Jasim, S.; Dewar, R.; Templeton, K. E.";University of Edinburgh, Institute of Ecology and Evolution;Homo sapiens;15045;2024-09-25;PP_001XG1L;PQ348999.1;Automated Ingest from INSDC/NCBI Virus by Loculus;OPEN;https://pathoplexus.org/about/terms-of-use/open-data;;0.9883087027914614;;;PQ348999.1;;;RSVLO562;0;0
PP_001XGGQ.1;A.D.1;2022-08-08;United Kingdom;Scotland;"Maloney, D. M.; Fernandes, G.; Jasim, S.; Dewar, R.; Templeton, K. E.";University of Edinburgh, Institute of Ecology and Evolution;Homo sapiens;15044;2024-09-25;PP_001XGGQ;PQ349014.1;Automated Ingest from INSDC/NCBI Virus by Loculus;OPEN;https://pathoplexus.org/about/terms-of-use/open-data;;0.9882430213464696;;;PQ349014.1;;;RSVLO825;0;1
PP_001XGS3.1;A.D.5.1;2023-02-12;United Kingdom;Scotland;"Maloney, D. M.; Fernandes, G.; Jasim, S.; Dewar, R.; Templeton, K. E.";University of Edinburgh, Institute of Ecology and Evolution;Homo sapiens;15042;2024-09-25;PP_001XGS3;PQ349024.1;Automated Ingest from INSDC/NCBI Virus by Loculus;OPEN;https://pathoplexus.org/about/terms-of-use/open-data;;0.9546141215106733;;;PQ349024.1;;;RSVLO1185;0;513
PP_001XGUZ.1;A.D.1.11;2023-04-13;United Kingdom;Scotland;"Maloney, D. M.; Fernandes, G.; Jasim, S.; Dewar, R.; Templeton, K. E.";University of Edinburgh, Institute of Ecology and Evolution;Homo sapiens;15046;2024-09-25;PP_001XGUZ;PQ349026.1;Automated Ingest from INSDC/NCBI Virus by Loculus;OPEN;https://pathoplexus.org/about/terms-of-use/open-data;;0.9721510673234811;;;PQ349026.1;;;RSVLO1201;0;246
PP_001XH3F.1;A.D.5.2;2023-12-22;USA;Washington;"Roychoudhury, P.; Xie, X.; Sereewit, J.; Ellis, S.; Greninger, A.";University of Washington, Laboratory Medicine and Pathology;Homo sapiens;14992;2024-10-06;PP_001XH3F;PQ390735.1;Automated Ingest from INSDC/NCBI Virus by Loculus;OPEN;https://pathoplexus.org/about/terms-of-use/open-data;;0.9971100164203612;;;PQ390735.1;;;WA-UW-56209;3;16
PP_001XH69.1;A.D.3.3;2023-11-25;USA;Washington;"Roychoudhury, P.; Xie, X.; Sereewit, J.; Ellis, S.; Greninger, A.";University of Washington, Laboratory Medicine and Pathology;Homo sapiens;15138;2024-10-06;PP_001XH69;PQ390742.1;Automated Ingest from INSDC/NCBI Virus by Loculus;OPEN;https://pathoplexus.org/about/terms-of-use/open-data;;0.9971100164203612;;;PQ390742.1;;;WA-UW-74811;0;39
PP_001XLFN.1;A.3;2005;USA;;"Cai, A.; Aeschbacher, T.; Manhas, S.";Gilead Sciences, Clinical Virology;Homo sapiens;15221;2024-10-13;PP_001XLFN;PQ416561.1;Automated Ingest from INSDC/NCBI Virus by Loculus;OPEN;https://pathoplexus.org/about/terms-of-use/open-data;;0.9986863711001642;;;PQ416561.1;;;HRSV/A/Texas.USA/79312/2005;20;0
PP_001XLGL.1;A.2;1994;USA;;"Cai, A.; Aeschbacher, T.; Manhas, S.";Gilead Sciences, Clinical Virology;Homo sapiens;15213;2024-10-13;PP_001XLGL;PQ416562.1;Automated Ingest from INSDC/NCBI Virus by Loculus;OPEN;https://pathoplexus.org/about/terms-of-use/open-data;;0.999671592775041;;;PQ416562.1;;;HRSV/A/Texas.USA/61245/1994;5;0
PP_001XLHH.1;A.2.1;2004;USA;;"Cai, A.; Aeschbacher, T.; Manhas, S.";Gilead Sciences, Clinical Virology;Homo sapiens;15216;2024-10-13;PP_001XLHH;PQ416563.1;Automated Ingest from INSDC/NCBI Virus by Loculus;OPEN;https://pathoplexus.org/about/terms-of-use/open-data;;0.9919868637110016;;;PQ416563.1;;;HRSV/A/Texas.USA/79254/2004;122;0
PP_001XLJF.1;A.3;2004;USA;;"Cai, A.; Aeschbacher, T.; Manhas, S.";Gilead Sciences, Clinical Virology;Homo sapiens;15203;2024-10-13;PP_001XLJF;PQ416564.1;Automated Ingest from INSDC/NCBI Virus by Loculus;OPEN;https://pathoplexus.org/about/terms-of-use/open-data;;0.9994745484400657;;;PQ416564.1;;;HRSV/A/Texas.USA/79256/2004;8;0
PP_001XLLB.1;A.D.1.1;2019-12-20;USA;Washington;"Roychoudhury, P.; Xie, X.; Sereewit, J.; Ellis, S.; Greninger, A.";University of Washington, Laboratory Medicine and Pathology;Homo sapiens;15274;2024-10-29;PP_001XLLB;PQ508369.1;Automated Ingest from INSDC/NCBI Virus by Loculus;OPEN;https://pathoplexus.org/about/terms-of-use/open-data;;0.9995402298850574;;;PQ508369.1;;;WA-UW-2c2b1;7;0
PP_001XM57.1;A.2.1;2008;United Kingdom;;"Aeschbacher, T.; Cai, A.; Manhas, S.; Zamora, J. L. R.";Gilead Sciences, Clinical Virology;Homo sapiens;15209;2024-11-19;PP_001XM57;PQ591393.1;Automated Ingest from INSDC/NCBI Virus by Loculus;OPEN;https://pathoplexus.org/about/terms-of-use/open-data;;1.0;;;PQ591393.1;;;HRSV/A/GBR/NU4408/2008;0;0
PP_001XM65.1;A.3.1;2008;United Kingdom;;"Aeschbacher, T.; Cai, A.; Manhas, S.; Zamora, J. L. R.";Gilead Sciences, Clinical Virology;Homo sapiens;15208;2024-11-19;PP_001XM65;PQ591394.1;Automated Ingest from INSDC/NCBI Virus by Loculus;OPEN;https://pathoplexus.org/about/terms-of-use/open-data;;0.9999343185550083;;;PQ591394.1;;;HRSV/A/GBR/NU5108/2008;1;0
PP_001XM73.1;A.3.1;2008;United Kingdom;;"Aeschbacher, T.; Cai, A.; Manhas, S.; Zamora, J. L. R.";Gilead Sciences, Clinical Virology;Homo sapiens;15206;2024-11-19;PP_001XM73;PQ591395.1;Automated Ingest from INSDC/NCBI Virus by Loculus;OPEN;https://pathoplexus.org/about/terms-of-use/open-data;;0.9999343185550083;;;PQ591395.1;;;HRSV/A/GBR/NU4908/2008;1;0
PP_001XQ38.1;A.D.1;2022-12-19;Panama;;"Franco, D.; Goya, S.; Martinez, A.; Moreno, B.; Valdespino, E.; Gaitan, M.; Gonzalez, C.; Moreno, A.; Capitan-Barrios, Z.; Carrera, J. P.; Lopez-Verges, S.; Pascale, J. M.; Das, S. R.; Arbiza, J.; Delfraro, A.; Abrego, L.";Gorgas Memorial Institute of Health Studies, Department of Research in Virology and Biotechnology;Homo sapiens;15212;2024-11-25;PP_001XQ38;PQ618020.1;Automated Ingest from INSDC/NCBI Virus by Loculus;OPEN;https://pathoplexus.org/about/terms-of-use/open-data;;0.9991461412151067;;;PQ618020.1;;;hRSV/A/Panama/ICGES-69/2022;0;0
PP_001XQ8Y.1;A.D.1;2022-10-03;Panama;;"Franco, D.; Goya, S.; Martinez, A.; Moreno, B.; Valdespino, E.; Gaitan, M.; Gonzalez, C.; Moreno, A.; Capitan-Barrios, Z.; Carrera, J. P.; Lopez-Verges, S.; Pascale, J. M.; Das, S. R.; Arbiza, J.; Delfraro, A.; Abrego, L.";Gorgas Memorial Institute of Health Studies, Department of Research in Virology and Biotechnology;Homo sapiens;15212;2024-11-25;PP_001XQ8Y;PQ618025.1;Automated Ingest from INSDC/NCBI Virus by Loculus;OPEN;https://pathoplexus.org/about/terms-of-use/open-data;;0.9991461412151067;;;PQ618025.1;;;hRSV/A/Panama/ICGES-32/2022;0;0
PP_001XQHD.1;A.D.1;2020-01-08;Panama;;"Franco, D.; Goya, S.; Martinez, A.; Moreno, B.; Valdespino, E.; Gaitan, M.; Gonzalez, C.; Moreno, A.; Capitan-Barrios, Z.; Carrera, J. P.; Lopez-Verges, S.; Pascale, J. M.; Das, S. R.; Arbiza, J.; Delfraro, A.; Abrego, L.";Gorgas Memorial Institute of Health Studies, Department of Research in Virology and Biotechnology;Homo sapiens;15211;2024-11-25;PP_001XQHD;PQ618034.1;Automated Ingest from INSDC/NCBI Virus by Loculus;OPEN;https://pathoplexus.org/about/terms-of-use/open-data;;0.9991461412151067;;;PQ618034.1;;;hRSV/A/Panama/ICGES-136/2020;0;0
PP_001XQK9.1;A.D.1;2019-11-18;Panama;;"Franco, D.; Goya, S.; Martinez, A.; Moreno, B.; Valdespino, E.; Gaitan, M.; Gonzalez, C.; Moreno, A.; Capitan-Barrios, Z.; Carrera, J. P.; Lopez-Verges, S.; Pascale, J. M.; Das, S. R.; Arbiza, J.; Delfraro, A.; Abrego, L.";Gorgas Memorial Institute of Health Studies, Department of Research in Virology and Biotechnology;Homo sapiens;15211;2024-11-25;PP_001XQK9;PQ618036.1;Automated Ingest from INSDC/NCBI Virus by Loculus;OPEN;https://pathoplexus.org/about/terms-of-use/open-data;;0.9991461412151067;;;PQ618036.1;;;hRSV/A/Panama/ICGES-127/2019;0;0
PP_001XQL7.1;A.D.1;2019-08-12;Panama;;"Franco, D.; Goya, S.; Martinez, A.; Moreno, B.; Valdespino, E.; Gaitan, M.; Gonzalez, C.; Moreno, A.; Capitan-Barrios, Z.; Carrera, J. P.; Lopez-Verges, S.; Pascale, J. M.; Das, S. R.; Arbiza, J.; Delfraro, A.; Abrego, L.";Gorgas Memorial Institute of Health Studies, Department of Research in Virology and Biotechnology;Homo sapiens;15211;2024-11-25;PP_001XQL7;PQ618037.1;Automated Ingest from INSDC/NCBI Virus by Loculus;OPEN;https://pathoplexus.org/about/terms-of-use/open-data;;0.9991461412151067;;;PQ618037.1;;;hRSV/A/Panama/ICGES-97/2019;0;0
PP_001XQQZ.1;A.D.1.7;2022-09-20;Panama;;"Franco, D.; Goya, S.; Martinez, A.; Moreno, B.; Valdespino, E.; Gaitan, M.; Gonzalez, C.; Moreno, A.; Capitan-Barrios, Z.; Carrera, J. P.; Lopez-Verges, S.; Pascale, J. M.; Das, S. R.; Arbiza, J.; Delfraro, A.; Abrego, L.";Gorgas Memorial Institute of Health Studies, Department of Research in Virology and Biotechnology;Homo sapiens;15211;2024-11-25;PP_001XQQZ;PQ618041.1;Automated Ingest from INSDC/NCBI Virus by Loculus;OPEN;https://pathoplexus.org/about/terms-of-use/open-data;;0.9991461412151067;;;PQ618041.1;;;hRSV/A/Panama/ICGES-24/2022;0;0
PP_001XR1B.1;A.D.3.2;2022-10-17;Panama;;"Franco, D.; Goya, S.; Martinez, A.; Moreno, B.; Valdespino, E.; Gaitan, M.; Gonzalez, C.; Moreno, A.; Capitan-Barrios, Z.; Carrera, J. P.; Lopez-Verges, S.; Pascale, J. M.; Das, S. R.; Arbiza, J.; Delfraro, A.; Abrego, L.";Gorgas Memorial Institute of Health Studies, Department of Research in Virology and Biotechnology;Homo sapiens;15213;2024-11-25;PP_001XR1B;PQ618052.1;Automated Ingest from INSDC/NCBI Virus by Loculus;OPEN;https://pathoplexus.org/about/terms-of-use/open-data;;0.9991461412151067;;;PQ618052.1;;;hRSV/A/Panama/ICGES-42/2022;0;0
PP_001XR45.1;A.D.3.3;2022-10-31;Panama;;"Franco, D.; Goya, S.; Martinez, A.; Moreno, B.; Valdespino, E.; Gaitan, M.; Gonzalez, C.; Moreno, A.; Capitan-Barrios, Z.; Carrera, J. P.; Lopez-Verges, S.; Pascale, J. M.; Das, S. R.; Arbiza, J.; Delfraro, A.; Abrego, L.";Gorgas Memorial Institute of Health Studies, Department of Research in Virology and Biotechnology;Homo sapiens;15214;2024-11-25;PP_001XR45;PQ618055.1;Automated Ingest from INSDC/NCBI Virus by Loculus;OPEN;https://pathoplexus.org/about/terms-of-use/open-data;;0.9991461412151067;;;PQ618055.1;;;hRSV/A/Panama/ICGES-54/2022;0;0
PP_001XR8X.1;A.D.3;2023-02-27;Panama;;"Franco, D.; Goya, S.; Martinez, A.; Moreno, B.; Valdespino, E.; Gaitan, M.; Gonzalez, C.; Moreno, A.; Capitan-Barrios, Z.; Carrera, J. P.; Lopez-Verges, S.; Pascale, J. M.; Das, S. R.; Arbiza, J.; Delfraro, A.; Abrego, L.";Gorgas Memorial Institute of Health Studies, Department of Research in Virology and Biotechnology;Homo sapiens;15214;2024-11-25;PP_001XR8X;PQ618059.1;Automated Ingest from INSDC/NCBI Virus by Loculus;OPEN;https://pathoplexus.org/about/terms-of-use/open-data;;0.9991461412151067;;;PQ618059.1;;;hRSV/A/Panama/ICGES-147/2023;0;0
PP_001XRGF.1;A.D;2018-01-15;Panama;;"Franco, D.; Goya, S.; Martinez, A.; Moreno, B.; Valdespino, E.; Gaitan, M.; Gonzalez, C.; Moreno, A.; Capitan-Barrios, Z.; Carrera, J. P.; Lopez-Verges, S.; Pascale, J. M.; Das, S. R.; Arbiza, J.; Delfraro, A.; Abrego, L.";Gorgas Memorial Institute of Health Studies, Department of Research in Virology and Biotechnology;Homo sapiens;15189;2024-11-25;PP_001XRGF;PQ618067.1;Automated Ingest from INSDC/NCBI Virus by Loculus;OPEN;https://pathoplexus.org/about/terms-of-use/open-data;;0.9977668308702792;;;PQ618067.1;;;hRSV/A/Panama/ICGES-196/2018;0;0
PP_001XS0C.1;A.D.5.2;2022-11-24;USA;Washington,Yakima County;"Frazar, C. D.; Lee, J.; Ryke, E.; Gamboa, L.; Opsahl, J.; Rodriguez-Salas, L.; McDermot, E.; Stone, J.; Kolar, T.; Han, P. D.; Sibley, T. R.; Truong, M.; Reinhart, D.; Grindstaff, S.; Wolf, C. R.; Boeckh, M.; Englund, J. A.; Lutz, B. R.; Waghmare, A.; Viboud, C.; Starita, L. M.; Shendure, J.; Bedford, T.; Chu, H. Y.";Seattle Flu Study, The Brotman Baty Institute for Precision Medicine;Homo sapiens;15170;2024-12-01;PP_001XS0C;PQ638663.1;Automated Ingest from INSDC/NCBI Virus by Loculus;OPEN;https://pathoplexus.org/about/terms-of-use/open-data;SAMN44705212;0.9964532019704434;;;PQ638663.1;;;RSV-A/human/USA/WA-S25712/2022;0;0
PP_001XSM3.1;A.D.1.5;2022-12-31;USA;Washington,King County;"Frazar, C. D.; Lee, J.; Ryke, E.; Gamboa, L.; Opsahl, J.; Rodriguez-Salas, L.; McDermot, E.; Stone, J.; Kolar, T.; Han, P. D.; Sibley, T. R.; Truong, M.; Reinhart, D.; Grindstaff, S.; Wolf, C. R.; Boeckh, M.; Englund, J. A.; Lutz, B. R.; Waghmare, A.; Viboud, C.; Starita, L. M.; Shendure, J.; Bedford, T.; Chu, H. Y.";Seattle Flu Study, The Brotman Baty Institute for Precision Medicine;Homo sapiens;15195;2024-12-01;PP_001XSM3;PQ638684.1;Automated Ingest from INSDC/NCBI Virus by Loculus;OPEN;https://pathoplexus.org/about/terms-of-use/open-data;SAMN44705233;0.9980952380952381;;;PQ638684.1;;;RSV-A/human/USA/WA-S25733/2022;0;0
PP_001XSRV.1;A.D.1.8;2022-11-11;USA;Washington,King County;"Frazar, C. D.; Lee, J.; Ryke, E.; Gamboa, L.; Opsahl, J.; Rodriguez-Salas, L.; McDermot, E.; Stone, J.; Kolar, T.; Han, P. D.; Sibley, T. R.; Truong, M.; Reinhart, D.; Grindstaff, S.; Wolf, C. R.; Boeckh, M.; Englund, J. A.; Lutz, B. R.; Waghmare, A.; Viboud, C.; Starita, L. M.; Shendure, J.; Bedford, T.; Chu, H. Y.";Seattle Flu Study, The Brotman Baty Institute for Precision Medicine;Homo sapiens;15196;2024-12-01;PP_001XSRV;PQ638688.1;Automated Ingest from INSDC/NCBI Virus by Loculus;OPEN;https://pathoplexus.org/about/terms-of-use/open-data;SAMN44705237;0.9979638752052545;;;PQ638688.1;;;RSV-A/human/USA/WA-S25737/2022;0;2
PP_001XT6Z.1;A.D.1.6;2023-03-22;USA;Washington,Pierce County;"Frazar, C. D.; Lee, J.; Ryke, E.; Gamboa, L.; Opsahl, J.; Rodriguez-Salas, L.; McDermot, E.; Stone, J.; Kolar, T.; Han, P. D.; Sibley, T. R.; Truong, M.; Reinhart, D.; Grindstaff, S.; Wolf, C. R.; Boeckh, M.; Englund, J. A.; Lutz, B. R.; Waghmare, A.; Viboud, C.; Starita, L. M.; Shendure, J.; Bedford, T.; Chu, H. Y.";Seattle Flu Study, The Brotman Baty Institute for Precision Medicine;Homo sapiens;15194;2024-12-01;PP_001XT6Z;PQ638703.1;Automated Ingest from INSDC/NCBI Virus by Loculus;OPEN;https://pathoplexus.org/about/terms-of-use/open-data;SAMN44705252;0.9942857142857143;;;PQ638703.1;;;RSV-A/human/USA/WA-S25752/2023;0;58
PP_001XTL4.1;A.D.3;2022-11-03;USA;Washington,King County;"Frazar, C. D.; Lee, J.; Ryke, E.; Gamboa, L.; Opsahl, J.; Rodriguez-Salas, L.; McDermot, E.; Stone, J.; Kolar, T.; Han, P. D.; Sibley, T. R.; Truong, M.; Reinhart, D.; Grindstaff, S.; Wolf, C. R.; Boeckh, M.; Englund, J. A.; Lutz, B. R.; Waghmare, A.; Viboud, C.; Starita, L. M.; Shendure, J.; Bedford, T.; Chu, H. Y.";Seattle Flu Study, The Brotman Baty Institute for Precision Medicine;Homo sapiens;15198;2024-12-01;PP_001XTL4;PQ638717.1;Automated Ingest from INSDC/NCBI Virus by Loculus;OPEN;https://pathoplexus.org/about/terms-of-use/open-data;SAMN44705266;0.9972413793103448;;;PQ638717.1;;;RSV-A/human/USA/WA-S25766/2022;0;13
PP_001XUJ7.1;A.D.5.2;2023-11-22;France;;"Fourati, S.; Rameix Welti, M.-A.";Hospital Henri Mondor - APHP, Department of Virology;Homo sapiens;15161;2024-12-18;PP_001XUJ7;PQ737344.1;Automated Ingest from INSDC/NCBI Virus by Loculus;OPEN;https://pathoplexus.org/about/terms-of-use/open-data;;0.9594088669950739;;;PQ737344.1;;;006-0006;0;558
PP_001XUQV.1;A.D.5.2;2023-10-19;France;;"Fourati, S.; Rameix Welti, M.-A.";Hospital Henri Mondor - APHP, Department of Virology;Homo sapiens;15132;2024-12-18;PP_001XUQV;PQ737351.1;Automated Ingest from INSDC/NCBI Virus by Loculus;OPEN;https://pathoplexus.org/about/terms-of-use/open-data;;0.9941543513957307;;;PQ737351.1;;;006-0029;0;1
PP_001XVEF.1;A.D.3.6;2024-01-15;USA;Minnesota;"Kunerth, H.; Plumb, M.; Namugenyi, S.; Evans, D.; Bohnkers-Voels, L.; Wang, X.";Minnesota Department of Health, Public Health Laboratory - Infectious Disease Lab;Homo sapiens;15049;2024-12-18;PP_001XVEF;PQ762487.1;Automated Ingest from INSDC/NCBI Virus by Loculus;OPEN;https://pathoplexus.org/about/terms-of-use/open-data;SAMN45827576;0.9548111658456486;;;PQ762487.1;SRR31710286;;MN-MDH-RSVA-00983;0;510
PP_001XVFD.1;A.D.5.4;2024-01-30;USA;Minnesota;"Kunerth, H.; Plumb, M.; Namugenyi, S.; Evans, D.; Bohnkers-Voels, L.; Wang, X.";Minnesota Department of Health, Public Health Laboratory - Infectious Disease Lab;Homo sapiens;15046;2024-12-18;PP_001XVFD;PQ762488.1;Automated Ingest from INSDC/NCBI Virus by Loculus;OPEN;https://pathoplexus.org/about/terms-of-use/open-data;SAMN45827577;0.9598686371100165;;;PQ762488.1;SRR31710275;;MN-MDH-RSVA-00984;0;433
PP_001XVWG.1;A.D.5.4;2024-03-16;USA;Minnesota;"Kunerth, H.; Plumb, M.; Namugenyi, S.; Evans, D.; Bohnkers-Voels, L.; Wang, X.";Minnesota Department of Health, Public Health Laboratory - Infectious Disease Lab;Homo sapiens;15046;2024-12-18;PP_001XVWG;PQ762503.1;Automated Ingest from INSDC/NCBI Virus by Loculus;OPEN;https://pathoplexus.org/about/terms-of-use/open-data;SAMN45827592;0.9723481116584565;;;PQ762503.1;SRR31710305;;MN-MDH-RSVA-00999;0;243
PP_001XVXE.1;A.D.5.2;2024-03-17;USA;Minnesota;"Kunerth, H.; Plumb, M.; Namugenyi, S.; Evans, D.; Bohnkers-Voels, L.; Wang, X.";Minnesota Department of Health, Public Health Laboratory - Infectious Disease Lab;Homo sapiens;14856;2024-12-18;PP_001XVXE;PQ762504.1;Automated Ingest from INSDC/NCBI Virus by Loculus;OPEN;https://pathoplexus.org/about/terms-of-use/open-data;SAMN45827593;0.9577668308702791;;;PQ762504.1;SRR31710304;;MN-MDH-RSVA-01000;0;277
PP_001XW08.1;A.D.1.6;2024-03-19;USA;Minnesota;"Kunerth, H.; Plumb, M.; Namugenyi, S.; Evans, D.; Bohnkers-Voels, L.; Wang, X.";Minnesota Department of Health, Public Health Laboratory - Infectious Disease Lab;Homo sapiens;15045;2024-12-18;PP_001XW08;PQ762507.1;Automated Ingest from INSDC/NCBI Virus by Loculus;OPEN;https://pathoplexus.org/about/terms-of-use/open-data;SAMN45827596;0.9881773399014778;;;PQ762507.1;SRR31710301;;MN-MDH-RSVA-01003;0;2
PP_001XWAN.1;A.D.1.6;2024-04-28;USA;Minnesota;"Kunerth, H.; Plumb, M.; Namugenyi, S.; Evans, D.; Bohnkers-Voels, L.; Wang, X.";Minnesota Department of Health, Public Health Laboratory - Infectious Disease Lab;Homo sapiens;15045;2024-12-18;PP_001XWAN;PQ762517.1;Automated Ingest from INSDC/NCBI Virus by Loculus;OPEN;https://pathoplexus.org/about/terms-of-use/open-data;SAMN45827606;0.9880459770114942;;;PQ762517.1;SRR31710260;;MN-MDH-RSVA-01013;0;4
PP_001XY4Y.1;A.D.5.1;2023-10-29;France;;"Fourati, S.; Rameix Welti, M.-A.";Hospital Henri Mondor - APHP, Department of Virology;Homo sapiens;15125;2024-12-18;PP_001XY4Y;PQ762678.1;Automated Ingest from INSDC/NCBI Virus by Loculus;OPEN;https://pathoplexus.org/about/terms-of-use/open-data;;0.9925779967159277;;;PQ762678.1;;;009-0010;1;16
PP_001XYDE.1;A.D.1.10;2023-12-05;France;;"Fourati, S.; Rameix Welti, M.-A.";Hospital Henri Mondor - APHP, Department of Virology;Homo sapiens;15169;2024-12-18;PP_001XYDE;PQ762696.1;Automated Ingest from INSDC/NCBI Virus by Loculus;OPEN;https://pathoplexus.org/about/terms-of-use/open-data;;0.975632183908046;;;PQ762696.1;;;010-0006;0;316
PP_001XZ9M.1;A.D.3;2023-11-27;France;;"Fourati, S.; Rameix Welti, M.-A.";Hospital Henri Mondor - APHP, Department of Virology;Homo sapiens;14911;2024-12-18;PP_001XZ9M;PQ762732.1;Automated Ingest from INSDC/NCBI Virus by Loculus;OPEN;https://pathoplexus.org/about/terms-of-use/open-data;;0.9791133004926108;;;PQ762732.1;;;011-0015;0;3
PP_001XZDD.1;A.D.5.1;2023-12-08;France;;"Fourati, S.; Rameix Welti, M.-A.";Hospital Henri Mondor - APHP, Department of Virology;Homo sapiens;14907;2024-12-18;PP_001XZDD;PQ762737.1;Automated Ingest from INSDC/NCBI Virus by Loculus;OPEN;https://pathoplexus.org/about/terms-of-use/open-data;;0.9793103448275862;;;PQ762737.1;;;011-0021;0;1
PP_001XZF9.1;A.D.1.9;2023-11-30;France;;"Fourati, S.; Rameix Welti, M.-A.";Hospital Henri Mondor - APHP, Department of Virology;Homo sapiens;14907;2024-12-18;PP_001XZF9;PQ762740.1;Automated Ingest from INSDC/NCBI Virus by Loculus;OPEN;https://pathoplexus.org/about/terms-of-use/open-data;;0.9792446633825944;;;PQ762740.1;;;011-0024;0;1
PP_001XZVE.1;A.D.5.2;2023-12-16;France;;"Fourati, S.; Rameix Welti, M.-A.";Hospital Henri Mondor - APHP, Department of Virology;Homo sapiens;14886;2024-12-18;PP_001XZVE;PQ762760.1;Automated Ingest from INSDC/NCBI Virus by Loculus;OPEN;https://pathoplexus.org/about/terms-of-use/open-data;;0.9779310344827586;;;PQ762760.1;;;011-0046;0;1
PP_001XZZ6.1;A.D.1.11;2024-01-03;France;;"Fourati, S.; Rameix Welti, M.-A.";Hospital Henri Mondor - APHP, Department of Virology;Homo sapiens;14883;2024-12-18;PP_001XZZ6;PQ762764.1;Automated Ingest from INSDC/NCBI Virus by Loculus;OPEN;https://pathoplexus.org/about/terms-of-use/open-data;;0.9775369458128079;;;PQ762764.1;;;011-0051;0;1
PP_001Y07N.1;A.D.5.1;2024-02-08;France;;"Fourati, S.; Rameix Welti, M.-A.";Hospital Henri Mondor - APHP, Department of Virology;Homo sapiens;14951;2024-12-18;PP_001Y07N;PQ762777.1;Automated Ingest from INSDC/NCBI Virus by Loculus;OPEN;https://pathoplexus.org/about/terms-of-use/open-data;;0.9820032840722496;;;PQ762777.1;;;012-0015;0;4
PP_001Y0KX.1;A.D.3;2023-12-15;France;;"Fourati, S.; Rameix Welti, M.-A.";Hospital Henri Mondor - APHP, Department of Virology;Homo sapiens;15172;2024-12-18;PP_001Y0KX;PQ762797.1;Automated Ingest from INSDC/NCBI Virus by Loculus;OPEN;https://pathoplexus.org/about/terms-of-use/open-data;;0.9617733990147783;;;PQ762797.1;;;015-0019;0;527
PP_001Y0VB.1;A.D.5;2023-12-02;France;;"Fourati, S.; Rameix Welti, M.-A.";Hospital Henri Mondor - APHP, Department of Virology;Homo sapiens;15169;2024-12-18;PP_001Y0VB;PQ762808.1;Automated Ingest from INSDC/NCBI Virus by Loculus;OPEN;https://pathoplexus.org/about/terms-of-use/open-data;;0.987192118226601;;;PQ762808.1;;;018-0010;0;140
PP_001Y17M.1;A.D.1.9;2023-11-09;France;;"Fourati, S.; Rameix Welti, M.-A.";Hospital Henri Mondor - APHP, Department of Virology;Homo sapiens;15170;2024-12-18;PP_001Y17M;PQ762820.1;Automated Ingest from INSDC/NCBI Virus by Loculus;OPEN;https://pathoplexus.org/about/terms-of-use/open-data;;0.9961247947454844;;;PQ762820.1;;;020-0005;0;5
PP_001Y18K.1;A.D.3;2023-11-02;France;;"Fourati, S.; Rameix Welti, M.-A.";Hospital Henri Mondor - APHP, Department of Virology;Homo sapiens;15173;2024-12-18;PP_001Y18K;PQ762824.1;Automated Ingest from INSDC/NCBI Virus by Loculus;OPEN;https://pathoplexus.org/about/terms-of-use/open-data;;0.9822660098522168;;;PQ762824.1;;;023-0005;0;216
PP_001Y1CB.1;A.D.5.1;2023-12-12;France;;"Fourati, S.; Rameix Welti, M.-A.";Hospital Henri Mondor - APHP, Department of Virology;Homo sapiens;15165;2024-12-18;PP_001Y1CB;PQ762830.1;Automated Ingest from INSDC/NCBI Virus by Loculus;OPEN;https://pathoplexus.org/about/terms-of-use/open-data;;0.9959934318555008;;;PQ762830.1;;;023-0012;0;5
PP_001Y1G3.1;A.D.5.1;2023-11-27;France;;"Fourati, S.; Rameix Welti, M.-A.";Hospital Henri Mondor - APHP, Department of Virology;Homo sapiens;15051;2024-12-18;PP_001Y1G3;PQ762835.1;Automated Ingest from INSDC/NCBI Virus by Loculus;OPEN;https://pathoplexus.org/about/terms-of-use/open-data;;0.9887684729064039;;;PQ762835.1;;;023-0017;0;1
PP_001Y1JY.1;A.D.3;2023-12-04;France;;"Fourati, S.; Rameix Welti, M.-A.";Hospital Henri Mondor - APHP, Department of Virology;Homo sapiens;15171;2024-12-18;PP_001Y1JY;PQ762838.1;Automated Ingest from INSDC/NCBI Virus by Loculus;OPEN;https://pathoplexus.org/about/terms-of-use/open-data;;0.9667651888341543;;;PQ762838.1;;;025-0004;0;450
PP_001Y22W.1;A.D.1.9;2023-12-16;France;;"Fourati, S.; Rameix Welti, M.-A.";Hospital Henri Mondor - APHP, Department of Virology;Homo sapiens;15169;2024-12-18;PP_001Y22W;PQ762858.1;Automated Ingest from INSDC/NCBI Virus by Loculus;OPEN;https://pathoplexus.org/about/terms-of-use/open-data;;0.9959277504105091;;;PQ762858.1;;;026-0034;0;7
PP_001Y2RH.1;A.D.3;2023-12-04;France;;"Fourati, S.; Rameix Welti, M.-A.";Hospital Henri Mondor - APHP, Department of Virology;Homo sapiens;15225;2024-12-18;PP_001Y2RH;PQ762881.1;Automated Ingest from INSDC/NCBI Virus by Loculus;OPEN;https://pathoplexus.org/about/terms-of-use/open-data;;0.9992118226600986;;;PQ762881.1;;;031-0006;0;3
PP_001Y2UB.1;A.D.3;2023-12-31;France;;"Fourati, S.; Rameix Welti, M.-A.";Hospital Henri Mondor - APHP, Department of Virology;Homo sapiens;15214;2024-12-18;PP_001Y2UB;PQ762884.1;Automated Ingest from INSDC/NCBI Virus by Loculus;OPEN;https://pathoplexus.org/about/terms-of-use/open-data;;0.9989490968801313;;;PQ762884.1;;;031-0011;0;3
PP_001Y4BA.1;A.D.1.10;2023-11-28;France;;"Fourati, S.; Rameix Welti, M.-A.";Hospital Henri Mondor - APHP, Department of Virology;Homo sapiens;15167;2024-12-18;PP_001Y4BA;PQ762936.1;Automated Ingest from INSDC/NCBI Virus by Loculus;OPEN;https://pathoplexus.org/about/terms-of-use/open-data;;0.9961247947454844;;;PQ762936.1;;;035-0021;1;1
PP_001Y4G0.1;A.D.1.10;2023-12-05;France;;"Fourati, S.; Rameix Welti, M.-A.";Hospital Henri Mondor - APHP, Department of Virology;Homo sapiens;15169;2024-12-18;PP_001Y4G0;PQ762941.1;Automated Ingest from INSDC/NCBI Virus by Loculus;OPEN;https://pathoplexus.org/about/terms-of-use/open-data;;0.9958620689655172;;;PQ762941.1;;;035-0028;0;8
PP_001Y4V7.1;A.D.3;2023-11-05;France;;"Fourati, S.; Rameix Welti, M.-A.";Hospital Henri Mondor - APHP, Department of Virology;Homo sapiens;15173;2024-12-18;PP_001Y4V7;PQ762956.1;Automated Ingest from INSDC/NCBI Virus by Loculus;OPEN;https://pathoplexus.org/about/terms-of-use/open-data;;0.9823973727422003;;;PQ762956.1;;;036-0018;0;214
PP_001Y4ZZ.1;A.D.5.2;2024-01-09;France;;"Fourati, S.; Rameix Welti, M.-A.";Hospital Henri Mondor - APHP, Department of Virology;Homo sapiens;15165;2024-12-18;PP_001Y4ZZ;PQ762960.1;Automated Ingest from INSDC/NCBI Virus by Loculus;OPEN;https://pathoplexus.org/about/terms-of-use/open-data;;0.9701806239737274;;;PQ762960.1;;;036-0029;0;398
PP_001Y5GZ.1;A.D.3;2024-01-07;France;;"Fourati, S.; Rameix Welti, M.-A.";Hospital Henri Mondor - APHP, Department of Virology;Homo sapiens;15266;2024-12-18;PP_001Y5GZ;PQ762983.1;Automated Ingest from INSDC/NCBI Virus by Loculus;OPEN;https://pathoplexus.org/about/terms-of-use/open-data;;0.9998029556650246;;;PQ762983.1;;;040-0009;0;3
PP_001Y5U8.1;A.D.1.10;2024-01-20;France;;"Fourati, S.; Rameix Welti, M.-A.";Hospital Henri Mondor - APHP, Department of Virology;Homo sapiens;15276;2024-12-18;PP_001Y5U8;PQ762995.1;Automated Ingest from INSDC/NCBI Virus by Loculus;OPEN;https://pathoplexus.org/about/terms-of-use/open-data;;0.9999343185550083;;;PQ762995.1;;;040-0021;0;1
PP_001Y5V6.1;A.D.1.6;2024-02-11;France;;"Fourati, S.; Rameix Welti, M.-A.";Hospital Henri Mondor - APHP, Department of Virology;Homo sapiens;15275;2024-12-18;PP_001Y5V6;PQ762996.1;Automated Ingest from INSDC/NCBI Virus by Loculus;OPEN;https://pathoplexus.org/about/terms-of-use/open-data;;0.9999343185550083;;;PQ762996.1;;;040-0022;0;1
PP_001Y62S.1;A.D.1.6;2024-01-05;France;;"Fourati, S.; Rameix Welti, M.-A.";Hospital Henri Mondor - APHP, Department of Virology;Homo sapiens;15275;2024-12-18;PP_001Y62S;PQ763003.1;Automated Ingest from INSDC/NCBI Virus by Loculus;OPEN;https://pathoplexus.org/about/terms-of-use/open-data;;0.9999343185550083;;;PQ763003.1;;;040-0032;0;1
PP_001Y6PH.1;A.D.5.2;2023-11-25;France;;"Fourati, S.; Rameix Welti, M.-A.";Hospital Henri Mondor - APHP, Department of Virology;Homo sapiens;15209;2024-12-18;PP_001Y6PH;PQ763024.1;Automated Ingest from INSDC/NCBI Virus by Loculus;OPEN;https://pathoplexus.org/about/terms-of-use/open-data;;0.9976354679802956;;;PQ763024.1;;;040-0053;0;1
PP_001Y6SB.1;A.D.5.2;2023-12-23;France;;"Fourati, S.; Rameix Welti, M.-A.";Hospital Henri Mondor - APHP, Department of Virology;Homo sapiens;15229;2024-12-18;PP_001Y6SB;PQ763027.1;Automated Ingest from INSDC/NCBI Virus by Loculus;OPEN;https://pathoplexus.org/about/terms-of-use/open-data;;0.9989490968801313;;;PQ763027.1;;;040-0056;0;1
PP_001Y7FZ.1;A.D.1.9;2023-12-17;France;;"Fourati, S.; Rameix Welti, M.-A.";Hospital Henri Mondor - APHP, Department of Virology;Homo sapiens;15173;2024-12-18;PP_001Y7FZ;PQ763056.1;Automated Ingest from INSDC/NCBI Virus by Loculus;OPEN;https://pathoplexus.org/about/terms-of-use/open-data;;0.9792446633825944;;;PQ763056.1;;;009-0036;0;264
PP_001Y7W2.1;A.D.1.11;2024-01-06;France;;"Fourati, S.; Rameix Welti, M.-A.";Hospital Henri Mondor - APHP, Department of Virology;Homo sapiens;15171;2024-12-18;PP_001Y7W2;PQ763074.1;Automated Ingest from INSDC/NCBI Virus by Loculus;OPEN;https://pathoplexus.org/about/terms-of-use/open-data;;0.9820689655172414;;;PQ763074.1;;;014-0002;0;221
PP_001Y8FY.1;A.D.1.6;2023-12-06;France;;"Fourati, S.; Rameix Welti, M.-A.";Hospital Henri Mondor - APHP, Department of Virology;Homo sapiens;15168;2024-12-18;PP_001Y8FY;PQ763093.1;Automated Ingest from INSDC/NCBI Virus by Loculus;OPEN;https://pathoplexus.org/about/terms-of-use/open-data;;0.9591461412151068;;;PQ763093.1;;;019-0014;0;567
PP_001Y8ZV.1;A.D.1.10;2023-12-19;France;;"Fourati, S.; Rameix Welti, M.-A.";Hospital Henri Mondor - APHP, Department of Virology;Homo sapiens;15168;2024-12-18;PP_001Y8ZV;PQ763111.1;Automated Ingest from INSDC/NCBI Virus by Loculus;OPEN;https://pathoplexus.org/about/terms-of-use/open-data;;0.9566502463054187;;;PQ763111.1;;;025-0010;0;604
PP_001YA1Q.1;A.D.5.2;2023-12-29;France;;"Fourati, S.; Rameix Welti, M.-A.";Hospital Henri Mondor - APHP, Department of Virology;Homo sapiens;15165;2024-12-18;PP_001YA1Q;PQ763148.1;Automated Ingest from INSDC/NCBI Virus by Loculus;OPEN;https://pathoplexus.org/about/terms-of-use/open-data;;0.9786535303776683;;;PQ763148.1;;;036-0031;0;269
PP_001YAZT.1;A.D.3.11;2024-11-26;USA;Minnesota;"Kunerth, H.; Plumb, M.; Namugenyi, S.; Evans, D.; Bohnkers-Voels, L.; Strain, A.";Minnesota Department of Health, Public Health Laboratory - Infectious Disease Lab;Homo sapiens;15050;2024-12-28;PP_001YAZT;PQ788207.1;Automated Ingest from INSDC/NCBI Virus by Loculus;OPEN;https://pathoplexus.org/about/terms-of-use/open-data;SAMN45910166;0.9555993431855501;;;PQ788207.1;SRR31780953;;MN-MDH-RSVA-01112;1;497
PP_001YB3K.1;A.D.3.11;2024-11-22;USA;Minnesota;"Kunerth, H.; Plumb, M.; Namugenyi, S.; Evans, D.; Bohnkers-Voels, L.; Strain, A.";Minnesota Department of Health, Public Health Laboratory - Infectious Disease Lab;Homo sapiens;15050;2024-12-28;PP_001YB3K;PQ788211.1;Automated Ingest from INSDC/NCBI Virus by Loculus;OPEN;https://pathoplexus.org/about/terms-of-use/open-data;SAMN45910162;0.9555993431855501;;;PQ788211.1;SRR31780957;;MN-MDH-RSVA-01108;1;497
PP_001YH67.1;A.D.5.2;2023-11-13;France;;"Caillault, A.; Fourati, S.";Hospital Henri Mondor - APHP, Department of Virology;Homo sapiens;15166;2025-01-28;PP_001YH67;PQ899868.1;Automated Ingest from INSDC/NCBI Virus by Loculus;OPEN;https://pathoplexus.org/about/terms-of-use/open-data;;0.9580952380952381;;;PQ899868.1;;;2311V130221;0;582
PP_001YH91.1;A.D.1.9;2023-11-21;France;;"Caillault, A.; Fourati, S.";Hospital Henri Mondor - APHP, Department of Virology;Homo sapiens;15169;2025-01-28;PP_001YH91;PQ899871.1;Automated Ingest from INSDC/NCBI Virus by Loculus;OPEN;https://pathoplexus.org/about/terms-of-use/open-data;;0.9651888341543514;;;PQ899871.1;;;2311V210003;0;475
PP_001YHCV.1;A.D.1.10;2023-12-01;France;;"Caillault, A.; Fourati, S.";Hospital Henri Mondor - APHP, Department of Virology;Homo sapiens;15170;2025-01-28;PP_001YHCV;PQ899874.1;Automated Ingest from INSDC/NCBI Virus by Loculus;OPEN;https://pathoplexus.org/about/terms-of-use/open-data;;0.9964532019704434;;;PQ899874.1;;;2312V010165;0;0
PP_001YJLB.1;A.D.1.9;2023-12-26;France;;"Caillault, A.; Fourati, S.";Hospital Henri Mondor - APHP, Department of Virology;Homo sapiens;15166;2025-01-28;PP_001YJLB;PQ899916.1;Automated Ingest from INSDC/NCBI Virus by Loculus;OPEN;https://pathoplexus.org/about/terms-of-use/open-data;;0.955336617405583;;;PQ899916.1;;;2312V260263;0;624
PP_001YJTX.1;A.D.5.2;2024-01-01;France;;"Caillault, A.; Fourati, S.";Hospital Henri Mondor - APHP, Department of Virology;Homo sapiens;15117;2025-01-28;PP_001YJTX;PQ899923.1;Automated Ingest from INSDC/NCBI Virus by Loculus;OPEN;https://pathoplexus.org/about/terms-of-use/open-data;;0.9788505747126437;;;PQ899923.1;;;2401V020003;1;222
PP_001YKUU.1;A.D.3;2024-12-14;USA;Minnesota;"Kunerth, H. D.; Plumb, M.; Evans, D.; Bohnkers-Voels, L.; Strain, A.";Minnesota Department of Health, Public Health Laboratory - Infectious Disease Lab;Homo sapiens;15050;2025-02-09;PP_001YKUU;PV016958.1;Automated Ingest from INSDC/NCBI Virus by Loculus;OPEN;https://pathoplexus.org/about/terms-of-use/open-data;SAMN46403537;0.963743842364532;;;PV016958.1;SRR32113351;;MN-MDH-RSVA-01441;1;373
PP_001YL56.1;A.D.5.2;2025-01-06;USA;Minnesota;"Kunerth, H. D.; Plumb, M.; Namugenyi, S.; Evans, D.; Bohnkers-Voels, L.; Strain, A.";Minnesota Department of Health, Public Health Laboratory - Infectious Disease Lab;Homo sapiens;15043;2025-02-15;PP_001YL56;PV080929.1;Automated Ingest from INSDC/NCBI Virus by Loculus;OPEN;https://pathoplexus.org/about/terms-of-use/open-data;SAMN46713820;0.9879802955665025;;;PV080929.1;SRR32260968;;MN-MDH-RSVA-01498;4;1
PP_001YLJD.1;A.D.5.2;2024-12-30;USA;Minnesota;"Kunerth, H. D.; Plumb, M.; Namugenyi, S.; Evans, D.; Bohnkers-Voels, L.; Strain, A.";Minnesota Department of Health, Public Health Laboratory - Infectious Disease Lab;Homo sapiens;15043;2025-02-15;PP_001YLJD;PV080942.1;Automated Ingest from INSDC/NCBI Virus by Loculus;OPEN;https://pathoplexus.org/about/terms-of-use/open-data;SAMN46713833;0.9881773399014778;;;PV080942.1;SRR32261002;;MN-MDH-RSVA-01511;0;2
PP_001YNDN.1;A.D.3.11;2025-01-10;USA;Minnesota;"Kunerth, H. D.; Plumb, M.; Namugenyi, S.; Evans, D.; Bohnkers-Voels, L.; Strain, A.";Minnesota Department of Health, Public Health Laboratory - Infectious Disease Lab;Homo sapiens;15051;2025-02-15;PP_001YNDN;PV081005.1;Automated Ingest from INSDC/NCBI Virus by Loculus;OPEN;https://pathoplexus.org/about/terms-of-use/open-data;SAMN46713896;0.9555993431855501;;;PV081005.1;SRR32261047;;MN-MDH-RSVA-01574;1;497
PP_001YNQZ.1;A.D.3.11;2025-01-15;USA;Minnesota;"Kunerth, H. D.; Plumb, M.; Namugenyi, S.; Evans, D.; Bohnkers-Voels, L.; Strain, A.";Minnesota Department of Health, Public Health Laboratory - Infectious Disease Lab;Homo sapiens;15050;2025-02-15;PP_001YNQZ;PV081016.1;Automated Ingest from INSDC/NCBI Virus by Loculus;OPEN;https://pathoplexus.org/about/terms-of-use/open-data;SAMN46713907;0.9555993431855501;;;PV081016.1;SRR32261035;;MN-MDH-RSVA-01585;1;497
PP_001YPEK.1;A.D.3.11;2025-01-08;USA;Minnesota;"Kunerth, H. D.; Plumb, M.; Namugenyi, S.; Evans, D.; Bohnkers-Voels, L.; Strain, A.";Minnesota Department of Health, Public Health Laboratory - Infectious Disease Lab;Homo sapiens;15050;2025-02-26;PP_001YPEK;PV116226.1;Automated Ingest from INSDC/NCBI Virus by Loculus;OPEN;https://pathoplexus.org/about/terms-of-use/open-data;SAMN46819611;0.9555993431855501;;;PV116226.1;SRR32335422;;MN-MDH-RSVA-01704;1;497
PP_001YPL6.1;A.D.1.8;2025-01-20;USA;Minnesota;"Kunerth, H. D.; Plumb, M.; Namugenyi, S.; Evans, D.; Bohnkers-Voels, L.; Strain, A.";Minnesota Department of Health, Public Health Laboratory - Infectious Disease Lab;Homo sapiens;15047;2025-02-26;PP_001YPL6;PV116232.1;Automated Ingest from INSDC/NCBI Virus by Loculus;OPEN;https://pathoplexus.org/about/terms-of-use/open-data;SAMN46819617;0.9517241379310345;;;PV116232.1;SRR32335366;;MN-MDH-RSVA-01710;4;553
PP_001YQ28.1;A.D.3.9;2025-01-20;USA;Minnesota;"Kunerth, H. D.; Plumb, M.; Namugenyi, S.; Evans, D.; Bohnkers-Voels, L.; Strain, A.";Minnesota Department of Health, Public Health Laboratory - Infectious Disease Lab;Homo sapiens;15049;2025-02-26;PP_001YQ28;PV116248.1;Automated Ingest from INSDC/NCBI Virus by Loculus;OPEN;https://pathoplexus.org/about/terms-of-use/open-data;SAMN46819633;0.956256157635468;;;PV116248.1;SRR32335407;;MN-MDH-RSVA-01726;2;486
PP_001YQEJ.1;A.D.3.4;2024-12-14;USA;Massachusetts;"Paull, J.; Messer, K.; Adams, G.; Nabatanzi, D.; Dobbins, S.; Tomkins-Tinch, C.; Mboowa, G.; Luebbert, L.; Worby, C.; Wewior, N.; Samani, P.; DeRuff, K.; Blumenstiel, B.; Moreno, G.; Earl, A.; Gnirke, A.; MacInnis, B.; Sabeti, P.; Lemieux, J.; Park, D.";Broad Institute of MIT and Harvard, Infectious Disease and Microbiome Program;Homo sapiens;15231;2025-03-04;PP_001YQEJ;PV178200.1;Automated Ingest from INSDC/NCBI Virus by Loculus;OPEN;https://pathoplexus.org/about/terms-of-use/open-data;SAMN46281978;0.9983579638752053;;;PV178200.1;SRR32472848;;RSV-A/human/USA/MA-Broad_MGH-22708/2024;0;0
PP_001YQPZ.1;A.D.3.4;2024-11-30;USA;Massachusetts;"Paull, J.; Messer, K.; Adams, G.; Nabatanzi, D.; Dobbins, S.; Tomkins-Tinch, C.; Mboowa, G.; Luebbert, L.; Worby, C.; Wewior, N.; Samani, P.; DeRuff, K.; Blumenstiel, B.; Moreno, G.; Earl, A.; Gnirke, A.; MacInnis, B.; Sabeti, P.; Lemieux, J.; Park, D.";Broad Institute of MIT and Harvard, Infectious Disease and Microbiome Program;Homo sapiens;15259;2025-03-04;PP_001YQPZ;PV178215.1;Automated Ingest from INSDC/NCBI Virus by Loculus;OPEN;https://pathoplexus.org/about/terms-of-use/open-data;SAMN46281897;1.0;;;PV178215.1;SRR32472921;;RSV-A/human/USA/MA-Broad_MGH-22627/2024;0;0
PP_001YQVM.1;A.D.3.7;2024-12-02;USA;Massachusetts;"Paull, J.; Messer, K.; Adams, G.; Nabatanzi, D.; Dobbins, S.; Tomkins-Tinch, C.; Mboowa, G.; Luebbert, L.; Worby, C.; Wewior, N.; Samani, P.; DeRuff, K.; Blumenstiel, B.; Moreno, G.; Earl, A.; Gnirke, A.; MacInnis, B.; Sabeti, P.; Lemieux, J.; Park, D.";Broad Institute of MIT and Harvard, Infectious Disease and Microbiome Program;Homo sapiens;15263;2025-03-04;PP_001YQVM;PV178229.1;Automated Ingest from INSDC/NCBI Virus by Loculus;OPEN;https://pathoplexus.org/about/terms-of-use/open-data;SAMN46281909;1.0;;;PV178229.1;SRR32472898;;RSV-A/human/USA/MA-Broad_MGH-22639/2024;0;0
PP_001YRN0.1;A.D.1.5;2023-12-10;USA;Massachusetts;"Paull, J.; Messer, K.; Adams, G.; Nabatanzi, D.; Dobbins, S.; Tomkins-Tinch, C.; Mboowa, G.; Luebbert, L.; Worby, C.; Wewior, N.; Samani, P.; DeRuff, K.; Blumenstiel, B.; Moreno, G.; Earl, A.; Gnirke, A.; MacInnis, B.; Sabeti, P.; Lemieux, J.; Park, D.";Broad Institute of MIT and Harvard, Infectious Disease and Microbiome Program;Homo sapiens;15233;2025-03-04;PP_001YRN0;PV178372.1;Automated Ingest from INSDC/NCBI Virus by Loculus;OPEN;https://pathoplexus.org/about/terms-of-use/open-data;SAMN40079269;1.0;;;PV178372.1;SRR28460689;;RSV-A/human/USA/MA-Broad_MGH-16563/2023;0;0
PP_001YRZC.1;A.D.3.10;2023-12-12;USA;Massachusetts;"Paull, J.; Messer, K.; Adams, G.; Nabatanzi, D.; Dobbins, S.; Tomkins-Tinch, C.; Mboowa, G.; Luebbert, L.; Worby, C.; Wewior, N.; Samani, P.; DeRuff, K.; Blumenstiel, B.; Moreno, G.; Earl, A.; Gnirke, A.; MacInnis, B.; Sabeti, P.; Lemieux, J.; Park, D.";Broad Institute of MIT and Harvard, Infectious Disease and Microbiome Program;Homo sapiens;15279;2025-03-04;PP_001YRZC;PV178442.1;Automated Ingest from INSDC/NCBI Virus by Loculus;OPEN;https://pathoplexus.org/about/terms-of-use/open-data;SAMN39619307;1.0;;;PV178442.1;SRR28460800;;RSV-A/human/USA/MA-Broad_MGH-16504/2023;0;0
PP_001YS6Y.1;A.D.3;2023-11-26;USA;Massachusetts;"Paull, J.; Messer, K.; Adams, G.; Nabatanzi, D.; Dobbins, S.; Tomkins-Tinch, C.; Mboowa, G.; Luebbert, L.; Worby, C.; Wewior, N.; Samani, P.; DeRuff, K.; Blumenstiel, B.; Moreno, G.; Earl, A.; Gnirke, A.; MacInnis, B.; Sabeti, P.; Lemieux, J.; Park, D.";Broad Institute of MIT and Harvard, Infectious Disease and Microbiome Program;Homo sapiens;15258;2025-03-04;PP_001YS6Y;PV178490.1;Automated Ingest from INSDC/NCBI Virus by Loculus;OPEN;https://pathoplexus.org/about/terms-of-use/open-data;SAMN39070088;0.9999343185550083;;;PV178490.1;SRR28460484;;RSV-A/human/USA/MA-Broad_MGH-16152/2023;0;0
PP_001YSM1.1;A.D.1.5;2024-11-13;USA;Massachusetts;"Paull, J.; Messer, K.; Adams, G.; Nabatanzi, D.; Dobbins, S.; Tomkins-Tinch, C.; Mboowa, G.; Luebbert, L.; Worby, C.; Wewior, N.; Samani, P.; DeRuff, K.; Blumenstiel, B.; Moreno, G.; Earl, A.; Gnirke, A.; MacInnis, B.; Sabeti, P.; Lemieux, J.; Park, D.";Broad Institute of MIT and Harvard, Infectious Disease and Microbiome Program;Homo sapiens;15277;2025-03-04;PP_001YSM1;PV178576.1;Automated Ingest from INSDC/NCBI Virus by Loculus;OPEN;https://pathoplexus.org/about/terms-of-use/open-data;SAMN46714713;1.0;;;PV178576.1;SRR32342736;;RSV-A/human/USA/MA-Broad_MGH-21891/2024;0;0
PP_001YSNZ.1;A.D.3;2023-12-09;USA;Massachusetts;"Paull, J.; Messer, K.; Adams, G.; Nabatanzi, D.; Dobbins, S.; Tomkins-Tinch, C.; Mboowa, G.; Luebbert, L.; Worby, C.; Wewior, N.; Samani, P.; DeRuff, K.; Blumenstiel, B.; Moreno, G.; Earl, A.; Gnirke, A.; MacInnis, B.; Sabeti, P.; Lemieux, J.; Park, D.";Broad Institute of MIT and Harvard, Infectious Disease and Microbiome Program;Homo sapiens;15171;2025-03-04;PP_001YSNZ;PV178579.1;Automated Ingest from INSDC/NCBI Virus by Loculus;OPEN;https://pathoplexus.org/about/terms-of-use/open-data;SAMN39619256;0.9923152709359606;;;PV178579.1;SRR28460758;;RSV-A/human/USA/MA-Broad_MGH-16431/2023;0;59
PP_001YT33.1;A.D.1.9;2024-12-19;USA;Massachusetts;"Paull, J.; Messer, K.; Adams, G.; Nabatanzi, D.; Dobbins, S.; Tomkins-Tinch, C.; Mboowa, G.; Luebbert, L.; Worby, C.; Wewior, N.; Samani, P.; DeRuff, K.; Blumenstiel, B.; Moreno, G.; Earl, A.; Gnirke, A.; MacInnis, B.; Sabeti, P.; Lemieux, J.; Park, D.";Broad Institute of MIT and Harvard, Infectious Disease and Microbiome Program;Homo sapiens;15007;2025-03-05;PP_001YT33;PV206797.1;Automated Ingest from INSDC/NCBI Virus by Loculus;OPEN;https://pathoplexus.org/about/terms-of-use/open-data;SAMN47118414;0.9842364532019704;;;PV206797.1;SRR32515227;;RSV-A/human/USA/MA-Broad_MGH-22939/2024;0;24
PP_001YTDH.1;A.D.1.9;2024-12-28;USA;Massachusetts;"Paull, J.; Messer, K.; Adams, G.; Nabatanzi, D.; Dobbins, S.; Tomkins-Tinch, C.; Mboowa, G.; Luebbert, L.; Worby, C.; Wewior, N.; Samani, P.; DeRuff, K.; Blumenstiel, B.; Moreno, G.; Earl, A.; Gnirke, A.; MacInnis, B.; Sabeti, P.; Lemieux, J.; Park, D.";Broad Institute of MIT and Harvard, Infectious Disease and Microbiome Program;Homo sapiens;15276;2025-03-05;PP_001YTDH;PV206807.1;Automated Ingest from INSDC/NCBI Virus by Loculus;OPEN;https://pathoplexus.org/about/terms-of-use/open-data;SAMN47118464;1.0;;;PV206807.1;SRR32515258;;RSV-A/human/USA/MA-Broad_MGH-22989/2024;0;0
PP_001YTFD.1;A.D.1.6;2025-01-14;USA;Minnesota;"Kunerth, H. D.; Plumb, M.; Namugenyi, S.; Evans, D.; Bohnkers-Voels, L.; Strain, A.";Minnesota Department of Health, Public Health Laboratory - Infectious Disease Lab;Homo sapiens;15045;2025-03-10;PP_001YTFD;PV211493.1;Automated Ingest from INSDC/NCBI Virus by Loculus;OPEN;https://pathoplexus.org/about/terms-of-use/open-data;SAMN47201040;0.9882430213464696;;;PV211493.1;SRR32557297;;MN-MDH-RSVA-01778;1;0
PP_001YU7U.1;A.D.1.9;2025-01-23;USA;Minnesota;"Kunerth, H. D.; Plumb, M.; Namugenyi, S.; Evans, D.; Bohnkers-Voels, L.; Strain, A.";Minnesota Department of Health, Public Health Laboratory - Infectious Disease Lab;Homo sapiens;15046;2025-03-10;PP_001YU7U;PV211519.1;Automated Ingest from INSDC/NCBI Virus by Loculus;OPEN;https://pathoplexus.org/about/terms-of-use/open-data;SAMN47201066;0.9814121510673235;;;PV211519.1;SRR32557012;;MN-MDH-RSVA-01804;1;104
PP_001YUSP.1;A.D.5.2;2025-01-26;USA;Minnesota;"Kunerth, H. D.; Plumb, M.; Namugenyi, S.; Evans, D.; Bohnkers-Voels, L.; Strain, A.";Minnesota Department of Health, Public Health Laboratory - Infectious Disease Lab;Homo sapiens;14855;2025-03-10;PP_001YUSP;PV211538.1;Automated Ingest from INSDC/NCBI Virus by Loculus;OPEN;https://pathoplexus.org/about/terms-of-use/open-data;SAMN47201085;0.9689983579638752;;;PV211538.1;SRR32556927;;MN-MDH-RSVA-01823;0;106
PP_001YVAM.1;A.D.1.8;2025-01-29;USA;Minnesota;"Kunerth, H. D.; Plumb, M.; Namugenyi, S.; Evans, D.; Bohnkers-Voels, L.; Strain, A.";Minnesota Department of Health, Public Health Laboratory - Infectious Disease Lab;Homo sapiens;15047;2025-03-10;PP_001YVAM;PV211556.1;Automated Ingest from INSDC/NCBI Virus by Loculus;OPEN;https://pathoplexus.org/about/terms-of-use/open-data;SAMN47201103;0.9879802955665025;;;PV211556.1;SRR32557138;;MN-MDH-RSVA-01841;4;1
PP_001YVED.1;A.D.1.9;2025-01-27;USA;Minnesota;"Kunerth, H. D.; Plumb, M.; Namugenyi, S.; Evans, D.; Bohnkers-Voels, L.; Strain, A.";Minnesota Department of Health, Public Health Laboratory - Infectious Disease Lab;Homo sapiens;15046;2025-03-10;PP_001YVED;PV211560.1;Automated Ingest from INSDC/NCBI Virus by Loculus;OPEN;https://pathoplexus.org/about/terms-of-use/open-data;SAMN47201107;0.9814121510673235;;;PV211560.1;SRR32557134;;MN-MDH-RSVA-01845;1;104
PP_001YVFB.1;A.D.1.9;2025-01-29;USA;Minnesota;"Kunerth, H. D.; Plumb, M.; Namugenyi, S.; Evans, D.; Bohnkers-Voels, L.; Strain, A.";Minnesota Department of Health, Public Health Laboratory - Infectious Disease Lab;Homo sapiens;15045;2025-03-10;PP_001YVFB;PV211561.1;Automated Ingest from INSDC/NCBI Virus by Loculus;OPEN;https://pathoplexus.org/about/terms-of-use/open-data;SAMN47201108;0.9881116584564861;;;PV211561.1;SRR32557133;;MN-MDH-RSVA-01846;1;2
PP_001YVTL.1;A.D.3.11;2025-01-29;USA;Minnesota;"Kunerth, H. D.; Plumb, M.; Namugenyi, S.; Evans, D.; Bohnkers-Voels, L.; Strain, A.";Minnesota Department of Health, Public Health Laboratory - Infectious Disease Lab;Homo sapiens;15051;2025-03-10;PP_001YVTL;PV211573.1;Automated Ingest from INSDC/NCBI Virus by Loculus;OPEN;https://pathoplexus.org/about/terms-of-use/open-data;SAMN47201120;0.9555993431855501;;;PV211573.1;SRR32557119;;MN-MDH-RSVA-01858;1;497
PP_001YVVG.1;A.D.1.9;2025-01-29;USA;Minnesota;"Kunerth, H. D.; Plumb, M.; Namugenyi, S.; Evans, D.; Bohnkers-Voels, L.; Strain, A.";Minnesota Department of Health, Public Health Laboratory - Infectious Disease Lab;Homo sapiens;15046;2025-03-10;PP_001YVVG;PV211575.1;Automated Ingest from INSDC/NCBI Virus by Loculus;OPEN;https://pathoplexus.org/about/terms-of-use/open-data;SAMN47201122;0.9882430213464696;;;PV211575.1;SRR32557117;;MN-MDH-RSVA-01860;1;0
PP_001YWJ3.1;A.D.1.9;2025-02-03;USA;Minnesota;"Kunerth, H. D.; Plumb, M.; Namugenyi, S.; Evans, D.; Bohnkers-Voels, L.; Strain, A.";Minnesota Department of Health, Public Health Laboratory - Infectious Disease Lab;Homo sapiens;15046;2025-03-10;PP_001YWJ3;PV211598.1;Automated Ingest from INSDC/NCBI Virus by Loculus;OPEN;https://pathoplexus.org/about/terms-of-use/open-data;SAMN47201145;0.9655172413793104;;;PV211598.1;SRR32557289;;MN-MDH-RSVA-01883;0;347
PP_001YWSM.1;A.D.3.7;2025-01-31;USA;Minnesota;"Kunerth, H. D.; Plumb, M.; Namugenyi, S.; Evans, D.; Bohnkers-Voels, L.; Strain, A.";Minnesota Department of Health, Public Health Laboratory - Infectious Disease Lab;Homo sapiens;15054;2025-03-10;PP_001YWSM;PV211606.1;Automated Ingest from INSDC/NCBI Virus by Loculus;OPEN;https://pathoplexus.org/about/terms-of-use/open-data;SAMN47201153;0.9549425287356322;;;PV211606.1;SRR32557280;;MN-MDH-RSVA-01891;0;508
PP_001YYJ1.1;A.D.1.9;2025-02-08;USA;Minnesota;"Kunerth, H. D.; Plumb, M.; Namugenyi, S.; Evans, D.; Bohnkers-Voels, L.; Strain, A.";Minnesota Department of Health, Public Health Laboratory - Infectious Disease Lab;Homo sapiens;15045;2025-03-10;PP_001YYJ1;PV211666.1;Automated Ingest from INSDC/NCBI Virus by Loculus;OPEN;https://pathoplexus.org/about/terms-of-use/open-data;SAMN47201213;0.9814121510673235;;;PV211666.1;SRR32557086;;MN-MDH-RSVA-01951;1;104
PP_001YZ2Z.1;A.D.1.6;2025-02-08;USA;Minnesota;"Kunerth, H. D.; Plumb, M.; Namugenyi, S.; Evans, D.; Bohnkers-Voels, L.; Strain, A.";Minnesota Department of Health, Public Health Laboratory - Infectious Disease Lab;Homo sapiens;15044;2025-03-10;PP_001YZ2Z;PV211684.1;Automated Ingest from INSDC/NCBI Virus by Loculus;OPEN;https://pathoplexus.org/about/terms-of-use/open-data;SAMN47201231;0.9663054187192118;;;PV211684.1;SRR32557226;;MN-MDH-RSVA-01969;0;335
PP_001Z000.1;A.D.3.11;2025-02-07;USA;Minnesota;"Kunerth, H. D.; Plumb, M.; Namugenyi, S.; Evans, D.; Bohnkers-Voels, L.; Strain, A.";Minnesota Department of Health, Public Health Laboratory - Infectious Disease Lab;Homo sapiens;15050;2025-03-16;PP_001Z000;PV246650.1;Automated Ingest from INSDC/NCBI Virus by Loculus;OPEN;https://pathoplexus.org/about/terms-of-use/open-data;SAMN47265015;0.9228899835796388;;;PV246650.1;SRR32610712;;MN-MDH-RSVA-02182;6;990
PP_001Z0QK.1;A.D.1;2025-02-11;USA;Minnesota;"Kunerth, H. D.; Plumb, M.; Namugenyi, S.; Evans, D.; Bohnkers-Voels, L.; Strain, A.";Minnesota Department of Health, Public Health Laboratory - Infectious Disease Lab;Homo sapiens;15046;2025-03-16;PP_001Z0QK;PV246674.1;Automated Ingest from INSDC/NCBI Virus by Loculus;OPEN;https://pathoplexus.org/about/terms-of-use/open-data;SAMN47265039;0.9639408866995074;;;PV246674.1;SRR32610686;;MN-MDH-RSVA-02206;2;369
PP_001Z0Y3.1;A.D.1.9;2025-02-14;USA;Minnesota;"Kunerth, H. D.; Plumb, M.; Namugenyi, S.; Evans, D.; Bohnkers-Voels, L.; Strain, A.";Minnesota Department of Health, Public Health Laboratory - Infectious Disease Lab;Homo sapiens;15046;2025-03-16;PP_001Z0Y3;PV246682.1;Automated Ingest from INSDC/NCBI Virus by Loculus;OPEN;https://pathoplexus.org/about/terms-of-use/open-data;SAMN47265047;0.9655172413793104;;;PV246682.1;SRR32610677;;MN-MDH-RSVA-02214;1;346
PP_001Z1NN.1;A.D.3.12;2025-01-04;USA;Massachusetts;"Paull, J.; Messer, K.; Adams, G.; Nabatanzi, D.; Dobbins, S.; Tomkins-Tinch, C.; Mboowa, G.; Luebbert, L.; Worby, C.; Wewior, N.; Samani, P.; DeRuff, K.; Blumenstiel, B.; Moreno, G.; Earl, A.; Gnirke, A.; MacInnis, B.; Sabeti, P.; Lemieux, J.; Park, D.";Broad Institute of MIT and Harvard, Infectious Disease and Microbiome Program;Homo sapiens;15249;2025-03-11;PP_001Z1NN;PV260410.1;Automated Ingest from INSDC/NCBI Virus by Loculus;OPEN;https://pathoplexus.org/about/terms-of-use/open-data;SAMN47202811;0.9996059113300493;;;PV260410.1;SRR32579538;;RSV-A/human/USA/MA-Broad_MGH-23036/2025;0;1
PP_001Z1UA.1;A.D.3.9;2025-01-02;USA;Massachusetts;"Paull, J.; Messer, K.; Adams, G.; Nabatanzi, D.; Dobbins, S.; Tomkins-Tinch, C.; Mboowa, G.; Luebbert, L.; Worby, C.; Wewior, N.; Samani, P.; DeRuff, K.; Blumenstiel, B.; Moreno, G.; Earl, A.; Gnirke, A.; MacInnis, B.; Sabeti, P.; Lemieux, J.; Park, D.";Broad Institute of MIT and Harvard, Infectious Disease and Microbiome Program;Homo sapiens;15197;2025-03-11;PP_001Z1UA;PV260420.1;Automated Ingest from INSDC/NCBI Virus by Loculus;OPEN;https://pathoplexus.org/about/terms-of-use/open-data;SAMN47202828;0.9979638752052545;;;PV260420.1;SRR32579599;;RSV-A/human/USA/MA-Broad_MGH-23019/2025;0;0
PP_001Z1V8.1;A.D.3;2025-01-05;USA;Massachusetts;"Paull, J.; Messer, K.; Adams, G.; Nabatanzi, D.; Dobbins, S.; Tomkins-Tinch, C.; Mboowa, G.; Luebbert, L.; Worby, C.; Wewior, N.; Samani, P.; DeRuff, K.; Blumenstiel, B.; Moreno, G.; Earl, A.; Gnirke, A.; MacInnis, B.; Sabeti, P.; Lemieux, J.; Park, D.";Broad Institute of MIT and Harvard, Infectious Disease and Microbiome Program;Homo sapiens;15032;2025-03-11;PP_001Z1V8;PV260422.1;Automated Ingest from INSDC/NCBI Virus by Loculus;OPEN;https://pathoplexus.org/about/terms-of-use/open-data;SAMN47202803;0.9760919540229885;;;PV260422.1;SRR32579530;;RSV-A/human/USA/MA-Broad_MGH-23044/2025;0;168
PP_001Z3KS.1;A.D;2017-10-26;China;;"Yu, Y.; Yu, X.; Cao, F.; Zheng, X.; Ao, L.; Cheng, S.; Qiu, X.; Zhou, Y.; Li, J.";Hangzhou Center for Disease Control and Prevention (Hangzhou Health Supervision Institution), Department of Microbiology Laboratory;Homo sapiens;15225;2025-04-02;PP_001Z3KS;PV367284.1;Automated Ingest from INSDC/NCBI Virus by Loculus;OPEN;https://pathoplexus.org/about/terms-of-use/open-data;;1.0;;;PV367284.1;;;A-17S219;0;0
PP_001Z3PJ.1;A.D;2017-10-17;China;;"Yu, Y.; Yu, X.; Cao, F.; Zheng, X.; Ao, L.; Cheng, S.; Qiu, X.; Zhou, Y.; Li, J.";Hangzhou Center for Disease Control and Prevention (Hangzhou Health Supervision Institution), Department of Microbiology Laboratory;Homo sapiens;15225;2025-04-02;PP_001Z3PJ;PV367288.1;Automated Ingest from INSDC/NCBI Virus by Loculus;OPEN;https://pathoplexus.org/about/terms-of-use/open-data;;1.0;;;PV367288.1;;;A-17S221;0;0
PP_001Z3QG.1;A.D;2016-01-11;China;;"Yu, Y.; Yu, X.; Cao, F.; Zheng, X.; Ao, L.; Cheng, S.; Qiu, X.; Zhou, Y.; Li, J.";Hangzhou Center for Disease Control and Prevention (Hangzhou Health Supervision Institution), Department of Microbiology Laboratory;Homo sapiens;15225;2025-04-02;PP_001Z3QG;PV367289.1;Automated Ingest from INSDC/NCBI Virus by Loculus;OPEN;https://pathoplexus.org/about/terms-of-use/open-data;;1.0;;;PV367289.1;;;A-16S076;0;0
PP_001Z3RE.1;A.D.3;2017-12-05;China;;"Yu, Y.; Yu, X.; Cao, F.; Zheng, X.; Ao, L.; Cheng, S.; Qiu, X.; Zhou, Y.; Li, J.";Hangzhou Center for Disease Control and Prevention (Hangzhou Health Supervision Institution), Department of Microbiology Laboratory;Homo sapiens;15225;2025-04-02;PP_001Z3RE;PV367290.1;Automated Ingest from INSDC/NCBI Virus by Loculus;OPEN;https://pathoplexus.org/about/terms-of-use/open-data;;1.0;;;PV367290.1;;;A-17S198;0;0
PP_001Z3SC.1;A.D;2017-11-28;China;;"Yu, Y.; Yu, X.; Cao, F.; Zheng, X.; Ao, L.; Cheng, S.; Qiu, X.; Zhou, Y.; Li, J.";Hangzhou Center for Disease Control and Prevention (Hangzhou Health Supervision Institution), Department of Microbiology Laboratory;Homo sapiens;15224;2025-04-02;PP_001Z3SC;PV367291.1;Automated Ingest from INSDC/NCBI Virus by Loculus;OPEN;https://pathoplexus.org/about/terms-of-use/open-data;;1.0;;;PV367291.1;;;A-17S203;0;0
PP_001Z42S.1;A.D.3;2018-03-19;China;;"Yu, Y.; Yu, X.; Cao, F.; Zheng, X.; Ao, L.; Cheng, S.; Qiu, X.; Zhou, Y.; Li, J.";Hangzhou Center for Disease Control and Prevention (Hangzhou Health Supervision Institution), Department of Microbiology Laboratory;Homo sapiens;15225;2025-04-02;PP_001Z42S;PV367301.1;Automated Ingest from INSDC/NCBI Virus by Loculus;OPEN;https://pathoplexus.org/about/terms-of-use/open-data;;1.0;;;PV367301.1;;;A-18S334;0;0
PP_001Z4B8.1;A.D.3;2021-02-10;China;;"Yu, Y.; Yu, X.; Cao, F.; Zheng, X.; Ao, L.; Cheng, S.; Qiu, X.; Zhou, Y.; Li, J.";Hangzhou Center for Disease Control and Prevention (Hangzhou Health Supervision Institution), Department of Microbiology Laboratory;Homo sapiens;15225;2025-04-02;PP_001Z4B8;PV367310.1;Automated Ingest from INSDC/NCBI Virus by Loculus;OPEN;https://pathoplexus.org/about/terms-of-use/open-data;;1.0;;;PV367310.1;;;A-21S180;0;0
PP_001Z4E2.1;A.D.3;2021-08-25;China;;"Yu, Y.; Yu, X.; Cao, F.; Zheng, X.; Ao, L.; Cheng, S.; Qiu, X.; Zhou, Y.; Li, J.";Hangzhou Center for Disease Control and Prevention (Hangzhou Health Supervision Institution), Department of Microbiology Laboratory;Homo sapiens;15224;2025-04-02;PP_001Z4E2;PV367313.1;Automated Ingest from INSDC/NCBI Virus by Loculus;OPEN;https://pathoplexus.org/about/terms-of-use/open-data;;1.0;;;PV367313.1;;;A-21S172;0;0
PP_001Z4LP.1;A.D.3;2021-12-15;China;;"Yu, Y.; Yu, X.; Cao, F.; Zheng, X.; Ao, L.; Cheng, S.; Qiu, X.; Zhou, Y.; Li, J.";Hangzhou Center for Disease Control and Prevention (Hangzhou Health Supervision Institution), Department of Microbiology Laboratory;Homo sapiens;15224;2025-04-02;PP_001Z4LP;PV367319.1;Automated Ingest from INSDC/NCBI Virus by Loculus;OPEN;https://pathoplexus.org/about/terms-of-use/open-data;;1.0;;;PV367319.1;;;A-21S131;0;0
PP_001Z4MM.1;A.D.3;2021-12-15;China;;"Yu, Y.; Yu, X.; Cao, F.; Zheng, X.; Ao, L.; Cheng, S.; Qiu, X.; Zhou, Y.; Li, J.";Hangzhou Center for Disease Control and Prevention (Hangzhou Health Supervision Institution), Department of Microbiology Laboratory;Homo sapiens;15224;2025-04-02;PP_001Z4MM;PV367320.1;Automated Ingest from INSDC/NCBI Virus by Loculus;OPEN;https://pathoplexus.org/about/terms-of-use/open-data;;1.0;;;PV367320.1;;;A-21S121;0;0
PP_001Z4U7.1;A.D.3;2021-12-01;China;;"Yu, Y.; Yu, X.; Cao, F.; Zheng, X.; Ao, L.; Cheng, S.; Qiu, X.; Zhou, Y.; Li, J.";Hangzhou Center for Disease Control and Prevention (Hangzhou Health Supervision Institution), Department of Microbiology Laboratory;Homo sapiens;15224;2025-04-02;PP_001Z4U7;PV367327.1;Automated Ingest from INSDC/NCBI Virus by Loculus;OPEN;https://pathoplexus.org/about/terms-of-use/open-data;;1.0;;;PV367327.1;;;A-21S161;0;0
PP_001Z5A9.1;A.D.3;2023-08-17;China;;"Yu, Y.; Yu, X.; Cao, F.; Zheng, X.; Ao, L.; Cheng, S.; Qiu, X.; Zhou, Y.; Li, J.";Hangzhou Center for Disease Control and Prevention (Hangzhou Health Supervision Institution), Department of Microbiology Laboratory;Homo sapiens;15223;2025-04-02;PP_001Z5A9;PV367343.1;Automated Ingest from INSDC/NCBI Virus by Loculus;OPEN;https://pathoplexus.org/about/terms-of-use/open-data;;1.0;;;PV367343.1;;;A-23S402;0;0
PP_001Z9B3.1;A.D.1.4;2025-01-29;USA;;"Lauring, A. S.; Papalambros, L. K.";University Of Michigan, Internal Medicine - Infectious Disease;Homo sapiens;14919;2025-04-02;PP_001Z9B3;PV404415.1;Automated Ingest from INSDC/NCBI Virus by Loculus;OPEN;https://pathoplexus.org/about/terms-of-use/open-data;;0.9502791461412151;;;PV404415.1;;;hRSV-A-RA4844219594;0;453
PP_001ZEHK.1;A.D.1.5;2025-02-25;USA;Minnesota;"Kunerth, H. D.; Plumb, M.; Namugenyi, S.; Evans, D.; Bohnkers-Voels, L.; Strain, A.";Minnesota Department of Health, Public Health Laboratory - Infectious Disease Lab;Homo sapiens;15044;2025-04-08;PP_001ZEHK;PV423105.1;Automated Ingest from INSDC/NCBI Virus by Loculus;OPEN;https://pathoplexus.org/about/terms-of-use/open-data;SAMN47641767;0.9519211822660099;;;PV423105.1;SRR32925661;;MN-MDH-RSVA-02396;1;553
PP_001ZEP7.1;A.D.1.6;2025-02-28;USA;Minnesota;"Kunerth, H. D.; Plumb, M.; Namugenyi, S.; Evans, D.; Bohnkers-Voels, L.; Strain, A.";Minnesota Department of Health, Public Health Laboratory - Infectious Disease Lab;Homo sapiens;15044;2025-04-08;PP_001ZEP7;PV423111.1;Automated Ingest from INSDC/NCBI Virus by Loculus;OPEN;https://pathoplexus.org/about/terms-of-use/open-data;SAMN47641773;0.9814121510673235;;;PV423111.1;SRR32925654;;MN-MDH-RSVA-02402;1;104
PP_001ZF75.1;A.D.1.8;2025-03-03;USA;Minnesota;"Kunerth, H. D.; Plumb, M.; Namugenyi, S.; Evans, D.; Bohnkers-Voels, L.; Strain, A.";Minnesota Department of Health, Public Health Laboratory - Infectious Disease Lab;Homo sapiens;15047;2025-04-08;PP_001ZF75;PV423129.1;Automated Ingest from INSDC/NCBI Virus by Loculus;OPEN;https://pathoplexus.org/about/terms-of-use/open-data;SAMN47641791;0.9502791461412151;;;PV423129.1;SRR32925699;;MN-MDH-RSVA-02420;3;576
PP_001ZGZK.1;A.D.3.11;2025-02-24;USA;Minnesota;"Kunerth, H. D.; Plumb, M.; Namugenyi, S.; Evans, D.; Bohnkers-Voels, L.; Strain, A.";Minnesota Department of Health, Public Health Laboratory - Infectious Disease Lab;Homo sapiens;15050;2025-04-23;PP_001ZGZK;PV535382.1;Automated Ingest from INSDC/NCBI Virus by Loculus;OPEN;https://pathoplexus.org/about/terms-of-use/open-data;SAMN48015209;0.9485057471264368;;;PV535382.1;SRR33162356;;MN-MDH-RSVA-02514;2;604
PP_001ZH81.1;A.D.1.9;2025-02-24;USA;Minnesota;"Kunerth, H. D.; Plumb, M.; Namugenyi, S.; Evans, D.; Bohnkers-Voels, L.; Strain, A.";Minnesota Department of Health, Public Health Laboratory - Infectious Disease Lab;Homo sapiens;15045;2025-04-23;PP_001ZH81;PV535391.1;Automated Ingest from INSDC/NCBI Virus by Loculus;OPEN;https://pathoplexus.org/about/terms-of-use/open-data;SAMN48015218;0.9814121510673235;;;PV535391.1;SRR33162396;;MN-MDH-RSVA-02523;1;104
PP_001ZHBV.1;A.D.5.2;2025-02-24;USA;Minnesota;"Kunerth, H. D.; Plumb, M.; Namugenyi, S.; Evans, D.; Bohnkers-Voels, L.; Strain, A.";Minnesota Department of Health, Public Health Laboratory - Infectious Disease Lab;Homo sapiens;14856;2025-04-23;PP_001ZHBV;PV535394.1;Automated Ingest from INSDC/NCBI Virus by Loculus;OPEN;https://pathoplexus.org/about/terms-of-use/open-data;SAMN48015221;0.955927750410509;;;PV535394.1;SRR33162382;;MN-MDH-RSVA-02526;1;304
PP_001ZJ2C.1;A.D.1.6;2025-02-20;USA;Minnesota;"Kunerth, H. D.; Plumb, M.; Namugenyi, S.; Evans, D.; Bohnkers-Voels, L.; Strain, A.";Minnesota Department of Health, Public Health Laboratory - Infectious Disease Lab;Homo sapiens;15044;2025-04-23;PP_001ZJ2C;PV535419.1;Automated Ingest from INSDC/NCBI Virus by Loculus;OPEN;https://pathoplexus.org/about/terms-of-use/open-data;SAMN48015246;0.9814121510673235;;;PV535419.1;SRR33162354;;MN-MDH-RSVA-02551;0;105
PP_001ZJM7.1;A.D.1.6;2025-02-26;USA;Minnesota;"Kunerth, H. D.; Plumb, M.; Namugenyi, S.; Evans, D.; Bohnkers-Voels, L.; Strain, A.";Minnesota Department of Health, Public Health Laboratory - Infectious Disease Lab;Homo sapiens;15046;2025-04-23;PP_001ZJM7;PV535438.1;Automated Ingest from INSDC/NCBI Virus by Loculus;OPEN;https://pathoplexus.org/about/terms-of-use/open-data;SAMN48015265;0.9813464696223317;;;PV535438.1;SRR33162333;;MN-MDH-RSVA-02570;1;105
PP_001ZKXL.1;A.D.3.11;2025-03-27;USA;Minnesota;"Kunerth, H. D.; Plumb, M.; Namugenyi, S.; Evans, D.; Bohnkers-Voels, L.; Strain, A.";Minnesota Department of Health, Public Health Laboratory - Infectious Disease Lab;Homo sapiens;15050;2025-04-27;PP_001ZKXL;PV545996.1;Automated Ingest from INSDC/NCBI Virus by Loculus;OPEN;https://pathoplexus.org/about/terms-of-use/open-data;SAMN48059107;0.9555993431855501;;;PV545996.1;SRR33217197;;MN-MDH-RSVA-02660;0;498
PP_001ZKYJ.1;A.D.1.6;2025-03-27;USA;Minnesota;"Kunerth, H. D.; Plumb, M.; Namugenyi, S.; Evans, D.; Bohnkers-Voels, L.; Strain, A.";Minnesota Department of Health, Public Health Laboratory - Infectious Disease Lab;Homo sapiens;15045;2025-04-27;PP_001ZKYJ;PV545997.1;Automated Ingest from INSDC/NCBI Virus by Loculus;OPEN;https://pathoplexus.org/about/terms-of-use/open-data;SAMN48059108;0.9881773399014778;;;PV545997.1;SRR33217318;;MN-MDH-RSVA-02661;1;1
PP_001ZKZG.1;A.D.5.2;2025-03-20;USA;Minnesota;"Kunerth, H. D.; Plumb, M.; Namugenyi, S.; Evans, D.; Bohnkers-Voels, L.; Strain, A.";Minnesota Department of Health, Public Health Laboratory - Infectious Disease Lab;Homo sapiens;14855;2025-04-27;PP_001ZKZG;PV545998.1;Automated Ingest from INSDC/NCBI Virus by Loculus;OPEN;https://pathoplexus.org/about/terms-of-use/open-data;SAMN48059109;0.9579638752052545;;;PV545998.1;SRR33217307;;MN-MDH-RSVA-02662;1;273
PP_001ZLWM.1;A.D.3.11;2025-03-26;USA;Minnesota;"Kunerth, H. D.; Plumb, M.; Namugenyi, S.; Evans, D.; Bohnkers-Voels, L.; Strain, A.";Minnesota Department of Health, Public Health Laboratory - Infectious Disease Lab;Homo sapiens;15050;2025-04-27;PP_001ZLWM;PV546029.1;Automated Ingest from INSDC/NCBI Virus by Loculus;OPEN;https://pathoplexus.org/about/terms-of-use/open-data;SAMN48059140;0.9555336617405583;;;PV546029.1;SRR33217089;;MN-MDH-RSVA-02693;2;497
PP_001ZM61.1;A.D.3.11;2025-03-23;USA;Minnesota;"Kunerth, H. D.; Plumb, M.; Namugenyi, S.; Evans, D.; Bohnkers-Voels, L.; Strain, A.";Minnesota Department of Health, Public Health Laboratory - Infectious Disease Lab;Homo sapiens;15050;2025-04-27;PP_001ZM61;PV546039.1;Automated Ingest from INSDC/NCBI Virus by Loculus;OPEN;https://pathoplexus.org/about/terms-of-use/open-data;SAMN48059150;0.9555336617405583;;;PV546039.1;SRR33217078;;MN-MDH-RSVA-02703;2;497
PP_001ZMN2.1;A.D.1.5;2025-03-25;USA;Minnesota;"Kunerth, H. D.; Plumb, M.; Namugenyi, S.; Evans, D.; Bohnkers-Voels, L.; Strain, A.";Minnesota Department of Health, Public Health Laboratory - Infectious Disease Lab;Homo sapiens;15044;2025-04-27;PP_001ZMN2;PV546055.1;Automated Ingest from INSDC/NCBI Virus by Loculus;OPEN;https://pathoplexus.org/about/terms-of-use/open-data;SAMN48059166;0.9729392446633826;;;PV546055.1;SRR33217061;;MN-MDH-RSVA-02719;1;233
PP_001ZMSU.1;A.D.1.6;2025-03-20;USA;Minnesota;"Kunerth, H. D.; Plumb, M.; Namugenyi, S.; Evans, D.; Bohnkers-Voels, L.; Strain, A.";Minnesota Department of Health, Public Health Laboratory - Infectious Disease Lab;Homo sapiens;15041;2025-04-27;PP_001ZMSU;PV546059.1;Automated Ingest from INSDC/NCBI Virus by Loculus;OPEN;https://pathoplexus.org/about/terms-of-use/open-data;SAMN48059170;0.9526436781609195;;;PV546059.1;SRR33217216;;MN-MDH-RSVA-02723;2;541
PP_001ZN60.1;A.D.3.11;2025-03-24;USA;Minnesota;"Kunerth, H. D.; Plumb, M.; Namugenyi, S.; Evans, D.; Bohnkers-Voels, L.; Strain, A.";Minnesota Department of Health, Public Health Laboratory - Infectious Disease Lab;Homo sapiens;15051;2025-04-27;PP_001ZN60;PV546073.1;Automated Ingest from INSDC/NCBI Virus by Loculus;OPEN;https://pathoplexus.org/about/terms-of-use/open-data;SAMN48059184;0.9554679802955665;;;PV546073.1;SRR33217201;;MN-MDH-RSVA-02737;1;499
PP_001ZNDL.1;A.D.1.6;2025-03-11;USA;Minnesota;"Kunerth, H. D.; Plumb, M.; Namugenyi, S.; Evans, D.; Bohnkers-Voels, L.; Strain, A.";Minnesota Department of Health, Public Health Laboratory - Infectious Disease Lab;Homo sapiens;15044;2025-04-27;PP_001ZNDL;PV546080.1;Automated Ingest from INSDC/NCBI Virus by Loculus;OPEN;https://pathoplexus.org/about/terms-of-use/open-data;SAMN48059191;0.9663054187192118;;;PV546080.1;SRR33217193;;MN-MDH-RSVA-02744;1;334
PP_001ZNFG.1;A.D.1.6;2025-03-13;USA;Minnesota;"Kunerth, H. D.; Plumb, M.; Namugenyi, S.; Evans, D.; Bohnkers-Voels, L.; Strain, A.";Minnesota Department of Health, Public Health Laboratory - Infectious Disease Lab;Homo sapiens;15046;2025-04-27;PP_001ZNFG;PV546082.1;Automated Ingest from INSDC/NCBI Virus by Loculus;OPEN;https://pathoplexus.org/about/terms-of-use/open-data;SAMN48059193;0.9662397372742201;;;PV546082.1;SRR33217191;;MN-MDH-RSVA-02746;1;335
PP_001ZNST.1;A.D.1.6;2025-03-12;USA;Minnesota;"Kunerth, H. D.; Plumb, M.; Namugenyi, S.; Evans, D.; Bohnkers-Voels, L.; Strain, A.";Minnesota Department of Health, Public Health Laboratory - Infectious Disease Lab;Homo sapiens;15045;2025-04-27;PP_001ZNST;PV546093.1;Automated Ingest from INSDC/NCBI Virus by Loculus;OPEN;https://pathoplexus.org/about/terms-of-use/open-data;SAMN48059204;0.9814121510673235;;;PV546093.1;SRR33217311;;MN-MDH-RSVA-02757;1;104
PP_001ZNVM.1;A.D.1.6;2025-03-12;USA;Minnesota;"Kunerth, H. D.; Plumb, M.; Namugenyi, S.; Evans, D.; Bohnkers-Voels, L.; Strain, A.";Minnesota Department of Health, Public Health Laboratory - Infectious Disease Lab;Homo sapiens;15045;2025-04-27;PP_001ZNVM;PV546096.1;Automated Ingest from INSDC/NCBI Virus by Loculus;OPEN;https://pathoplexus.org/about/terms-of-use/open-data;SAMN48059207;0.9803612479474548;;;PV546096.1;SRR33217308;;MN-MDH-RSVA-02760;12;109
PP_001ZP19.1;A.D.5.2;2025-03-10;USA;Minnesota;"Kunerth, H. D.; Plumb, M.; Namugenyi, S.; Evans, D.; Bohnkers-Voels, L.; Strain, A.";Minnesota Department of Health, Public Health Laboratory - Infectious Disease Lab;Homo sapiens;14854;2025-04-27;PP_001ZP19;PV546102.1;Automated Ingest from INSDC/NCBI Virus by Loculus;OPEN;https://pathoplexus.org/about/terms-of-use/open-data;SAMN48059213;0.9511330049261084;;;PV546102.1;SRR33217301;;MN-MDH-RSVA-02766;1;377
PP_001ZP51.1;A.D.1;2025-03-06;USA;Minnesota;"Kunerth, H. D.; Plumb, M.; Namugenyi, S.; Evans, D.; Bohnkers-Voels, L.; Strain, A.";Minnesota Department of Health, Public Health Laboratory - Infectious Disease Lab;Homo sapiens;15046;2025-04-27;PP_001ZP51;PV546106.1;Automated Ingest from INSDC/NCBI Virus by Loculus;OPEN;https://pathoplexus.org/about/terms-of-use/open-data;SAMN48059217;0.9655829228243021;;;PV546106.1;SRR33217297;;MN-MDH-RSVA-02770;1;345
PP_001ZQK5.1;A.D.5.2;2024-12-27;USA;Washington;"Roychoudhury, P.; Xie, X.; Kim, H. G.; Ellis, S.; Greninger, A.";University of Washington, Laboratory Medicine and Pathology;Homo sapiens;15234;2025-05-07;PP_001ZQK5;PV584139.1;Automated Ingest from INSDC/NCBI Virus by Loculus;OPEN;https://pathoplexus.org/about/terms-of-use/open-data;;0.9998029556650246;;;PV584139.1;;;WA-UW-23330;0;0
PP_001ZQL3.1;A.D.1.5;2024-12-25;USA;Washington;"Roychoudhury, P.; Xie, X.; Kim, H. G.; Ellis, S.; Greninger, A.";University of Washington, Laboratory Medicine and Pathology;Homo sapiens;15212;2025-05-07;PP_001ZQL3;PV584140.1;Automated Ingest from INSDC/NCBI Virus by Loculus;OPEN;https://pathoplexus.org/about/terms-of-use/open-data;;0.9919868637110016;;;PV584140.1;;;WA-UW-20189;1;109
PP_002XF3G.1;A.D.1.9;2024-01;Switzerland;Basel-Stadt;"Gosert, Rainer; Leuzinger, Karoline; Kuznetsov, Alexander; Neher, Richard";"Clinical Virology, Laboratory Medicine, University Hospital Basel, Basel, Switzerland; Clinical Virology, Laboratory Medicine, University Hospital Basel, Basel, Switzerland, Transplantation and Clinical Virology, Department of Biomedicine, University of Basel, Basel, Switzerland; Biozentrum, University of Basel, Basel, Switzerland; Biozentrum, University of Basel, Basel, Switzerland";Homo sapiens;15152;2025-05-26;PP_002XF3G;0Q8500HQSH;Clinical Virology, Basel;OPEN;https://pathoplexus.org/about/terms-of-use/open-data;SAMEA118594025;0.9952052545155994;;Basel;OZ277680.1;;FALSE;;0;1
PP_002XGBZ.1;A.D.5.2;2024-01;Switzerland;Basel-Stadt;"Gosert, Rainer; Leuzinger, Karoline; Kuznetsov, Alexander; Neher, Richard";"Clinical Virology, Laboratory Medicine, University Hospital Basel, Basel, Switzerland; Clinical Virology, Laboratory Medicine, University Hospital Basel, Basel, Switzerland, Transplantation and Clinical Virology, Department of Biomedicine, University of Basel, Basel, Switzerland; Biozentrum, University of Basel, Basel, Switzerland; Biozentrum, University of Basel, Basel, Switzerland";Homo sapiens;14820;2025-05-26;PP_002XGBZ;GH21NSA78D;Clinical Virology, Basel;OPEN;https://pathoplexus.org/about/terms-of-use/open-data;SAMEA118594061;0.9718226600985221;;Basel;OZ277643.1;;FALSE;;0;28
PP_002XGET.1;A.D.5;2021-09;Switzerland;Basel-Stadt;"Gosert, Rainer; Leuzinger, Karoline; Kuznetsov, Alexander; Neher, Richard";"Clinical Virology, Laboratory Medicine, University Hospital Basel, Basel, Switzerland; Clinical Virology, Laboratory Medicine, University Hospital Basel, Basel, Switzerland, Transplantation and Clinical Virology, Department of Biomedicine, University of Basel, Basel, Switzerland; Biozentrum, University of Basel, Basel, Switzerland; Biozentrum, University of Basel, Basel, Switzerland";Homo sapiens;14821;2025-05-26;PP_002XGET;HZ8RO6ZNF5;Clinical Virology, Basel;OPEN;https://pathoplexus.org/about/terms-of-use/open-data;SAMEA118594064;0.9695894909688013;;Basel;OZ277627.1;;FALSE;;0;62
PP_002XGYQ.1;A.D.1.9;2023-12;Switzerland;Basel-Stadt;"Gosert, Rainer; Leuzinger, Karoline; Kuznetsov, Alexander; Neher, Richard";"Clinical Virology, Laboratory Medicine, University Hospital Basel, Basel, Switzerland; Clinical Virology, Laboratory Medicine, University Hospital Basel, Basel, Switzerland, Transplantation and Clinical Virology, Department of Biomedicine, University of Basel, Basel, Switzerland; Biozentrum, University of Basel, Basel, Switzerland; Biozentrum, University of Basel, Basel, Switzerland";Homo sapiens;15220;2025-05-26;PP_002XGYQ;NT06B6CVN9;Clinical Virology, Basel;OPEN;https://pathoplexus.org/about/terms-of-use/open-data;SAMEA118594082;0.9998029556650246;;Basel;OZ277673.1;;FALSE;;0;0
PP_002XMDQ.1;A.D.3.11;2025-04-05;USA;Minnesota;"Kunerth, H. D.; Plumb, M.; Namugenyi, S.; Evans, D.; Bohnkers-Voels, L.; Strain, A.";Minnesota Department of Health, Public Health Laboratory - Infectious Disease Lab;Homo sapiens;15050;2025-05-21;PP_002XMDQ;PV629339.1;Automated Ingest from INSDC/NCBI Virus by Loculus;OPEN;https://pathoplexus.org/about/terms-of-use/open-data;SAMN48396636;0.9555993431855501;;;PV629339.1;SRR33474369;;MN-MDH-RSVA-02937;1;497
PP_002XMRZ.1;A.D.1.10;2025-03-29;USA;Minnesota;"Kunerth, H. D.; Plumb, M.; Namugenyi, S.; Evans, D.; Bohnkers-Voels, L.; Strain, A.";Minnesota Department of Health, Public Health Laboratory - Infectious Disease Lab;Homo sapiens;15048;2025-05-21;PP_002XMRZ;PV629351.1;Automated Ingest from INSDC/NCBI Virus by Loculus;OPEN;https://pathoplexus.org/about/terms-of-use/open-data;SAMN48396648;0.9879802955665025;;;PV629351.1;SRR33474356;;MN-MDH-RSVA-02949;4;1
PP_002XN39.1;A.D.3.11;2025-03-28;USA;Minnesota;"Kunerth, H. D.; Plumb, M.; Namugenyi, S.; Evans, D.; Bohnkers-Voels, L.; Strain, A.";Minnesota Department of Health, Public Health Laboratory - Infectious Disease Lab;Homo sapiens;15046;2025-05-21;PP_002XN39;PV629363.1;Automated Ingest from INSDC/NCBI Virus by Loculus;OPEN;https://pathoplexus.org/about/terms-of-use/open-data;SAMN48396660;0.9552052545155993;;;PV629363.1;SRR33474343;;MN-MDH-RSVA-02962;6;498
PP_002XN55.1;A.D.3.11;2025-03-31;USA;Minnesota;"Kunerth, H. D.; Plumb, M.; Namugenyi, S.; Evans, D.; Bohnkers-Voels, L.; Strain, A.";Minnesota Department of Health, Public Health Laboratory - Infectious Disease Lab;Homo sapiens;15051;2025-05-21;PP_002XN55;PV629365.1;Automated Ingest from INSDC/NCBI Virus by Loculus;OPEN;https://pathoplexus.org/about/terms-of-use/open-data;SAMN48396662;0.9555993431855501;;;PV629365.1;SRR33474340;;MN-MDH-RSVA-02964;1;497
PP_002XNEM.1;A.D.1.5;2025-03-20;USA;Minnesota;"Kunerth, H. D.; Plumb, M.; Namugenyi, S.; Evans, D.; Bohnkers-Voels, L.; Strain, A.";Minnesota Department of Health, Public Health Laboratory - Infectious Disease Lab;Homo sapiens;15045;2025-05-21;PP_002XNEM;PV629374.1;Automated Ingest from INSDC/NCBI Virus by Loculus;OPEN;https://pathoplexus.org/about/terms-of-use/open-data;SAMN48396671;0.9509359605911331;;;PV629374.1;SRR33474331;;MN-MDH-RSVA-02973;2;567
PP_002XNFK.1;A.D.1.6;2025-03-20;USA;Minnesota;"Kunerth, H. D.; Plumb, M.; Namugenyi, S.; Evans, D.; Bohnkers-Voels, L.; Strain, A.";Minnesota Department of Health, Public Health Laboratory - Infectious Disease Lab;Homo sapiens;15044;2025-05-21;PP_002XNFK;PV629375.1;Automated Ingest from INSDC/NCBI Virus by Loculus;OPEN;https://pathoplexus.org/about/terms-of-use/open-data;SAMN48396672;0.9662397372742201;;;PV629375.1;SRR33474329;;MN-MDH-RSVA-02974;1;335
PP_002XNJC.1;A.D.1.6;2025-03-16;USA;Minnesota;"Kunerth, H. D.; Plumb, M.; Namugenyi, S.; Evans, D.; Bohnkers-Voels, L.; Strain, A.";Minnesota Department of Health, Public Health Laboratory - Infectious Disease Lab;Homo sapiens;15044;2025-05-21;PP_002XNJC;PV629378.1;Automated Ingest from INSDC/NCBI Virus by Loculus;OPEN;https://pathoplexus.org/about/terms-of-use/open-data;SAMN48396675;0.9567816091954023;;;PV629378.1;SRR33474326;;MN-MDH-RSVA-02977;1;479
PP_002XPP1.1;A.D.3;2025-04-17;USA;Minnesota;"Kunerth, H. D.; Plumb, M.; Namugenyi, S.; Evans, D.; Bohnkers-Voels, L.; Strain, A.";Minnesota Department of Health, Public Health Laboratory - Infectious Disease Lab;Homo sapiens;15046;2025-05-21;PP_002XPP1;PV640329.1;Automated Ingest from INSDC/NCBI Virus by Loculus;OPEN;https://pathoplexus.org/about/terms-of-use/open-data;SAMN48454300;0.9575697865353038;;;PV640329.1;SRR33542971;;MN-MDH-RSVA-03075;5;463
PP_002XPYH.1;A.D.1.6;2025-04-26;USA;Minnesota;"Kunerth, H. D.; Plumb, M.; Namugenyi, S.; Evans, D.; Bohnkers-Voels, L.; Strain, A.";Minnesota Department of Health, Public Health Laboratory - Infectious Disease Lab;Homo sapiens;15044;2025-05-21;PP_002XPYH;PV640338.1;Automated Ingest from INSDC/NCBI Virus by Loculus;OPEN;https://pathoplexus.org/about/terms-of-use/open-data;SAMN48454309;0.9731362889983579;;;PV640338.1;SRR33542962;;MN-MDH-RSVA-03084;1;230
PP_002XU9R.1;A.D.5.2;2024-11-22;Ireland;;"Carr, Michael; Bennett, Charlene; Banka, Weronika; Fahey, Laura; Rice, Alan; Dean, Jonathan; Hare, Daniel; De Gascun, Cillian F.";National Virus Reference Laboratory, University College Dublin, Dublin, Ireland;Homo sapiens;14841;2025-05-28;PP_002XU9R;hRSV/A/Ireland/un-NVRL-GIRL00086409/2024;NVRL Ireland;OPEN;https://pathoplexus.org/about/terms-of-use/open-data;SAMEA118424610;0.9750410509031199;;;OZ262182.1;;;;0;0
PP_002XUK4.1;A.D.1.11;2024-12-17;Ireland;;"Carr, Michael; Bennett, Charlene; Banka, Weronika; Fahey, Laura; Rice, Alan; Dean, Jonathan; Hare, Daniel; De Gascun, Cillian F.";National Virus Reference Laboratory, University College Dublin, Dublin, Ireland;Homo sapiens;15216;2025-05-28;PP_002XUK4;hRSV/A/Ireland/un-NVRL-GIRL00093192/2024;NVRL Ireland;OPEN;https://pathoplexus.org/about/terms-of-use/open-data;SAMEA118424620;0.9783251231527094;;;OZ262247.1;;;;0;322
PP_002XUM0.1;A.D.1.5;2025-01-03;Ireland;;"Carr, Michael; Bennett, Charlene; Banka, Weronika; Fahey, Laura; Rice, Alan; Dean, Jonathan; Hare, Daniel; De Gascun, Cillian F.";National Virus Reference Laboratory, University College Dublin, Dublin, Ireland;Homo sapiens;15223;2025-05-28;PP_002XUM0;hRSV/A/Ireland/un-NVRL-GIRL00000817/2025;NVRL Ireland;OPEN;https://pathoplexus.org/about/terms-of-use/open-data;SAMEA118424622;1.0;;;OZ262222.1;;;;0;0
PP_002XUZA.1;A.D.1.9;2024-12-12;Ireland;;"Carr, Michael; Bennett, Charlene; Banka, Weronika; Fahey, Laura; Rice, Alan; Dean, Jonathan; Hare, Daniel; De Gascun, Cillian F.";National Virus Reference Laboratory, University College Dublin, Dublin, Ireland;Homo sapiens;14881;2025-05-28;PP_002XUZA;hRSV/A/Ireland/un-NVRL-GIRL00092775/2024;NVRL Ireland;OPEN;https://pathoplexus.org/about/terms-of-use/open-data;SAMEA118424634;0.9774055829228243;;;OZ262198.1;;;;0;0
PP_002XV40.1;A.D.3.12;2024-12-30;Ireland;;"Carr, Michael; Bennett, Charlene; Banka, Weronika; Fahey, Laura; Rice, Alan; Dean, Jonathan; Hare, Daniel; De Gascun, Cillian F.";National Virus Reference Laboratory, University College Dublin, Dublin, Ireland;Homo sapiens;15189;2025-05-28;PP_002XV40;hRSV/A/Ireland/un-NVRL-GIRL00000271/2024;NVRL Ireland;OPEN;https://pathoplexus.org/about/terms-of-use/open-data;SAMEA118424639;0.9882430213464696;;;OZ262330.1;;;;0;142
PP_002XVGA.1;A.D.1.11;2025-01-18;Ireland;;"Carr, Michael; Bennett, Charlene; Banka, Weronika; Fahey, Laura; Rice, Alan; Dean, Jonathan; Hare, Daniel; De Gascun, Cillian F.";National Virus Reference Laboratory, University College Dublin, Dublin, Ireland;Homo sapiens;15173;2025-05-28;PP_002XVGA;hRSV/A/Ireland/un-NVRL-GIRL00008130/2025;NVRL Ireland;OPEN;https://pathoplexus.org/about/terms-of-use/open-data;SAMEA118424651;0.9965845648604269;;;OZ262241.1;;;;0;0
PP_002XVWF.1;A.D.1.5;2025-01-30;Ireland;;"Carr, Michael; Bennett, Charlene; Banka, Weronika; Fahey, Laura; Rice, Alan; Dean, Jonathan; Hare, Daniel; De Gascun, Cillian F.";National Virus Reference Laboratory, University College Dublin, Dublin, Ireland;Homo sapiens;15224;2025-05-28;PP_002XVWF;hRSV/A/Ireland/un-NVRL-GIRL00011097/2025;NVRL Ireland;OPEN;https://pathoplexus.org/about/terms-of-use/open-data;SAMEA118424665;1.0;;;OZ262191.1;;;;0;0
PP_002XW07.1;A.D.5.2;2025-02-06;Ireland;;"Carr, Michael; Bennett, Charlene; Banka, Weronika; Fahey, Laura; Rice, Alan; Dean, Jonathan; Hare, Daniel; De Gascun, Cillian F.";National Virus Reference Laboratory, University College Dublin, Dublin, Ireland;Homo sapiens;15204;2025-05-28;PP_002XW07;hRSV/A/Ireland/un-NVRL-GIRL00012839/2025;NVRL Ireland;OPEN;https://pathoplexus.org/about/terms-of-use/open-data;SAMEA118424669;0.9988834154351396;;;OZ262188.1;;;;0;0
PP_002XWSN.1;A.D.1.11;2025-02-08;Ireland;;"Carr, Michael; Bennett, Charlene; Banka, Weronika; Fahey, Laura; Rice, Alan; Dean, Jonathan; Hare, Daniel; De Gascun, Cillian F.";National Virus Reference Laboratory, University College Dublin, Dublin, Ireland;Homo sapiens;14887;2025-05-28;PP_002XWSN;hRSV/A/Ireland/un-NVRL-GIRL00014236/2025;NVRL Ireland;OPEN;https://pathoplexus.org/about/terms-of-use/open-data;SAMEA118424685;0.9339901477832512;;;OZ262263.1;;;;0;668
PP_002XWWE.1;A.D.3.11;2025-02-09;Ireland;;"Carr, Michael; Bennett, Charlene; Banka, Weronika; Fahey, Laura; Rice, Alan; Dean, Jonathan; Hare, Daniel; De Gascun, Cillian F.";National Virus Reference Laboratory, University College Dublin, Dublin, Ireland;Homo sapiens;14884;2025-05-28;PP_002XWWE;hRSV/A/Ireland/un-NVRL-GIRL00014933/2025;NVRL Ireland;OPEN;https://pathoplexus.org/about/terms-of-use/open-data;SAMEA118424689;0.9774712643678161;;;OZ262277.1;;;;0;0
PP_00308R6.2;A.D.1.5;2024-01-09;Spain;Catalonia;"Pinana, Maria; Andres, Cristina; Gonzalez Sanchez, Alejandra; Prats, Ignasi; Garcia Comunas, Karen; Piquer, Maria; Dima, Elena; Martin, Maria Carmen; Pumarola, Tomas; Anton, Andres";Hospital Universitari Vall d'Hebron - Vall d'Hebron Institut de Recerca;;15200;2025-06-30;PP_00308R6;hRSV/A/Spain/CT-HTVC-006607/2024;Respiratory Virus Unit, Hospital Universitari Vall d'Hebron, Barcelona, Spain;OPEN;https://pathoplexus.org/about/terms-of-use/open-data;SAMEA118625953;0.9980952380952381;;;OZ279039.1;;;;0;3
PP_00308T2.2;A.D.5.2;2022-11-23;Spain;Catalonia;"Pinana, Maria; Andres, Cristina; Gonzalez Sanchez, Alejandra; Prats, Ignasi; Garcia Comunas, Karen; Piquer, Maria; Dima, Elena; Martin, Maria Carmen; Pumarola, Tomas; Anton, Andres";Hospital Universitari Vall d'Hebron - Vall d'Hebron Institut de Recerca;;15194;2025-06-30;PP_00308T2;hRSV/A/Spain/CT-HTVC-249764/2022;Respiratory Virus Unit, Hospital Universitari Vall d'Hebron, Barcelona, Spain;OPEN;https://pathoplexus.org/about/terms-of-use/open-data;SAMEA118625955;0.9977011494252873;;;OZ279010.1;;;;0;3
PP_00308VY.2;A.D.5.2;2023-01-24;Spain;Catalonia;"Pinana, Maria; Andres, Cristina; Gonzalez Sanchez, Alejandra; Prats, Ignasi; Garcia Comunas, Karen; Piquer, Maria; Dima, Elena; Martin, Maria Carmen; Pumarola, Tomas; Anton, Andres";Hospital Universitari Vall d'Hebron - Vall d'Hebron Institut de Recerca;;15200;2025-06-30;PP_00308VY;hRSV/A/Spain/CT-HTVC-255278/2023;Respiratory Virus Unit, Hospital Universitari Vall d'Hebron, Barcelona, Spain;OPEN;https://pathoplexus.org/about/terms-of-use/open-data;SAMEA118625957;0.9985550082101806;;;OZ279582.1;;;;0;0
PP_00308YS.2;A.D.1.5;2024-02-15;Spain;Catalonia;"Pinana, Maria; Andres, Cristina; Gonzalez Sanchez, Alejandra; Prats, Ignasi; Garcia Comunas, Karen; Piquer, Maria; Dima, Elena; Martin, Maria Carmen; Pumarola, Tomas; Anton, Andres";Hospital Universitari Vall d'Hebron - Vall d'Hebron Institut de Recerca;;15198;2025-06-30;PP_00308YS;hRSV/A/Spain/CT-HTVC-287081/2024;Respiratory Virus Unit, Hospital Universitari Vall d'Hebron, Barcelona, Spain;OPEN;https://pathoplexus.org/about/terms-of-use/open-data;SAMEA118625960;0.9982922824302135;;;OZ279570.1;;;;0;0
PP_00309HM.2;A.D.1.5;2023-12-05;Spain;Catalonia;"Pinana, Maria; Andres, Cristina; Gonzalez Sanchez, Alejandra; Prats, Ignasi; Garcia Comunas, Karen; Piquer, Maria; Dima, Elena; Martin, Maria Carmen; Pumarola, Tomas; Anton, Andres";Hospital Universitari Vall d'Hebron - Vall d'Hebron Institut de Recerca;;15201;2025-06-30;PP_00309HM;hRSV/A/Spain/CT-HUAV-288632/2023;Respiratory Virus Unit, Hospital Universitari Vall d'Hebron, Barcelona, Spain;OPEN;https://pathoplexus.org/about/terms-of-use/open-data;SAMEA118625975;0.9982922824302135;;;OZ279579.1;;;;0;0
PP_00309Q7.2;A.D.1.5;2023-12-12;Spain;Catalonia;"Pinana, Maria; Andres, Cristina; Gonzalez Sanchez, Alejandra; Prats, Ignasi; Garcia Comunas, Karen; Piquer, Maria; Dima, Elena; Martin, Maria Carmen; Pumarola, Tomas; Anton, Andres";Hospital Universitari Vall d'Hebron - Vall d'Hebron Institut de Recerca;;15196;2025-06-30;PP_00309Q7;hRSV/A/Spain/CT-HUAV-288900/2023;Respiratory Virus Unit, Hospital Universitari Vall d'Hebron, Barcelona, Spain;OPEN;https://pathoplexus.org/about/terms-of-use/open-data;SAMEA118625814;0.9978325123152709;;;OZ279641.1;;;;0;1
PP_0030ABZ.2;A.D.1.5;2024-03-05;Spain;Catalonia;"Pinana, Maria; Andres, Cristina; Gonzalez Sanchez, Alejandra; Prats, Ignasi; Garcia Comunas, Karen; Piquer, Maria; Dima, Elena; Martin, Maria Carmen; Pumarola, Tomas; Anton, Andres";Hospital Universitari Vall d'Hebron - Vall d'Hebron Institut de Recerca;;15203;2025-06-30;PP_0030ABZ;hRSV/A/Spain/CT-HUAV-294722/2024;Respiratory Virus Unit, Hospital Universitari Vall d'Hebron, Barcelona, Spain;OPEN;https://pathoplexus.org/about/terms-of-use/open-data;SAMEA118625768;0.9981609195402299;;;OZ280545.1;;;;0;2
PP_0030AMC.2;A.D.1.5;2024-02-20;Spain;Catalonia;"Pinana, Maria; Andres, Cristina; Gonzalez Sanchez, Alejandra; Prats, Ignasi; Garcia Comunas, Karen; Piquer, Maria; Dima, Elena; Martin, Maria Carmen; Pumarola, Tomas; Anton, Andres";Hospital Universitari Vall d'Hebron - Vall d'Hebron Institut de Recerca;;15199;2025-06-30;PP_0030AMC;hRSV/A/Spain/CT-HUAV-305988/2024;Respiratory Virus Unit, Hospital Universitari Vall d'Hebron, Barcelona, Spain;OPEN;https://pathoplexus.org/about/terms-of-use/open-data;SAMEA118625758;0.9980295566502463;;;OZ278929.1;;;;0;1
PP_0030AQ6.2;A.D.1.10;2024-08-05;Spain;Catalonia;"Pinana, Maria; Andres, Cristina; Gonzalez Sanchez, Alejandra; Prats, Ignasi; Garcia Comunas, Karen; Piquer, Maria; Dima, Elena; Martin, Maria Carmen; Pumarola, Tomas; Anton, Andres";Hospital Universitari Vall d'Hebron - Vall d'Hebron Institut de Recerca;;15194;2025-06-30;PP_0030AQ6;hRSV/A/Spain/CT-HUAV-305998/2024;Respiratory Virus Unit, Hospital Universitari Vall d'Hebron, Barcelona, Spain;OPEN;https://pathoplexus.org/about/terms-of-use/open-data;SAMEA118625776;0.9979638752052545;;;OZ280535.1;;;;0;0
PP_0030AXS.2;A.D.1.10;2024-01-23;Spain;Catalonia;"Pinana, Maria; Andres, Cristina; Gonzalez Sanchez, Alejandra; Prats, Ignasi; Garcia Comunas, Karen; Piquer, Maria; Dima, Elena; Martin, Maria Carmen; Pumarola, Tomas; Anton, Andres";Hospital Universitari Vall d'Hebron - Vall d'Hebron Institut de Recerca;;15189;2025-06-30;PP_0030AXS;hRSV/A/Spain/CT-HUAV-306012/2024;Respiratory Virus Unit, Hospital Universitari Vall d'Hebron, Barcelona, Spain;OPEN;https://pathoplexus.org/about/terms-of-use/open-data;SAMEA118625783;0.9977011494252873;;;OZ280498.1;;;;0;0
PP_0030BA0.2;A.D.3.8;2025-01-02;Spain;Catalonia;"Andres, Cristina; Gonzalez Sanchez, Alejandra; Prats, Ignasi; Garcia Comunas, Karen; Dima, Elena; Martin, Maria Carmen; Pumarola, Tomas; Anton, Andres";Hospital Universitari Vall d'Hebron - Vall d'Hebron Institut de Recerca;;15195;2025-06-30;PP_0030BA0;hRSV/A/Spain/CT-HUAV-315576/2025;Respiratory Virus Unit, Hospital Universitari Vall d'Hebron, Barcelona, Spain;OPEN;https://pathoplexus.org/about/terms-of-use/open-data;SAMEA118625796;0.9978981937602627;;;OZ280533.1;;;;0;0
PP_0030BZM.2;A.D.3.8;2024-12-24;Spain;Catalonia;"Pinana, Maria; Andres, Cristina; Gonzalez Sanchez, Alejandra; Prats, Ignasi; Garcia Comunas, Karen; Piquer, Maria; Dima, Elena; Martin, Maria Carmen; Pumarola, Tomas; Anton, Andres";Hospital Universitari Vall d'Hebron - Vall d'Hebron Institut de Recerca;;15199;2025-06-30;PP_0030BZM;hRSV/A/Spain/CT-HUB-357555/2024;Respiratory Virus Unit, Hospital Universitari Vall d'Hebron, Barcelona, Spain;OPEN;https://pathoplexus.org/about/terms-of-use/open-data;SAMEA118626700;0.9981609195402299;;;OZ280098.1;;;;0;0
PP_0030CYN.2;A.D.1.11;2024-12-20;Spain;Catalonia;"Pinana, Maria; Andres, Cristina; Gonzalez Sanchez, Alejandra; Prats, Ignasi; Garcia Comunas, Karen; Piquer, Maria; Dima, Elena; Martin, Maria Carmen; Pumarola, Tomas; Anton, Andres";Hospital Universitari Vall d'Hebron - Vall d'Hebron Institut de Recerca;;15195;2025-06-30;PP_0030CYN;hRSV/A/Spain/CT-HUGTiP-315030/2024;Respiratory Virus Unit, Hospital Universitari Vall d'Hebron, Barcelona, Spain;OPEN;https://pathoplexus.org/about/terms-of-use/open-data;SAMEA118626733;0.9980952380952381;;;OZ280190.1;;;;0;0
PP_0030D2E.2;A.D.1.11;2024-12-31;Spain;Catalonia;"Pinana, Maria; Andres, Cristina; Gonzalez Sanchez, Alejandra; Prats, Ignasi; Garcia Comunas, Karen; Piquer, Maria; Dima, Elena; Martin, Maria Carmen; Pumarola, Tomas; Anton, Andres";Hospital Universitari Vall d'Hebron - Vall d'Hebron Institut de Recerca;;15038;2025-06-30;PP_0030D2E;hRSV/A/Spain/CT-HUGTiP315486/2024;Respiratory Virus Unit, Hospital Universitari Vall d'Hebron, Barcelona, Spain;OPEN;https://pathoplexus.org/about/terms-of-use/open-data;SAMEA118626737;0.9877832512315271;;;OZ280172.1;;;;0;0
PP_0030D66.2;A.D.3.4;2025-01-24;Spain;Catalonia;"Andres, Cristina; Gonzalez Sanchez, Alejandra; Prats, Ignasi; Garcia Comunas, Karen; Dima, Elena; Martin, Maria Carmen; Pumarola, Tomas; Anton, Andres";Hospital Universitari Vall d'Hebron - Vall d'Hebron Institut de Recerca;;15195;2025-06-30;PP_0030D66;hRSV/A/Spain/CT-HUGTiP317077/2025;Respiratory Virus Unit, Hospital Universitari Vall d'Hebron, Barcelona, Spain;OPEN;https://pathoplexus.org/about/terms-of-use/open-data;SAMEA118626741;0.9978981937602627;;;OZ280192.1;;;;0;0
PP_0030DCU.2;A.D.5.2;2023-03-23;Spain;Catalonia;"Pinana, Maria; Andres, Cristina; Gonzalez Sanchez, Alejandra; Prats, Ignasi; Garcia Comunas, Karen; Piquer, Maria; Dima, Elena; Martin, Maria Carmen; Pumarola, Tomas; Anton, Andres";Hospital Universitari Vall d'Hebron - Vall d'Hebron Institut de Recerca;;15204;2025-06-30;PP_0030DCU;hRSV/A/Spain/CT-HUJO-004001/2023;Respiratory Virus Unit, Hospital Universitari Vall d'Hebron, Barcelona, Spain;OPEN;https://pathoplexus.org/about/terms-of-use/open-data;SAMEA118626747;0.9988834154351396;;;OZ280128.1;;;;0;0
PP_0030DR1.2;A.D.1.10;2025-01-30;Spain;Catalonia;"Andres, Cristina; Gonzalez Sanchez, Alejandra; Prats, Ignasi; Garcia Comunas, Karen; Dima, Elena; Martin, Maria Carmen; Pumarola, Tomas; Anton, Andres";Hospital Universitari Vall d'Hebron - Vall d'Hebron Institut de Recerca;;15195;2025-06-30;PP_0030DR1;hRSV/A/Spain/CT-HUJO225505/2025;Respiratory Virus Unit, Hospital Universitari Vall d'Hebron, Barcelona, Spain;OPEN;https://pathoplexus.org/about/terms-of-use/open-data;SAMEA118626756;0.9980295566502463;;;OZ280156.1;;;;0;1
PP_0030E73.2;A.D.5.2;2025-02-11;Spain;Catalonia;"Andres, Cristina; Gonzalez Sanchez, Alejandra; Prats, Ignasi; Garcia Comunas, Karen; Dima, Elena; Martin, Maria Carmen; Pumarola, Tomas; Anton, Andres";Hospital Universitari Vall d'Hebron - Vall d'Hebron Institut de Recerca;;15192;2025-06-30;PP_0030E73;hRSV/A/Spain/CT-HUJO849529/2025;Respiratory Virus Unit, Hospital Universitari Vall d'Hebron, Barcelona, Spain;OPEN;https://pathoplexus.org/about/terms-of-use/open-data;SAMEA118626772;0.9979638752052545;;;OZ280163.1;;;;0;1
PP_0030EHG.2;A.D.5;2022-11-24;Spain;Catalonia;"Pinana, Maria; Andres, Cristina; Gonzalez Sanchez, Alejandra; Prats, Ignasi; Garcia Comunas, Karen; Piquer, Maria; Dima, Elena; Martin, Maria Carmen; Pumarola, Tomas; Anton, Andres";Hospital Universitari Vall d'Hebron - Vall d'Hebron Institut de Recerca;;15197;2025-06-30;PP_0030EHG;hRSV/A/Spain/CT-HUJT-260502/2022;Respiratory Virus Unit, Hospital Universitari Vall d'Hebron, Barcelona, Spain;OPEN;https://pathoplexus.org/about/terms-of-use/open-data;SAMEA118626782;0.9981609195402299;;;OZ280221.1;;;;0;1
PP_0030EKC.2;A.D.5.2;2022-12-01;Spain;Catalonia;"Pinana, Maria; Andres, Cristina; Gonzalez Sanchez, Alejandra; Prats, Ignasi; Garcia Comunas, Karen; Piquer, Maria; Dima, Elena; Martin, Maria Carmen; Pumarola, Tomas; Anton, Andres";Hospital Universitari Vall d'Hebron - Vall d'Hebron Institut de Recerca;;15200;2025-06-30;PP_0030EKC;hRSV/A/Spain/CT-HUJT-260821/2022;Respiratory Virus Unit, Hospital Universitari Vall d'Hebron, Barcelona, Spain;OPEN;https://pathoplexus.org/about/terms-of-use/open-data;SAMEA118626784;0.9980952380952381;;;OZ280203.1;;;;0;3
PP_0030EUU.2;A.D.5.1;2022-12-20;Spain;Catalonia;"Pinana, Maria; Andres, Cristina; Gonzalez Sanchez, Alejandra; Prats, Ignasi; Garcia Comunas, Karen; Piquer, Maria; Dima, Elena; Martin, Maria Carmen; Pumarola, Tomas; Anton, Andres";Hospital Universitari Vall d'Hebron - Vall d'Hebron Institut de Recerca;;15190;2025-06-30;PP_0030EUU;hRSV/A/Spain/CT-HUJT-262370/2022;Respiratory Virus Unit, Hospital Universitari Vall d'Hebron, Barcelona, Spain;OPEN;https://pathoplexus.org/about/terms-of-use/open-data;SAMEA118626793;0.997175697865353;;;OZ280209.1;;;;0;3
PP_0030EWQ.2;A.D.5.2;2022-12-20;Spain;Catalonia;"Pinana, Maria; Andres, Cristina; Gonzalez Sanchez, Alejandra; Prats, Ignasi; Garcia Comunas, Karen; Piquer, Maria; Dima, Elena; Martin, Maria Carmen; Pumarola, Tomas; Anton, Andres";Hospital Universitari Vall d'Hebron - Vall d'Hebron Institut de Recerca;;15203;2025-06-30;PP_0030EWQ;hRSV/A/Spain/CT-HUJT-262388/2022;Respiratory Virus Unit, Hospital Universitari Vall d'Hebron, Barcelona, Spain;OPEN;https://pathoplexus.org/about/terms-of-use/open-data;SAMEA118626795;0.9985550082101806;;;OZ280198.1;;;;0;0
PP_0030FJD.2;A.D.1.8;2024-02-06;Spain;Catalonia;"Pinana, Maria; Andres, Cristina; Gonzalez Sanchez, Alejandra; Prats, Ignasi; Garcia Comunas, Karen; Piquer, Maria; Dima, Elena; Martin, Maria Carmen; Pumarola, Tomas; Anton, Andres";Hospital Universitari Vall d'Hebron - Vall d'Hebron Institut de Recerca;;15200;2025-06-30;PP_0030FJD;hRSV/A/Spain/CT-HUJT-292367/2024;Respiratory Virus Unit, Hospital Universitari Vall d'Hebron, Barcelona, Spain;OPEN;https://pathoplexus.org/about/terms-of-use/open-data;SAMEA118626826;0.9983579638752053;;;OZ280215.1;;;;0;0
PP_0030FM7.2;A.D.3.10;2024-02-20;Spain;Catalonia;"Pinana, Maria; Andres, Cristina; Gonzalez Sanchez, Alejandra; Prats, Ignasi; Garcia Comunas, Karen; Piquer, Maria; Dima, Elena; Martin, Maria Carmen; Pumarola, Tomas; Anton, Andres";Hospital Universitari Vall d'Hebron - Vall d'Hebron Institut de Recerca;;15201;2025-06-30;PP_0030FM7;hRSV/A/Spain/CT-HUJT-293568/2024;Respiratory Virus Unit, Hospital Universitari Vall d'Hebron, Barcelona, Spain;OPEN;https://pathoplexus.org/about/terms-of-use/open-data;SAMEA118626829;0.9982922824302135;;;OZ280214.1;;;;0;0
PP_0030FN5.2;A.D.1.9;2024-02-20;Spain;Catalonia;"Pinana, Maria; Andres, Cristina; Gonzalez Sanchez, Alejandra; Prats, Ignasi; Garcia Comunas, Karen; Piquer, Maria; Dima, Elena; Martin, Maria Carmen; Pumarola, Tomas; Anton, Andres";Hospital Universitari Vall d'Hebron - Vall d'Hebron Institut de Recerca;;15190;2025-06-30;PP_0030FN5;hRSV/A/Spain/CT-HUJT-293569/2024;Respiratory Virus Unit, Hospital Universitari Vall d'Hebron, Barcelona, Spain;OPEN;https://pathoplexus.org/about/terms-of-use/open-data;SAMEA118626830;0.9977668308702792;;;OZ280220.1;;;;0;0
PP_0030FRZ.2;A.D.1.10;2024-11-26;Spain;Catalonia;"Pinana, Maria; Andres, Cristina; Gonzalez Sanchez, Alejandra; Prats, Ignasi; Garcia Comunas, Karen; Piquer, Maria; Dima, Elena; Martin, Maria Carmen; Pumarola, Tomas; Anton, Andres";Hospital Universitari Vall d'Hebron - Vall d'Hebron Institut de Recerca;;15197;2025-06-30;PP_0030FRZ;hRSV/A/Spain/CT-HUJT-313102/2024;Respiratory Virus Unit, Hospital Universitari Vall d'Hebron, Barcelona, Spain;OPEN;https://pathoplexus.org/about/terms-of-use/open-data;SAMEA118626833;0.9698522167487684;;;OZ280232.1;;;;0;430
PP_0030FXM.2;A.D.3.7;2025-02-25;Spain;Catalonia;"Andres, Cristina; Gonzalez Sanchez, Alejandra; Prats, Ignasi; Garcia Comunas, Karen; Dima, Elena; Martin, Maria Carmen; Pumarola, Tomas; Anton, Andres";Hospital Universitari Vall d'Hebron - Vall d'Hebron Institut de Recerca;;15199;2025-06-30;PP_0030FXM;hRSV/A/Spain/CT-HUJT319422/2025;Respiratory Virus Unit, Hospital Universitari Vall d'Hebron, Barcelona, Spain;OPEN;https://pathoplexus.org/about/terms-of-use/open-data;SAMEA118626839;0.9978981937602627;;;OZ280283.1;;;;0;0
PP_0030GFK.2;A.D.5.3;2023-02-17;Spain;Catalonia;"Pinana, Maria; Andres, Cristina; Gonzalez Sanchez, Alejandra; Prats, Ignasi; Garcia Comunas, Karen; Piquer, Maria; Dima, Elena; Martin, Maria Carmen; Pumarola, Tomas; Anton, Andres";Hospital Universitari Vall d'Hebron - Vall d'Hebron Institut de Recerca;;15206;2025-06-30;PP_0030GFK;hRSV/A/Spain/CT-HUVH-023673/2023;Respiratory Virus Unit, Hospital Universitari Vall d'Hebron, Barcelona, Spain;OPEN;https://pathoplexus.org/about/terms-of-use/open-data;SAMEA118626857;0.9988834154351396;;;OZ280348.1;;;;0;0
PP_0030GHE.2;A.D;2014-01-30;Spain;Catalonia;"Pinana, Maria; Andres, Cristina; Gonzalez Sanchez, Alejandra; Prats, Ignasi; Garcia Comunas, Karen; Piquer, Maria; Dima, Elena; Martin, Maria Carmen; Pumarola, Tomas; Anton, Andres";Hospital Universitari Vall d'Hebron - Vall d'Hebron Institut de Recerca;;15187;2025-06-30;PP_0030GHE;hRSV/A/Spain/CT-HUVH-026593/2014;Respiratory Virus Unit, Hospital Universitari Vall d'Hebron, Barcelona, Spain;OPEN;https://pathoplexus.org/about/terms-of-use/open-data;SAMEA118626859;0.9975697865353038;;;OZ280362.1;;;;0;0
PP_0030GVQ.2;A.D;2014-12-25;Spain;Catalonia;"Pinana, Maria; Andres, Cristina; Gonzalez Sanchez, Alejandra; Prats, Ignasi; Garcia Comunas, Karen; Piquer, Maria; Dima, Elena; Martin, Maria Carmen; Pumarola, Tomas; Anton, Andres";Hospital Universitari Vall d'Hebron - Vall d'Hebron Institut de Recerca;;15188;2025-06-30;PP_0030GVQ;hRSV/A/Spain/CT-HUVH-105727/2014;Respiratory Virus Unit, Hospital Universitari Vall d'Hebron, Barcelona, Spain;OPEN;https://pathoplexus.org/about/terms-of-use/open-data;SAMEA118626871;0.9975697865353038;;;OZ279880.1;;;;0;0
PP_0030H46.2;A.D;2014-11-30;Spain;Catalonia;"Pinana, Maria; Andres, Cristina; Gonzalez Sanchez, Alejandra; Prats, Ignasi; Garcia Comunas, Karen; Piquer, Maria; Dima, Elena; Martin, Maria Carmen; Pumarola, Tomas; Anton, Andres";Hospital Universitari Vall d'Hebron - Vall d'Hebron Institut de Recerca;;15142;2025-06-30;PP_0030H46;hRSV/A/Spain/CT-HUVH-123418/2014;Respiratory Virus Unit, Hospital Universitari Vall d'Hebron, Barcelona, Spain;OPEN;https://pathoplexus.org/about/terms-of-use/open-data;SAMEA118626880;0.9944827586206897;;;OZ279962.1;;;;0;0
PP_0030H54.2;A.D;2014-12-04;Spain;Catalonia;"Pinana, Maria; Andres, Cristina; Gonzalez Sanchez, Alejandra; Prats, Ignasi; Garcia Comunas, Karen; Piquer, Maria; Dima, Elena; Martin, Maria Carmen; Pumarola, Tomas; Anton, Andres";Hospital Universitari Vall d'Hebron - Vall d'Hebron Institut de Recerca;;15200;2025-06-30;PP_0030H54;hRSV/A/Spain/CT-HUVH-125880/2014;Respiratory Virus Unit, Hospital Universitari Vall d'Hebron, Barcelona, Spain;OPEN;https://pathoplexus.org/about/terms-of-use/open-data;SAMEA118626881;0.9982922824302135;;;OZ279943.1;;;;0;0
PP_0030H70.2;A.D;2014-12-09;Spain;Catalonia;"Pinana, Maria; Andres, Cristina; Gonzalez Sanchez, Alejandra; Prats, Ignasi; Garcia Comunas, Karen; Piquer, Maria; Dima, Elena; Martin, Maria Carmen; Pumarola, Tomas; Anton, Andres";Hospital Universitari Vall d'Hebron - Vall d'Hebron Institut de Recerca;;15199;2025-06-30;PP_0030H70;hRSV/A/Spain/CT-HUVH-128077/2014;Respiratory Virus Unit, Hospital Universitari Vall d'Hebron, Barcelona, Spain;OPEN;https://pathoplexus.org/about/terms-of-use/open-data;SAMEA118626883;0.9982266009852216;;;OZ279915.1;;;;0;0
PP_0030HAU.2;A.D;2014-12-10;Spain;Catalonia;"Pinana, Maria; Andres, Cristina; Gonzalez Sanchez, Alejandra; Prats, Ignasi; Garcia Comunas, Karen; Piquer, Maria; Dima, Elena; Martin, Maria Carmen; Pumarola, Tomas; Anton, Andres";Hospital Universitari Vall d'Hebron - Vall d'Hebron Institut de Recerca;;15191;2025-06-30;PP_0030HAU;hRSV/A/Spain/CT-HUVH-128853/2014;Respiratory Virus Unit, Hospital Universitari Vall d'Hebron, Barcelona, Spain;OPEN;https://pathoplexus.org/about/terms-of-use/open-data;SAMEA118626886;0.9977668308702792;;;OZ280023.1;;;;0;0
PP_0030HHD.2;A.D;2015-01-07;Spain;Catalonia;"Pinana, Maria; Andres, Cristina; Gonzalez Sanchez, Alejandra; Prats, Ignasi; Garcia Comunas, Karen; Piquer, Maria; Dima, Elena; Martin, Maria Carmen; Pumarola, Tomas; Anton, Andres";Hospital Universitari Vall d'Hebron - Vall d'Hebron Institut de Recerca;;15191;2025-06-30;PP_0030HHD;hRSV/A/Spain/CT-HUVH-144288/2015;Respiratory Virus Unit, Hospital Universitari Vall d'Hebron, Barcelona, Spain;OPEN;https://pathoplexus.org/about/terms-of-use/open-data;SAMEA118626893;0.9977668308702792;;;OZ279984.1;;;;0;0
PP_0030HN3.2;A.D.1;2019-12-04;Spain;Catalonia;"Pinana, Maria; Andres, Cristina; Gonzalez Sanchez, Alejandra; Prats, Ignasi; Garcia Comunas, Karen; Piquer, Maria; Dima, Elena; Martin, Maria Carmen; Pumarola, Tomas; Anton, Andres";Hospital Universitari Vall d'Hebron - Vall d'Hebron Institut de Recerca;;15194;2025-06-30;PP_0030HN3;hRSV/A/Spain/CT-HUVH-147394/2019;Respiratory Virus Unit, Hospital Universitari Vall d'Hebron, Barcelona, Spain;OPEN;https://pathoplexus.org/about/terms-of-use/open-data;SAMEA118626898;0.9979638752052545;;;OZ280346.1;;;;0;0
PP_0030HP1.2;A.D;2015-01-13;Spain;Catalonia;"Pinana, Maria; Andres, Cristina; Gonzalez Sanchez, Alejandra; Prats, Ignasi; Garcia Comunas, Karen; Piquer, Maria; Dima, Elena; Martin, Maria Carmen; Pumarola, Tomas; Anton, Andres";Hospital Universitari Vall d'Hebron - Vall d'Hebron Institut de Recerca;;15190;2025-06-30;PP_0030HP1;hRSV/A/Spain/CT-HUVH-148010/2015;Respiratory Virus Unit, Hospital Universitari Vall d'Hebron, Barcelona, Spain;OPEN;https://pathoplexus.org/about/terms-of-use/open-data;SAMEA118626899;0.9977011494252873;;;OZ280368.1;;;;0;0
PP_0030JHC.2;A.D;2013-11-29;Spain;Catalonia;"Pinana, Maria; Andres, Cristina; Gonzalez Sanchez, Alejandra; Prats, Ignasi; Garcia Comunas, Karen; Piquer, Maria; Dima, Elena; Martin, Maria Carmen; Pumarola, Tomas; Anton, Andres";Hospital Universitari Vall d'Hebron - Vall d'Hebron Institut de Recerca;;15194;2025-06-30;PP_0030JHC;hRSV/A/Spain/CT-HUVH-177169/2013;Respiratory Virus Unit, Hospital Universitari Vall d'Hebron, Barcelona, Spain;OPEN;https://pathoplexus.org/about/terms-of-use/open-data;SAMEA118626927;0.9977668308702792;;;OZ280274.1;;;;0;0
PP_0030JM4.2;A.D.1;2020-01-30;Spain;Catalonia;"Pinana, Maria; Andres, Cristina; Gonzalez Sanchez, Alejandra; Prats, Ignasi; Garcia Comunas, Karen; Piquer, Maria; Dima, Elena; Martin, Maria Carmen; Pumarola, Tomas; Anton, Andres";Hospital Universitari Vall d'Hebron - Vall d'Hebron Institut de Recerca;;15205;2025-06-30;PP_0030JM4;hRSV/A/Spain/CT-HUVH-182064/2020;Respiratory Virus Unit, Hospital Universitari Vall d'Hebron, Barcelona, Spain;OPEN;https://pathoplexus.org/about/terms-of-use/open-data;SAMEA118626931;0.9986863711001642;;;OZ280269.1;;;;0;0
PP_0030K60.2;A.D.2.2;2015-04-07;Spain;Catalonia;"Pinana, Maria; Andres, Cristina; Gonzalez Sanchez, Alejandra; Prats, Ignasi; Garcia Comunas, Karen; Piquer, Maria; Dima, Elena; Martin, Maria Carmen; Pumarola, Tomas; Anton, Andres";Hospital Universitari Vall d'Hebron - Vall d'Hebron Institut de Recerca;;15190;2025-06-30;PP_0030K60;hRSV/A/Spain/CT-HUVH-197036/2015;Respiratory Virus Unit, Hospital Universitari Vall d'Hebron, Barcelona, Spain;OPEN;https://pathoplexus.org/about/terms-of-use/open-data;SAMEA118626950;0.9976354679802956;;;OZ280328.1;;;;0;0
PP_0030KBQ.2;A.D.3.10;2023-11-08;Spain;Catalonia;"Pinana, Maria; Andres, Cristina; Gonzalez Sanchez, Alejandra; Prats, Ignasi; Garcia Comunas, Karen; Piquer, Maria; Dima, Elena; Martin, Maria Carmen; Pumarola, Tomas; Anton, Andres";Hospital Universitari Vall d'Hebron - Vall d'Hebron Institut de Recerca;;15201;2025-06-30;PP_0030KBQ;hRSV/A/Spain/CT-HUVH-199901/2023;Respiratory Virus Unit, Hospital Universitari Vall d'Hebron, Barcelona, Spain;OPEN;https://pathoplexus.org/about/terms-of-use/open-data;SAMEA118626955;0.9982922824302135;;;OZ279503.1;;;;0;0
PP_0030KM3.2;A.D.5.1;2023-11-21;Spain;Catalonia;"Pinana, Maria; Andres, Cristina; Gonzalez Sanchez, Alejandra; Prats, Ignasi; Garcia Comunas, Karen; Piquer, Maria; Dima, Elena; Martin, Maria Carmen; Pumarola, Tomas; Anton, Andres";Hospital Universitari Vall d'Hebron - Vall d'Hebron Institut de Recerca;;15199;2025-06-30;PP_0030KM3;hRSV/A/Spain/CT-HUVH-209029/2023;Respiratory Virus Unit, Hospital Universitari Vall d'Hebron, Barcelona, Spain;OPEN;https://pathoplexus.org/about/terms-of-use/open-data;SAMEA118625863;0.9982266009852216;;;OZ279618.1;;;;0;1
PP_0030L43.2;A.D.5.2;2024-08-06;Spain;Catalonia;"Pinana, Maria; Andres, Cristina; Gonzalez Sanchez, Alejandra; Prats, Ignasi; Garcia Comunas, Karen; Piquer, Maria; Dima, Elena; Martin, Maria Carmen; Pumarola, Tomas; Anton, Andres";Hospital Universitari Vall d'Hebron - Vall d'Hebron Institut de Recerca;;15203;2025-06-30;PP_0030L43;hRSV/A/Spain/CT-HUVH-230717/2023;Respiratory Virus Unit, Hospital Universitari Vall d'Hebron, Barcelona, Spain;OPEN;https://pathoplexus.org/about/terms-of-use/open-data;SAMEA118626972;0.998423645320197;;;OZ280302.1;;;;0;3
PP_0030L51.2;A.D.2.2;2015-10-23;Spain;Catalonia;"Pinana, Maria; Andres, Cristina; Gonzalez Sanchez, Alejandra; Prats, Ignasi; Garcia Comunas, Karen; Piquer, Maria; Dima, Elena; Martin, Maria Carmen; Pumarola, Tomas; Anton, Andres";Hospital Universitari Vall d'Hebron - Vall d'Hebron Institut de Recerca;;15195;2025-06-30;PP_0030L51;hRSV/A/Spain/CT-HUVH-231189/2015;Respiratory Virus Unit, Hospital Universitari Vall d'Hebron, Barcelona, Spain;OPEN;https://pathoplexus.org/about/terms-of-use/open-data;SAMEA118626973;0.9979638752052545;;;OZ280329.1;;;;0;0
PP_0030L9T.2;A.D.5.3;2023-12-30;Spain;Catalonia;"Pinana, Maria; Andres, Cristina; Gonzalez Sanchez, Alejandra; Prats, Ignasi; Garcia Comunas, Karen; Piquer, Maria; Dima, Elena; Martin, Maria Carmen; Pumarola, Tomas; Anton, Andres";Hospital Universitari Vall d'Hebron - Vall d'Hebron Institut de Recerca;;15197;2025-06-30;PP_0030L9T;hRSV/A/Spain/CT-HUVH-240815/2023;Respiratory Virus Unit, Hospital Universitari Vall d'Hebron, Barcelona, Spain;OPEN;https://pathoplexus.org/about/terms-of-use/open-data;SAMEA118626977;0.9982922824302135;;;OZ279909.1;;;;0;0
PP_0030LCM.2;A.D.1.11;2024-01-24;Spain;Catalonia;"Pinana, Maria; Andres, Cristina; Gonzalez Sanchez, Alejandra; Prats, Ignasi; Garcia Comunas, Karen; Piquer, Maria; Dima, Elena; Martin, Maria Carmen; Pumarola, Tomas; Anton, Andres";Hospital Universitari Vall d'Hebron - Vall d'Hebron Institut de Recerca;;15199;2025-06-30;PP_0030LCM;hRSV/A/Spain/CT-HUVH-245666/2024;Respiratory Virus Unit, Hospital Universitari Vall d'Hebron, Barcelona, Spain;OPEN;https://pathoplexus.org/about/terms-of-use/open-data;SAMEA118626980;0.9981609195402299;;;OZ280384.1;;;;0;2
PP_0030LDK.2;A.D.1.8;2024-01-06;Spain;Catalonia;"Pinana, Maria; Andres, Cristina; Gonzalez Sanchez, Alejandra; Prats, Ignasi; Garcia Comunas, Karen; Piquer, Maria; Dima, Elena; Martin, Maria Carmen; Pumarola, Tomas; Anton, Andres";Hospital Universitari Vall d'Hebron - Vall d'Hebron Institut de Recerca;;15199;2025-06-30;PP_0030LDK;hRSV/A/Spain/CT-HUVH-246350/2024;Respiratory Virus Unit, Hospital Universitari Vall d'Hebron, Barcelona, Spain;OPEN;https://pathoplexus.org/about/terms-of-use/open-data;SAMEA118626981;0.9982922824302135;;;OZ280382.1;;;;0;0
PP_0030LGD.2;A.D.2.2.1;2016-01-14;Spain;Catalonia;"Pinana, Maria; Andres, Cristina; Gonzalez Sanchez, Alejandra; Prats, Ignasi; Garcia Comunas, Karen; Piquer, Maria; Dima, Elena; Martin, Maria Carmen; Pumarola, Tomas; Anton, Andres";Hospital Universitari Vall d'Hebron - Vall d'Hebron Institut de Recerca;;15192;2025-06-30;PP_0030LGD;hRSV/A/Spain/CT-HUVH-265989/2016;Respiratory Virus Unit, Hospital Universitari Vall d'Hebron, Barcelona, Spain;OPEN;https://pathoplexus.org/about/terms-of-use/open-data;SAMEA118626984;0.991264367816092;;;OZ280310.1;;;;0;100
PP_0030MCL.2;A.D.1.5;2024-11-26;Spain;Catalonia;"Pinana, Maria; Andres, Cristina; Gonzalez Sanchez, Alejandra; Prats, Ignasi; Garcia Comunas, Karen; Piquer, Maria; Dima, Elena; Martin, Maria Carmen; Pumarola, Tomas; Anton, Andres";Hospital Universitari Vall d'Hebron - Vall d'Hebron Institut de Recerca;;15191;2025-06-30;PP_0030MCL;hRSV/A/Spain/CT-HUVH-314735/2024;Respiratory Virus Unit, Hospital Universitari Vall d'Hebron, Barcelona, Spain;OPEN;https://pathoplexus.org/about/terms-of-use/open-data;SAMEA118627014;0.9978981937602627;;;OZ280468.1;;;;0;0
PP_0030MJ7.2;A.D.3.8;2025-03-11;Spain;Catalonia;"Andres, Cristina; Gonzalez Sanchez, Alejandra; Prats, Ignasi; Garcia Comunas, Karen; Dima, Elena; Martin, Maria Carmen; Pumarola, Tomas; Anton, Andres";Hospital Universitari Vall d'Hebron - Vall d'Hebron Institut de Recerca;;15199;2025-06-30;PP_0030MJ7;hRSV/A/Spain/CT-HUVH-316140/2025;Respiratory Virus Unit, Hospital Universitari Vall d'Hebron, Barcelona, Spain;OPEN;https://pathoplexus.org/about/terms-of-use/open-data;SAMEA118627020;0.9981609195402299;;;OZ278991.1;;;;0;0
PP_0030MK5.2;A.D.2.2;2015-11-24;Spain;Catalonia;"Pinana, Maria; Andres, Cristina; Gonzalez Sanchez, Alejandra; Prats, Ignasi; Garcia Comunas, Karen; Piquer, Maria; Dima, Elena; Martin, Maria Carmen; Pumarola, Tomas; Anton, Andres";Hospital Universitari Vall d'Hebron - Vall d'Hebron Institut de Recerca;;15189;2025-06-30;PP_0030MK5;hRSV/A/Spain/CT-HUVH-317236/2015;Respiratory Virus Unit, Hospital Universitari Vall d'Hebron, Barcelona, Spain;OPEN;https://pathoplexus.org/about/terms-of-use/open-data;SAMEA118627021;0.9975697865353038;;;OZ279006.1;;;;0;0
PP_0030MM1.2;A.D;2015-11-29;Spain;Catalonia;"Pinana, Maria; Andres, Cristina; Gonzalez Sanchez, Alejandra; Prats, Ignasi; Garcia Comunas, Karen; Piquer, Maria; Dima, Elena; Martin, Maria Carmen; Pumarola, Tomas; Anton, Andres";Hospital Universitari Vall d'Hebron - Vall d'Hebron Institut de Recerca;;15188;2025-06-30;PP_0030MM1;hRSV/A/Spain/CT-HUVH-319754/2015;Respiratory Virus Unit, Hospital Universitari Vall d'Hebron, Barcelona, Spain;OPEN;https://pathoplexus.org/about/terms-of-use/open-data;SAMEA118627023;0.9975697865353038;;;OZ279493.1;;;;0;0
PP_0030MNZ.2;A.D.2.2;2015-11-30;Spain;Catalonia;"Pinana, Maria; Andres, Cristina; Gonzalez Sanchez, Alejandra; Prats, Ignasi; Garcia Comunas, Karen; Piquer, Maria; Dima, Elena; Martin, Maria Carmen; Pumarola, Tomas; Anton, Andres";Hospital Universitari Vall d'Hebron - Vall d'Hebron Institut de Recerca;;15188;2025-06-30;PP_0030MNZ;hRSV/A/Spain/CT-HUVH-320609/2015;Respiratory Virus Unit, Hospital Universitari Vall d'Hebron, Barcelona, Spain;OPEN;https://pathoplexus.org/about/terms-of-use/open-data;SAMEA118627024;0.9975697865353038;;;OZ279524.1;;;;0;0
PP_0030MRT.2;A.D;2015-12-09;Spain;Catalonia;"Pinana, Maria; Andres, Cristina; Gonzalez Sanchez, Alejandra; Prats, Ignasi; Garcia Comunas, Karen; Piquer, Maria; Dima, Elena; Martin, Maria Carmen; Pumarola, Tomas; Anton, Andres";Hospital Universitari Vall d'Hebron - Vall d'Hebron Institut de Recerca;;15186;2025-06-30;PP_0030MRT;hRSV/A/Spain/CT-HUVH-325681/2015;Respiratory Virus Unit, Hospital Universitari Vall d'Hebron, Barcelona, Spain;OPEN;https://pathoplexus.org/about/terms-of-use/open-data;SAMEA118627027;0.9975697865353038;;;OZ279345.1;;;;0;0
PP_0030MWH.2;A.D.2.2;2015-12-27;Spain;Catalonia;"Pinana, Maria; Andres, Cristina; Gonzalez Sanchez, Alejandra; Prats, Ignasi; Garcia Comunas, Karen; Piquer, Maria; Dima, Elena; Martin, Maria Carmen; Pumarola, Tomas; Anton, Andres";Hospital Universitari Vall d'Hebron - Vall d'Hebron Institut de Recerca;;15192;2025-06-30;PP_0030MWH;hRSV/A/Spain/CT-HUVH-335733/2015;Respiratory Virus Unit, Hospital Universitari Vall d'Hebron, Barcelona, Spain;OPEN;https://pathoplexus.org/about/terms-of-use/open-data;SAMEA118627032;0.9977668308702792;;;OZ279343.1;;;;0;0
PP_0030MYD.2;A.D.2.2.1;2016-01-01;Spain;Catalonia;"Pinana, Maria; Andres, Cristina; Gonzalez Sanchez, Alejandra; Prats, Ignasi; Garcia Comunas, Karen; Piquer, Maria; Dima, Elena; Martin, Maria Carmen; Pumarola, Tomas; Anton, Andres";Hospital Universitari Vall d'Hebron - Vall d'Hebron Institut de Recerca;;15187;2025-06-30;PP_0030MYD;hRSV/A/Spain/CT-HUVH-338842/2016;Respiratory Virus Unit, Hospital Universitari Vall d'Hebron, Barcelona, Spain;OPEN;https://pathoplexus.org/about/terms-of-use/open-data;SAMEA118627034;0.997504105090312;;;OZ279335.1;;;;0;0
PP_0030N09.2;A.D.2.2;2016-01-30;Spain;Catalonia;"Pinana, Maria; Andres, Cristina; Gonzalez Sanchez, Alejandra; Prats, Ignasi; Garcia Comunas, Karen; Piquer, Maria; Dima, Elena; Martin, Maria Carmen; Pumarola, Tomas; Anton, Andres";Hospital Universitari Vall d'Hebron - Vall d'Hebron Institut de Recerca;;15190;2025-06-30;PP_0030N09;hRSV/A/Spain/CT-HUVH-355488/2016;Respiratory Virus Unit, Hospital Universitari Vall d'Hebron, Barcelona, Spain;OPEN;https://pathoplexus.org/about/terms-of-use/open-data;SAMEA118627036;0.9975697865353038;;;OZ279404.1;;;;0;0
PP_0030NBM.2;A.D.5.2;2022-12-22;Spain;Catalonia;"Pinana, Maria; Andres, Cristina; Gonzalez Sanchez, Alejandra; Prats, Ignasi; Garcia Comunas, Karen; Piquer, Maria; Dima, Elena; Martin, Maria Carmen; Pumarola, Tomas; Anton, Andres";Hospital Universitari Vall d'Hebron - Vall d'Hebron Institut de Recerca;;15202;2025-06-30;PP_0030NBM;hRSV/A/Spain/CT-HUVH-424101/2022;Respiratory Virus Unit, Hospital Universitari Vall d'Hebron, Barcelona, Spain;OPEN;https://pathoplexus.org/about/terms-of-use/open-data;SAMEA118627047;0.9984893267651889;;;OZ279445.1;;;;0;0
PP_0030NH8.2;A.D.1;2017-03-31;Spain;Catalonia;"Pinana, Maria; Andres, Cristina; Gonzalez Sanchez, Alejandra; Prats, Ignasi; Garcia Comunas, Karen; Piquer, Maria; Dima, Elena; Martin, Maria Carmen; Pumarola, Tomas; Anton, Andres";Hospital Universitari Vall d'Hebron - Vall d'Hebron Institut de Recerca;;15192;2025-06-30;PP_0030NH8;hRSV/A/Spain/CT-HUVH-459959/2017;Respiratory Virus Unit, Hospital Universitari Vall d'Hebron, Barcelona, Spain;OPEN;https://pathoplexus.org/about/terms-of-use/open-data;SAMEA118627053;0.9977011494252873;;;OZ279511.1;;;;0;1
PP_0030NRS.2;A.D.3.7;2024-11-28;Spain;Catalonia;"Pinana, Maria; Andres, Cristina; Gonzalez Sanchez, Alejandra; Prats, Ignasi; Garcia Comunas, Karen; Piquer, Maria; Dima, Elena; Martin, Maria Carmen; Pumarola, Tomas; Anton, Andres";Hospital Universitari Vall d'Hebron - Vall d'Hebron Institut de Recerca;;15202;2025-06-30;PP_0030NRS;hRSV/A/Spain/CT-HUVH-477247/2024;Respiratory Virus Unit, Hospital Universitari Vall d'Hebron, Barcelona, Spain;OPEN;https://pathoplexus.org/about/terms-of-use/open-data;SAMEA118627061;0.9978981937602627;;;OZ279430.1;;;;0;0
PP_0030NVJ.2;A.D.5.2;2021-03-02;Spain;Catalonia;"Pinana, Maria; Andres, Cristina; Gonzalez Sanchez, Alejandra; Prats, Ignasi; Garcia Comunas, Karen; Piquer, Maria; Dima, Elena; Martin, Maria Carmen; Pumarola, Tomas; Anton, Andres";Hospital Universitari Vall d'Hebron - Vall d'Hebron Institut de Recerca;;15187;2025-06-30;PP_0030NVJ;hRSV/A/Spain/CT-HUVH-480719/2021;Respiratory Virus Unit, Hospital Universitari Vall d'Hebron, Barcelona, Spain;OPEN;https://pathoplexus.org/about/terms-of-use/open-data;SAMEA118627065;0.9977668308702792;;;OZ279427.1;;;;0;0
PP_0030NWG.2;A.D.3.8;2024-12-05;Spain;Catalonia;"Pinana, Maria; Andres, Cristina; Gonzalez Sanchez, Alejandra; Prats, Ignasi; Garcia Comunas, Karen; Piquer, Maria; Dima, Elena; Martin, Maria Carmen; Pumarola, Tomas; Anton, Andres";Hospital Universitari Vall d'Hebron - Vall d'Hebron Institut de Recerca;;15198;2025-06-30;PP_0030NWG;hRSV/A/Spain/CT-HUVH-481634/2024;Respiratory Virus Unit, Hospital Universitari Vall d'Hebron, Barcelona, Spain;OPEN;https://pathoplexus.org/about/terms-of-use/open-data;SAMEA118627066;0.9980952380952381;;;OZ279433.1;;;;0;0
PP_0030P40.2;A.D;2016-10-03;Spain;Catalonia;"Pinana, Maria; Andres, Cristina; Gonzalez Sanchez, Alejandra; Prats, Ignasi; Garcia Comunas, Karen; Piquer, Maria; Dima, Elena; Martin, Maria Carmen; Pumarola, Tomas; Anton, Andres";Hospital Universitari Vall d'Hebron - Vall d'Hebron Institut de Recerca;;15195;2025-06-30;PP_0030P40;hRSV/A/Spain/CT-HUVH-491920/2016;Respiratory Virus Unit, Hospital Universitari Vall d'Hebron, Barcelona, Spain;OPEN;https://pathoplexus.org/about/terms-of-use/open-data;SAMEA118627074;0.9921182266009853;;;OZ279744.1;;;;0;91
PP_0030PBL.2;A.D.3.12;2025-01-04;Spain;Catalonia;"Andres, Cristina; Gonzalez Sanchez, Alejandra; Prats, Ignasi; Garcia Comunas, Karen; Dima, Elena; Martin, Maria Carmen; Pumarola, Tomas; Anton, Andres";Hospital Universitari Vall d'Hebron - Vall d'Hebron Institut de Recerca;;15201;2025-06-30;PP_0030PBL;hRSV/A/Spain/CT-HUVH503850/2025;Respiratory Virus Unit, Hospital Universitari Vall d'Hebron, Barcelona, Spain;OPEN;https://pathoplexus.org/about/terms-of-use/open-data;SAMEA118627081;0.9982266009852216;;;OZ279736.1;;;;0;0
PP_0030PVH.2;A.D.1;2022-12-07;Spain;Catalonia;"Pinana, Maria; Andres, Cristina; Gonzalez Sanchez, Alejandra; Prats, Ignasi; Garcia Comunas, Karen; Piquer, Maria; Dima, Elena; Martin, Maria Carmen; Pumarola, Tomas; Anton, Andres";Hospital Universitari Vall d'Hebron - Vall d'Hebron Institut de Recerca;;15202;2025-06-30;PP_0030PVH;hRSV/A/Spain/CT-HUVH-513039/2022;Respiratory Virus Unit, Hospital Universitari Vall d'Hebron, Barcelona, Spain;OPEN;https://pathoplexus.org/about/terms-of-use/open-data;SAMEA118627099;0.9984893267651889;;;OZ279770.1;;;;0;0
PP_0030Q15.2;A.D.1;2016-11-10;Spain;Catalonia;"Pinana, Maria; Andres, Cristina; Gonzalez Sanchez, Alejandra; Prats, Ignasi; Garcia Comunas, Karen; Piquer, Maria; Dima, Elena; Martin, Maria Carmen; Pumarola, Tomas; Anton, Andres";Hospital Universitari Vall d'Hebron - Vall d'Hebron Institut de Recerca;;15188;2025-06-30;PP_0030Q15;hRSV/A/Spain/CT-HUVH-513440/2016;Respiratory Virus Unit, Hospital Universitari Vall d'Hebron, Barcelona, Spain;OPEN;https://pathoplexus.org/about/terms-of-use/open-data;SAMEA118627105;0.9976354679802956;;;OZ279774.1;;;;0;0
PP_0030QTL.2;A.D.3.2;2024-12-17;Spain;Catalonia;"Pinana, Maria; Andres, Cristina; Gonzalez Sanchez, Alejandra; Prats, Ignasi; Garcia Comunas, Karen; Piquer, Maria; Dima, Elena; Martin, Maria Carmen; Pumarola, Tomas; Anton, Andres";Hospital Universitari Vall d'Hebron - Vall d'Hebron Institut de Recerca;;15186;2025-06-30;PP_0030QTL;hRSV/A/Spain/CT-HUVH-520105/2024;Respiratory Virus Unit, Hospital Universitari Vall d'Hebron, Barcelona, Spain;OPEN;https://pathoplexus.org/about/terms-of-use/open-data;SAMEA118627131;0.9973070607553366;;;OZ279043.1;;;;0;0
PP_0030QZ8.2;A.D.3.8;2025-02-18;Spain;Catalonia;"Andres, Cristina; Gonzalez Sanchez, Alejandra; Prats, Ignasi; Garcia Comunas, Karen; Dima, Elena; Martin, Maria Carmen; Pumarola, Tomas; Anton, Andres";Hospital Universitari Vall d'Hebron - Vall d'Hebron Institut de Recerca;;15198;2025-06-30;PP_0030QZ8;hRSV/A/Spain/CT-HUVH520621/2025;Respiratory Virus Unit, Hospital Universitari Vall d'Hebron, Barcelona, Spain;OPEN;https://pathoplexus.org/about/terms-of-use/open-data;SAMEA118627137;0.9980952380952381;;;OZ278942.1;;;;0;0
PP_0030R14.2;A.D.2.2;2016-11-23;Spain;Catalonia;"Pinana, Maria; Andres, Cristina; Gonzalez Sanchez, Alejandra; Prats, Ignasi; Garcia Comunas, Karen; Piquer, Maria; Dima, Elena; Martin, Maria Carmen; Pumarola, Tomas; Anton, Andres";Hospital Universitari Vall d'Hebron - Vall d'Hebron Institut de Recerca;;15207;2025-06-30;PP_0030R14;hRSV/A/Spain/CT-HUVH-520909/2016;Respiratory Virus Unit, Hospital Universitari Vall d'Hebron, Barcelona, Spain;OPEN;https://pathoplexus.org/about/terms-of-use/open-data;SAMEA118627139;0.998752052545156;;;OZ279041.1;;;;0;0
PP_0030R7S.2;A.D;2016-11-29;Spain;Catalonia;"Pinana, Maria; Andres, Cristina; Gonzalez Sanchez, Alejandra; Prats, Ignasi; Garcia Comunas, Karen; Piquer, Maria; Dima, Elena; Martin, Maria Carmen; Pumarola, Tomas; Anton, Andres";Hospital Universitari Vall d'Hebron - Vall d'Hebron Institut de Recerca;;15185;2025-06-30;PP_0030R7S;hRSV/A/Spain/CT-HUVH-524295/2016;Respiratory Virus Unit, Hospital Universitari Vall d'Hebron, Barcelona, Spain;OPEN;https://pathoplexus.org/about/terms-of-use/open-data;SAMEA118627145;0.9975697865353038;;;OZ279070.1;;;;0;0
PP_0030R8Q.2;A.D;2016-11-30;Spain;Catalonia;"Pinana, Maria; Andres, Cristina; Gonzalez Sanchez, Alejandra; Prats, Ignasi; Garcia Comunas, Karen; Piquer, Maria; Dima, Elena; Martin, Maria Carmen; Pumarola, Tomas; Anton, Andres";Hospital Universitari Vall d'Hebron - Vall d'Hebron Institut de Recerca;;15199;2025-06-30;PP_0030R8Q;hRSV/A/Spain/CT-HUVH-525031/2016;Respiratory Virus Unit, Hospital Universitari Vall d'Hebron, Barcelona, Spain;OPEN;https://pathoplexus.org/about/terms-of-use/open-data;SAMEA118627146;0.9982266009852216;;;OZ279103.1;;;;0;0
PP_0030RBJ.2;A.D.1;2016-12-06;Spain;Catalonia;"Pinana, Maria; Andres, Cristina; Gonzalez Sanchez, Alejandra; Prats, Ignasi; Garcia Comunas, Karen; Piquer, Maria; Dima, Elena; Martin, Maria Carmen; Pumarola, Tomas; Anton, Andres";Hospital Universitari Vall d'Hebron - Vall d'Hebron Institut de Recerca;;15187;2025-06-30;PP_0030RBJ;hRSV/A/Spain/CT-HUVH-528302/2016;Respiratory Virus Unit, Hospital Universitari Vall d'Hebron, Barcelona, Spain;OPEN;https://pathoplexus.org/about/terms-of-use/open-data;SAMEA118627149;0.9975697865353038;;;OZ279115.1;;;;0;0
PP_0030RDE.2;A.D.2.2;2016-12-06;Spain;Catalonia;"Pinana, Maria; Andres, Cristina; Gonzalez Sanchez, Alejandra; Prats, Ignasi; Garcia Comunas, Karen; Piquer, Maria; Dima, Elena; Martin, Maria Carmen; Pumarola, Tomas; Anton, Andres";Hospital Universitari Vall d'Hebron - Vall d'Hebron Institut de Recerca;;15203;2025-06-30;PP_0030RDE;hRSV/A/Spain/CT-HUVH-528484/2016;Respiratory Virus Unit, Hospital Universitari Vall d'Hebron, Barcelona, Spain;OPEN;https://pathoplexus.org/about/terms-of-use/open-data;SAMEA118627151;0.9984893267651889;;;OZ279071.1;;;;0;0
PP_0030RG8.2;A.D.1;2016-12-11;Spain;Catalonia;"Pinana, Maria; Andres, Cristina; Gonzalez Sanchez, Alejandra; Prats, Ignasi; Garcia Comunas, Karen; Piquer, Maria; Dima, Elena; Martin, Maria Carmen; Pumarola, Tomas; Anton, Andres";Hospital Universitari Vall d'Hebron - Vall d'Hebron Institut de Recerca;;15153;2025-06-30;PP_0030RG8;hRSV/A/Spain/CT-HUVH-531418/2016;Respiratory Virus Unit, Hospital Universitari Vall d'Hebron, Barcelona, Spain;OPEN;https://pathoplexus.org/about/terms-of-use/open-data;SAMEA118627154;0.9952052545155994;;;OZ279120.1;;;;0;1
PP_0030RJ3.2;A.D.1;2016-12-15;Spain;Catalonia;"Pinana, Maria; Andres, Cristina; Gonzalez Sanchez, Alejandra; Prats, Ignasi; Garcia Comunas, Karen; Piquer, Maria; Dima, Elena; Martin, Maria Carmen; Pumarola, Tomas; Anton, Andres";Hospital Universitari Vall d'Hebron - Vall d'Hebron Institut de Recerca;;15200;2025-06-30;PP_0030RJ3;hRSV/A/Spain/CT-HUVH-533574/2016;Respiratory Virus Unit, Hospital Universitari Vall d'Hebron, Barcelona, Spain;OPEN;https://pathoplexus.org/about/terms-of-use/open-data;SAMEA118627156;0.998423645320197;;;OZ279081.1;;;;0;0
PP_0030RRP.2;A.D.5.2;2021-05-23;Spain;Catalonia;"Pinana, Maria; Andres, Cristina; Gonzalez Sanchez, Alejandra; Prats, Ignasi; Garcia Comunas, Karen; Piquer, Maria; Dima, Elena; Martin, Maria Carmen; Pumarola, Tomas; Anton, Andres";Hospital Universitari Vall d'Hebron - Vall d'Hebron Institut de Recerca;;15184;2025-06-30;PP_0030RRP;hRSV/A/Spain/CT-HUVH-543539/2021;Respiratory Virus Unit, Hospital Universitari Vall d'Hebron, Barcelona, Spain;OPEN;https://pathoplexus.org/about/terms-of-use/open-data;SAMEA118627163;0.9975697865353038;;;OZ279088.1;;;;0;0
PP_0030S21.2;A.D;2017-11-03;Spain;Catalonia;"Pinana, Maria; Andres, Cristina; Gonzalez Sanchez, Alejandra; Prats, Ignasi; Garcia Comunas, Karen; Piquer, Maria; Dima, Elena; Martin, Maria Carmen; Pumarola, Tomas; Anton, Andres";Hospital Universitari Vall d'Hebron - Vall d'Hebron Institut de Recerca;;15193;2025-06-30;PP_0030S21;hRSV/A/Spain/CT-HUVH-552960/2017;Respiratory Virus Unit, Hospital Universitari Vall d'Hebron, Barcelona, Spain;OPEN;https://pathoplexus.org/about/terms-of-use/open-data;SAMEA118627174;0.9978981937602627;;;OZ279067.1;;;;0;0
PP_0030S8P.2;A.D.5.2;2021-06-19;Spain;Catalonia;"Pinana, Maria; Andres, Cristina; Gonzalez Sanchez, Alejandra; Prats, Ignasi; Garcia Comunas, Karen; Piquer, Maria; Dima, Elena; Martin, Maria Carmen; Pumarola, Tomas; Anton, Andres";Hospital Universitari Vall d'Hebron - Vall d'Hebron Institut de Recerca;;15186;2025-06-30;PP_0030S8P;hRSV/A/Spain/CT-HUVH-563986/2021;Respiratory Virus Unit, Hospital Universitari Vall d'Hebron, Barcelona, Spain;OPEN;https://pathoplexus.org/about/terms-of-use/open-data;SAMEA118627180;0.9975697865353038;;;OZ279084.1;;;;0;1
PP_0030SAK.2;A.D.5.2;2021-06-22;Spain;Catalonia;"Pinana, Maria; Andres, Cristina; Gonzalez Sanchez, Alejandra; Prats, Ignasi; Garcia Comunas, Karen; Piquer, Maria; Dima, Elena; Martin, Maria Carmen; Pumarola, Tomas; Anton, Andres";Hospital Universitari Vall d'Hebron - Vall d'Hebron Institut de Recerca;;15186;2025-06-30;PP_0030SAK;hRSV/A/Spain/CT-HUVH-566047/2021;Respiratory Virus Unit, Hospital Universitari Vall d'Hebron, Barcelona, Spain;OPEN;https://pathoplexus.org/about/terms-of-use/open-data;SAMEA118627182;0.9975697865353038;;;OZ279126.1;;;;0;0
PP_0030SBH.2;A.D.5.2;2021-06-25;Spain;Catalonia;"Pinana, Maria; Andres, Cristina; Gonzalez Sanchez, Alejandra; Prats, Ignasi; Garcia Comunas, Karen; Piquer, Maria; Dima, Elena; Martin, Maria Carmen; Pumarola, Tomas; Anton, Andres";Hospital Universitari Vall d'Hebron - Vall d'Hebron Institut de Recerca;;15185;2025-06-30;PP_0030SBH;hRSV/A/Spain/CT-HUVH-567929/2021;Respiratory Virus Unit, Hospital Universitari Vall d'Hebron, Barcelona, Spain;OPEN;https://pathoplexus.org/about/terms-of-use/open-data;SAMEA118627183;0.997504105090312;;;OZ279108.1;;;;0;1
PP_0030SDD.2;A.D.1;2017-12-17;Spain;Catalonia;"Pinana, Maria; Andres, Cristina; Gonzalez Sanchez, Alejandra; Prats, Ignasi; Garcia Comunas, Karen; Piquer, Maria; Dima, Elena; Martin, Maria Carmen; Pumarola, Tomas; Anton, Andres";Hospital Universitari Vall d'Hebron - Vall d'Hebron Institut de Recerca;;15188;2025-06-30;PP_0030SDD;hRSV/A/Spain/CT-HUVH-571937/2017;Respiratory Virus Unit, Hospital Universitari Vall d'Hebron, Barcelona, Spain;OPEN;https://pathoplexus.org/about/terms-of-use/open-data;SAMEA118627185;0.9974384236453202;;;OZ279079.1;;;;0;2
PP_0030SEB.2;A.D.1;2017-02-20;Spain;Catalonia;"Pinana, Maria; Andres, Cristina; Gonzalez Sanchez, Alejandra; Prats, Ignasi; Garcia Comunas, Karen; Piquer, Maria; Dima, Elena; Martin, Maria Carmen; Pumarola, Tomas; Anton, Andres";Hospital Universitari Vall d'Hebron - Vall d'Hebron Institut de Recerca;;15187;2025-06-30;PP_0030SEB;hRSV/A/Spain/CT-HUVH-575056/2017;Respiratory Virus Unit, Hospital Universitari Vall d'Hebron, Barcelona, Spain;OPEN;https://pathoplexus.org/about/terms-of-use/open-data;SAMEA118627186;0.9975697865353038;;;OZ279123.1;;;;0;0
PP_0030SF9.2;A.D.3.7;2025-04-19;Spain;Catalonia;"Andres, Cristina; Gonzalez Sanchez, Alejandra; Prats, Ignasi; Garcia Comunas, Karen; Dima, Elena; Martin, Maria Carmen; Pumarola, Tomas; Anton, Andres";Hospital Universitari Vall d'Hebron - Vall d'Hebron Institut de Recerca;;15203;2025-06-30;PP_0030SF9;hRSV/A/Spain/CT-HUVH582416/2025;Respiratory Virus Unit, Hospital Universitari Vall d'Hebron, Barcelona, Spain;OPEN;https://pathoplexus.org/about/terms-of-use/open-data;SAMEA118627187;0.9967159277504105;;;OZ279094.1;;;;0;20
PP_0030SSL.2;A.D.5.2;2021-12-22;Spain;Catalonia;"Pinana, Maria; Andres, Cristina; Gonzalez Sanchez, Alejandra; Prats, Ignasi; Garcia Comunas, Karen; Piquer, Maria; Dima, Elena; Martin, Maria Carmen; Pumarola, Tomas; Anton, Andres";Hospital Universitari Vall d'Hebron - Vall d'Hebron Institut de Recerca;;15186;2025-06-30;PP_0030SSL;hRSV/A/Spain/CT-HUVH-706585/2021;Respiratory Virus Unit, Hospital Universitari Vall d'Hebron, Barcelona, Spain;OPEN;https://pathoplexus.org/about/terms-of-use/open-data;SAMEA118627198;0.9975697865353038;;;OZ279149.1;;;;0;1
PP_0030SUG.2;A.D.5.2;2021-12-22;Spain;Catalonia;"Pinana, Maria; Andres, Cristina; Gonzalez Sanchez, Alejandra; Prats, Ignasi; Garcia Comunas, Karen; Piquer, Maria; Dima, Elena; Martin, Maria Carmen; Pumarola, Tomas; Anton, Andres";Hospital Universitari Vall d'Hebron - Vall d'Hebron Institut de Recerca;;15184;2025-06-30;PP_0030SUG;hRSV/A/Spain/CT-HUVH-706889/2021;Respiratory Virus Unit, Hospital Universitari Vall d'Hebron, Barcelona, Spain;OPEN;https://pathoplexus.org/about/terms-of-use/open-data;SAMEA118627200;0.9975697865353038;;;OZ279139.1;;;;0;0
PP_0030T4W.2;A.D.5.2;2022-11-29;Spain;Catalonia;"Pinana, Maria; Andres, Cristina; Gonzalez Sanchez, Alejandra; Prats, Ignasi; Garcia Comunas, Karen; Piquer, Maria; Dima, Elena; Martin, Maria Carmen; Pumarola, Tomas; Anton, Andres";Hospital Universitari Vall d'Hebron - Vall d'Hebron Institut de Recerca;;15199;2025-06-30;PP_0030T4W;hRSV/A/Spain/CT-HUVH-765493/2022;Respiratory Virus Unit, Hospital Universitari Vall d'Hebron, Barcelona, Spain;OPEN;https://pathoplexus.org/about/terms-of-use/open-data;SAMEA118627210;0.9985550082101806;;;OZ279140.1;;;;0;0
PP_0030T6S.2;A.D.1;2018-04-03;Spain;Catalonia;"Pinana, Maria; Andres, Cristina; Gonzalez Sanchez, Alejandra; Prats, Ignasi; Garcia Comunas, Karen; Piquer, Maria; Dima, Elena; Martin, Maria Carmen; Pumarola, Tomas; Anton, Andres";Hospital Universitari Vall d'Hebron - Vall d'Hebron Institut de Recerca;;15193;2025-06-30;PP_0030T6S;hRSV/A/Spain/CT-HUVH-807606/2018;Respiratory Virus Unit, Hospital Universitari Vall d'Hebron, Barcelona, Spain;OPEN;https://pathoplexus.org/about/terms-of-use/open-data;SAMEA118627212;0.9977668308702792;;;OZ279141.1;;;;0;1
PP_0030TVD.2;A.D.3.10;2024-08-06;Spain;Catalonia;"Pinana, Maria; Andres, Cristina; Gonzalez Sanchez, Alejandra; Prats, Ignasi; Garcia Comunas, Karen; Piquer, Maria; Dima, Elena; Martin, Maria Carmen; Pumarola, Tomas; Anton, Andres";Hospital Universitari Vall d'Hebron - Vall d'Hebron Institut de Recerca;;15198;2025-06-30;PP_0030TVD;hRSV/A/Spain/CT-HUVH-828274/2024;Respiratory Virus Unit, Hospital Universitari Vall d'Hebron, Barcelona, Spain;OPEN;https://pathoplexus.org/about/terms-of-use/open-data;SAMEA118627235;0.9980952380952381;;;OZ279156.1;;;;0;0
PP_0030TY7.2;A.D;2017-10-11;Spain;Catalonia;"Pinana, Maria; Andres, Cristina; Gonzalez Sanchez, Alejandra; Prats, Ignasi; Garcia Comunas, Karen; Piquer, Maria; Dima, Elena; Martin, Maria Carmen; Pumarola, Tomas; Anton, Andres";Hospital Universitari Vall d'Hebron - Vall d'Hebron Institut de Recerca;;15192;2025-06-30;PP_0030TY7;hRSV/A/Spain/CT-HUVH-841007/2017;Respiratory Virus Unit, Hospital Universitari Vall d'Hebron, Barcelona, Spain;OPEN;https://pathoplexus.org/about/terms-of-use/open-data;SAMEA118627238;0.9978325123152709;;;OZ279277.1;;;;0;0
PP_0030UMU.2;A.D.5;2018-12-04;Spain;Catalonia;"Pinana, Maria; Andres, Cristina; Gonzalez Sanchez, Alejandra; Prats, Ignasi; Garcia Comunas, Karen; Piquer, Maria; Dima, Elena; Martin, Maria Carmen; Pumarola, Tomas; Anton, Andres";Hospital Universitari Vall d'Hebron - Vall d'Hebron Institut de Recerca;;15196;2025-06-30;PP_0030UMU;hRSV/A/Spain/CT-HUVH-940896/2018;Respiratory Virus Unit, Hospital Universitari Vall d'Hebron, Barcelona, Spain;OPEN;https://pathoplexus.org/about/terms-of-use/open-data;SAMEA118627261;0.9981609195402299;;;OZ279230.1;;;;0;0
PP_0030USJ.2;A.D.5.2;2022-11-02;Spain;Catalonia;"Pinana, Maria; Andres, Cristina; Gonzalez Sanchez, Alejandra; Prats, Ignasi; Garcia Comunas, Karen; Piquer, Maria; Dima, Elena; Martin, Maria Carmen; Pumarola, Tomas; Anton, Andres";Hospital Universitari Vall d'Hebron - Vall d'Hebron Institut de Recerca;;15198;2025-06-30;PP_0030USJ;hRSV/A/Spain/CT-HUVH-943902/2022;Respiratory Virus Unit, Hospital Universitari Vall d'Hebron, Barcelona, Spain;OPEN;https://pathoplexus.org/about/terms-of-use/open-data;SAMEA118627266;0.9984893267651889;;;OZ279208.1;;;;0;0
PP_0030UVC.2;A.D.5.2;2022-11-06;Spain;Catalonia;"Pinana, Maria; Andres, Cristina; Gonzalez Sanchez, Alejandra; Prats, Ignasi; Garcia Comunas, Karen; Piquer, Maria; Dima, Elena; Martin, Maria Carmen; Pumarola, Tomas; Anton, Andres";Hospital Universitari Vall d'Hebron - Vall d'Hebron Institut de Recerca;;15198;2025-06-30;PP_0030UVC;hRSV/A/Spain/CT-HUVH-946899/2022;Respiratory Virus Unit, Hospital Universitari Vall d'Hebron, Barcelona, Spain;OPEN;https://pathoplexus.org/about/terms-of-use/open-data;SAMEA118627269;0.9984893267651889;;;OZ279271.1;;;;0;0
PP_0030VBE.2;A.D.5.2;2022-11-17;Spain;Catalonia;"Pinana, Maria; Andres, Cristina; Gonzalez Sanchez, Alejandra; Prats, Ignasi; Garcia Comunas, Karen; Piquer, Maria; Dima, Elena; Martin, Maria Carmen; Pumarola, Tomas; Anton, Andres";Hospital Universitari Vall d'Hebron - Vall d'Hebron Institut de Recerca;;15199;2025-06-30;PP_0030VBE;hRSV/A/Spain/CT-HUVH-955073/2022;Respiratory Virus Unit, Hospital Universitari Vall d'Hebron, Barcelona, Spain;OPEN;https://pathoplexus.org/about/terms-of-use/open-data;SAMEA118627285;0.9985550082101806;;;OZ279498.1;;;;0;0
PP_0030W01.2;A.D.5.2;2022-12-05;Spain;Catalonia;"Pinana, Maria; Andres, Cristina; Gonzalez Sanchez, Alejandra; Prats, Ignasi; Garcia Comunas, Karen; Piquer, Maria; Dima, Elena; Martin, Maria Carmen; Pumarola, Tomas; Anton, Andres";Hospital Universitari Vall d'Hebron - Vall d'Hebron Institut de Recerca;;15199;2025-06-30;PP_0030W01;hRSV/A/Spain/CT-HUVH-967927/2022;Respiratory Virus Unit, Hospital Universitari Vall d'Hebron, Barcelona, Spain;OPEN;https://pathoplexus.org/about/terms-of-use/open-data;SAMEA118627308;0.9985550082101806;;;OZ279496.1;;;;0;0
PP_0030WVA.2;A.D.5.2;2023-01-12;Spain;Catalonia;"Pinana, Maria; Andres, Cristina; Gonzalez Sanchez, Alejandra; Prats, Ignasi; Garcia Comunas, Karen; Piquer, Maria; Dima, Elena; Martin, Maria Carmen; Pumarola, Tomas; Anton, Andres";Hospital Universitari Vall d'Hebron - Vall d'Hebron Institut de Recerca;;15207;2025-06-30;PP_0030WVA;hRSV/A/Spain/CT-HUVH-996717/2023;Respiratory Virus Unit, Hospital Universitari Vall d'Hebron, Barcelona, Spain;OPEN;https://pathoplexus.org/about/terms-of-use/open-data;SAMEA118627337;0.9986863711001642;;;OZ279302.1;;;;0;3

PP_0030WX6.2;A.D.2.1;2023-01-16;Spain;Catalonia;"Pinana, Maria; Andres, Cristina; Gonzalez Sanchez, Alejandra; Prats, Ignasi; Garcia Comunas, Karen; Piquer, Maria; Dima, Elena; Martin, Maria Carmen; Pumarola, Tomas; Anton, Andres";Hospital Universitari Vall d'Hebron - Vall d'Hebron Institut de Recerca;;15207;2025-06-30;PP_0030WX6;hRSV/A/Spain/CT-HUVH-999391/2023;Respiratory Virus Unit, Hospital Universitari Vall d'Hebron, Barcelona, Spain;OPEN;https://pathoplexus.org/about/terms-of-use/open-data;SAMEA118627339;0.9988834154351396;;;OZ279117.1;;;;0;0
